Car_ID,Brand,Model,Year,Fuel_Type,Transmission,Price,Mileage,Engine_CC,Seating_Capacity,Service_Cost,Price_Lakh,service_cost_thousand,Car_Age,Engine_Category,Mileage_Category
1,Toyota,Innova,2024,CNG,Manual,2020000.0,27.3,800,4,24100.0,20.2,24.1,0,Below 1.0L,Excellent
2,Kia,EV6,2023,Diesel,Manual,1770000.0,16.4,2500,7,18800.0,17.7,18.8,1,2.0L-3.0L,Average
3,Maruti Suzuki,Dzire,2016,Petrol,Manual,3430000.0,17.6,2000,6,24700.0,34.3,24.7,8,1.5L-2.0L,Average
4,Honda,Amaze,2019,Petrol,Manual,1610000.0,19.2,2500,6,23300.0,16.1,23.3,5,2.0L-3.0L,Average
5,Honda,City,2015,Electric,Manual,1840000.0,15.8,1000,5,5800.0,18.4,5.8,9,Below 1.0L,Average
6,Kia,Sonet,2020,Petrol,Manual,2780000.0,21.5,1800,7,23700.0,27.8,23.7,4,1.5L-2.0L,Good
7,Toyota,Glanza,2019,CNG,Manual,2270000.0,29.7,1500,7,13300.0,22.7,13.3,5,1.0L-1.5L,Excellent
8,Volkswagen,Taigun,2017,CNG,Manual,2770000.0,20.2,1800,4,10200.0,27.7,10.2,7,1.5L-2.0L,Good
9,Renault,Lodgy,2015,Petrol,Manual,2180000.0,10.5,1800,5,18900.0,21.8,18.9,9,1.5L-2.0L,Low
10,Kia,EV6,2019,CNG,Automatic,990000.0,16.1,1800,6,15400.0,9.9,15.4,5,1.5L-2.0L,Average
11,Honda,Jazz,2022,CNG,Automatic,3010000.0,17.2,1500,4,8500.0,30.1,8.5,2,1.0L-1.5L,Average
12,Honda,Civic,2018,Petrol,Manual,2000000.0,10.8,2000,6,7800.0,20.0,7.8,6,1.5L-2.0L,Low
13,Renault,Kiger,2022,Petrol,Automatic,820000.0,29.6,1000,5,19100.0,8.2,19.1,2,Below 1.0L,Excellent
14,Honda,Jazz,2022,CNG,Manual,3020000.0,25.3,2500,7,7300.0,30.2,7.3,2,2.0L-3.0L,Excellent
15,Mahindra,Scorpio,2017,Diesel,Manual,1280000.0,11.1,2500,6,23300.0,12.8,23.3,7,2.0L-3.0L,Low
16,Tata Motors,Punch,2016,Diesel,Automatic,490000.0,19.2,2500,5,7300.0,4.9,7.3,8,2.0L-3.0L,Average
17,Toyota,Fortuner,2016,CNG,Automatic,540000.0,14.9,1000,4,9500.0,5.4,9.5,8,Below 1.0L,Low
18,Skoda,Kushaq,2023,Petrol,Automatic,3360000.0,21.8,1200,7,21100.0,33.6,21.1,1,1.0L-1.5L,Good
19,Tata Motors,Tiago,2015,CNG,Manual,910000.0,13.5,1200,6,15400.0,9.1,15.4,9,1.0L-1.5L,Low
20,Skoda,Superb,2017,CNG,Manual,1780000.0,26.9,1200,7,24800.0,17.8,24.8,7,1.0L-1.5L,Excellent
21,Honda,Jazz,2024,Diesel,Manual,1430000.0,24.8,1500,4,5600.0,14.3,5.6,0,1.0L-1.5L,Good
22,Toyota,Fortuner,2022,Diesel,Manual,2160000.0,29.7,2000,5,22600.0,21.6,22.6,2,1.5L-2.0L,Excellent
23,Toyota,Camry,2023,Electric,Automatic,2890000.0,12.2,1200,5,23500.0,28.9,23.5,1,1.0L-1.5L,Low
24,Mahindra,XUV700,2016,Electric,Automatic,1470000.0,21.3,1500,5,8800.0,14.7,8.8,8,1.0L-1.5L,Good
25,Toyota,Glanza,2020,Electric,Automatic,2520000.0,16.5,2000,7,5600.0,25.2,5.6,4,1.5L-2.0L,Average
26,Tata Motors,Punch,2024,Petrol,Manual,2650000.0,29.2,1200,7,8200.0,26.5,8.2,0,1.0L-1.5L,Excellent
27,Maruti Suzuki,Ertiga,2015,Electric,Automatic,940000.0,15.6,1000,4,24300.0,9.4,24.3,9,Below 1.0L,Average
28,Mahindra,XUV700,2019,Electric,Manual,2770000.0,13.8,2500,6,11400.0,27.7,11.4,5,2.0L-3.0L,Low
29,Tata Motors,Altroz,2018,Electric,Manual,2820000.0,21.4,2500,5,15500.0,28.2,15.5,6,2.0L-3.0L,Good
30,Renault,Kiger,2022,Electric,Automatic,1200000.0,22.5,1200,4,15100.0,12.0,15.1,2,1.0L-1.5L,Good
31,Tata Motors,Harrier,2023,Diesel,Manual,1530000.0,13.9,2500,6,13200.0,15.3,13.2,1,2.0L-3.0L,Low
32,Kia,Carnival,2022,Diesel,Automatic,950000.0,10.1,1500,5,14800.0,9.5,14.8,2,1.0L-1.5L,Low
33,Toyota,Innova,2018,CNG,Manual,1010000.0,25.0,800,6,12400.0,10.1,12.4,6,Below 1.0L,Good
34,Honda,Amaze,2021,CNG,Automatic,2370000.0,29.4,2500,6,17000.0,23.7,17.0,3,2.0L-3.0L,Excellent
35,Volkswagen,Polo,2016,CNG,Automatic,2590000.0,28.8,1500,7,12400.0,25.9,12.4,8,1.0L-1.5L,Excellent
36,Maruti Suzuki,Swift,2019,Diesel,Manual,1920000.0,11.9,1500,7,16600.0,19.2,16.6,5,1.0L-1.5L,Low
37,Kia,EV6,2020,CNG,Automatic,1990000.0,16.0,1000,7,5100.0,19.9,5.1,4,Below 1.0L,Average
38,Hyundai,Verna,2019,Diesel,Automatic,1730000.0,23.0,1800,7,19300.0,17.3,19.3,5,1.5L-2.0L,Good
39,Skoda,Slavia,2017,Diesel,Automatic,3290000.0,10.7,1800,6,6800.0,32.9,6.8,7,1.5L-2.0L,Low
40,Toyota,Glanza,2015,Diesel,Automatic,520000.0,14.5,1800,6,8300.0,5.2,8.3,9,1.5L-2.0L,Low
41,Tata Motors,Harrier,2021,Diesel,Manual,1260000.0,25.9,1500,4,24400.0,12.6,24.4,3,1.0L-1.5L,Excellent
42,Tata Motors,Harrier,2024,Diesel,Automatic,500000.0,16.8,2000,4,14000.0,5.0,14.0,0,1.5L-2.0L,Average
43,Tata Motors,Nexon,2022,CNG,Manual,1860000.0,19.9,1200,5,14300.0,18.6,14.3,2,1.0L-1.5L,Average
44,Tata Motors,Punch,2021,CNG,Automatic,410000.0,12.9,1500,7,19400.0,4.1,19.4,3,1.0L-1.5L,Low
45,Mahindra,Scorpio,2022,CNG,Automatic,1290000.0,25.9,1800,6,16600.0,12.9,16.6,2,1.5L-2.0L,Excellent
46,Maruti Suzuki,Dzire,2018,CNG,Manual,2340000.0,27.6,1500,7,12200.0,23.4,12.2,6,1.0L-1.5L,Excellent
47,Honda,Civic,2024,Diesel,Manual,550000.0,23.3,2000,4,14700.0,5.5,14.7,0,1.5L-2.0L,Good
48,Honda,Amaze,2022,Petrol,Automatic,960000.0,20.7,1000,7,21400.0,9.6,21.4,2,Below 1.0L,Good
49,Volkswagen,Virtus,2021,Diesel,Manual,450000.0,14.0,1200,4,8300.0,4.5,8.3,3,1.0L-1.5L,Low
50,Volkswagen,Tiguan,2020,Petrol,Manual,3160000.0,18.7,1800,6,5500.0,31.6,5.5,4,1.5L-2.0L,Average
51,Skoda,Octavia,2015,CNG,Automatic,2900000.0,13.5,2500,4,23600.0,29.0,23.6,9,2.0L-3.0L,Low
52,Kia,Seltos,2023,Electric,Manual,1410000.0,12.6,2000,5,6800.0,14.1,6.8,1,1.5L-2.0L,Low
53,Mahindra,Bolero,2019,Petrol,Automatic,2480000.0,22.0,1200,4,23400.0,24.8,23.4,5,1.0L-1.5L,Good
54,Kia,Carnival,2020,Diesel,Manual,1320000.0,21.0,1000,6,9100.0,13.2,9.1,4,Below 1.0L,Good
55,Skoda,Kushaq,2023,Electric,Automatic,430000.0,22.9,1500,6,18600.0,4.3,18.6,1,1.0L-1.5L,Good
56,Toyota,Innova,2023,Electric,Manual,3410000.0,24.0,1500,5,16500.0,34.1,16.5,1,1.0L-1.5L,Good
57,Toyota,Innova,2018,Electric,Manual,890000.0,24.7,1200,7,8400.0,8.9,8.4,6,1.0L-1.5L,Good
58,Mahindra,Thar,2015,Electric,Automatic,1860000.0,25.1,2000,7,23800.0,18.6,23.8,9,1.5L-2.0L,Excellent
59,Skoda,Slavia,2016,Diesel,Automatic,3070000.0,11.6,1800,5,23000.0,30.7,23.0,8,1.5L-2.0L,Low
60,Toyota,Camry,2016,Diesel,Manual,690000.0,26.5,1200,4,21400.0,6.9,21.4,8,1.0L-1.5L,Excellent
61,Hyundai,i10,2024,Petrol,Automatic,2830000.0,17.2,800,5,14500.0,28.3,14.5,0,Below 1.0L,Average
62,Tata Motors,Nexon,2020,Diesel,Manual,3370000.0,11.1,800,7,11100.0,33.7,11.1,4,Below 1.0L,Low
63,Mahindra,Scorpio,2016,CNG,Automatic,490000.0,29.5,1500,4,5300.0,4.9,5.3,8,1.0L-1.5L,Excellent
64,Kia,Carnival,2022,Electric,Manual,2970000.0,12.8,1000,6,13100.0,29.7,13.1,2,Below 1.0L,Low
65,Tata Motors,Nexon,2018,Petrol,Manual,1780000.0,13.0,2500,7,17900.0,17.8,17.9,6,2.0L-3.0L,Low
66,Kia,Sonet,2016,Diesel,Manual,2190000.0,25.2,1200,5,7100.0,21.9,7.1,8,1.0L-1.5L,Excellent
67,Skoda,Superb,2020,Diesel,Manual,2300000.0,22.6,2500,4,11700.0,23.0,11.7,4,2.0L-3.0L,Good
68,Kia,Sonet,2020,Diesel,Automatic,2650000.0,11.4,1200,6,24700.0,26.5,24.7,4,1.0L-1.5L,Low
69,Hyundai,Venue,2021,Electric,Automatic,1680000.0,24.1,2500,6,24000.0,16.8,24.0,3,2.0L-3.0L,Good
70,Skoda,Rapid,2015,Electric,Automatic,1700000.0,15.8,800,4,23500.0,17.0,23.5,9,Below 1.0L,Average
71,Toyota,Glanza,2023,Diesel,Automatic,1630000.0,27.1,800,4,17700.0,16.3,17.7,1,Below 1.0L,Excellent
72,Hyundai,Creta,2020,Electric,Manual,1720000.0,23.0,2500,6,21900.0,17.2,21.9,4,2.0L-3.0L,Good
73,Honda,WR-V,2021,Electric,Automatic,940000.0,25.7,1500,4,9900.0,9.4,9.9,3,1.0L-1.5L,Excellent
74,Mahindra,Thar,2022,Diesel,Manual,3090000.0,26.2,1500,6,15800.0,30.9,15.8,2,1.0L-1.5L,Excellent
75,Toyota,Glanza,2016,Diesel,Manual,3260000.0,10.2,1000,4,6300.0,32.6,6.3,8,Below 1.0L,Low
76,Mahindra,XUV300,2022,Petrol,Automatic,2150000.0,13.0,1800,6,5300.0,21.5,5.3,2,1.5L-2.0L,Low
77,Tata Motors,Punch,2019,Petrol,Manual,1720000.0,17.3,2000,5,6900.0,17.2,6.9,5,1.5L-2.0L,Average
78,Hyundai,i20,2018,Diesel,Automatic,2070000.0,15.5,2500,5,19700.0,20.7,19.7,6,2.0L-3.0L,Average
79,Honda,Civic,2024,Diesel,Automatic,2040000.0,27.6,2500,5,14700.0,20.4,14.7,0,2.0L-3.0L,Excellent
80,Tata Motors,Altroz,2018,CNG,Manual,1990000.0,19.9,800,6,21600.0,19.9,21.6,6,Below 1.0L,Average
81,Skoda,Octavia,2020,Diesel,Automatic,820000.0,28.7,2500,5,11700.0,8.2,11.7,4,2.0L-3.0L,Excellent
82,Volkswagen,Taigun,2020,Diesel,Manual,1080000.0,14.3,1800,4,24200.0,10.8,24.2,4,1.5L-2.0L,Low
83,Maruti Suzuki,Swift,2017,Petrol,Automatic,1510000.0,12.0,1000,4,14200.0,15.1,14.2,7,Below 1.0L,Low
84,Toyota,Urban Cruiser,2022,Diesel,Automatic,850000.0,15.3,1800,5,10200.0,8.5,10.2,2,1.5L-2.0L,Average
85,Skoda,Kushaq,2021,Electric,Automatic,1450000.0,27.6,1000,5,16700.0,14.5,16.7,3,Below 1.0L,Excellent
86,Kia,Carnival,2022,Petrol,Automatic,1930000.0,19.7,2000,5,18300.0,19.3,18.3,2,1.5L-2.0L,Average
87,Kia,EV6,2016,Diesel,Automatic,1310000.0,11.9,2000,6,22700.0,13.1,22.7,8,1.5L-2.0L,Low
88,Renault,Lodgy,2016,CNG,Manual,520000.0,26.4,1800,5,14600.0,5.2,14.6,8,1.5L-2.0L,Excellent
89,Toyota,Fortuner,2016,CNG,Manual,2560000.0,29.3,1000,4,22900.0,25.6,22.9,8,Below 1.0L,Excellent
90,Hyundai,i20,2017,Petrol,Automatic,1790000.0,10.5,1800,7,8800.0,17.9,8.8,7,1.5L-2.0L,Low
91,Volkswagen,Vento,2018,Electric,Manual,1770000.0,13.6,1200,5,18000.0,17.7,18.0,6,1.0L-1.5L,Low
92,Hyundai,i20,2015,Diesel,Manual,2750000.0,22.6,1000,4,18900.0,27.5,18.9,9,Below 1.0L,Good
93,Volkswagen,Taigun,2021,CNG,Manual,3240000.0,24.1,1000,4,10400.0,32.4,10.4,3,Below 1.0L,Good
94,Tata Motors,Nexon,2023,Electric,Automatic,1210000.0,20.8,2000,7,9000.0,12.1,9.0,1,1.5L-2.0L,Good
95,Toyota,Innova,2018,Electric,Manual,2360000.0,20.2,800,5,13000.0,23.6,13.0,6,Below 1.0L,Good
96,Volkswagen,Polo,2018,CNG,Manual,3300000.0,10.6,1500,6,24200.0,33.0,24.2,6,1.0L-1.5L,Low
97,Honda,Civic,2017,CNG,Automatic,1610000.0,18.2,800,4,23600.0,16.1,23.6,7,Below 1.0L,Average
98,Maruti Suzuki,Baleno,2020,Diesel,Manual,1370000.0,26.0,1200,7,13400.0,13.7,13.4,4,1.0L-1.5L,Excellent
99,Hyundai,Verna,2017,Diesel,Automatic,3320000.0,16.6,1000,6,10300.0,33.2,10.3,7,Below 1.0L,Average
100,Hyundai,Creta,2020,Electric,Automatic,2470000.0,14.2,1000,5,23100.0,24.7,23.1,4,Below 1.0L,Low
101,Toyota,Innova,2020,Diesel,Manual,2010000.0,29.9,1800,5,9200.0,20.1,9.2,4,1.5L-2.0L,Excellent
102,Maruti Suzuki,Ertiga,2015,Diesel,Automatic,3270000.0,22.9,1000,4,7600.0,32.7,7.6,9,Below 1.0L,Good
103,Skoda,Kushaq,2019,Petrol,Automatic,2730000.0,20.7,800,4,23300.0,27.3,23.3,5,Below 1.0L,Good
104,Tata Motors,Tiago,2019,Diesel,Automatic,1930000.0,10.5,2000,6,11400.0,19.3,11.4,5,1.5L-2.0L,Low
105,Mahindra,Thar,2021,Petrol,Manual,2390000.0,21.7,2000,4,12400.0,23.9,12.4,3,1.5L-2.0L,Good
106,Tata Motors,Altroz,2015,Petrol,Manual,2060000.0,28.8,1800,6,10500.0,20.6,10.5,9,1.5L-2.0L,Excellent
107,Toyota,Urban Cruiser,2018,Electric,Automatic,3150000.0,11.8,1500,6,17300.0,31.5,17.3,6,1.0L-1.5L,Low
108,Skoda,Kushaq,2018,Electric,Automatic,2960000.0,16.0,2000,5,21700.0,29.6,21.7,6,1.5L-2.0L,Average
109,Tata Motors,Nexon,2020,Diesel,Automatic,2240000.0,25.1,1000,5,13600.0,22.4,13.6,4,Below 1.0L,Excellent
110,Kia,Carens,2022,Petrol,Manual,1370000.0,23.5,2500,7,5100.0,13.7,5.1,2,2.0L-3.0L,Good
111,Honda,Amaze,2024,Diesel,Manual,2950000.0,18.1,800,6,6700.0,29.5,6.7,0,Below 1.0L,Average
112,Honda,Amaze,2018,Diesel,Manual,2130000.0,17.8,800,5,19900.0,21.3,19.9,6,Below 1.0L,Average
113,Maruti Suzuki,Baleno,2018,Electric,Manual,1330000.0,24.4,1200,7,10100.0,13.3,10.1,6,1.0L-1.5L,Good
114,Maruti Suzuki,Ertiga,2020,Petrol,Automatic,3020000.0,20.5,1500,4,5100.0,30.2,5.1,4,1.0L-1.5L,Good
115,Maruti Suzuki,Baleno,2023,Petrol,Manual,990000.0,27.4,800,4,16700.0,9.9,16.7,1,Below 1.0L,Excellent
116,Maruti Suzuki,Baleno,2023,CNG,Manual,3240000.0,25.6,1000,7,13600.0,32.4,13.6,1,Below 1.0L,Excellent
117,Hyundai,Venue,2023,Petrol,Manual,3430000.0,29.4,1000,4,23700.0,34.3,23.7,1,Below 1.0L,Excellent
118,Honda,Amaze,2018,Electric,Manual,1280000.0,12.0,1000,7,20300.0,12.8,20.3,6,Below 1.0L,Low
119,Honda,Jazz,2019,CNG,Automatic,1220000.0,11.1,1000,5,12600.0,12.2,12.6,5,Below 1.0L,Low
120,Toyota,Innova,2017,Electric,Automatic,1720000.0,22.0,1800,4,20900.0,17.2,20.9,7,1.5L-2.0L,Good
121,Kia,Sonet,2018,Diesel,Automatic,2640000.0,25.6,1500,6,5900.0,26.4,5.9,6,1.0L-1.5L,Excellent
122,Honda,Jazz,2016,CNG,Automatic,1800000.0,27.7,2000,6,17400.0,18.0,17.4,8,1.5L-2.0L,Excellent
123,Honda,WR-V,2023,Electric,Automatic,3470000.0,13.0,800,7,10200.0,34.7,10.2,1,Below 1.0L,Low
124,Toyota,Innova,2021,Diesel,Manual,1730000.0,22.2,1200,5,21500.0,17.3,21.5,3,1.0L-1.5L,Good
125,Skoda,Slavia,2023,Electric,Manual,2660000.0,16.9,2000,4,18400.0,26.6,18.4,1,1.5L-2.0L,Average
126,Toyota,Urban Cruiser,2021,CNG,Automatic,2960000.0,16.7,2000,5,8300.0,29.6,8.3,3,1.5L-2.0L,Average
127,Renault,Lodgy,2023,Petrol,Automatic,1460000.0,28.7,2000,6,23200.0,14.6,23.2,1,1.5L-2.0L,Excellent
128,Honda,City,2017,Electric,Manual,3360000.0,26.0,1500,5,8000.0,33.6,8.0,7,1.0L-1.5L,Excellent
129,Skoda,Kushaq,2018,Diesel,Automatic,2890000.0,22.0,1800,5,22900.0,28.9,22.9,6,1.5L-2.0L,Good
130,Renault,Kiger,2015,Petrol,Manual,1490000.0,19.2,1200,7,16500.0,14.9,16.5,9,1.0L-1.5L,Average
131,Kia,EV6,2023,Diesel,Automatic,1420000.0,29.6,1500,6,18400.0,14.2,18.4,1,1.0L-1.5L,Excellent
132,Renault,Kwid,2019,CNG,Automatic,1040000.0,12.2,1200,7,9500.0,10.4,9.5,5,1.0L-1.5L,Low
133,Mahindra,Scorpio,2019,Diesel,Manual,1300000.0,27.8,2000,4,23200.0,13.0,23.2,5,1.5L-2.0L,Excellent
134,Maruti Suzuki,Dzire,2024,CNG,Manual,3370000.0,25.8,1200,7,11500.0,33.7,11.5,0,1.0L-1.5L,Excellent
135,Skoda,Rapid,2023,Diesel,Automatic,2040000.0,27.0,2000,7,13600.0,20.4,13.6,1,1.5L-2.0L,Excellent
136,Honda,Civic,2019,Petrol,Manual,2190000.0,17.4,800,7,10200.0,21.9,10.2,5,Below 1.0L,Average
137,Tata Motors,Harrier,2021,Petrol,Automatic,2520000.0,25.7,2500,4,19800.0,25.2,19.8,3,2.0L-3.0L,Excellent
138,Kia,Carnival,2024,Diesel,Manual,1820000.0,23.9,2000,5,20800.0,18.2,20.8,0,1.5L-2.0L,Good
139,Mahindra,XUV700,2017,Diesel,Automatic,480000.0,17.5,2500,6,24900.0,4.8,24.9,7,2.0L-3.0L,Average
140,Hyundai,Verna,2021,Electric,Manual,2480000.0,20.8,800,5,5500.0,24.8,5.5,3,Below 1.0L,Good
141,Skoda,Kushaq,2024,CNG,Automatic,2490000.0,27.8,1500,7,7500.0,24.9,7.5,0,1.0L-1.5L,Excellent
142,Maruti Suzuki,Ertiga,2015,CNG,Automatic,2860000.0,28.0,1500,5,16700.0,28.6,16.7,9,1.0L-1.5L,Excellent
143,Honda,City,2018,Electric,Automatic,3370000.0,14.4,1200,6,15300.0,33.7,15.3,6,1.0L-1.5L,Low
144,Kia,Carens,2022,CNG,Automatic,2010000.0,22.7,2000,6,16900.0,20.1,16.9,2,1.5L-2.0L,Good
145,Honda,City,2018,CNG,Manual,1610000.0,17.7,1000,6,12300.0,16.1,12.3,6,Below 1.0L,Average
146,Skoda,Superb,2024,Electric,Manual,2440000.0,17.7,1500,6,6400.0,24.4,6.4,0,1.0L-1.5L,Average
147,Honda,Civic,2022,Diesel,Automatic,2700000.0,18.1,1800,5,22900.0,27.0,22.9,2,1.5L-2.0L,Average
148,Toyota,Glanza,2017,Electric,Manual,3190000.0,27.7,1800,4,21100.0,31.9,21.1,7,1.5L-2.0L,Excellent
149,Renault,Duster,2023,Petrol,Manual,3440000.0,17.9,1200,7,6600.0,34.4,6.6,1,1.0L-1.5L,Average
150,Volkswagen,Vento,2018,Electric,Manual,1430000.0,24.6,1500,4,8000.0,14.3,8.0,6,1.0L-1.5L,Good
151,Volkswagen,Polo,2023,CNG,Manual,3310000.0,24.2,2000,4,23300.0,33.1,23.3,1,1.5L-2.0L,Good
152,Mahindra,XUV700,2024,Petrol,Automatic,2120000.0,24.9,1800,7,23500.0,21.2,23.5,0,1.5L-2.0L,Good
153,Volkswagen,Polo,2016,Diesel,Automatic,3120000.0,19.5,1000,7,9400.0,31.2,9.4,8,Below 1.0L,Average
154,Honda,Civic,2022,Electric,Automatic,1140000.0,29.9,800,5,11600.0,11.4,11.6,2,Below 1.0L,Excellent
155,Renault,Lodgy,2023,Diesel,Automatic,1410000.0,19.1,2000,6,8200.0,14.1,8.2,1,1.5L-2.0L,Average
156,Hyundai,i20,2023,Electric,Manual,2800000.0,23.4,800,5,16600.0,28.0,16.6,1,Below 1.0L,Good
157,Skoda,Superb,2023,Electric,Automatic,3300000.0,10.6,2500,4,9600.0,33.0,9.6,1,2.0L-3.0L,Low
158,Volkswagen,Taigun,2016,Electric,Manual,1330000.0,10.9,1800,7,22900.0,13.3,22.9,8,1.5L-2.0L,Low
159,Kia,Sonet,2015,Petrol,Automatic,1750000.0,23.3,1200,4,13100.0,17.5,13.1,9,1.0L-1.5L,Good
160,Kia,Seltos,2019,CNG,Automatic,1980000.0,18.8,2500,4,10400.0,19.8,10.4,5,2.0L-3.0L,Average
161,Mahindra,Bolero,2023,Petrol,Manual,3400000.0,29.7,1200,5,15800.0,34.0,15.8,1,1.0L-1.5L,Excellent
162,Kia,Seltos,2023,CNG,Manual,2860000.0,26.7,1000,4,9600.0,28.6,9.6,1,Below 1.0L,Excellent
163,Skoda,Kushaq,2024,Electric,Automatic,2250000.0,21.4,1800,6,23800.0,22.5,23.8,0,1.5L-2.0L,Good
164,Honda,Amaze,2023,Diesel,Automatic,590000.0,28.0,1500,4,13000.0,5.9,13.0,1,1.0L-1.5L,Excellent
165,Volkswagen,Vento,2019,CNG,Manual,2350000.0,21.7,1500,4,16300.0,23.5,16.3,5,1.0L-1.5L,Good
166,Mahindra,XUV700,2016,Petrol,Automatic,3460000.0,10.9,1800,6,12800.0,34.6,12.8,8,1.5L-2.0L,Low
167,Renault,Kiger,2015,Petrol,Manual,2270000.0,16.9,800,4,12200.0,22.7,12.2,9,Below 1.0L,Average
168,Renault,Kwid,2024,Petrol,Manual,1460000.0,18.4,1200,6,17100.0,14.6,17.1,0,1.0L-1.5L,Average
169,Toyota,Glanza,2015,Diesel,Manual,970000.0,15.9,2500,7,21400.0,9.7,21.4,9,2.0L-3.0L,Average
170,Renault,Kiger,2017,Electric,Automatic,3390000.0,24.5,800,5,23000.0,33.9,23.0,7,Below 1.0L,Good
171,Mahindra,XUV300,2021,Diesel,Automatic,430000.0,22.4,1800,4,18100.0,4.3,18.1,3,1.5L-2.0L,Good
172,Renault,Kwid,2018,CNG,Manual,2020000.0,10.4,1000,4,11600.0,20.2,11.6,6,Below 1.0L,Low
173,Mahindra,Scorpio,2015,Electric,Manual,1920000.0,26.0,1500,7,5500.0,19.2,5.5,9,1.0L-1.5L,Excellent
174,Mahindra,Scorpio,2016,Electric,Manual,2640000.0,16.3,2500,5,24600.0,26.4,24.6,8,2.0L-3.0L,Average
175,Maruti Suzuki,Ertiga,2016,CNG,Automatic,3100000.0,19.5,1200,5,15300.0,31.0,15.3,8,1.0L-1.5L,Average
176,Hyundai,i10,2019,CNG,Manual,1540000.0,12.1,1500,7,11900.0,15.4,11.9,5,1.0L-1.5L,Low
177,Skoda,Superb,2015,CNG,Manual,2390000.0,22.7,1000,6,16100.0,23.9,16.1,9,Below 1.0L,Good
178,Volkswagen,Vento,2022,Petrol,Automatic,1030000.0,11.1,2500,7,16700.0,10.3,16.7,2,2.0L-3.0L,Low
179,Mahindra,Bolero,2016,CNG,Manual,550000.0,10.4,1000,7,24200.0,5.5,24.2,8,Below 1.0L,Low
180,Volkswagen,Vento,2022,Petrol,Manual,2270000.0,24.3,2500,6,24700.0,22.7,24.7,2,2.0L-3.0L,Good
181,Toyota,Urban Cruiser,2019,Petrol,Manual,590000.0,16.3,2500,6,24000.0,5.9,24.0,5,2.0L-3.0L,Average
182,Maruti Suzuki,Baleno,2021,Electric,Automatic,980000.0,27.8,1800,7,16900.0,9.8,16.9,3,1.5L-2.0L,Excellent
183,Kia,Carens,2021,Electric,Automatic,500000.0,29.6,1800,6,12800.0,5.0,12.8,3,1.5L-2.0L,Excellent
184,Hyundai,Verna,2022,Electric,Automatic,2040000.0,28.2,1500,7,18900.0,20.4,18.9,2,1.0L-1.5L,Excellent
185,Toyota,Innova,2015,Electric,Manual,1540000.0,25.9,1200,4,24600.0,15.4,24.6,9,1.0L-1.5L,Excellent
186,Tata Motors,Tiago,2016,Electric,Manual,1840000.0,12.6,800,7,24600.0,18.4,24.6,8,Below 1.0L,Low
187,Honda,Amaze,2020,Diesel,Manual,3150000.0,22.0,1000,4,22600.0,31.5,22.6,4,Below 1.0L,Good
188,Kia,Seltos,2015,Petrol,Manual,1290000.0,23.9,1000,7,17000.0,12.9,17.0,9,Below 1.0L,Good
189,Volkswagen,Polo,2017,CNG,Automatic,2610000.0,14.0,1800,7,9800.0,26.1,9.8,7,1.5L-2.0L,Low
190,Kia,EV6,2019,Diesel,Automatic,2780000.0,23.6,1000,5,14100.0,27.8,14.1,5,Below 1.0L,Good
191,Tata Motors,Tiago,2017,Petrol,Manual,1840000.0,29.7,1500,6,15500.0,18.4,15.5,7,1.0L-1.5L,Excellent
192,Renault,Triber,2021,Diesel,Automatic,2710000.0,18.6,1500,4,7300.0,27.1,7.3,3,1.0L-1.5L,Average
193,Mahindra,Bolero,2021,Petrol,Manual,1930000.0,10.1,1800,4,6700.0,19.3,6.7,3,1.5L-2.0L,Low
194,Hyundai,Creta,2019,Electric,Automatic,1510000.0,13.7,800,6,10200.0,15.1,10.2,5,Below 1.0L,Low
195,Hyundai,Venue,2019,CNG,Manual,2470000.0,29.2,1000,7,12800.0,24.7,12.8,5,Below 1.0L,Excellent
196,Mahindra,Thar,2024,Diesel,Automatic,3280000.0,20.1,1500,5,9400.0,32.8,9.4,0,1.0L-1.5L,Good
197,Toyota,Fortuner,2024,Petrol,Automatic,2030000.0,15.7,1800,7,23000.0,20.3,23.0,0,1.5L-2.0L,Average
198,Honda,Amaze,2018,Diesel,Automatic,1010000.0,22.2,2000,5,8100.0,10.1,8.1,6,1.5L-2.0L,Good
199,Honda,Civic,2015,Electric,Automatic,2860000.0,18.7,2500,4,16600.0,28.6,16.6,9,2.0L-3.0L,Average
200,Renault,Lodgy,2019,Electric,Manual,2590000.0,24.7,2500,6,21100.0,25.9,21.1,5,2.0L-3.0L,Good
201,Toyota,Glanza,2017,Electric,Automatic,2150000.0,12.0,2000,7,17700.0,21.5,17.7,7,1.5L-2.0L,Low
202,Volkswagen,Tiguan,2018,Petrol,Manual,1090000.0,28.1,800,4,24500.0,10.9,24.5,6,Below 1.0L,Excellent
203,Skoda,Kushaq,2016,Electric,Automatic,1860000.0,18.1,800,4,9400.0,18.6,9.4,8,Below 1.0L,Average
204,Skoda,Superb,2018,Electric,Manual,1870000.0,13.5,800,6,21000.0,18.7,21.0,6,Below 1.0L,Low
205,Honda,Civic,2022,Diesel,Manual,2860000.0,23.6,1500,4,13700.0,28.6,13.7,2,1.0L-1.5L,Good
206,Toyota,Urban Cruiser,2016,Petrol,Automatic,2660000.0,25.2,2000,6,5000.0,26.6,5.0,8,1.5L-2.0L,Excellent
207,Kia,EV6,2017,Diesel,Manual,2890000.0,19.9,1000,6,15200.0,28.9,15.2,7,Below 1.0L,Average
208,Volkswagen,Vento,2020,Electric,Automatic,1740000.0,25.6,1000,4,16200.0,17.4,16.2,4,Below 1.0L,Excellent
209,Hyundai,Venue,2022,Electric,Manual,2490000.0,13.6,1800,6,7800.0,24.9,7.8,2,1.5L-2.0L,Low
210,Hyundai,i10,2019,Electric,Manual,1490000.0,15.1,800,4,10900.0,14.9,10.9,5,Below 1.0L,Average
211,Honda,WR-V,2018,Diesel,Manual,640000.0,16.3,800,4,9900.0,6.4,9.9,6,Below 1.0L,Average
212,Kia,Carens,2023,CNG,Automatic,2030000.0,16.0,800,6,11200.0,20.3,11.2,1,Below 1.0L,Average
213,Mahindra,XUV300,2022,Electric,Manual,2950000.0,17.3,1200,7,11000.0,29.5,11.0,2,1.0L-1.5L,Average
214,Hyundai,i20,2024,CNG,Manual,2330000.0,28.7,1800,7,8500.0,23.3,8.5,0,1.5L-2.0L,Excellent
215,Volkswagen,Polo,2016,Electric,Manual,1770000.0,20.1,1500,7,23400.0,17.7,23.4,8,1.0L-1.5L,Good
216,Renault,Duster,2023,Petrol,Manual,2650000.0,20.2,1000,6,11400.0,26.5,11.4,1,Below 1.0L,Good
217,Renault,Triber,2021,Diesel,Manual,980000.0,25.2,800,7,19700.0,9.8,19.7,3,Below 1.0L,Excellent
218,Renault,Triber,2022,CNG,Manual,3280000.0,27.0,2000,7,10300.0,32.8,10.3,2,1.5L-2.0L,Excellent
219,Skoda,Octavia,2016,Electric,Manual,2710000.0,14.0,800,7,7300.0,27.1,7.3,8,Below 1.0L,Low
220,Renault,Kwid,2019,Petrol,Manual,1660000.0,18.3,1200,5,12500.0,16.6,12.5,5,1.0L-1.5L,Average
221,Skoda,Rapid,2018,Electric,Automatic,460000.0,19.6,1000,4,11600.0,4.6,11.6,6,Below 1.0L,Average
222,Kia,EV6,2020,Electric,Manual,1810000.0,21.6,1200,7,11900.0,18.1,11.9,4,1.0L-1.5L,Good
223,Tata Motors,Harrier,2019,Electric,Automatic,1750000.0,17.0,1500,7,17900.0,17.5,17.9,5,1.0L-1.5L,Average
224,Mahindra,Thar,2019,CNG,Automatic,1120000.0,22.3,1200,6,22600.0,11.2,22.6,5,1.0L-1.5L,Good
225,Volkswagen,Virtus,2016,Electric,Automatic,2190000.0,27.7,1200,6,21900.0,21.9,21.9,8,1.0L-1.5L,Excellent
226,Toyota,Glanza,2016,Electric,Automatic,2540000.0,13.4,1000,5,7000.0,25.4,7.0,8,Below 1.0L,Low
227,Honda,City,2019,Diesel,Automatic,2270000.0,28.2,800,7,10300.0,22.7,10.3,5,Below 1.0L,Excellent
228,Hyundai,i20,2022,Petrol,Automatic,3040000.0,29.0,2500,4,20300.0,30.4,20.3,2,2.0L-3.0L,Excellent
229,Tata Motors,Nexon,2021,Diesel,Automatic,3420000.0,12.9,800,5,13800.0,34.2,13.8,3,Below 1.0L,Low
230,Hyundai,i10,2018,CNG,Manual,3050000.0,12.3,1500,5,15300.0,30.5,15.3,6,1.0L-1.5L,Low
231,Volkswagen,Taigun,2020,Diesel,Manual,1240000.0,20.9,1800,4,17200.0,12.4,17.2,4,1.5L-2.0L,Good
232,Skoda,Rapid,2018,Diesel,Manual,1140000.0,28.5,1800,4,9900.0,11.4,9.9,6,1.5L-2.0L,Excellent
233,Skoda,Kushaq,2016,Petrol,Automatic,1930000.0,14.6,1000,7,11600.0,19.3,11.6,8,Below 1.0L,Low
234,Skoda,Slavia,2018,CNG,Manual,3230000.0,11.3,1000,4,5900.0,32.3,5.9,6,Below 1.0L,Low
235,Mahindra,XUV700,2020,CNG,Manual,1860000.0,21.2,1200,6,11300.0,18.6,11.3,4,1.0L-1.5L,Good
236,Honda,Amaze,2021,Electric,Automatic,1340000.0,27.6,2500,5,9300.0,13.4,9.3,3,2.0L-3.0L,Excellent
237,Tata Motors,Punch,2019,Electric,Automatic,2050000.0,10.2,2000,4,11900.0,20.5,11.9,5,1.5L-2.0L,Low
238,Toyota,Camry,2024,Petrol,Manual,2970000.0,24.6,1000,4,23300.0,29.7,23.3,0,Below 1.0L,Good
239,Mahindra,XUV300,2023,Diesel,Manual,1020000.0,11.4,1000,6,8700.0,10.2,8.7,1,Below 1.0L,Low
240,Kia,Sonet,2019,CNG,Manual,3010000.0,13.5,1800,6,13400.0,30.1,13.4,5,1.5L-2.0L,Low
241,Toyota,Camry,2023,Electric,Manual,1930000.0,24.5,1800,4,15800.0,19.3,15.8,1,1.5L-2.0L,Good
242,Maruti Suzuki,Dzire,2018,Electric,Manual,1570000.0,11.0,1200,5,21300.0,15.7,21.3,6,1.0L-1.5L,Low
243,Tata Motors,Harrier,2015,Petrol,Manual,1740000.0,19.3,2000,6,18500.0,17.4,18.5,9,1.5L-2.0L,Average
244,Toyota,Innova,2022,Diesel,Automatic,1040000.0,10.2,2000,4,24000.0,10.4,24.0,2,1.5L-2.0L,Low
245,Tata Motors,Harrier,2018,Petrol,Automatic,940000.0,19.8,1000,6,7100.0,9.4,7.1,6,Below 1.0L,Average
246,Hyundai,Creta,2022,Diesel,Automatic,1590000.0,21.9,1800,4,21600.0,15.9,21.6,2,1.5L-2.0L,Good
247,Mahindra,XUV300,2021,Petrol,Manual,2160000.0,28.6,2000,7,17200.0,21.6,17.2,3,1.5L-2.0L,Excellent
248,Honda,Jazz,2017,CNG,Automatic,2570000.0,11.0,1800,5,22300.0,25.7,22.3,7,1.5L-2.0L,Low
249,Kia,Sonet,2022,Petrol,Automatic,1260000.0,28.8,1800,7,15600.0,12.6,15.6,2,1.5L-2.0L,Excellent
250,Volkswagen,Polo,2024,Petrol,Automatic,2610000.0,27.7,2500,6,5900.0,26.1,5.9,0,2.0L-3.0L,Excellent
251,Honda,City,2017,Diesel,Automatic,1190000.0,11.1,1200,5,21400.0,11.9,21.4,7,1.0L-1.5L,Low
252,Hyundai,Creta,2024,CNG,Manual,1480000.0,14.2,2000,7,19700.0,14.8,19.7,0,1.5L-2.0L,Low
253,Hyundai,Creta,2023,Petrol,Automatic,1700000.0,24.7,1200,6,24300.0,17.0,24.3,1,1.0L-1.5L,Good
254,Tata Motors,Punch,2015,Electric,Automatic,3190000.0,11.8,1800,4,8900.0,31.9,8.9,9,1.5L-2.0L,Low
255,Maruti Suzuki,Ertiga,2023,Electric,Manual,3380000.0,15.5,1800,4,6000.0,33.8,6.0,1,1.5L-2.0L,Average
256,Renault,Kwid,2019,Electric,Automatic,740000.0,10.4,1000,4,9600.0,7.4,9.6,5,Below 1.0L,Low
257,Renault,Kiger,2020,Electric,Automatic,2060000.0,14.3,1800,4,11700.0,20.6,11.7,4,1.5L-2.0L,Low
258,Hyundai,i20,2021,Electric,Manual,3200000.0,17.4,800,7,6600.0,32.0,6.6,3,Below 1.0L,Average
259,Mahindra,XUV300,2019,CNG,Manual,3280000.0,19.8,1000,7,19200.0,32.8,19.2,5,Below 1.0L,Average
260,Honda,WR-V,2022,Diesel,Automatic,2060000.0,12.0,2000,4,6800.0,20.6,6.8,2,1.5L-2.0L,Low
261,Skoda,Rapid,2019,CNG,Automatic,1490000.0,14.3,1800,4,22700.0,14.9,22.7,5,1.5L-2.0L,Low
262,Maruti Suzuki,WagonR,2023,Petrol,Manual,700000.0,17.3,1000,5,24400.0,7.0,24.4,1,Below 1.0L,Average
263,Kia,Sonet,2023,Petrol,Automatic,2620000.0,23.4,800,5,7800.0,26.2,7.8,1,Below 1.0L,Good
264,Toyota,Glanza,2022,CNG,Manual,1020000.0,24.1,2500,5,6400.0,10.2,6.4,2,2.0L-3.0L,Good
265,Volkswagen,Polo,2022,Diesel,Manual,2240000.0,13.8,2000,7,24100.0,22.4,24.1,2,1.5L-2.0L,Low
266,Honda,Amaze,2021,Diesel,Manual,2400000.0,22.3,1500,4,11200.0,24.0,11.2,3,1.0L-1.5L,Good
267,Honda,Civic,2023,Petrol,Manual,2560000.0,14.6,1000,4,17100.0,25.6,17.1,1,Below 1.0L,Low
268,Kia,Sonet,2016,Petrol,Manual,1440000.0,15.9,1200,7,10400.0,14.4,10.4,8,1.0L-1.5L,Average
269,Volkswagen,Virtus,2018,Diesel,Automatic,3450000.0,26.9,1000,7,12900.0,34.5,12.9,6,Below 1.0L,Excellent
270,Renault,Kwid,2016,Electric,Automatic,3210000.0,25.4,2000,5,8500.0,32.1,8.5,8,1.5L-2.0L,Excellent
271,Maruti Suzuki,WagonR,2022,Electric,Manual,520000.0,24.7,1000,4,22200.0,5.2,22.2,2,Below 1.0L,Good
272,Honda,WR-V,2023,Petrol,Automatic,2600000.0,25.1,2000,6,15800.0,26.0,15.8,1,1.5L-2.0L,Excellent
273,Mahindra,Scorpio,2017,Diesel,Manual,3260000.0,12.3,2500,4,21000.0,32.6,21.0,7,2.0L-3.0L,Low
274,Tata Motors,Tiago,2018,CNG,Automatic,1190000.0,23.9,1200,4,5800.0,11.9,5.8,6,1.0L-1.5L,Good
275,Mahindra,Scorpio,2019,Petrol,Manual,3210000.0,15.9,1800,4,16600.0,32.1,16.6,5,1.5L-2.0L,Average
276,Maruti Suzuki,Swift,2022,CNG,Automatic,3400000.0,21.2,800,6,15000.0,34.0,15.0,2,Below 1.0L,Good
277,Hyundai,Creta,2020,Electric,Automatic,2610000.0,15.9,1200,6,18100.0,26.1,18.1,4,1.0L-1.5L,Average
278,Toyota,Camry,2020,Petrol,Manual,860000.0,11.7,800,7,15800.0,8.6,15.8,4,Below 1.0L,Low
279,Maruti Suzuki,Baleno,2022,Diesel,Manual,2480000.0,24.8,800,6,22500.0,24.8,22.5,2,Below 1.0L,Good
280,Renault,Duster,2018,Electric,Manual,2210000.0,11.8,2000,7,6500.0,22.1,6.5,6,1.5L-2.0L,Low
281,Maruti Suzuki,Swift,2023,Diesel,Manual,1280000.0,25.5,1000,4,7700.0,12.8,7.7,1,Below 1.0L,Excellent
282,Kia,Carnival,2023,CNG,Automatic,3070000.0,26.1,1200,7,23700.0,30.7,23.7,1,1.0L-1.5L,Excellent
283,Mahindra,XUV700,2022,Diesel,Automatic,3040000.0,17.7,2500,5,11300.0,30.4,11.3,2,2.0L-3.0L,Average
284,Renault,Kiger,2020,CNG,Automatic,420000.0,24.2,2000,4,10400.0,4.2,10.4,4,1.5L-2.0L,Good
285,Toyota,Glanza,2016,Electric,Manual,2220000.0,17.7,2500,5,17300.0,22.2,17.3,8,2.0L-3.0L,Average
286,Toyota,Fortuner,2017,Diesel,Automatic,3240000.0,27.2,1200,6,19600.0,32.4,19.6,7,1.0L-1.5L,Excellent
287,Kia,Carnival,2018,CNG,Automatic,1240000.0,18.4,800,6,18200.0,12.4,18.2,6,Below 1.0L,Average
288,Tata Motors,Nexon,2022,Electric,Automatic,2830000.0,11.0,1500,4,20000.0,28.3,20.0,2,1.0L-1.5L,Low
289,Maruti Suzuki,Swift,2018,CNG,Automatic,1200000.0,24.7,800,6,13400.0,12.0,13.4,6,Below 1.0L,Good
290,Volkswagen,Taigun,2018,Diesel,Automatic,1110000.0,11.8,1000,4,21600.0,11.1,21.6,6,Below 1.0L,Low
291,Renault,Triber,2015,Diesel,Manual,3020000.0,19.4,1800,4,15300.0,30.2,15.3,9,1.5L-2.0L,Average
292,Kia,EV6,2021,Electric,Automatic,2280000.0,10.0,1200,7,10700.0,22.8,10.7,3,1.0L-1.5L,Low
293,Toyota,Urban Cruiser,2015,CNG,Manual,2970000.0,17.8,1200,7,12500.0,29.7,12.5,9,1.0L-1.5L,Average
294,Skoda,Kushaq,2022,CNG,Automatic,2020000.0,26.1,1500,7,6200.0,20.2,6.2,2,1.0L-1.5L,Excellent
295,Maruti Suzuki,Ertiga,2022,Diesel,Manual,1520000.0,15.0,1000,7,19900.0,15.2,19.9,2,Below 1.0L,Low
296,Skoda,Slavia,2018,Petrol,Manual,1390000.0,13.3,1200,6,19800.0,13.9,19.8,6,1.0L-1.5L,Low
297,Mahindra,Scorpio,2018,Electric,Manual,2440000.0,16.1,800,5,14400.0,24.4,14.4,6,Below 1.0L,Average
298,Volkswagen,Vento,2019,Electric,Automatic,3350000.0,15.3,1200,5,18500.0,33.5,18.5,5,1.0L-1.5L,Average
299,Skoda,Octavia,2016,Petrol,Manual,2750000.0,21.9,2000,6,13600.0,27.5,13.6,8,1.5L-2.0L,Good
300,Maruti Suzuki,Baleno,2016,Diesel,Automatic,1270000.0,29.6,2000,6,6700.0,12.7,6.7,8,1.5L-2.0L,Excellent
301,Renault,Duster,2016,CNG,Manual,650000.0,16.0,2000,4,20000.0,6.5,20.0,8,1.5L-2.0L,Average
302,Volkswagen,Vento,2022,Diesel,Manual,2670000.0,22.9,1000,6,10000.0,26.7,10.0,2,Below 1.0L,Good
303,Kia,Carens,2020,Diesel,Automatic,1180000.0,10.9,1200,5,23400.0,11.8,23.4,4,1.0L-1.5L,Low
304,Skoda,Rapid,2019,CNG,Automatic,2110000.0,10.3,2000,4,19800.0,21.1,19.8,5,1.5L-2.0L,Low
305,Renault,Kiger,2018,CNG,Automatic,3310000.0,18.7,1800,4,23000.0,33.1,23.0,6,1.5L-2.0L,Average
306,Maruti Suzuki,Baleno,2024,CNG,Automatic,1550000.0,13.4,1000,5,16700.0,15.5,16.7,0,Below 1.0L,Low
307,Kia,Sonet,2016,Electric,Automatic,1170000.0,13.2,1200,6,9200.0,11.7,9.2,8,1.0L-1.5L,Low
308,Tata Motors,Tiago,2022,CNG,Automatic,1690000.0,18.2,2500,7,14700.0,16.9,14.7,2,2.0L-3.0L,Average
309,Maruti Suzuki,WagonR,2015,CNG,Automatic,2500000.0,26.6,1500,7,9100.0,25.0,9.1,9,1.0L-1.5L,Excellent
310,Kia,EV6,2020,CNG,Automatic,1410000.0,18.8,1000,5,14100.0,14.1,14.1,4,Below 1.0L,Average
311,Maruti Suzuki,Ertiga,2019,Electric,Automatic,1960000.0,15.9,800,4,5300.0,19.6,5.3,5,Below 1.0L,Average
312,Maruti Suzuki,WagonR,2017,Diesel,Automatic,2180000.0,11.0,1200,5,22300.0,21.8,22.3,7,1.0L-1.5L,Low
313,Renault,Kwid,2020,Electric,Manual,3000000.0,22.9,800,7,12100.0,30.0,12.1,4,Below 1.0L,Good
314,Toyota,Camry,2020,Diesel,Automatic,880000.0,28.5,1000,7,16600.0,8.8,16.6,4,Below 1.0L,Excellent
315,Hyundai,i20,2016,Diesel,Manual,1990000.0,14.6,2500,4,9300.0,19.9,9.3,8,2.0L-3.0L,Low
316,Toyota,Innova,2023,Petrol,Automatic,1000000.0,21.0,1500,6,19200.0,10.0,19.2,1,1.0L-1.5L,Good
317,Toyota,Urban Cruiser,2023,Petrol,Manual,2680000.0,11.6,1800,4,18100.0,26.8,18.1,1,1.5L-2.0L,Low
318,Mahindra,XUV300,2020,Petrol,Automatic,2060000.0,19.8,1000,4,7700.0,20.6,7.7,4,Below 1.0L,Average
319,Toyota,Glanza,2021,Electric,Automatic,1530000.0,25.8,1200,4,11300.0,15.3,11.3,3,1.0L-1.5L,Excellent
320,Honda,Amaze,2015,Petrol,Manual,2770000.0,22.1,2500,5,19200.0,27.7,19.2,9,2.0L-3.0L,Good
321,Kia,Seltos,2017,Electric,Automatic,3400000.0,23.4,1500,6,11900.0,34.0,11.9,7,1.0L-1.5L,Good
322,Maruti Suzuki,Dzire,2018,Petrol,Automatic,1520000.0,29.9,1500,5,12700.0,15.2,12.7,6,1.0L-1.5L,Excellent
323,Toyota,Urban Cruiser,2019,CNG,Manual,2960000.0,23.0,2500,5,12300.0,29.6,12.3,5,2.0L-3.0L,Good
324,Volkswagen,Tiguan,2017,Petrol,Manual,920000.0,29.3,1800,7,5700.0,9.2,5.7,7,1.5L-2.0L,Excellent
325,Mahindra,Bolero,2022,Electric,Manual,1850000.0,14.9,800,6,18400.0,18.5,18.4,2,Below 1.0L,Low
326,Maruti Suzuki,Baleno,2016,Diesel,Automatic,2280000.0,19.6,1500,5,14400.0,22.8,14.4,8,1.0L-1.5L,Average
327,Tata Motors,Punch,2020,Electric,Automatic,1590000.0,17.2,2000,6,14300.0,15.9,14.3,4,1.5L-2.0L,Average
328,Tata Motors,Punch,2016,Electric,Manual,3040000.0,18.9,1200,5,5800.0,30.4,5.8,8,1.0L-1.5L,Average
329,Kia,Seltos,2015,Diesel,Automatic,1460000.0,13.1,800,7,21900.0,14.6,21.9,9,Below 1.0L,Low
330,Kia,Seltos,2024,Petrol,Automatic,1860000.0,16.8,2000,6,12300.0,18.6,12.3,0,1.5L-2.0L,Average
331,Maruti Suzuki,Swift,2021,Petrol,Manual,1480000.0,10.2,800,6,10800.0,14.8,10.8,3,Below 1.0L,Low
332,Toyota,Glanza,2021,Diesel,Automatic,3000000.0,27.0,1500,5,15300.0,30.0,15.3,3,1.0L-1.5L,Excellent
333,Tata Motors,Harrier,2022,Electric,Automatic,1360000.0,12.3,1200,7,17900.0,13.6,17.9,2,1.0L-1.5L,Low
334,Tata Motors,Punch,2021,CNG,Manual,430000.0,24.8,2500,7,15700.0,4.3,15.7,3,2.0L-3.0L,Good
335,Skoda,Octavia,2017,Diesel,Automatic,1560000.0,27.0,2500,7,16400.0,15.6,16.4,7,2.0L-3.0L,Excellent
336,Honda,Jazz,2018,Electric,Manual,1100000.0,11.8,1000,6,10200.0,11.0,10.2,6,Below 1.0L,Low
337,Maruti Suzuki,Ertiga,2015,Electric,Automatic,1930000.0,17.5,1800,7,9500.0,19.3,9.5,9,1.5L-2.0L,Average
338,Maruti Suzuki,WagonR,2015,CNG,Automatic,2270000.0,26.2,1200,5,12000.0,22.7,12.0,9,1.0L-1.5L,Excellent
339,Maruti Suzuki,Ertiga,2024,Petrol,Automatic,910000.0,16.0,800,5,25000.0,9.1,25.0,0,Below 1.0L,Average
340,Kia,Carens,2015,CNG,Manual,1600000.0,17.4,1000,7,9400.0,16.0,9.4,9,Below 1.0L,Average
341,Volkswagen,Virtus,2018,Diesel,Automatic,1120000.0,29.7,2500,4,22900.0,11.2,22.9,6,2.0L-3.0L,Excellent
342,Tata Motors,Nexon,2016,Petrol,Manual,420000.0,24.5,1800,6,17500.0,4.2,17.5,8,1.5L-2.0L,Good
343,Maruti Suzuki,Dzire,2022,Diesel,Automatic,1310000.0,19.3,1500,4,19000.0,13.1,19.0,2,1.0L-1.5L,Average
344,Volkswagen,Tiguan,2015,Diesel,Manual,560000.0,28.6,1000,7,14000.0,5.6,14.0,9,Below 1.0L,Excellent
345,Mahindra,Bolero,2018,CNG,Automatic,680000.0,22.2,1200,5,7700.0,6.8,7.7,6,1.0L-1.5L,Good
346,Maruti Suzuki,Swift,2017,Electric,Automatic,2020000.0,11.7,1800,4,17000.0,20.2,17.0,7,1.5L-2.0L,Low
347,Mahindra,Bolero,2024,CNG,Manual,2390000.0,19.6,1200,6,22100.0,23.9,22.1,0,1.0L-1.5L,Average
348,Honda,City,2017,Diesel,Automatic,1740000.0,19.3,800,6,20300.0,17.4,20.3,7,Below 1.0L,Average
349,Renault,Kwid,2015,CNG,Automatic,520000.0,18.2,800,7,11100.0,5.2,11.1,9,Below 1.0L,Average
350,Toyota,Fortuner,2018,Petrol,Manual,2960000.0,13.1,1800,4,19500.0,29.6,19.5,6,1.5L-2.0L,Low
351,Hyundai,Creta,2022,Diesel,Automatic,1200000.0,21.1,1500,6,20600.0,12.0,20.6,2,1.0L-1.5L,Good
352,Skoda,Superb,2016,Diesel,Manual,3150000.0,11.0,1200,7,10800.0,31.5,10.8,8,1.0L-1.5L,Low
353,Toyota,Fortuner,2024,CNG,Automatic,3230000.0,16.3,1200,7,22500.0,32.3,22.5,0,1.0L-1.5L,Average
354,Tata Motors,Altroz,2024,Diesel,Automatic,2520000.0,21.5,800,4,8500.0,25.2,8.5,0,Below 1.0L,Good
355,Mahindra,Scorpio,2021,Petrol,Automatic,2310000.0,15.6,1200,6,9400.0,23.1,9.4,3,1.0L-1.5L,Average
356,Volkswagen,Vento,2016,Electric,Manual,2850000.0,14.2,800,4,19400.0,28.5,19.4,8,Below 1.0L,Low
357,Hyundai,Venue,2020,Petrol,Manual,1670000.0,16.1,1800,4,12100.0,16.7,12.1,4,1.5L-2.0L,Average
358,Volkswagen,Polo,2019,CNG,Automatic,2340000.0,22.7,800,7,19700.0,23.4,19.7,5,Below 1.0L,Good
359,Tata Motors,Harrier,2018,CNG,Manual,1980000.0,18.0,1200,5,16300.0,19.8,16.3,6,1.0L-1.5L,Average
360,Tata Motors,Nexon,2024,CNG,Automatic,1930000.0,28.7,2000,4,15600.0,19.3,15.6,0,1.5L-2.0L,Excellent
361,Tata Motors,Nexon,2018,Petrol,Automatic,3200000.0,19.9,2500,6,13100.0,32.0,13.1,6,2.0L-3.0L,Average
362,Mahindra,XUV300,2018,Petrol,Automatic,3470000.0,21.9,2500,7,21500.0,34.7,21.5,6,2.0L-3.0L,Good
363,Toyota,Fortuner,2021,Diesel,Automatic,2850000.0,14.5,1000,7,10100.0,28.5,10.1,3,Below 1.0L,Low
364,Tata Motors,Nexon,2017,Diesel,Manual,1930000.0,24.6,800,7,23000.0,19.3,23.0,7,Below 1.0L,Good
365,Hyundai,i10,2018,CNG,Manual,2810000.0,20.2,2000,5,8500.0,28.1,8.5,6,1.5L-2.0L,Good
366,Renault,Duster,2024,Petrol,Automatic,1670000.0,21.9,1000,6,20100.0,16.7,20.1,0,Below 1.0L,Good
367,Renault,Kwid,2022,CNG,Manual,1380000.0,10.2,1500,4,13700.0,13.8,13.7,2,1.0L-1.5L,Low
368,Skoda,Kushaq,2019,Electric,Manual,470000.0,12.0,1200,7,10400.0,4.7,10.4,5,1.0L-1.5L,Low
369,Tata Motors,Punch,2018,CNG,Manual,1370000.0,21.0,2000,7,12200.0,13.7,12.2,6,1.5L-2.0L,Good
370,Volkswagen,Taigun,2024,Electric,Automatic,2660000.0,10.8,1000,7,17600.0,26.6,17.6,0,Below 1.0L,Low
371,Maruti Suzuki,Dzire,2015,Electric,Automatic,890000.0,15.9,800,4,8800.0,8.9,8.8,9,Below 1.0L,Average
372,Renault,Kiger,2015,Electric,Manual,800000.0,12.7,1200,6,7700.0,8.0,7.7,9,1.0L-1.5L,Low
373,Kia,Sonet,2017,Electric,Automatic,840000.0,11.4,2000,5,12800.0,8.4,12.8,7,1.5L-2.0L,Low
374,Honda,City,2018,Petrol,Manual,2750000.0,22.7,800,4,12500.0,27.5,12.5,6,Below 1.0L,Good
375,Honda,Civic,2018,Electric,Automatic,3220000.0,13.0,2500,6,11300.0,32.2,11.3,6,2.0L-3.0L,Low
376,Honda,Jazz,2018,CNG,Automatic,2600000.0,18.4,1500,4,17600.0,26.0,17.6,6,1.0L-1.5L,Average
377,Kia,Seltos,2016,Electric,Automatic,1610000.0,23.1,1800,7,18600.0,16.1,18.6,8,1.5L-2.0L,Good
378,Kia,Carens,2020,Diesel,Automatic,470000.0,18.0,1200,5,6700.0,4.7,6.7,4,1.0L-1.5L,Average
379,Maruti Suzuki,WagonR,2020,CNG,Automatic,690000.0,22.5,1500,6,18300.0,6.9,18.3,4,1.0L-1.5L,Good
380,Renault,Kiger,2021,Electric,Manual,2360000.0,21.9,1800,6,20400.0,23.6,20.4,3,1.5L-2.0L,Good
381,Skoda,Octavia,2015,Petrol,Automatic,2800000.0,16.4,1000,5,20000.0,28.0,20.0,9,Below 1.0L,Average
382,Mahindra,Bolero,2024,Electric,Manual,1870000.0,14.3,1800,5,22200.0,18.7,22.2,0,1.5L-2.0L,Low
383,Hyundai,Creta,2018,Petrol,Automatic,1610000.0,16.1,1800,4,10700.0,16.1,10.7,6,1.5L-2.0L,Average
384,Toyota,Glanza,2021,Electric,Manual,800000.0,23.6,2000,7,11100.0,8.0,11.1,3,1.5L-2.0L,Good
385,Tata Motors,Tiago,2017,Diesel,Manual,710000.0,22.0,1200,7,14500.0,7.1,14.5,7,1.0L-1.5L,Good
386,Volkswagen,Polo,2015,Diesel,Automatic,2750000.0,22.6,1500,7,23400.0,27.5,23.4,9,1.0L-1.5L,Good
387,Maruti Suzuki,Swift,2018,Electric,Automatic,2100000.0,18.3,1500,7,9100.0,21.0,9.1,6,1.0L-1.5L,Average
388,Hyundai,Venue,2024,Electric,Manual,2710000.0,16.0,800,7,10500.0,27.1,10.5,0,Below 1.0L,Average
389,Skoda,Superb,2023,CNG,Manual,1670000.0,23.5,1500,6,16600.0,16.7,16.6,1,1.0L-1.5L,Good
390,Honda,WR-V,2022,Electric,Manual,2700000.0,18.8,1000,7,19700.0,27.0,19.7,2,Below 1.0L,Average
391,Hyundai,Creta,2022,CNG,Manual,2080000.0,24.7,2500,7,18300.0,20.8,18.3,2,2.0L-3.0L,Good
392,Toyota,Glanza,2015,Diesel,Manual,3190000.0,20.5,2500,6,24700.0,31.9,24.7,9,2.0L-3.0L,Good
393,Volkswagen,Virtus,2023,Electric,Manual,2360000.0,16.0,1200,4,7100.0,23.6,7.1,1,1.0L-1.5L,Average
394,Honda,WR-V,2024,Electric,Automatic,2180000.0,15.5,2000,6,17400.0,21.8,17.4,0,1.5L-2.0L,Average
395,Mahindra,Scorpio,2016,CNG,Automatic,1460000.0,27.1,1200,7,20700.0,14.6,20.7,8,1.0L-1.5L,Excellent
396,Volkswagen,Taigun,2018,Electric,Manual,1540000.0,16.6,1200,5,8500.0,15.4,8.5,6,1.0L-1.5L,Average
397,Renault,Duster,2016,Diesel,Automatic,2900000.0,18.1,1200,6,9200.0,29.0,9.2,8,1.0L-1.5L,Average
398,Volkswagen,Polo,2016,Diesel,Manual,3180000.0,18.4,2000,6,8300.0,31.8,8.3,8,1.5L-2.0L,Average
399,Toyota,Camry,2024,CNG,Manual,1370000.0,26.6,2500,4,19600.0,13.7,19.6,0,2.0L-3.0L,Excellent
400,Skoda,Slavia,2023,CNG,Automatic,2370000.0,14.6,1200,6,19500.0,23.7,19.5,1,1.0L-1.5L,Low
401,Renault,Duster,2022,Petrol,Automatic,1890000.0,14.4,2000,5,16100.0,18.9,16.1,2,1.5L-2.0L,Low
402,Hyundai,Creta,2019,Diesel,Manual,1130000.0,13.0,1200,7,13400.0,11.3,13.4,5,1.0L-1.5L,Low
403,Hyundai,i20,2019,Petrol,Automatic,1150000.0,21.9,1200,4,12500.0,11.5,12.5,5,1.0L-1.5L,Good
404,Mahindra,XUV300,2015,Petrol,Manual,640000.0,14.3,2500,5,23400.0,6.4,23.4,9,2.0L-3.0L,Low
405,Honda,Civic,2023,Diesel,Manual,3070000.0,16.7,1200,5,20500.0,30.7,20.5,1,1.0L-1.5L,Average
406,Tata Motors,Altroz,2017,Petrol,Automatic,1070000.0,10.7,1000,7,24400.0,10.7,24.4,7,Below 1.0L,Low
407,Mahindra,Bolero,2016,CNG,Manual,1870000.0,27.9,800,6,17500.0,18.7,17.5,8,Below 1.0L,Excellent
408,Hyundai,i20,2023,Petrol,Manual,2680000.0,10.8,1500,5,19200.0,26.8,19.2,1,1.0L-1.5L,Low
409,Toyota,Glanza,2023,CNG,Automatic,3000000.0,18.7,1800,5,21500.0,30.0,21.5,1,1.5L-2.0L,Average
410,Tata Motors,Tiago,2019,CNG,Automatic,1860000.0,18.1,800,4,13800.0,18.6,13.8,5,Below 1.0L,Average
411,Kia,EV6,2024,Diesel,Manual,3160000.0,14.3,2500,4,11200.0,31.6,11.2,0,2.0L-3.0L,Low
412,Toyota,Innova,2016,Electric,Manual,2360000.0,23.8,2000,4,9000.0,23.6,9.0,8,1.5L-2.0L,Good
413,Volkswagen,Polo,2022,Electric,Manual,1290000.0,12.7,1000,6,16100.0,12.9,16.1,2,Below 1.0L,Low
414,Toyota,Camry,2021,Electric,Automatic,700000.0,24.2,2000,7,23200.0,7.0,23.2,3,1.5L-2.0L,Good
415,Tata Motors,Altroz,2019,CNG,Automatic,1630000.0,29.2,2500,5,21500.0,16.3,21.5,5,2.0L-3.0L,Excellent
416,Mahindra,Scorpio,2019,Electric,Automatic,2490000.0,23.6,1800,4,17800.0,24.9,17.8,5,1.5L-2.0L,Good
417,Skoda,Superb,2020,CNG,Automatic,2630000.0,11.5,800,5,19800.0,26.3,19.8,4,Below 1.0L,Low
418,Tata Motors,Harrier,2016,Diesel,Manual,540000.0,24.6,2500,7,11500.0,5.4,11.5,8,2.0L-3.0L,Good
419,Mahindra,Thar,2016,Diesel,Automatic,1190000.0,15.4,800,5,24700.0,11.9,24.7,8,Below 1.0L,Average
420,Skoda,Octavia,2015,Diesel,Automatic,840000.0,20.7,2000,5,19100.0,8.4,19.1,9,1.5L-2.0L,Good
421,Renault,Lodgy,2015,CNG,Automatic,1140000.0,28.8,2000,5,15100.0,11.4,15.1,9,1.5L-2.0L,Excellent
422,Maruti Suzuki,WagonR,2016,Diesel,Manual,2410000.0,23.0,2500,6,14000.0,24.1,14.0,8,2.0L-3.0L,Good
423,Hyundai,i10,2021,Electric,Manual,2950000.0,27.0,800,6,24600.0,29.5,24.6,3,Below 1.0L,Excellent
424,Maruti Suzuki,Swift,2015,Petrol,Automatic,490000.0,14.8,1200,5,6600.0,4.9,6.6,9,1.0L-1.5L,Low
425,Tata Motors,Nexon,2020,Diesel,Automatic,1280000.0,23.4,1000,5,8100.0,12.8,8.1,4,Below 1.0L,Good
426,Renault,Lodgy,2023,CNG,Manual,930000.0,27.6,1500,4,8200.0,9.3,8.2,1,1.0L-1.5L,Excellent
427,Mahindra,Thar,2023,Petrol,Automatic,3150000.0,18.4,2000,6,7300.0,31.5,7.3,1,1.5L-2.0L,Average
428,Kia,Seltos,2022,CNG,Manual,2530000.0,16.8,2500,6,21600.0,25.3,21.6,2,2.0L-3.0L,Average
429,Tata Motors,Punch,2021,Diesel,Manual,2980000.0,11.1,1500,6,8800.0,29.8,8.8,3,1.0L-1.5L,Low
430,Skoda,Slavia,2016,CNG,Manual,3210000.0,15.6,2000,6,24700.0,32.1,24.7,8,1.5L-2.0L,Average
431,Skoda,Octavia,2020,Petrol,Automatic,3120000.0,12.7,2500,6,23200.0,31.2,23.2,4,2.0L-3.0L,Low
432,Skoda,Octavia,2017,Diesel,Manual,2340000.0,22.6,2000,5,17100.0,23.4,17.1,7,1.5L-2.0L,Good
433,Toyota,Camry,2016,CNG,Automatic,2050000.0,17.0,1800,5,20600.0,20.5,20.6,8,1.5L-2.0L,Average
434,Mahindra,XUV300,2016,Petrol,Manual,820000.0,23.6,1200,4,14100.0,8.2,14.1,8,1.0L-1.5L,Good
435,Hyundai,i20,2016,CNG,Automatic,2310000.0,10.2,1200,5,15200.0,23.1,15.2,8,1.0L-1.5L,Low
436,Hyundai,Venue,2019,CNG,Manual,2250000.0,16.8,800,5,6600.0,22.5,6.6,5,Below 1.0L,Average
437,Skoda,Octavia,2016,Electric,Automatic,700000.0,14.0,2500,7,13500.0,7.0,13.5,8,2.0L-3.0L,Low
438,Kia,Carens,2019,CNG,Automatic,2010000.0,26.3,1200,4,23600.0,20.1,23.6,5,1.0L-1.5L,Excellent
439,Skoda,Superb,2024,Diesel,Automatic,2740000.0,10.1,1500,6,19100.0,27.4,19.1,0,1.0L-1.5L,Low
440,Kia,Sonet,2021,Electric,Automatic,980000.0,13.7,2000,4,17100.0,9.8,17.1,3,1.5L-2.0L,Low
441,Skoda,Rapid,2020,Electric,Manual,3030000.0,11.1,1000,4,15800.0,30.3,15.8,4,Below 1.0L,Low
442,Tata Motors,Tiago,2017,Petrol,Manual,2400000.0,14.1,2500,5,11500.0,24.0,11.5,7,2.0L-3.0L,Low
443,Skoda,Kushaq,2019,Petrol,Automatic,2660000.0,15.0,2000,4,10900.0,26.6,10.9,5,1.5L-2.0L,Low
444,Skoda,Superb,2022,Petrol,Manual,2000000.0,28.7,1000,5,21400.0,20.0,21.4,2,Below 1.0L,Excellent
445,Toyota,Glanza,2018,Diesel,Manual,2950000.0,28.2,2000,4,14500.0,29.5,14.5,6,1.5L-2.0L,Excellent
446,Kia,Carens,2015,Diesel,Automatic,2290000.0,24.5,1000,7,24500.0,22.9,24.5,9,Below 1.0L,Good
447,Renault,Kiger,2020,Petrol,Manual,1130000.0,10.9,1500,5,21200.0,11.3,21.2,4,1.0L-1.5L,Low
448,Maruti Suzuki,Baleno,2024,Petrol,Manual,610000.0,25.0,1500,4,17200.0,6.1,17.2,0,1.0L-1.5L,Good
449,Skoda,Kushaq,2023,Electric,Manual,2630000.0,26.2,1000,4,13100.0,26.3,13.1,1,Below 1.0L,Excellent
450,Volkswagen,Tiguan,2017,CNG,Manual,1030000.0,16.8,1500,5,18600.0,10.3,18.6,7,1.0L-1.5L,Average
451,Volkswagen,Tiguan,2017,Petrol,Manual,1520000.0,10.2,800,7,21700.0,15.2,21.7,7,Below 1.0L,Low
452,Mahindra,Thar,2023,Electric,Manual,2560000.0,25.8,1000,4,21500.0,25.6,21.5,1,Below 1.0L,Excellent
453,Honda,Jazz,2024,Diesel,Automatic,2470000.0,28.2,2000,6,5000.0,24.7,5.0,0,1.5L-2.0L,Excellent
454,Toyota,Camry,2018,Petrol,Manual,2630000.0,23.5,2000,6,24600.0,26.3,24.6,6,1.5L-2.0L,Good
455,Volkswagen,Taigun,2022,Diesel,Automatic,3020000.0,26.3,1500,7,22700.0,30.2,22.7,2,1.0L-1.5L,Excellent
456,Honda,Amaze,2023,Diesel,Automatic,2540000.0,13.3,800,7,7000.0,25.4,7.0,1,Below 1.0L,Low
457,Skoda,Superb,2018,Petrol,Manual,1460000.0,23.8,2500,7,21500.0,14.6,21.5,6,2.0L-3.0L,Good
458,Skoda,Slavia,2019,Electric,Automatic,3320000.0,23.3,2500,7,10900.0,33.2,10.9,5,2.0L-3.0L,Good
459,Skoda,Slavia,2019,Petrol,Automatic,470000.0,26.0,1000,7,7200.0,4.7,7.2,5,Below 1.0L,Excellent
460,Honda,Civic,2021,Petrol,Manual,1540000.0,29.1,1500,5,7200.0,15.4,7.2,3,1.0L-1.5L,Excellent
461,Kia,EV6,2020,CNG,Automatic,2480000.0,15.2,1000,4,24800.0,24.8,24.8,4,Below 1.0L,Average
462,Renault,Lodgy,2016,CNG,Manual,3490000.0,17.6,1000,4,6600.0,34.9,6.6,8,Below 1.0L,Average
463,Maruti Suzuki,WagonR,2024,Diesel,Automatic,2790000.0,12.5,1500,7,5700.0,27.9,5.7,0,1.0L-1.5L,Low
464,Hyundai,Creta,2023,Diesel,Manual,450000.0,14.5,1000,6,16000.0,4.5,16.0,1,Below 1.0L,Low
465,Toyota,Glanza,2015,CNG,Manual,2890000.0,19.4,1500,6,10900.0,28.9,10.9,9,1.0L-1.5L,Average
466,Toyota,Glanza,2021,Diesel,Automatic,1990000.0,14.4,1200,4,9000.0,19.9,9.0,3,1.0L-1.5L,Low
467,Tata Motors,Harrier,2017,Petrol,Automatic,1250000.0,16.9,2000,6,10500.0,12.5,10.5,7,1.5L-2.0L,Average
468,Toyota,Fortuner,2018,Diesel,Manual,2830000.0,25.3,1000,5,5900.0,28.3,5.9,6,Below 1.0L,Excellent
469,Renault,Duster,2016,Electric,Manual,570000.0,11.3,2000,5,24100.0,5.7,24.1,8,1.5L-2.0L,Low
470,Kia,Sonet,2022,CNG,Manual,2170000.0,21.7,2000,4,12800.0,21.7,12.8,2,1.5L-2.0L,Good
471,Hyundai,Venue,2019,Petrol,Automatic,690000.0,29.7,1000,6,10400.0,6.9,10.4,5,Below 1.0L,Excellent
472,Toyota,Camry,2021,CNG,Manual,2350000.0,18.3,2000,5,11300.0,23.5,11.3,3,1.5L-2.0L,Average
473,Skoda,Slavia,2024,Petrol,Manual,2970000.0,14.4,2500,7,14400.0,29.7,14.4,0,2.0L-3.0L,Low
474,Mahindra,Scorpio,2021,Diesel,Manual,3480000.0,23.8,1200,6,12600.0,34.8,12.6,3,1.0L-1.5L,Good
475,Mahindra,XUV700,2018,Electric,Manual,410000.0,12.7,2000,5,20100.0,4.1,20.1,6,1.5L-2.0L,Low
476,Honda,Civic,2024,Diesel,Automatic,3480000.0,12.0,1000,4,8900.0,34.8,8.9,0,Below 1.0L,Low
477,Skoda,Rapid,2022,Electric,Automatic,2020000.0,29.8,2000,6,12500.0,20.2,12.5,2,1.5L-2.0L,Excellent
478,Hyundai,i20,2023,Petrol,Automatic,2060000.0,20.9,1200,4,21500.0,20.6,21.5,1,1.0L-1.5L,Good
479,Mahindra,XUV300,2024,CNG,Manual,740000.0,13.6,1200,4,15700.0,7.4,15.7,0,1.0L-1.5L,Low
480,Maruti Suzuki,WagonR,2024,CNG,Automatic,2020000.0,10.4,1800,7,13700.0,20.2,13.7,0,1.5L-2.0L,Low
481,Renault,Kiger,2023,CNG,Automatic,700000.0,26.8,1000,6,23500.0,7.0,23.5,1,Below 1.0L,Excellent
482,Kia,Carens,2023,CNG,Manual,2020000.0,11.8,1200,6,14800.0,20.2,14.8,1,1.0L-1.5L,Low
483,Maruti Suzuki,Baleno,2018,Diesel,Automatic,2300000.0,10.3,2000,5,16600.0,23.0,16.6,6,1.5L-2.0L,Low
484,Mahindra,Bolero,2018,CNG,Manual,1500000.0,11.3,1500,4,8600.0,15.0,8.6,6,1.0L-1.5L,Low
485,Mahindra,Bolero,2021,Electric,Manual,1880000.0,19.0,1000,7,20700.0,18.8,20.7,3,Below 1.0L,Average
486,Tata Motors,Nexon,2022,Diesel,Manual,2120000.0,19.0,1000,6,19100.0,21.2,19.1,2,Below 1.0L,Average
487,Tata Motors,Punch,2015,Electric,Manual,510000.0,17.6,2000,4,20400.0,5.1,20.4,9,1.5L-2.0L,Average
488,Mahindra,Scorpio,2016,CNG,Manual,1260000.0,24.9,800,5,13400.0,12.6,13.4,8,Below 1.0L,Good
489,Honda,Civic,2020,CNG,Manual,1820000.0,18.2,1500,4,6500.0,18.2,6.5,4,1.0L-1.5L,Average
490,Renault,Lodgy,2023,Diesel,Manual,3170000.0,13.1,1000,5,18700.0,31.7,18.7,1,Below 1.0L,Low
491,Skoda,Rapid,2024,Petrol,Manual,1210000.0,29.5,1200,4,13100.0,12.1,13.1,0,1.0L-1.5L,Excellent
492,Mahindra,Bolero,2017,Electric,Automatic,1340000.0,20.6,1000,5,16200.0,13.4,16.2,7,Below 1.0L,Good
493,Renault,Kiger,2020,CNG,Automatic,1170000.0,29.9,800,5,11700.0,11.7,11.7,4,Below 1.0L,Excellent
494,Maruti Suzuki,Ertiga,2023,Diesel,Automatic,3490000.0,25.5,1000,6,7800.0,34.9,7.8,1,Below 1.0L,Excellent
495,Maruti Suzuki,Dzire,2022,Electric,Automatic,3400000.0,13.4,2500,5,20700.0,34.0,20.7,2,2.0L-3.0L,Low
496,Mahindra,Scorpio,2021,CNG,Automatic,680000.0,17.8,1500,7,13000.0,6.8,13.0,3,1.0L-1.5L,Average
497,Hyundai,i10,2023,Petrol,Manual,990000.0,29.1,800,4,9300.0,9.9,9.3,1,Below 1.0L,Excellent
498,Volkswagen,Virtus,2023,Diesel,Automatic,2690000.0,17.7,2000,6,14500.0,26.9,14.5,1,1.5L-2.0L,Average
499,Renault,Kwid,2019,CNG,Automatic,1730000.0,14.8,1200,5,21700.0,17.3,21.7,5,1.0L-1.5L,Low
500,Tata Motors,Nexon,2021,Diesel,Manual,3240000.0,21.7,2000,6,10500.0,32.4,10.5,3,1.5L-2.0L,Good
501,Toyota,Fortuner,2023,Electric,Automatic,3060000.0,22.1,1000,5,20600.0,30.6,20.6,1,Below 1.0L,Good
502,Kia,Seltos,2018,Diesel,Manual,2380000.0,28.8,2000,5,18700.0,23.8,18.7,6,1.5L-2.0L,Excellent
503,Kia,Carens,2018,Diesel,Automatic,770000.0,12.0,2500,7,18600.0,7.7,18.6,6,2.0L-3.0L,Low
504,Toyota,Camry,2019,CNG,Manual,680000.0,20.2,1800,4,9900.0,6.8,9.9,5,1.5L-2.0L,Good
505,Maruti Suzuki,Dzire,2015,Petrol,Manual,1110000.0,13.6,2500,6,14500.0,11.1,14.5,9,2.0L-3.0L,Low
506,Skoda,Octavia,2022,Diesel,Automatic,1820000.0,22.1,2500,6,17500.0,18.2,17.5,2,2.0L-3.0L,Good
507,Toyota,Glanza,2015,Diesel,Automatic,2200000.0,10.8,2000,6,9800.0,22.0,9.8,9,1.5L-2.0L,Low
508,Tata Motors,Tiago,2018,Diesel,Manual,1890000.0,29.0,1800,6,9200.0,18.9,9.2,6,1.5L-2.0L,Excellent
509,Kia,Seltos,2016,CNG,Automatic,2090000.0,11.7,2500,6,7300.0,20.9,7.3,8,2.0L-3.0L,Low
510,Renault,Duster,2024,Diesel,Automatic,1360000.0,21.3,1500,4,21100.0,13.6,21.1,0,1.0L-1.5L,Good
511,Toyota,Camry,2021,Electric,Automatic,2720000.0,25.8,1000,7,22700.0,27.2,22.7,3,Below 1.0L,Excellent
512,Skoda,Kushaq,2016,CNG,Automatic,3010000.0,21.0,1800,4,21700.0,30.1,21.7,8,1.5L-2.0L,Good
513,Skoda,Slavia,2018,Petrol,Automatic,2900000.0,20.5,2500,4,21100.0,29.0,21.1,6,2.0L-3.0L,Good
514,Kia,Seltos,2023,CNG,Automatic,900000.0,24.2,2500,5,21800.0,9.0,21.8,1,2.0L-3.0L,Good
515,Volkswagen,Taigun,2024,CNG,Manual,2640000.0,17.3,1200,5,11400.0,26.4,11.4,0,1.0L-1.5L,Average
516,Hyundai,i20,2022,CNG,Automatic,890000.0,12.0,1000,4,18600.0,8.9,18.6,2,Below 1.0L,Low
517,Hyundai,i20,2024,Electric,Automatic,1130000.0,16.8,1800,7,9700.0,11.3,9.7,0,1.5L-2.0L,Average
518,Renault,Kwid,2022,Diesel,Automatic,1020000.0,27.8,2500,5,23100.0,10.2,23.1,2,2.0L-3.0L,Excellent
519,Mahindra,Thar,2017,CNG,Manual,3020000.0,20.8,2000,6,16600.0,30.2,16.6,7,1.5L-2.0L,Good
520,Tata Motors,Harrier,2017,Electric,Automatic,780000.0,26.7,1500,7,7000.0,7.8,7.0,7,1.0L-1.5L,Excellent
521,Hyundai,Verna,2020,CNG,Automatic,1140000.0,13.4,1800,7,23500.0,11.4,23.5,4,1.5L-2.0L,Low
522,Skoda,Octavia,2021,Electric,Automatic,1720000.0,10.5,1800,7,18500.0,17.2,18.5,3,1.5L-2.0L,Low
523,Maruti Suzuki,WagonR,2019,Diesel,Automatic,1980000.0,13.2,2000,4,17800.0,19.8,17.8,5,1.5L-2.0L,Low
524,Tata Motors,Altroz,2016,Diesel,Automatic,3490000.0,11.7,1200,4,23500.0,34.9,23.5,8,1.0L-1.5L,Low
525,Hyundai,Venue,2019,CNG,Manual,730000.0,11.9,2000,5,5500.0,7.3,5.5,5,1.5L-2.0L,Low
526,Hyundai,Creta,2020,Electric,Manual,860000.0,18.6,1200,6,20500.0,8.6,20.5,4,1.0L-1.5L,Average
527,Toyota,Fortuner,2023,CNG,Automatic,3370000.0,23.9,1000,7,18400.0,33.7,18.4,1,Below 1.0L,Good
528,Kia,Carens,2018,CNG,Automatic,1770000.0,19.7,800,4,17000.0,17.7,17.0,6,Below 1.0L,Average
529,Mahindra,Bolero,2022,Electric,Automatic,690000.0,23.7,1000,4,17500.0,6.9,17.5,2,Below 1.0L,Good
530,Maruti Suzuki,Baleno,2018,Electric,Automatic,2250000.0,19.6,1000,6,7400.0,22.5,7.4,6,Below 1.0L,Average
531,Honda,City,2020,Diesel,Automatic,2020000.0,22.1,800,4,14400.0,20.2,14.4,4,Below 1.0L,Good
532,Volkswagen,Taigun,2023,Petrol,Manual,3090000.0,11.0,2000,6,15600.0,30.9,15.6,1,1.5L-2.0L,Low
533,Skoda,Slavia,2021,Petrol,Automatic,2860000.0,12.8,1500,4,20700.0,28.6,20.7,3,1.0L-1.5L,Low
534,Volkswagen,Tiguan,2017,Petrol,Automatic,2550000.0,14.9,1800,6,20100.0,25.5,20.1,7,1.5L-2.0L,Low
535,Maruti Suzuki,Swift,2021,Diesel,Manual,2740000.0,17.4,800,6,12700.0,27.4,12.7,3,Below 1.0L,Average
536,Tata Motors,Altroz,2020,Petrol,Manual,2160000.0,14.7,1800,6,16400.0,21.6,16.4,4,1.5L-2.0L,Low
537,Kia,Sonet,2022,Diesel,Manual,1540000.0,28.4,2500,5,6600.0,15.4,6.6,2,2.0L-3.0L,Excellent
538,Renault,Duster,2024,Electric,Automatic,2970000.0,23.8,2500,4,12800.0,29.7,12.8,0,2.0L-3.0L,Good
539,Honda,WR-V,2018,CNG,Manual,1830000.0,12.7,1500,7,8500.0,18.3,8.5,6,1.0L-1.5L,Low
540,Skoda,Rapid,2017,CNG,Manual,790000.0,16.2,1800,4,9800.0,7.9,9.8,7,1.5L-2.0L,Average
541,Toyota,Glanza,2017,Diesel,Automatic,3200000.0,20.8,800,6,20100.0,32.0,20.1,7,Below 1.0L,Good
542,Skoda,Octavia,2019,Diesel,Manual,2050000.0,24.0,1000,7,8700.0,20.5,8.7,5,Below 1.0L,Good
543,Tata Motors,Nexon,2015,CNG,Automatic,1900000.0,19.8,2000,7,22400.0,19.0,22.4,9,1.5L-2.0L,Average
544,Maruti Suzuki,WagonR,2017,Petrol,Manual,1270000.0,11.7,800,4,5600.0,12.7,5.6,7,Below 1.0L,Low
545,Kia,Carens,2022,Petrol,Automatic,2790000.0,15.7,1000,5,9500.0,27.9,9.5,2,Below 1.0L,Average
546,Tata Motors,Punch,2019,Petrol,Manual,830000.0,13.5,2500,5,19200.0,8.3,19.2,5,2.0L-3.0L,Low
547,Mahindra,Bolero,2020,Diesel,Manual,2580000.0,22.7,1200,5,17100.0,25.8,17.1,4,1.0L-1.5L,Good
548,Mahindra,XUV700,2016,Petrol,Manual,1140000.0,13.5,1200,4,16800.0,11.4,16.8,8,1.0L-1.5L,Low
549,Maruti Suzuki,WagonR,2021,Diesel,Automatic,1180000.0,23.1,800,6,13000.0,11.8,13.0,3,Below 1.0L,Good
550,Tata Motors,Harrier,2016,Petrol,Manual,1450000.0,28.5,2000,6,18500.0,14.5,18.5,8,1.5L-2.0L,Excellent
551,Maruti Suzuki,WagonR,2023,Petrol,Manual,2550000.0,11.9,1000,5,18100.0,25.5,18.1,1,Below 1.0L,Low
552,Mahindra,Thar,2021,Electric,Automatic,2180000.0,20.2,1000,4,21000.0,21.8,21.0,3,Below 1.0L,Good
553,Tata Motors,Punch,2023,CNG,Automatic,2330000.0,22.0,2000,7,20000.0,23.3,20.0,1,1.5L-2.0L,Good
554,Toyota,Camry,2022,Diesel,Manual,1640000.0,24.0,1200,4,14500.0,16.4,14.5,2,1.0L-1.5L,Good
555,Tata Motors,Nexon,2016,Diesel,Manual,3170000.0,13.2,1000,4,7500.0,31.7,7.5,8,Below 1.0L,Low
556,Hyundai,Creta,2016,Diesel,Automatic,2940000.0,24.3,800,5,10000.0,29.4,10.0,8,Below 1.0L,Good
557,Maruti Suzuki,Dzire,2017,Petrol,Manual,2410000.0,11.4,2500,6,13900.0,24.1,13.9,7,2.0L-3.0L,Low
558,Tata Motors,Tiago,2023,CNG,Automatic,3310000.0,27.2,800,4,16700.0,33.1,16.7,1,Below 1.0L,Excellent
559,Skoda,Kushaq,2023,CNG,Automatic,1120000.0,27.2,800,5,19900.0,11.2,19.9,1,Below 1.0L,Excellent
560,Mahindra,XUV700,2018,Petrol,Manual,1820000.0,22.8,800,7,11000.0,18.2,11.0,6,Below 1.0L,Good
561,Tata Motors,Nexon,2024,Electric,Manual,2160000.0,23.8,2500,4,22500.0,21.6,22.5,0,2.0L-3.0L,Good
562,Mahindra,Bolero,2021,Electric,Manual,1460000.0,15.4,1200,6,7700.0,14.6,7.7,3,1.0L-1.5L,Average
563,Honda,Jazz,2017,Electric,Manual,1120000.0,13.7,1000,7,12100.0,11.2,12.1,7,Below 1.0L,Low
564,Maruti Suzuki,Swift,2023,Electric,Manual,3120000.0,29.8,800,6,11100.0,31.2,11.1,1,Below 1.0L,Excellent
565,Toyota,Urban Cruiser,2017,Electric,Manual,420000.0,11.3,2000,6,23600.0,4.2,23.6,7,1.5L-2.0L,Low
566,Tata Motors,Punch,2022,Electric,Automatic,2210000.0,22.2,1500,7,8700.0,22.1,8.7,2,1.0L-1.5L,Good
567,Skoda,Rapid,2024,Electric,Manual,3070000.0,13.7,800,5,13600.0,30.7,13.6,0,Below 1.0L,Low
568,Hyundai,i20,2015,CNG,Automatic,2600000.0,11.7,2500,6,22900.0,26.0,22.9,9,2.0L-3.0L,Low
569,Kia,EV6,2020,CNG,Automatic,1210000.0,18.7,800,7,21800.0,12.1,21.8,4,Below 1.0L,Average
570,Volkswagen,Tiguan,2018,CNG,Automatic,2390000.0,28.9,800,6,5700.0,23.9,5.7,6,Below 1.0L,Excellent
571,Toyota,Innova,2017,Petrol,Manual,3330000.0,11.0,1800,4,7900.0,33.3,7.9,7,1.5L-2.0L,Low
572,Maruti Suzuki,Dzire,2022,Petrol,Manual,1620000.0,21.9,2000,7,13700.0,16.2,13.7,2,1.5L-2.0L,Good
573,Volkswagen,Tiguan,2024,CNG,Manual,3300000.0,11.0,2000,5,18900.0,33.0,18.9,0,1.5L-2.0L,Low
574,Kia,Sonet,2018,Diesel,Automatic,720000.0,25.1,800,7,19300.0,7.2,19.3,6,Below 1.0L,Excellent
575,Toyota,Fortuner,2017,CNG,Automatic,2080000.0,10.4,1200,7,19500.0,20.8,19.5,7,1.0L-1.5L,Low
576,Honda,City,2023,Diesel,Manual,780000.0,24.7,1200,6,14100.0,7.8,14.1,1,1.0L-1.5L,Good
577,Volkswagen,Vento,2024,CNG,Automatic,740000.0,28.1,2500,6,10800.0,7.4,10.8,0,2.0L-3.0L,Excellent
578,Kia,Carens,2021,Petrol,Automatic,1640000.0,27.9,1800,7,12700.0,16.4,12.7,3,1.5L-2.0L,Excellent
579,Toyota,Glanza,2024,Petrol,Manual,3490000.0,11.1,1000,5,6200.0,34.9,6.2,0,Below 1.0L,Low
580,Toyota,Camry,2018,Electric,Manual,500000.0,20.0,1000,7,21300.0,5.0,21.3,6,Below 1.0L,Average
581,Honda,Amaze,2017,Petrol,Automatic,2090000.0,12.7,2500,7,23500.0,20.9,23.5,7,2.0L-3.0L,Low
582,Skoda,Superb,2016,Electric,Automatic,2540000.0,20.8,2000,7,10900.0,25.4,10.9,8,1.5L-2.0L,Good
583,Tata Motors,Tiago,2024,Petrol,Manual,730000.0,11.1,1200,7,19200.0,7.3,19.2,0,1.0L-1.5L,Low
584,Honda,WR-V,2017,Electric,Automatic,2900000.0,27.0,1800,7,13100.0,29.0,13.1,7,1.5L-2.0L,Excellent
585,Maruti Suzuki,Baleno,2018,Electric,Automatic,3250000.0,21.1,1000,4,20800.0,32.5,20.8,6,Below 1.0L,Good
586,Honda,Jazz,2019,CNG,Manual,2700000.0,10.7,1800,7,18500.0,27.0,18.5,5,1.5L-2.0L,Low
587,Toyota,Urban Cruiser,2021,CNG,Manual,2240000.0,14.8,2500,4,15300.0,22.4,15.3,3,2.0L-3.0L,Low
588,Maruti Suzuki,Baleno,2022,Petrol,Automatic,3390000.0,18.0,1800,6,22100.0,33.9,22.1,2,1.5L-2.0L,Average
589,Honda,Civic,2018,Diesel,Automatic,2590000.0,16.4,1200,6,16800.0,25.9,16.8,6,1.0L-1.5L,Average
590,Skoda,Superb,2017,Petrol,Automatic,3140000.0,17.6,800,5,7100.0,31.4,7.1,7,Below 1.0L,Average
591,Hyundai,i20,2015,Electric,Automatic,1170000.0,18.5,800,5,20200.0,11.7,20.2,9,Below 1.0L,Average
592,Skoda,Kushaq,2016,Petrol,Automatic,2300000.0,27.3,2000,6,5500.0,23.0,5.5,8,1.5L-2.0L,Excellent
593,Mahindra,XUV700,2017,Diesel,Manual,3040000.0,14.4,2500,4,14700.0,30.4,14.7,7,2.0L-3.0L,Low
594,Volkswagen,Polo,2022,Electric,Automatic,2340000.0,12.6,1800,4,18900.0,23.4,18.9,2,1.5L-2.0L,Low
595,Maruti Suzuki,Ertiga,2024,Petrol,Manual,1920000.0,18.4,1500,7,22600.0,19.2,22.6,0,1.0L-1.5L,Average
596,Volkswagen,Virtus,2020,Electric,Manual,1040000.0,10.9,1500,7,13000.0,10.4,13.0,4,1.0L-1.5L,Low
597,Tata Motors,Nexon,2020,Petrol,Automatic,740000.0,25.8,2500,5,10100.0,7.4,10.1,4,2.0L-3.0L,Excellent
598,Volkswagen,Tiguan,2015,Petrol,Manual,790000.0,16.2,2500,4,14800.0,7.9,14.8,9,2.0L-3.0L,Average
599,Mahindra,XUV300,2020,Electric,Automatic,2540000.0,23.2,800,5,5600.0,25.4,5.6,4,Below 1.0L,Good
600,Kia,EV6,2021,Diesel,Automatic,1780000.0,28.5,1000,4,24500.0,17.8,24.5,3,Below 1.0L,Excellent
601,Skoda,Slavia,2018,Diesel,Automatic,2070000.0,22.2,1800,4,16400.0,20.7,16.4,6,1.5L-2.0L,Good
602,Kia,EV6,2018,Petrol,Automatic,2850000.0,21.9,1800,4,20500.0,28.5,20.5,6,1.5L-2.0L,Good
603,Skoda,Octavia,2024,Electric,Manual,3470000.0,22.0,2500,7,18000.0,34.7,18.0,0,2.0L-3.0L,Good
604,Skoda,Kushaq,2019,Electric,Automatic,2220000.0,18.9,1500,4,22600.0,22.2,22.6,5,1.0L-1.5L,Average
605,Hyundai,Venue,2024,Diesel,Manual,2500000.0,18.1,2500,7,14100.0,25.0,14.1,0,2.0L-3.0L,Average
606,Kia,Seltos,2018,Petrol,Manual,2850000.0,13.2,2500,4,23900.0,28.5,23.9,6,2.0L-3.0L,Low
607,Hyundai,Venue,2022,Petrol,Automatic,1380000.0,25.8,1200,5,21200.0,13.8,21.2,2,1.0L-1.5L,Excellent
608,Skoda,Slavia,2021,Petrol,Manual,2870000.0,16.1,1800,7,8100.0,28.7,8.1,3,1.5L-2.0L,Average
609,Hyundai,i10,2016,Electric,Manual,1940000.0,10.3,800,5,10200.0,19.4,10.2,8,Below 1.0L,Low
610,Toyota,Camry,2018,Diesel,Manual,3360000.0,25.7,1000,4,13800.0,33.6,13.8,6,Below 1.0L,Excellent
611,Volkswagen,Vento,2020,CNG,Manual,560000.0,12.1,1000,5,6500.0,5.6,6.5,4,Below 1.0L,Low
612,Honda,Amaze,2017,Diesel,Manual,2840000.0,24.5,2500,7,14700.0,28.4,14.7,7,2.0L-3.0L,Good
613,Mahindra,XUV700,2018,Petrol,Automatic,2170000.0,17.5,1200,7,19300.0,21.7,19.3,6,1.0L-1.5L,Average
614,Maruti Suzuki,WagonR,2017,CNG,Automatic,2270000.0,20.2,2500,7,17700.0,22.7,17.7,7,2.0L-3.0L,Good
615,Hyundai,Creta,2024,CNG,Automatic,2270000.0,24.3,2000,5,9700.0,22.7,9.7,0,1.5L-2.0L,Good
616,Skoda,Rapid,2024,Electric,Manual,2950000.0,17.8,1000,5,12500.0,29.5,12.5,0,Below 1.0L,Average
617,Mahindra,Thar,2022,Petrol,Automatic,2530000.0,24.6,1200,5,6300.0,25.3,6.3,2,1.0L-1.5L,Good
618,Mahindra,XUV700,2019,Diesel,Automatic,2840000.0,11.5,2500,6,16700.0,28.4,16.7,5,2.0L-3.0L,Low
619,Tata Motors,Harrier,2018,Petrol,Automatic,3350000.0,15.8,2500,7,21000.0,33.5,21.0,6,2.0L-3.0L,Average
620,Hyundai,Verna,2018,Diesel,Automatic,2590000.0,27.1,1800,6,12600.0,25.9,12.6,6,1.5L-2.0L,Excellent
621,Skoda,Superb,2020,Diesel,Manual,3400000.0,18.4,1200,6,11200.0,34.0,11.2,4,1.0L-1.5L,Average
622,Tata Motors,Altroz,2015,Diesel,Manual,970000.0,25.9,800,4,23600.0,9.7,23.6,9,Below 1.0L,Excellent
623,Tata Motors,Altroz,2023,Electric,Manual,690000.0,25.8,1500,7,12300.0,6.9,12.3,1,1.0L-1.5L,Excellent
624,Volkswagen,Vento,2021,Diesel,Automatic,1500000.0,11.6,1200,7,12200.0,15.0,12.2,3,1.0L-1.5L,Low
625,Mahindra,XUV700,2024,CNG,Manual,2210000.0,23.0,2500,6,5500.0,22.1,5.5,0,2.0L-3.0L,Good
626,Volkswagen,Polo,2016,Diesel,Manual,1540000.0,18.5,1500,5,16900.0,15.4,16.9,8,1.0L-1.5L,Average
627,Volkswagen,Vento,2024,Electric,Automatic,920000.0,19.8,1800,5,22400.0,9.2,22.4,0,1.5L-2.0L,Average
628,Volkswagen,Vento,2020,Petrol,Automatic,1740000.0,28.3,1500,4,18300.0,17.4,18.3,4,1.0L-1.5L,Excellent
629,Tata Motors,Altroz,2021,Electric,Automatic,1370000.0,14.3,2500,5,22400.0,13.7,22.4,3,2.0L-3.0L,Low
630,Maruti Suzuki,Swift,2015,Electric,Automatic,3300000.0,15.1,1000,7,16400.0,33.0,16.4,9,Below 1.0L,Average
631,Mahindra,Thar,2022,Diesel,Automatic,1220000.0,20.5,2500,5,12100.0,12.2,12.1,2,2.0L-3.0L,Good
632,Mahindra,Thar,2020,CNG,Manual,3160000.0,21.7,1000,5,8500.0,31.6,8.5,4,Below 1.0L,Good
633,Renault,Triber,2016,CNG,Manual,770000.0,17.7,1500,7,8000.0,7.7,8.0,8,1.0L-1.5L,Average
634,Tata Motors,Tiago,2020,Petrol,Automatic,590000.0,28.9,1200,6,14500.0,5.9,14.5,4,1.0L-1.5L,Excellent
635,Hyundai,Venue,2019,Diesel,Automatic,1580000.0,27.9,2500,4,15900.0,15.8,15.9,5,2.0L-3.0L,Excellent
636,Skoda,Slavia,2021,Electric,Manual,2190000.0,16.0,2500,6,14100.0,21.9,14.1,3,2.0L-3.0L,Average
637,Volkswagen,Polo,2020,Electric,Manual,2610000.0,24.6,2500,7,7600.0,26.1,7.6,4,2.0L-3.0L,Good
638,Toyota,Glanza,2022,Petrol,Automatic,700000.0,15.2,2500,7,11100.0,7.0,11.1,2,2.0L-3.0L,Average
639,Skoda,Kushaq,2021,Petrol,Automatic,1740000.0,19.0,1000,4,18200.0,17.4,18.2,3,Below 1.0L,Average
640,Maruti Suzuki,Dzire,2017,Diesel,Automatic,3280000.0,11.4,2500,4,16000.0,32.8,16.0,7,2.0L-3.0L,Low
641,Toyota,Innova,2018,Petrol,Manual,1440000.0,26.8,2500,6,7400.0,14.4,7.4,6,2.0L-3.0L,Excellent
642,Tata Motors,Altroz,2015,Diesel,Manual,3180000.0,16.1,1000,6,18300.0,31.8,18.3,9,Below 1.0L,Average
643,Volkswagen,Tiguan,2015,Diesel,Automatic,2200000.0,21.3,1200,4,18400.0,22.0,18.4,9,1.0L-1.5L,Good
644,Honda,Jazz,2020,Diesel,Manual,2710000.0,17.8,2500,4,8200.0,27.1,8.2,4,2.0L-3.0L,Average
645,Skoda,Superb,2015,Electric,Automatic,1490000.0,24.6,1800,5,14200.0,14.9,14.2,9,1.5L-2.0L,Good
646,Mahindra,XUV700,2016,Electric,Manual,1180000.0,13.8,2000,7,9900.0,11.8,9.9,8,1.5L-2.0L,Low
647,Maruti Suzuki,WagonR,2016,Diesel,Automatic,1290000.0,11.7,2000,5,5000.0,12.9,5.0,8,1.5L-2.0L,Low
648,Tata Motors,Harrier,2015,Diesel,Automatic,3380000.0,19.6,800,6,8700.0,33.8,8.7,9,Below 1.0L,Average
649,Renault,Kwid,2019,CNG,Automatic,3140000.0,20.6,800,6,5100.0,31.4,5.1,5,Below 1.0L,Good
650,Maruti Suzuki,Ertiga,2018,CNG,Automatic,740000.0,18.2,1800,7,9600.0,7.4,9.6,6,1.5L-2.0L,Average
651,Honda,City,2019,Petrol,Automatic,1220000.0,25.7,2500,4,18400.0,12.2,18.4,5,2.0L-3.0L,Excellent
652,Kia,EV6,2019,Electric,Manual,700000.0,23.8,1800,5,22300.0,7.0,22.3,5,1.5L-2.0L,Good
653,Maruti Suzuki,Ertiga,2022,Electric,Manual,1370000.0,28.0,2000,7,23000.0,13.7,23.0,2,1.5L-2.0L,Excellent
654,Hyundai,Venue,2017,CNG,Manual,2280000.0,11.9,1200,5,7600.0,22.8,7.6,7,1.0L-1.5L,Low
655,Toyota,Innova,2016,Diesel,Automatic,2200000.0,18.8,1000,6,24900.0,22.0,24.9,8,Below 1.0L,Average
656,Hyundai,Verna,2015,Electric,Manual,2090000.0,24.2,1000,5,14700.0,20.9,14.7,9,Below 1.0L,Good
657,Mahindra,Bolero,2019,CNG,Automatic,1260000.0,18.4,1500,5,13400.0,12.6,13.4,5,1.0L-1.5L,Average
658,Volkswagen,Taigun,2024,CNG,Automatic,2350000.0,10.6,2000,7,6600.0,23.5,6.6,0,1.5L-2.0L,Low
659,Maruti Suzuki,Swift,2023,Diesel,Manual,1660000.0,17.7,2500,7,17900.0,16.6,17.9,1,2.0L-3.0L,Average
660,Toyota,Fortuner,2024,Petrol,Manual,3390000.0,13.2,2000,6,19800.0,33.9,19.8,0,1.5L-2.0L,Low
661,Toyota,Innova,2018,Petrol,Manual,2360000.0,14.9,1200,6,18700.0,23.6,18.7,6,1.0L-1.5L,Low
662,Skoda,Octavia,2020,Diesel,Manual,1590000.0,25.0,1500,6,9500.0,15.9,9.5,4,1.0L-1.5L,Good
663,Volkswagen,Virtus,2015,Petrol,Manual,1710000.0,14.1,2000,5,10700.0,17.1,10.7,9,1.5L-2.0L,Low
664,Skoda,Superb,2019,Petrol,Automatic,610000.0,23.7,1200,4,13600.0,6.1,13.6,5,1.0L-1.5L,Good
665,Hyundai,Verna,2018,Diesel,Automatic,1250000.0,23.4,2000,6,8400.0,12.5,8.4,6,1.5L-2.0L,Good
666,Toyota,Urban Cruiser,2019,Diesel,Manual,2100000.0,15.7,1200,6,9300.0,21.0,9.3,5,1.0L-1.5L,Average
667,Kia,EV6,2016,Electric,Manual,1440000.0,25.1,1500,4,19700.0,14.4,19.7,8,1.0L-1.5L,Excellent
668,Volkswagen,Vento,2024,Electric,Manual,1810000.0,26.8,2000,5,15100.0,18.1,15.1,0,1.5L-2.0L,Excellent
669,Honda,City,2016,Electric,Automatic,930000.0,11.2,800,4,15000.0,9.3,15.0,8,Below 1.0L,Low
670,Honda,City,2024,Electric,Manual,930000.0,28.1,1800,4,17000.0,9.3,17.0,0,1.5L-2.0L,Excellent
671,Volkswagen,Vento,2018,CNG,Manual,890000.0,19.8,1200,4,17100.0,8.9,17.1,6,1.0L-1.5L,Average
672,Mahindra,XUV300,2016,Diesel,Manual,2350000.0,26.2,1500,7,21100.0,23.5,21.1,8,1.0L-1.5L,Excellent
673,Honda,WR-V,2016,CNG,Automatic,2490000.0,23.6,1500,7,5100.0,24.9,5.1,8,1.0L-1.5L,Good
674,Volkswagen,Virtus,2020,Electric,Automatic,2270000.0,12.2,1000,6,15900.0,22.7,15.9,4,Below 1.0L,Low
675,Volkswagen,Polo,2019,Petrol,Manual,2530000.0,18.8,1500,5,19100.0,25.3,19.1,5,1.0L-1.5L,Average
676,Maruti Suzuki,Ertiga,2015,Diesel,Manual,450000.0,19.0,1000,6,12600.0,4.5,12.6,9,Below 1.0L,Average
677,Skoda,Slavia,2018,Diesel,Manual,1530000.0,27.4,2000,6,5700.0,15.3,5.7,6,1.5L-2.0L,Excellent
678,Kia,Seltos,2015,Electric,Automatic,1830000.0,26.0,1200,6,8800.0,18.3,8.8,9,1.0L-1.5L,Excellent
679,Maruti Suzuki,Swift,2023,Electric,Automatic,2200000.0,28.4,800,6,11800.0,22.0,11.8,1,Below 1.0L,Excellent
680,Maruti Suzuki,Swift,2022,CNG,Manual,1730000.0,17.8,1200,5,19000.0,17.3,19.0,2,1.0L-1.5L,Average
681,Tata Motors,Altroz,2019,Electric,Manual,3350000.0,28.3,1000,5,16500.0,33.5,16.5,5,Below 1.0L,Excellent
682,Hyundai,Creta,2017,Diesel,Automatic,730000.0,10.0,1500,6,6800.0,7.3,6.8,7,1.0L-1.5L,Low
683,Volkswagen,Virtus,2017,Petrol,Manual,2030000.0,26.9,1800,4,7200.0,20.3,7.2,7,1.5L-2.0L,Excellent
684,Maruti Suzuki,Ertiga,2019,CNG,Manual,3020000.0,23.8,1800,6,8400.0,30.2,8.4,5,1.5L-2.0L,Good
685,Maruti Suzuki,Swift,2016,Petrol,Manual,2680000.0,20.0,1000,5,22500.0,26.8,22.5,8,Below 1.0L,Average
686,Tata Motors,Altroz,2017,Diesel,Automatic,2520000.0,20.8,1200,4,5300.0,25.2,5.3,7,1.0L-1.5L,Good
687,Maruti Suzuki,Ertiga,2021,CNG,Automatic,2120000.0,28.8,1200,7,23100.0,21.2,23.1,3,1.0L-1.5L,Excellent
688,Volkswagen,Polo,2024,CNG,Automatic,520000.0,23.8,1000,6,21500.0,5.2,21.5,0,Below 1.0L,Good
689,Honda,Civic,2015,Electric,Manual,1460000.0,14.7,1200,5,16300.0,14.6,16.3,9,1.0L-1.5L,Low
690,Volkswagen,Virtus,2021,Diesel,Manual,2870000.0,21.4,800,5,22100.0,28.7,22.1,3,Below 1.0L,Good
691,Mahindra,XUV300,2022,Petrol,Automatic,2390000.0,13.8,1200,5,19400.0,23.9,19.4,2,1.0L-1.5L,Low
692,Renault,Lodgy,2017,Diesel,Automatic,1790000.0,28.3,800,4,22800.0,17.9,22.8,7,Below 1.0L,Excellent
693,Volkswagen,Taigun,2022,CNG,Automatic,610000.0,20.9,1000,5,21500.0,6.1,21.5,2,Below 1.0L,Good
694,Volkswagen,Polo,2015,Diesel,Manual,1800000.0,18.4,1500,6,17000.0,18.0,17.0,9,1.0L-1.5L,Average
695,Honda,Civic,2019,Electric,Manual,2990000.0,20.4,1800,4,18500.0,29.9,18.5,5,1.5L-2.0L,Good
696,Volkswagen,Tiguan,2016,Petrol,Automatic,2020000.0,11.6,800,7,8700.0,20.2,8.7,8,Below 1.0L,Low
697,Kia,Seltos,2019,Diesel,Automatic,3450000.0,18.9,800,5,13200.0,34.5,13.2,5,Below 1.0L,Average
698,Volkswagen,Taigun,2020,CNG,Manual,1360000.0,22.5,1200,4,7500.0,13.6,7.5,4,1.0L-1.5L,Good
699,Kia,Carnival,2016,Diesel,Manual,1190000.0,24.0,1000,6,17100.0,11.9,17.1,8,Below 1.0L,Good
700,Kia,Seltos,2016,Diesel,Manual,1150000.0,14.9,2500,4,18100.0,11.5,18.1,8,2.0L-3.0L,Low
701,Mahindra,Bolero,2020,Electric,Automatic,1270000.0,20.3,1000,4,19800.0,12.7,19.8,4,Below 1.0L,Good
702,Honda,Jazz,2019,Electric,Automatic,1850000.0,12.3,1000,4,13700.0,18.5,13.7,5,Below 1.0L,Low
703,Maruti Suzuki,Baleno,2019,Electric,Automatic,2120000.0,23.7,2000,5,22700.0,21.2,22.7,5,1.5L-2.0L,Good
704,Hyundai,i20,2018,Electric,Automatic,2970000.0,10.9,1200,7,18300.0,29.7,18.3,6,1.0L-1.5L,Low
705,Kia,Sonet,2023,Diesel,Automatic,620000.0,17.6,1500,7,16200.0,6.2,16.2,1,1.0L-1.5L,Average
706,Maruti Suzuki,Ertiga,2019,CNG,Automatic,1020000.0,16.7,2000,5,19400.0,10.2,19.4,5,1.5L-2.0L,Average
707,Honda,City,2019,CNG,Manual,2490000.0,11.6,1800,6,8500.0,24.9,8.5,5,1.5L-2.0L,Low
708,Maruti Suzuki,WagonR,2022,Petrol,Automatic,480000.0,27.4,1500,6,10700.0,4.8,10.7,2,1.0L-1.5L,Excellent
709,Honda,Jazz,2018,Petrol,Manual,400000.0,19.8,1000,5,12500.0,4.0,12.5,6,Below 1.0L,Average
710,Maruti Suzuki,Swift,2019,Electric,Manual,450000.0,21.4,1800,6,20800.0,4.5,20.8,5,1.5L-2.0L,Good
711,Skoda,Octavia,2022,CNG,Automatic,630000.0,16.6,1200,7,18100.0,6.3,18.1,2,1.0L-1.5L,Average
712,Renault,Triber,2017,CNG,Manual,2200000.0,20.5,1200,4,12700.0,22.0,12.7,7,1.0L-1.5L,Good
713,Toyota,Camry,2023,CNG,Manual,3050000.0,26.5,1200,6,15400.0,30.5,15.4,1,1.0L-1.5L,Excellent
714,Honda,WR-V,2015,Electric,Automatic,2560000.0,29.8,1000,7,15800.0,25.6,15.8,9,Below 1.0L,Excellent
715,Maruti Suzuki,Baleno,2019,CNG,Automatic,950000.0,26.4,1500,4,17500.0,9.5,17.5,5,1.0L-1.5L,Excellent
716,Mahindra,Scorpio,2017,Diesel,Automatic,1250000.0,25.0,1500,4,15600.0,12.5,15.6,7,1.0L-1.5L,Good
717,Hyundai,Creta,2019,Diesel,Automatic,2450000.0,17.5,1000,5,14800.0,24.5,14.8,5,Below 1.0L,Average
718,Mahindra,Thar,2016,CNG,Manual,1110000.0,15.9,800,4,12300.0,11.1,12.3,8,Below 1.0L,Average
719,Volkswagen,Polo,2024,CNG,Automatic,1590000.0,23.2,1200,5,13100.0,15.9,13.1,0,1.0L-1.5L,Good
720,Mahindra,Bolero,2016,Petrol,Manual,3320000.0,26.6,1000,6,7800.0,33.2,7.8,8,Below 1.0L,Excellent
721,Maruti Suzuki,Swift,2024,CNG,Manual,2120000.0,26.1,2000,5,14500.0,21.2,14.5,0,1.5L-2.0L,Excellent
722,Honda,Jazz,2015,Diesel,Automatic,430000.0,26.3,1500,5,22600.0,4.3,22.6,9,1.0L-1.5L,Excellent
723,Volkswagen,Taigun,2017,Diesel,Automatic,2950000.0,18.3,2000,6,16900.0,29.5,16.9,7,1.5L-2.0L,Average
724,Toyota,Innova,2015,Petrol,Manual,2110000.0,26.3,800,5,21500.0,21.1,21.5,9,Below 1.0L,Excellent
725,Hyundai,Venue,2018,Diesel,Automatic,2820000.0,29.8,1500,6,16200.0,28.2,16.2,6,1.0L-1.5L,Excellent
726,Maruti Suzuki,Swift,2021,Diesel,Automatic,820000.0,28.1,1800,7,21700.0,8.2,21.7,3,1.5L-2.0L,Excellent
727,Toyota,Glanza,2016,Electric,Manual,2210000.0,25.2,2500,5,24700.0,22.1,24.7,8,2.0L-3.0L,Excellent
728,Tata Motors,Nexon,2023,CNG,Automatic,3170000.0,26.9,1500,6,24100.0,31.7,24.1,1,1.0L-1.5L,Excellent
729,Hyundai,Venue,2021,Diesel,Automatic,2100000.0,16.9,1500,7,18700.0,21.0,18.7,3,1.0L-1.5L,Average
730,Honda,City,2015,Petrol,Manual,2220000.0,26.8,2000,7,16600.0,22.2,16.6,9,1.5L-2.0L,Excellent
731,Renault,Triber,2022,CNG,Manual,3400000.0,15.2,2000,5,19800.0,34.0,19.8,2,1.5L-2.0L,Average
732,Mahindra,XUV700,2020,CNG,Automatic,1500000.0,22.3,1000,6,15200.0,15.0,15.2,4,Below 1.0L,Good
733,Renault,Lodgy,2024,Electric,Manual,480000.0,25.1,800,7,18800.0,4.8,18.8,0,Below 1.0L,Excellent
734,Renault,Triber,2024,CNG,Manual,2340000.0,18.1,1800,7,5800.0,23.4,5.8,0,1.5L-2.0L,Average
735,Maruti Suzuki,Dzire,2017,Petrol,Manual,1870000.0,16.7,1800,4,19700.0,18.7,19.7,7,1.5L-2.0L,Average
736,Hyundai,i10,2022,CNG,Automatic,2060000.0,21.6,2000,7,8900.0,20.6,8.9,2,1.5L-2.0L,Good
737,Skoda,Superb,2022,Electric,Manual,1240000.0,12.9,1800,7,23300.0,12.4,23.3,2,1.5L-2.0L,Low
738,Kia,Seltos,2021,CNG,Automatic,790000.0,13.5,800,7,10400.0,7.9,10.4,3,Below 1.0L,Low
739,Tata Motors,Harrier,2023,Petrol,Automatic,2240000.0,27.5,1200,4,11000.0,22.4,11.0,1,1.0L-1.5L,Excellent
740,Maruti Suzuki,Dzire,2020,Petrol,Manual,1840000.0,12.7,1800,5,5600.0,18.4,5.6,4,1.5L-2.0L,Low
741,Hyundai,Creta,2017,Diesel,Automatic,1110000.0,10.4,1200,5,8600.0,11.1,8.6,7,1.0L-1.5L,Low
742,Mahindra,XUV300,2016,Electric,Manual,3190000.0,15.0,1500,6,19400.0,31.9,19.4,8,1.0L-1.5L,Low
743,Renault,Lodgy,2020,Diesel,Automatic,2080000.0,28.1,1200,4,19200.0,20.8,19.2,4,1.0L-1.5L,Excellent
744,Kia,Carens,2017,Electric,Automatic,680000.0,15.4,1500,7,5400.0,6.8,5.4,7,1.0L-1.5L,Average
745,Volkswagen,Virtus,2023,Electric,Manual,630000.0,28.9,2500,7,20900.0,6.3,20.9,1,2.0L-3.0L,Excellent
746,Mahindra,XUV300,2021,Petrol,Automatic,2160000.0,22.2,1000,7,13000.0,21.6,13.0,3,Below 1.0L,Good
747,Honda,Amaze,2023,Electric,Manual,1710000.0,17.5,1800,6,14900.0,17.1,14.9,1,1.5L-2.0L,Average
748,Toyota,Camry,2018,CNG,Automatic,440000.0,15.5,1800,7,21800.0,4.4,21.8,6,1.5L-2.0L,Average
749,Honda,City,2022,CNG,Manual,1020000.0,20.5,2500,6,13500.0,10.2,13.5,2,2.0L-3.0L,Good
750,Honda,City,2022,Electric,Automatic,1300000.0,24.6,1500,5,8200.0,13.0,8.2,2,1.0L-1.5L,Good
751,Volkswagen,Vento,2022,CNG,Manual,2880000.0,29.6,800,5,5800.0,28.8,5.8,2,Below 1.0L,Excellent
752,Renault,Duster,2018,Electric,Automatic,2330000.0,28.5,1500,7,9700.0,23.3,9.7,6,1.0L-1.5L,Excellent
753,Maruti Suzuki,Dzire,2017,Petrol,Manual,3120000.0,23.0,1500,6,18700.0,31.2,18.7,7,1.0L-1.5L,Good
754,Hyundai,Venue,2023,Diesel,Automatic,1080000.0,20.7,2000,5,22600.0,10.8,22.6,1,1.5L-2.0L,Good
755,Mahindra,Bolero,2021,Electric,Automatic,740000.0,17.3,2500,5,24800.0,7.4,24.8,3,2.0L-3.0L,Average
756,Volkswagen,Virtus,2024,CNG,Automatic,880000.0,22.5,800,6,23600.0,8.8,23.6,0,Below 1.0L,Good
757,Hyundai,Verna,2016,Petrol,Automatic,2300000.0,19.2,800,5,23300.0,23.0,23.3,8,Below 1.0L,Average
758,Mahindra,Scorpio,2022,Petrol,Automatic,460000.0,12.8,2500,7,15400.0,4.6,15.4,2,2.0L-3.0L,Low
759,Honda,Civic,2022,Diesel,Manual,690000.0,21.7,1500,7,24200.0,6.9,24.2,2,1.0L-1.5L,Good
760,Tata Motors,Tiago,2019,Petrol,Automatic,2480000.0,14.7,1000,7,20700.0,24.8,20.7,5,Below 1.0L,Low
761,Skoda,Kushaq,2021,Petrol,Automatic,640000.0,14.3,1800,6,13200.0,6.4,13.2,3,1.5L-2.0L,Low
762,Maruti Suzuki,Baleno,2017,Petrol,Manual,940000.0,21.3,1500,4,7900.0,9.4,7.9,7,1.0L-1.5L,Good
763,Renault,Triber,2016,Petrol,Manual,530000.0,16.3,1200,6,20000.0,5.3,20.0,8,1.0L-1.5L,Average
764,Kia,Seltos,2024,Electric,Automatic,410000.0,23.4,2000,4,22000.0,4.1,22.0,0,1.5L-2.0L,Good
765,Kia,Carnival,2015,CNG,Manual,720000.0,23.7,2000,6,11000.0,7.2,11.0,9,1.5L-2.0L,Good
766,Renault,Lodgy,2015,CNG,Manual,3310000.0,13.0,1000,4,23200.0,33.1,23.2,9,Below 1.0L,Low
767,Tata Motors,Altroz,2020,CNG,Automatic,1650000.0,12.8,1200,7,12300.0,16.5,12.3,4,1.0L-1.5L,Low
768,Kia,Sonet,2023,CNG,Manual,2170000.0,26.5,2500,5,15000.0,21.7,15.0,1,2.0L-3.0L,Excellent
769,Skoda,Superb,2021,Diesel,Manual,1830000.0,16.9,2500,7,19300.0,18.3,19.3,3,2.0L-3.0L,Average
770,Kia,Sonet,2020,CNG,Automatic,1210000.0,23.1,1500,5,21800.0,12.1,21.8,4,1.0L-1.5L,Good
771,Hyundai,Venue,2020,CNG,Manual,1370000.0,13.2,1800,4,24600.0,13.7,24.6,4,1.5L-2.0L,Low
772,Hyundai,i20,2015,Petrol,Automatic,2670000.0,28.0,800,5,11000.0,26.7,11.0,9,Below 1.0L,Excellent
773,Renault,Kwid,2018,CNG,Automatic,1270000.0,13.7,1200,6,24800.0,12.7,24.8,6,1.0L-1.5L,Low
774,Kia,Seltos,2020,Electric,Automatic,2860000.0,19.3,2500,4,19200.0,28.6,19.2,4,2.0L-3.0L,Average
775,Kia,Carens,2023,Petrol,Automatic,3190000.0,11.4,1000,4,9000.0,31.9,9.0,1,Below 1.0L,Low
776,Maruti Suzuki,Dzire,2019,Petrol,Manual,2070000.0,20.1,1500,4,18300.0,20.7,18.3,5,1.0L-1.5L,Good
777,Tata Motors,Altroz,2023,Petrol,Manual,1330000.0,29.6,1000,4,13100.0,13.3,13.1,1,Below 1.0L,Excellent
778,Volkswagen,Polo,2023,CNG,Automatic,2420000.0,11.8,2000,6,8300.0,24.2,8.3,1,1.5L-2.0L,Low
779,Skoda,Kushaq,2019,Diesel,Automatic,3000000.0,26.3,1200,4,17900.0,30.0,17.9,5,1.0L-1.5L,Excellent
780,Maruti Suzuki,Dzire,2021,CNG,Automatic,3020000.0,13.8,1800,5,17100.0,30.2,17.1,3,1.5L-2.0L,Low
781,Tata Motors,Harrier,2021,CNG,Manual,2310000.0,24.4,1000,5,12300.0,23.1,12.3,3,Below 1.0L,Good
782,Kia,Carnival,2015,Diesel,Automatic,3360000.0,24.2,2500,6,5500.0,33.6,5.5,9,2.0L-3.0L,Good
783,Hyundai,i20,2018,Diesel,Manual,2570000.0,21.2,2500,6,7200.0,25.7,7.2,6,2.0L-3.0L,Good
784,Mahindra,XUV300,2020,Diesel,Automatic,1020000.0,12.8,800,7,7800.0,10.2,7.8,4,Below 1.0L,Low
785,Hyundai,Venue,2023,Electric,Automatic,2580000.0,14.4,1200,5,18000.0,25.8,18.0,1,1.0L-1.5L,Low
786,Volkswagen,Vento,2020,Electric,Automatic,2010000.0,12.5,1200,5,24300.0,20.1,24.3,4,1.0L-1.5L,Low
787,Skoda,Superb,2019,Diesel,Manual,2890000.0,27.7,1200,6,21500.0,28.9,21.5,5,1.0L-1.5L,Excellent
788,Hyundai,i10,2019,Diesel,Manual,2920000.0,17.2,1800,6,10800.0,29.2,10.8,5,1.5L-2.0L,Average
789,Hyundai,i20,2020,Diesel,Automatic,460000.0,15.2,1800,4,21600.0,4.6,21.6,4,1.5L-2.0L,Average
790,Renault,Kiger,2017,CNG,Manual,1370000.0,10.3,1500,5,6000.0,13.7,6.0,7,1.0L-1.5L,Low
791,Honda,Civic,2024,CNG,Manual,3180000.0,10.2,800,4,6100.0,31.8,6.1,0,Below 1.0L,Low
792,Skoda,Octavia,2016,Petrol,Manual,1490000.0,10.2,1000,6,5700.0,14.9,5.7,8,Below 1.0L,Low
793,Mahindra,XUV300,2019,Electric,Automatic,1860000.0,15.0,800,6,20200.0,18.6,20.2,5,Below 1.0L,Low
794,Kia,Carnival,2019,Diesel,Automatic,3450000.0,19.8,800,6,17500.0,34.5,17.5,5,Below 1.0L,Average
795,Maruti Suzuki,Swift,2017,CNG,Automatic,1960000.0,15.9,2500,6,7800.0,19.6,7.8,7,2.0L-3.0L,Average
796,Honda,Jazz,2021,Electric,Manual,3390000.0,22.2,1200,7,19500.0,33.9,19.5,3,1.0L-1.5L,Good
797,Maruti Suzuki,Baleno,2021,Petrol,Manual,2820000.0,12.9,2500,7,8500.0,28.2,8.5,3,2.0L-3.0L,Low
798,Maruti Suzuki,Swift,2020,Petrol,Manual,1420000.0,22.9,1000,5,20500.0,14.2,20.5,4,Below 1.0L,Good
799,Kia,Carnival,2018,CNG,Manual,800000.0,15.6,800,7,10300.0,8.0,10.3,6,Below 1.0L,Average
800,Skoda,Kushaq,2018,Electric,Manual,1700000.0,22.9,1200,5,13900.0,17.0,13.9,6,1.0L-1.5L,Good
801,Hyundai,i10,2021,Electric,Manual,2470000.0,24.4,1000,7,17900.0,24.7,17.9,3,Below 1.0L,Good
802,Kia,Carnival,2016,Electric,Manual,2080000.0,27.8,1000,7,25000.0,20.8,25.0,8,Below 1.0L,Excellent
803,Toyota,Fortuner,2019,Petrol,Manual,1940000.0,29.5,1000,7,5200.0,19.4,5.2,5,Below 1.0L,Excellent
804,Maruti Suzuki,Baleno,2017,Petrol,Manual,2310000.0,22.9,1200,6,19700.0,23.1,19.7,7,1.0L-1.5L,Good
805,Toyota,Urban Cruiser,2018,Electric,Automatic,1170000.0,10.1,2500,7,12400.0,11.7,12.4,6,2.0L-3.0L,Low
806,Hyundai,i10,2015,Petrol,Manual,2980000.0,13.0,800,4,6900.0,29.8,6.9,9,Below 1.0L,Low
807,Volkswagen,Polo,2023,Petrol,Automatic,3460000.0,28.8,2000,6,22400.0,34.6,22.4,1,1.5L-2.0L,Excellent
808,Maruti Suzuki,Swift,2022,Electric,Manual,720000.0,25.5,800,6,8000.0,7.2,8.0,2,Below 1.0L,Excellent
809,Maruti Suzuki,Dzire,2018,Electric,Automatic,1350000.0,28.1,2500,7,7700.0,13.5,7.7,6,2.0L-3.0L,Excellent
810,Volkswagen,Vento,2017,Petrol,Manual,2670000.0,14.8,2500,5,13100.0,26.7,13.1,7,2.0L-3.0L,Low
811,Maruti Suzuki,Swift,2021,Diesel,Automatic,1060000.0,24.2,1500,6,21700.0,10.6,21.7,3,1.0L-1.5L,Good
812,Toyota,Innova,2020,Petrol,Manual,610000.0,16.6,2500,7,8600.0,6.1,8.6,4,2.0L-3.0L,Average
813,Hyundai,i10,2020,CNG,Automatic,3310000.0,23.4,1000,7,10400.0,33.1,10.4,4,Below 1.0L,Good
814,Mahindra,Thar,2017,Petrol,Manual,450000.0,16.0,1800,6,18400.0,4.5,18.4,7,1.5L-2.0L,Average
815,Mahindra,Bolero,2020,Electric,Manual,2060000.0,14.2,1800,4,10000.0,20.6,10.0,4,1.5L-2.0L,Low
816,Tata Motors,Nexon,2019,Petrol,Manual,1820000.0,12.9,800,7,17700.0,18.2,17.7,5,Below 1.0L,Low
817,Maruti Suzuki,Baleno,2021,Diesel,Manual,2380000.0,19.0,800,4,6300.0,23.8,6.3,3,Below 1.0L,Average
818,Kia,EV6,2020,Petrol,Manual,1330000.0,22.5,2500,6,16000.0,13.3,16.0,4,2.0L-3.0L,Good
819,Toyota,Fortuner,2022,Diesel,Manual,2930000.0,13.6,1800,5,14800.0,29.3,14.8,2,1.5L-2.0L,Low
820,Hyundai,Creta,2020,CNG,Automatic,1070000.0,17.0,1000,5,8000.0,10.7,8.0,4,Below 1.0L,Average
821,Toyota,Fortuner,2023,Petrol,Automatic,2090000.0,17.6,2000,5,15100.0,20.9,15.1,1,1.5L-2.0L,Average
822,Tata Motors,Nexon,2017,Electric,Manual,2750000.0,10.5,1500,6,21500.0,27.5,21.5,7,1.0L-1.5L,Low
823,Skoda,Slavia,2021,Petrol,Automatic,2420000.0,27.4,1800,4,12000.0,24.2,12.0,3,1.5L-2.0L,Excellent
824,Honda,WR-V,2024,Diesel,Automatic,890000.0,21.9,1500,7,9600.0,8.9,9.6,0,1.0L-1.5L,Good
825,Skoda,Kushaq,2018,Electric,Manual,2880000.0,27.6,2500,6,11600.0,28.8,11.6,6,2.0L-3.0L,Excellent
826,Renault,Triber,2022,Electric,Automatic,2290000.0,18.0,1000,4,21400.0,22.9,21.4,2,Below 1.0L,Average
827,Honda,Civic,2020,Petrol,Manual,2510000.0,26.4,1000,6,8900.0,25.1,8.9,4,Below 1.0L,Excellent
828,Renault,Kwid,2024,Electric,Automatic,1500000.0,24.8,1800,7,19200.0,15.0,19.2,0,1.5L-2.0L,Good
829,Kia,Carnival,2024,Petrol,Manual,2820000.0,29.2,2000,7,8500.0,28.2,8.5,0,1.5L-2.0L,Excellent
830,Tata Motors,Harrier,2024,Electric,Automatic,1570000.0,18.3,2500,6,14100.0,15.7,14.1,0,2.0L-3.0L,Average
831,Kia,Sonet,2017,CNG,Automatic,1860000.0,10.5,1200,7,14700.0,18.6,14.7,7,1.0L-1.5L,Low
832,Skoda,Octavia,2021,Diesel,Manual,1270000.0,13.9,1500,6,21200.0,12.7,21.2,3,1.0L-1.5L,Low
833,Toyota,Urban Cruiser,2015,Electric,Automatic,3230000.0,28.7,2000,4,7400.0,32.3,7.4,9,1.5L-2.0L,Excellent
834,Mahindra,XUV300,2022,Diesel,Manual,2050000.0,16.8,2000,5,12500.0,20.5,12.5,2,1.5L-2.0L,Average
835,Renault,Kiger,2023,Petrol,Automatic,1350000.0,12.0,1000,6,13400.0,13.5,13.4,1,Below 1.0L,Low
836,Tata Motors,Nexon,2024,Diesel,Automatic,730000.0,10.9,2500,5,18200.0,7.3,18.2,0,2.0L-3.0L,Low
837,Kia,Sonet,2015,CNG,Automatic,2260000.0,27.9,1200,4,9700.0,22.6,9.7,9,1.0L-1.5L,Excellent
838,Volkswagen,Vento,2020,CNG,Automatic,2730000.0,27.5,1800,4,14000.0,27.3,14.0,4,1.5L-2.0L,Excellent
839,Hyundai,i20,2024,Electric,Manual,3110000.0,18.3,2500,7,23900.0,31.1,23.9,0,2.0L-3.0L,Average
840,Skoda,Kushaq,2020,Petrol,Manual,810000.0,22.9,1500,4,23100.0,8.1,23.1,4,1.0L-1.5L,Good
841,Honda,Jazz,2021,CNG,Automatic,1010000.0,16.6,1200,6,17900.0,10.1,17.9,3,1.0L-1.5L,Average
842,Skoda,Rapid,2017,Electric,Automatic,620000.0,30.0,1800,6,16200.0,6.2,16.2,7,1.5L-2.0L,Excellent
843,Volkswagen,Virtus,2022,Diesel,Automatic,2320000.0,29.9,1200,6,8900.0,23.2,8.9,2,1.0L-1.5L,Excellent
844,Toyota,Camry,2018,Diesel,Manual,730000.0,24.5,1200,5,24000.0,7.3,24.0,6,1.0L-1.5L,Good
845,Maruti Suzuki,Dzire,2015,CNG,Manual,2970000.0,22.0,2500,7,16400.0,29.7,16.4,9,2.0L-3.0L,Good
846,Toyota,Innova,2016,CNG,Automatic,2410000.0,13.2,1200,5,22700.0,24.1,22.7,8,1.0L-1.5L,Low
847,Volkswagen,Vento,2015,Electric,Manual,660000.0,16.6,2000,5,13200.0,6.6,13.2,9,1.5L-2.0L,Average
848,Kia,Seltos,2022,Electric,Manual,1390000.0,19.1,1000,5,17200.0,13.9,17.2,2,Below 1.0L,Average
849,Toyota,Urban Cruiser,2019,CNG,Automatic,1090000.0,14.1,1000,7,18300.0,10.9,18.3,5,Below 1.0L,Low
850,Skoda,Kushaq,2016,Diesel,Automatic,1100000.0,10.9,1500,4,11500.0,11.0,11.5,8,1.0L-1.5L,Low
851,Tata Motors,Tiago,2017,Petrol,Automatic,3310000.0,15.1,1500,4,17200.0,33.1,17.2,7,1.0L-1.5L,Average
852,Honda,Amaze,2020,CNG,Manual,2190000.0,28.3,800,5,23900.0,21.9,23.9,4,Below 1.0L,Excellent
853,Skoda,Slavia,2023,Diesel,Automatic,1880000.0,28.3,800,6,19200.0,18.8,19.2,1,Below 1.0L,Excellent
854,Skoda,Slavia,2016,CNG,Automatic,1400000.0,29.2,1200,4,19700.0,14.0,19.7,8,1.0L-1.5L,Excellent
855,Skoda,Rapid,2021,Electric,Automatic,1590000.0,29.6,2500,5,20800.0,15.9,20.8,3,2.0L-3.0L,Excellent
856,Kia,Carens,2017,Petrol,Manual,970000.0,24.8,1500,4,22300.0,9.7,22.3,7,1.0L-1.5L,Good
857,Toyota,Innova,2024,Diesel,Automatic,1640000.0,21.1,2000,4,24100.0,16.4,24.1,0,1.5L-2.0L,Good
858,Maruti Suzuki,Baleno,2024,Diesel,Manual,3030000.0,18.6,1800,4,19700.0,30.3,19.7,0,1.5L-2.0L,Average
859,Skoda,Rapid,2015,Electric,Automatic,2020000.0,18.9,1500,4,18000.0,20.2,18.0,9,1.0L-1.5L,Average
860,Maruti Suzuki,Baleno,2016,Electric,Automatic,2950000.0,10.1,2500,6,16700.0,29.5,16.7,8,2.0L-3.0L,Low
861,Skoda,Octavia,2021,Petrol,Manual,3050000.0,24.3,1500,5,24900.0,30.5,24.9,3,1.0L-1.5L,Good
862,Skoda,Slavia,2023,Petrol,Manual,1230000.0,17.8,1200,5,15200.0,12.3,15.2,1,1.0L-1.5L,Average
863,Toyota,Innova,2015,Electric,Automatic,1410000.0,14.2,1500,7,24000.0,14.1,24.0,9,1.0L-1.5L,Low
864,Skoda,Rapid,2019,Diesel,Manual,2670000.0,28.0,1800,5,24500.0,26.7,24.5,5,1.5L-2.0L,Excellent
865,Volkswagen,Vento,2018,CNG,Automatic,2260000.0,27.1,1500,4,22300.0,22.6,22.3,6,1.0L-1.5L,Excellent
866,Volkswagen,Polo,2024,CNG,Automatic,970000.0,10.1,1000,7,14100.0,9.7,14.1,0,Below 1.0L,Low
867,Renault,Triber,2020,CNG,Manual,680000.0,11.9,2500,6,5500.0,6.8,5.5,4,2.0L-3.0L,Low
868,Tata Motors,Harrier,2016,Petrol,Manual,3220000.0,21.7,2500,6,19600.0,32.2,19.6,8,2.0L-3.0L,Good
869,Mahindra,XUV300,2019,CNG,Manual,2410000.0,17.5,1800,4,7200.0,24.1,7.2,5,1.5L-2.0L,Average
870,Hyundai,i10,2019,Electric,Automatic,700000.0,25.5,1500,6,16900.0,7.0,16.9,5,1.0L-1.5L,Excellent
871,Hyundai,Verna,2024,Diesel,Manual,2900000.0,29.7,1000,7,22300.0,29.0,22.3,0,Below 1.0L,Excellent
872,Renault,Duster,2022,CNG,Manual,1610000.0,19.1,1800,4,17200.0,16.1,17.2,2,1.5L-2.0L,Average
873,Mahindra,Thar,2021,Electric,Manual,1660000.0,13.6,1800,6,24000.0,16.6,24.0,3,1.5L-2.0L,Low
874,Skoda,Octavia,2015,Petrol,Manual,890000.0,11.4,2500,4,22500.0,8.9,22.5,9,2.0L-3.0L,Low
875,Honda,Amaze,2024,Petrol,Automatic,1830000.0,14.6,1200,7,5000.0,18.3,5.0,0,1.0L-1.5L,Low
876,Renault,Kwid,2024,Electric,Automatic,1870000.0,20.3,1200,5,16400.0,18.7,16.4,0,1.0L-1.5L,Good
877,Skoda,Kushaq,2018,Petrol,Automatic,2070000.0,10.3,1000,5,10500.0,20.7,10.5,6,Below 1.0L,Low
878,Kia,Sonet,2018,CNG,Manual,3220000.0,11.0,1800,5,12900.0,32.2,12.9,6,1.5L-2.0L,Low
879,Volkswagen,Tiguan,2015,CNG,Manual,790000.0,23.4,2500,5,9000.0,7.9,9.0,9,2.0L-3.0L,Good
880,Hyundai,i10,2022,CNG,Automatic,1830000.0,29.2,1200,5,15100.0,18.3,15.1,2,1.0L-1.5L,Excellent
881,Skoda,Kushaq,2019,Petrol,Automatic,1700000.0,11.7,2000,7,22800.0,17.0,22.8,5,1.5L-2.0L,Low
882,Renault,Kwid,2015,Electric,Manual,1450000.0,22.2,1500,4,6600.0,14.5,6.6,9,1.0L-1.5L,Good
883,Skoda,Rapid,2021,Petrol,Manual,2080000.0,16.7,2000,6,16400.0,20.8,16.4,3,1.5L-2.0L,Average
884,Skoda,Slavia,2019,CNG,Automatic,2090000.0,26.2,1000,4,10000.0,20.9,10.0,5,Below 1.0L,Excellent
885,Kia,Carnival,2019,Electric,Automatic,510000.0,21.5,800,4,7900.0,5.1,7.9,5,Below 1.0L,Good
886,Kia,Carens,2023,Petrol,Manual,3280000.0,21.0,800,6,8500.0,32.8,8.5,1,Below 1.0L,Good
887,Mahindra,XUV700,2024,CNG,Automatic,1600000.0,17.4,1200,7,19800.0,16.0,19.8,0,1.0L-1.5L,Average
888,Skoda,Kushaq,2020,Petrol,Automatic,900000.0,27.9,1200,5,8900.0,9.0,8.9,4,1.0L-1.5L,Excellent
889,Hyundai,Creta,2019,CNG,Manual,1280000.0,29.4,1800,6,21100.0,12.8,21.1,5,1.5L-2.0L,Excellent
890,Hyundai,Venue,2019,CNG,Automatic,430000.0,25.5,1200,7,12700.0,4.3,12.7,5,1.0L-1.5L,Excellent
891,Toyota,Innova,2018,Electric,Automatic,610000.0,15.5,2000,4,21800.0,6.1,21.8,6,1.5L-2.0L,Average
892,Skoda,Superb,2020,CNG,Automatic,2010000.0,26.4,2000,5,9600.0,20.1,9.6,4,1.5L-2.0L,Excellent
893,Skoda,Superb,2019,Electric,Manual,2900000.0,17.9,2000,4,16100.0,29.0,16.1,5,1.5L-2.0L,Average
894,Volkswagen,Virtus,2023,Diesel,Automatic,910000.0,13.5,1000,7,5100.0,9.1,5.1,1,Below 1.0L,Low
895,Renault,Kwid,2023,Petrol,Automatic,800000.0,21.0,1000,7,19400.0,8.0,19.4,1,Below 1.0L,Good
896,Maruti Suzuki,WagonR,2020,Diesel,Manual,1310000.0,10.7,1500,7,8000.0,13.1,8.0,4,1.0L-1.5L,Low
897,Tata Motors,Harrier,2015,Petrol,Manual,2190000.0,28.0,800,6,14300.0,21.9,14.3,9,Below 1.0L,Excellent
898,Toyota,Urban Cruiser,2019,Diesel,Manual,2180000.0,28.1,2000,7,9300.0,21.8,9.3,5,1.5L-2.0L,Excellent
899,Renault,Triber,2016,Petrol,Manual,550000.0,17.1,2500,7,23600.0,5.5,23.6,8,2.0L-3.0L,Average
900,Renault,Kwid,2016,Petrol,Manual,960000.0,19.4,1200,5,16800.0,9.6,16.8,8,1.0L-1.5L,Average
901,Maruti Suzuki,Ertiga,2023,Electric,Automatic,3500000.0,13.0,1200,5,11500.0,35.0,11.5,1,1.0L-1.5L,Low
902,Renault,Duster,2023,Electric,Automatic,1290000.0,21.7,1200,4,17300.0,12.9,17.3,1,1.0L-1.5L,Good
903,Hyundai,Venue,2021,Diesel,Manual,2850000.0,11.6,1000,6,6000.0,28.5,6.0,3,Below 1.0L,Low
904,Renault,Kwid,2022,Diesel,Automatic,2060000.0,19.0,1500,4,17300.0,20.6,17.3,2,1.0L-1.5L,Average
905,Maruti Suzuki,Baleno,2022,Electric,Manual,1120000.0,28.6,2000,4,23400.0,11.2,23.4,2,1.5L-2.0L,Excellent
906,Skoda,Kushaq,2019,Petrol,Automatic,2570000.0,10.1,1000,4,18600.0,25.7,18.6,5,Below 1.0L,Low
907,Hyundai,i20,2023,Petrol,Automatic,1950000.0,14.7,1800,6,13000.0,19.5,13.0,1,1.5L-2.0L,Low
908,Renault,Triber,2018,Electric,Manual,2470000.0,11.0,1200,5,6200.0,24.7,6.2,6,1.0L-1.5L,Low
909,Hyundai,i10,2015,CNG,Manual,2330000.0,29.8,1800,5,11500.0,23.3,11.5,9,1.5L-2.0L,Excellent
910,Renault,Kwid,2016,Petrol,Manual,2860000.0,28.9,2000,6,11200.0,28.6,11.2,8,1.5L-2.0L,Excellent
911,Volkswagen,Polo,2021,Electric,Automatic,2790000.0,23.7,2000,6,12800.0,27.9,12.8,3,1.5L-2.0L,Good
912,Maruti Suzuki,Ertiga,2015,CNG,Manual,1170000.0,23.9,800,7,13900.0,11.7,13.9,9,Below 1.0L,Good
913,Toyota,Fortuner,2017,Electric,Automatic,2190000.0,27.9,800,5,6000.0,21.9,6.0,7,Below 1.0L,Excellent
914,Hyundai,i20,2016,Petrol,Automatic,1570000.0,24.0,1200,4,23000.0,15.7,23.0,8,1.0L-1.5L,Good
915,Honda,Jazz,2019,Diesel,Automatic,1570000.0,22.7,2000,4,19000.0,15.7,19.0,5,1.5L-2.0L,Good
916,Mahindra,XUV700,2016,Electric,Automatic,2630000.0,25.5,1500,7,10000.0,26.3,10.0,8,1.0L-1.5L,Excellent
917,Tata Motors,Punch,2020,Diesel,Manual,1090000.0,27.5,1000,6,24900.0,10.9,24.9,4,Below 1.0L,Excellent
918,Renault,Lodgy,2017,Electric,Manual,3190000.0,17.3,1500,7,11100.0,31.9,11.1,7,1.0L-1.5L,Average
919,Mahindra,Thar,2020,CNG,Manual,2640000.0,27.6,2000,5,18200.0,26.4,18.2,4,1.5L-2.0L,Excellent
920,Volkswagen,Taigun,2019,CNG,Manual,800000.0,13.3,2000,4,10000.0,8.0,10.0,5,1.5L-2.0L,Low
921,Hyundai,i20,2019,Diesel,Automatic,2040000.0,28.9,800,6,19500.0,20.4,19.5,5,Below 1.0L,Excellent
922,Volkswagen,Virtus,2020,Electric,Manual,1710000.0,17.4,1800,7,15700.0,17.1,15.7,4,1.5L-2.0L,Average
923,Renault,Kwid,2016,CNG,Manual,600000.0,27.8,1200,5,20100.0,6.0,20.1,8,1.0L-1.5L,Excellent
924,Volkswagen,Polo,2021,Petrol,Automatic,1040000.0,29.9,1500,5,14800.0,10.4,14.8,3,1.0L-1.5L,Excellent
925,Honda,Jazz,2019,Petrol,Automatic,3430000.0,18.0,2000,6,6700.0,34.3,6.7,5,1.5L-2.0L,Average
926,Maruti Suzuki,Ertiga,2024,Diesel,Automatic,1310000.0,27.3,1000,5,13900.0,13.1,13.9,0,Below 1.0L,Excellent
927,Maruti Suzuki,Ertiga,2024,CNG,Manual,2440000.0,15.5,800,5,8700.0,24.4,8.7,0,Below 1.0L,Average
928,Toyota,Camry,2021,CNG,Automatic,1730000.0,22.3,1500,7,19100.0,17.3,19.1,3,1.0L-1.5L,Good
929,Kia,EV6,2018,Diesel,Automatic,1350000.0,22.4,1500,7,23700.0,13.5,23.7,6,1.0L-1.5L,Good
930,Volkswagen,Vento,2024,Diesel,Automatic,2860000.0,12.6,1200,5,20500.0,28.6,20.5,0,1.0L-1.5L,Low
931,Mahindra,XUV300,2024,Petrol,Manual,3340000.0,22.1,1500,4,12300.0,33.4,12.3,0,1.0L-1.5L,Good
932,Honda,Jazz,2023,CNG,Automatic,2780000.0,24.5,1500,6,10200.0,27.8,10.2,1,1.0L-1.5L,Good
933,Toyota,Innova,2021,CNG,Manual,2260000.0,28.3,1500,4,15100.0,22.6,15.1,3,1.0L-1.5L,Excellent
934,Volkswagen,Virtus,2024,CNG,Manual,2140000.0,26.3,2000,6,16300.0,21.4,16.3,0,1.5L-2.0L,Excellent
935,Hyundai,i20,2020,Petrol,Manual,1600000.0,17.4,1200,5,15600.0,16.0,15.6,4,1.0L-1.5L,Average
936,Maruti Suzuki,Baleno,2015,Petrol,Automatic,1990000.0,14.8,800,5,7400.0,19.9,7.4,9,Below 1.0L,Low
937,Hyundai,Creta,2015,CNG,Manual,2430000.0,14.4,2500,5,22200.0,24.3,22.2,9,2.0L-3.0L,Low
938,Hyundai,Creta,2021,Diesel,Manual,1100000.0,28.4,1500,5,9800.0,11.0,9.8,3,1.0L-1.5L,Excellent
939,Kia,Carens,2017,CNG,Automatic,530000.0,29.4,800,7,5700.0,5.3,5.7,7,Below 1.0L,Excellent
940,Maruti Suzuki,Swift,2021,CNG,Manual,3420000.0,22.5,1000,4,5900.0,34.2,5.9,3,Below 1.0L,Good
941,Skoda,Rapid,2017,CNG,Automatic,1320000.0,24.9,2000,5,23400.0,13.2,23.4,7,1.5L-2.0L,Good
942,Honda,Amaze,2022,Petrol,Automatic,2080000.0,10.5,800,7,15200.0,20.8,15.2,2,Below 1.0L,Low
943,Honda,Amaze,2021,CNG,Automatic,670000.0,14.9,1800,7,17700.0,6.7,17.7,3,1.5L-2.0L,Low
944,Mahindra,Thar,2023,CNG,Automatic,1630000.0,22.3,2000,6,11400.0,16.3,11.4,1,1.5L-2.0L,Good
945,Hyundai,Venue,2020,Electric,Automatic,3270000.0,17.2,2500,7,17700.0,32.7,17.7,4,2.0L-3.0L,Average
946,Kia,Sonet,2015,Petrol,Automatic,3250000.0,14.7,2500,5,14600.0,32.5,14.6,9,2.0L-3.0L,Low
947,Hyundai,Verna,2024,Petrol,Manual,2400000.0,29.0,1500,5,16200.0,24.0,16.2,0,1.0L-1.5L,Excellent
948,Honda,Amaze,2022,Electric,Automatic,2230000.0,18.9,1800,4,23700.0,22.3,23.7,2,1.5L-2.0L,Average
949,Volkswagen,Polo,2016,Petrol,Manual,2900000.0,16.2,1000,7,21400.0,29.0,21.4,8,Below 1.0L,Average
950,Tata Motors,Harrier,2022,Electric,Automatic,1750000.0,17.0,1000,6,24700.0,17.5,24.7,2,Below 1.0L,Average
951,Tata Motors,Nexon,2024,Diesel,Manual,1740000.0,13.7,2000,6,18500.0,17.4,18.5,0,1.5L-2.0L,Low
952,Skoda,Superb,2023,Petrol,Automatic,430000.0,28.3,1000,7,20200.0,4.3,20.2,1,Below 1.0L,Excellent
953,Hyundai,i10,2016,Diesel,Automatic,620000.0,14.2,1800,5,20100.0,6.2,20.1,8,1.5L-2.0L,Low
954,Volkswagen,Tiguan,2017,Diesel,Manual,2600000.0,12.8,2500,5,10000.0,26.0,10.0,7,2.0L-3.0L,Low
955,Mahindra,Thar,2019,Diesel,Automatic,1510000.0,15.5,1200,7,14900.0,15.1,14.9,5,1.0L-1.5L,Average
956,Toyota,Camry,2015,Petrol,Automatic,3380000.0,19.8,1500,5,12500.0,33.8,12.5,9,1.0L-1.5L,Average
957,Kia,Sonet,2023,Petrol,Manual,2560000.0,27.4,1500,7,16100.0,25.6,16.1,1,1.0L-1.5L,Excellent
958,Tata Motors,Nexon,2021,Electric,Automatic,750000.0,29.9,2000,5,16600.0,7.5,16.6,3,1.5L-2.0L,Excellent
959,Renault,Triber,2023,CNG,Automatic,1960000.0,26.1,800,6,20500.0,19.6,20.5,1,Below 1.0L,Excellent
960,Skoda,Kushaq,2024,Petrol,Manual,2930000.0,25.6,2000,5,22600.0,29.3,22.6,0,1.5L-2.0L,Excellent
961,Mahindra,Bolero,2021,Electric,Automatic,2150000.0,17.7,1800,6,16300.0,21.5,16.3,3,1.5L-2.0L,Average
962,Toyota,Urban Cruiser,2015,CNG,Manual,580000.0,27.7,2000,7,21600.0,5.8,21.6,9,1.5L-2.0L,Excellent
963,Maruti Suzuki,Swift,2024,Diesel,Manual,2770000.0,19.7,2000,7,9300.0,27.7,9.3,0,1.5L-2.0L,Average
964,Kia,Carnival,2023,CNG,Automatic,1520000.0,21.3,1200,6,9400.0,15.2,9.4,1,1.0L-1.5L,Good
965,Toyota,Innova,2017,Diesel,Automatic,980000.0,13.2,1000,6,16400.0,9.8,16.4,7,Below 1.0L,Low
966,Kia,Carens,2022,Electric,Manual,2900000.0,16.6,800,7,21300.0,29.0,21.3,2,Below 1.0L,Average
967,Mahindra,XUV700,2021,Electric,Manual,2070000.0,13.5,1500,6,14800.0,20.7,14.8,3,1.0L-1.5L,Low
968,Kia,Sonet,2022,Electric,Automatic,3130000.0,13.6,1200,4,22800.0,31.3,22.8,2,1.0L-1.5L,Low
969,Volkswagen,Tiguan,2018,Electric,Manual,1100000.0,11.6,1800,5,17900.0,11.0,17.9,6,1.5L-2.0L,Low
970,Maruti Suzuki,Ertiga,2024,Diesel,Automatic,790000.0,17.8,1000,4,7900.0,7.9,7.9,0,Below 1.0L,Average
971,Mahindra,XUV300,2016,Electric,Manual,2760000.0,18.6,1500,5,14800.0,27.6,14.8,8,1.0L-1.5L,Average
972,Kia,Sonet,2020,Electric,Manual,1170000.0,10.0,1000,6,12200.0,11.7,12.2,4,Below 1.0L,Low
973,Maruti Suzuki,Ertiga,2023,CNG,Manual,850000.0,11.2,1200,5,16900.0,8.5,16.9,1,1.0L-1.5L,Low
974,Skoda,Rapid,2023,Diesel,Automatic,1940000.0,15.8,1200,5,19200.0,19.4,19.2,1,1.0L-1.5L,Average
975,Skoda,Kushaq,2024,CNG,Automatic,2440000.0,10.4,1200,5,18900.0,24.4,18.9,0,1.0L-1.5L,Low
976,Maruti Suzuki,Swift,2016,Electric,Manual,940000.0,24.8,1800,4,13000.0,9.4,13.0,8,1.5L-2.0L,Good
977,Hyundai,Verna,2018,Petrol,Manual,2220000.0,17.4,2000,7,16700.0,22.2,16.7,6,1.5L-2.0L,Average
978,Skoda,Rapid,2023,Electric,Manual,2790000.0,11.5,1500,7,6000.0,27.9,6.0,1,1.0L-1.5L,Low
979,Honda,City,2024,Petrol,Manual,1770000.0,24.4,2000,7,15300.0,17.7,15.3,0,1.5L-2.0L,Good
980,Toyota,Fortuner,2020,CNG,Automatic,3110000.0,10.4,800,6,16000.0,31.1,16.0,4,Below 1.0L,Low
981,Kia,Carens,2016,Petrol,Manual,3260000.0,24.7,2500,5,6000.0,32.6,6.0,8,2.0L-3.0L,Good
982,Renault,Lodgy,2024,Electric,Manual,940000.0,25.6,800,7,10700.0,9.4,10.7,0,Below 1.0L,Excellent
983,Kia,Carens,2018,CNG,Automatic,1590000.0,25.0,2500,6,17100.0,15.9,17.1,6,2.0L-3.0L,Good
984,Toyota,Camry,2016,Diesel,Automatic,1470000.0,17.6,1000,7,18700.0,14.7,18.7,8,Below 1.0L,Average
985,Volkswagen,Polo,2021,Diesel,Automatic,2640000.0,20.4,2000,5,21700.0,26.4,21.7,3,1.5L-2.0L,Good
986,Toyota,Innova,2018,CNG,Automatic,1410000.0,22.5,2000,4,5900.0,14.1,5.9,6,1.5L-2.0L,Good
987,Honda,Amaze,2020,Diesel,Automatic,2850000.0,14.5,800,4,11700.0,28.5,11.7,4,Below 1.0L,Low
988,Toyota,Fortuner,2017,CNG,Automatic,1380000.0,27.0,2000,6,17900.0,13.8,17.9,7,1.5L-2.0L,Excellent
989,Toyota,Glanza,2015,CNG,Automatic,2480000.0,19.0,1800,7,19300.0,24.8,19.3,9,1.5L-2.0L,Average
990,Hyundai,Creta,2018,CNG,Manual,2830000.0,21.8,1200,7,12500.0,28.3,12.5,6,1.0L-1.5L,Good
991,Mahindra,XUV300,2018,CNG,Manual,2560000.0,17.1,1500,5,16000.0,25.6,16.0,6,1.0L-1.5L,Average
992,Mahindra,Bolero,2017,Electric,Automatic,420000.0,20.8,800,5,10400.0,4.2,10.4,7,Below 1.0L,Good
993,Hyundai,Venue,2017,Electric,Automatic,410000.0,24.3,1200,7,13700.0,4.1,13.7,7,1.0L-1.5L,Good
994,Honda,Civic,2020,CNG,Manual,1320000.0,28.3,1800,4,8800.0,13.2,8.8,4,1.5L-2.0L,Excellent
995,Toyota,Camry,2018,Diesel,Automatic,3200000.0,23.8,800,4,9100.0,32.0,9.1,6,Below 1.0L,Good
996,Hyundai,Creta,2018,CNG,Manual,1430000.0,28.7,1500,7,17500.0,14.3,17.5,6,1.0L-1.5L,Excellent
997,Mahindra,XUV300,2022,Diesel,Automatic,2520000.0,12.1,1800,5,15600.0,25.2,15.6,2,1.5L-2.0L,Low
998,Volkswagen,Virtus,2017,CNG,Manual,940000.0,25.0,2500,6,12400.0,9.4,12.4,7,2.0L-3.0L,Good
999,Maruti Suzuki,Dzire,2024,Electric,Manual,1860000.0,10.6,1800,7,14100.0,18.6,14.1,0,1.5L-2.0L,Low
1000,Volkswagen,Virtus,2020,Diesel,Automatic,820000.0,12.7,2000,6,24400.0,8.2,24.4,4,1.5L-2.0L,Low
1001,Hyundai,Venue,2024,Petrol,Automatic,2500000.0,27.1,2000,7,14100.0,25.0,14.1,0,1.5L-2.0L,Excellent
1002,Toyota,Camry,2017,CNG,Manual,1320000.0,23.4,1500,4,20000.0,13.2,20.0,7,1.0L-1.5L,Good
1003,Mahindra,XUV300,2017,Diesel,Automatic,920000.0,23.7,1800,4,16300.0,9.2,16.3,7,1.5L-2.0L,Good
1004,Tata Motors,Harrier,2023,Diesel,Manual,1640000.0,16.2,1200,7,18000.0,16.4,18.0,1,1.0L-1.5L,Average
1005,Mahindra,Thar,2020,CNG,Manual,1980000.0,18.0,1200,5,23100.0,19.8,23.1,4,1.0L-1.5L,Average
1006,Skoda,Superb,2023,CNG,Automatic,3410000.0,27.5,800,7,16000.0,34.1,16.0,1,Below 1.0L,Excellent
1007,Volkswagen,Virtus,2016,CNG,Automatic,1400000.0,27.9,1000,7,5400.0,14.0,5.4,8,Below 1.0L,Excellent
1008,Mahindra,Bolero,2019,CNG,Manual,1150000.0,13.9,1000,5,14200.0,11.5,14.2,5,Below 1.0L,Low
1009,Honda,Civic,2024,Electric,Automatic,2020000.0,17.5,1500,6,15800.0,20.2,15.8,0,1.0L-1.5L,Average
1010,Renault,Kiger,2017,Diesel,Manual,2530000.0,25.6,1000,7,22100.0,25.3,22.1,7,Below 1.0L,Excellent
1011,Toyota,Innova,2018,Petrol,Automatic,1350000.0,12.2,800,4,8400.0,13.5,8.4,6,Below 1.0L,Low
1012,Renault,Duster,2020,CNG,Manual,2130000.0,22.3,2500,4,19400.0,21.3,19.4,4,2.0L-3.0L,Good
1013,Toyota,Urban Cruiser,2020,Electric,Automatic,1460000.0,25.8,1500,5,17400.0,14.6,17.4,4,1.0L-1.5L,Excellent
1014,Tata Motors,Harrier,2023,CNG,Manual,1500000.0,16.3,1500,6,21100.0,15.0,21.1,1,1.0L-1.5L,Average
1015,Maruti Suzuki,Ertiga,2020,Petrol,Manual,1120000.0,25.8,2500,6,9000.0,11.2,9.0,4,2.0L-3.0L,Excellent
1016,Kia,Sonet,2020,CNG,Manual,470000.0,22.3,1800,5,21400.0,4.7,21.4,4,1.5L-2.0L,Good
1017,Tata Motors,Punch,2018,Electric,Manual,3190000.0,15.8,2500,4,15400.0,31.9,15.4,6,2.0L-3.0L,Average
1018,Hyundai,Creta,2023,CNG,Automatic,1780000.0,25.5,1800,4,14300.0,17.8,14.3,1,1.5L-2.0L,Excellent
1019,Toyota,Urban Cruiser,2015,CNG,Automatic,1040000.0,10.1,1500,6,17800.0,10.4,17.8,9,1.0L-1.5L,Low
1020,Kia,EV6,2018,Diesel,Automatic,2080000.0,17.9,1800,7,22100.0,20.8,22.1,6,1.5L-2.0L,Average
1021,Tata Motors,Harrier,2019,CNG,Automatic,3260000.0,22.4,1800,4,12700.0,32.6,12.7,5,1.5L-2.0L,Good
1022,Maruti Suzuki,Dzire,2019,Electric,Manual,2710000.0,18.1,1500,5,10700.0,27.1,10.7,5,1.0L-1.5L,Average
1023,Tata Motors,Tiago,2024,Electric,Automatic,2900000.0,11.0,800,7,21800.0,29.0,21.8,0,Below 1.0L,Low
1024,Kia,Sonet,2022,Diesel,Automatic,1030000.0,11.9,800,5,18900.0,10.3,18.9,2,Below 1.0L,Low
1025,Volkswagen,Virtus,2015,Petrol,Automatic,2550000.0,14.9,800,7,8900.0,25.5,8.9,9,Below 1.0L,Low
1026,Toyota,Fortuner,2017,Electric,Automatic,960000.0,26.5,800,4,5300.0,9.6,5.3,7,Below 1.0L,Excellent
1027,Toyota,Fortuner,2016,Diesel,Automatic,810000.0,22.5,2500,4,22700.0,8.1,22.7,8,2.0L-3.0L,Good
1028,Maruti Suzuki,Swift,2022,CNG,Manual,1000000.0,14.5,1000,4,19500.0,10.0,19.5,2,Below 1.0L,Low
1029,Mahindra,Thar,2016,Electric,Automatic,1910000.0,17.1,1200,7,8600.0,19.1,8.6,8,1.0L-1.5L,Average
1030,Renault,Kiger,2016,Diesel,Automatic,2970000.0,12.5,800,5,6400.0,29.7,6.4,8,Below 1.0L,Low
1031,Maruti Suzuki,Ertiga,2024,CNG,Manual,1030000.0,21.5,1200,7,14100.0,10.3,14.1,0,1.0L-1.5L,Good
1032,Toyota,Camry,2020,Diesel,Automatic,920000.0,10.7,1200,5,12000.0,9.2,12.0,4,1.0L-1.5L,Low
1033,Renault,Kiger,2015,Electric,Manual,1880000.0,20.6,1800,7,22400.0,18.8,22.4,9,1.5L-2.0L,Good
1034,Toyota,Innova,2024,Petrol,Manual,1100000.0,19.3,1500,4,7900.0,11.0,7.9,0,1.0L-1.5L,Average
1035,Maruti Suzuki,Baleno,2021,Diesel,Automatic,440000.0,23.8,1800,5,7300.0,4.4,7.3,3,1.5L-2.0L,Good
1036,Tata Motors,Altroz,2017,Petrol,Automatic,520000.0,28.3,2500,5,21200.0,5.2,21.2,7,2.0L-3.0L,Excellent
1037,Maruti Suzuki,Baleno,2024,Diesel,Automatic,790000.0,19.0,2000,4,10300.0,7.9,10.3,0,1.5L-2.0L,Average
1038,Tata Motors,Harrier,2020,Petrol,Manual,1220000.0,17.9,1000,7,22800.0,12.2,22.8,4,Below 1.0L,Average
1039,Maruti Suzuki,Swift,2016,Diesel,Automatic,1810000.0,23.2,1200,7,23700.0,18.1,23.7,8,1.0L-1.5L,Good
1040,Kia,Carens,2024,Electric,Manual,2230000.0,11.9,1500,5,13300.0,22.3,13.3,0,1.0L-1.5L,Low
1041,Kia,EV6,2017,Electric,Automatic,1240000.0,22.6,2500,5,11800.0,12.4,11.8,7,2.0L-3.0L,Good
1042,Kia,Carens,2023,Electric,Automatic,2460000.0,24.2,2000,6,23200.0,24.6,23.2,1,1.5L-2.0L,Good
1043,Volkswagen,Vento,2020,Electric,Automatic,2210000.0,15.6,1200,6,13100.0,22.1,13.1,4,1.0L-1.5L,Average
1044,Toyota,Urban Cruiser,2024,Diesel,Manual,1260000.0,25.2,1500,5,11900.0,12.6,11.9,0,1.0L-1.5L,Excellent
1045,Mahindra,Scorpio,2021,CNG,Automatic,3280000.0,25.3,1800,4,7000.0,32.8,7.0,3,1.5L-2.0L,Excellent
1046,Maruti Suzuki,WagonR,2024,Electric,Automatic,3280000.0,19.5,800,7,5400.0,32.8,5.4,0,Below 1.0L,Average
1047,Maruti Suzuki,Baleno,2018,Electric,Manual,1950000.0,29.2,1500,5,17000.0,19.5,17.0,6,1.0L-1.5L,Excellent
1048,Tata Motors,Tiago,2023,Petrol,Manual,520000.0,20.8,1500,7,24500.0,5.2,24.5,1,1.0L-1.5L,Good
1049,Tata Motors,Punch,2018,Electric,Automatic,2020000.0,20.3,1800,6,5500.0,20.2,5.5,6,1.5L-2.0L,Good
1050,Maruti Suzuki,WagonR,2018,Electric,Automatic,2790000.0,22.3,1200,5,14800.0,27.9,14.8,6,1.0L-1.5L,Good
1051,Renault,Duster,2022,Electric,Automatic,1240000.0,28.7,2000,5,10200.0,12.4,10.2,2,1.5L-2.0L,Excellent
1052,Kia,Sonet,2019,Petrol,Manual,3070000.0,29.8,800,4,11100.0,30.7,11.1,5,Below 1.0L,Excellent
1053,Maruti Suzuki,Ertiga,2024,CNG,Manual,860000.0,12.4,2000,5,11800.0,8.6,11.8,0,1.5L-2.0L,Low
1054,Volkswagen,Taigun,2016,Diesel,Automatic,2480000.0,12.1,1000,4,10300.0,24.8,10.3,8,Below 1.0L,Low
1055,Mahindra,Bolero,2022,Diesel,Automatic,1040000.0,12.6,2500,7,20900.0,10.4,20.9,2,2.0L-3.0L,Low
1056,Renault,Kwid,2020,Petrol,Automatic,480000.0,19.5,1000,7,24300.0,4.8,24.3,4,Below 1.0L,Average
1057,Renault,Kiger,2019,CNG,Automatic,2200000.0,22.8,1500,4,10100.0,22.0,10.1,5,1.0L-1.5L,Good
1058,Renault,Duster,2016,Diesel,Manual,2510000.0,11.2,800,4,10800.0,25.1,10.8,8,Below 1.0L,Low
1059,Honda,Civic,2019,Diesel,Automatic,2970000.0,27.7,2500,7,11900.0,29.7,11.9,5,2.0L-3.0L,Excellent
1060,Honda,Jazz,2015,CNG,Manual,680000.0,16.9,2500,7,7400.0,6.8,7.4,9,2.0L-3.0L,Average
1061,Tata Motors,Nexon,2019,Diesel,Manual,620000.0,19.5,1000,5,16600.0,6.2,16.6,5,Below 1.0L,Average
1062,Skoda,Octavia,2019,Diesel,Automatic,1230000.0,15.3,1800,6,23900.0,12.3,23.9,5,1.5L-2.0L,Average
1063,Volkswagen,Tiguan,2017,CNG,Manual,920000.0,13.5,2500,5,13800.0,9.2,13.8,7,2.0L-3.0L,Low
1064,Renault,Duster,2016,Electric,Manual,3120000.0,28.7,1500,6,7900.0,31.2,7.9,8,1.0L-1.5L,Excellent
1065,Honda,WR-V,2020,Electric,Manual,2010000.0,21.7,1800,7,5300.0,20.1,5.3,4,1.5L-2.0L,Good
1066,Tata Motors,Nexon,2015,Petrol,Manual,2640000.0,18.5,1000,7,22300.0,26.4,22.3,9,Below 1.0L,Average
1067,Toyota,Camry,2021,Petrol,Manual,1910000.0,21.6,1800,4,16300.0,19.1,16.3,3,1.5L-2.0L,Good
1068,Toyota,Fortuner,2017,Petrol,Manual,1860000.0,20.2,800,4,17800.0,18.6,17.8,7,Below 1.0L,Good
1069,Kia,Carens,2023,Petrol,Automatic,1170000.0,12.8,1500,4,24200.0,11.7,24.2,1,1.0L-1.5L,Low
1070,Skoda,Superb,2022,Diesel,Automatic,1500000.0,11.5,2000,5,15700.0,15.0,15.7,2,1.5L-2.0L,Low
1071,Tata Motors,Nexon,2024,Petrol,Automatic,2270000.0,24.6,1000,6,15900.0,22.7,15.9,0,Below 1.0L,Good
1072,Mahindra,Bolero,2016,Diesel,Automatic,2810000.0,28.2,1800,4,9400.0,28.1,9.4,8,1.5L-2.0L,Excellent
1073,Tata Motors,Altroz,2015,CNG,Manual,1500000.0,16.8,2500,6,10500.0,15.0,10.5,9,2.0L-3.0L,Average
1074,Hyundai,Creta,2019,Petrol,Manual,1320000.0,20.8,1800,6,19300.0,13.2,19.3,5,1.5L-2.0L,Good
1075,Maruti Suzuki,WagonR,2016,Petrol,Automatic,3000000.0,18.9,800,4,14700.0,30.0,14.7,8,Below 1.0L,Average
1076,Tata Motors,Harrier,2019,Electric,Manual,2120000.0,25.0,1200,5,12500.0,21.2,12.5,5,1.0L-1.5L,Good
1077,Maruti Suzuki,WagonR,2016,CNG,Automatic,1700000.0,20.2,1500,4,10600.0,17.0,10.6,8,1.0L-1.5L,Good
1078,Maruti Suzuki,Swift,2015,Petrol,Manual,2830000.0,25.0,1200,6,8900.0,28.3,8.9,9,1.0L-1.5L,Good
1079,Renault,Duster,2017,Petrol,Manual,2900000.0,17.9,800,5,7000.0,29.0,7.0,7,Below 1.0L,Average
1080,Honda,City,2016,Electric,Automatic,940000.0,15.4,800,7,16700.0,9.4,16.7,8,Below 1.0L,Average
1081,Kia,Carnival,2022,Petrol,Manual,450000.0,18.9,1500,7,6400.0,4.5,6.4,2,1.0L-1.5L,Average
1082,Skoda,Rapid,2024,Petrol,Automatic,3100000.0,24.4,1000,6,22600.0,31.0,22.6,0,Below 1.0L,Good
1083,Toyota,Fortuner,2019,CNG,Automatic,2970000.0,19.6,2000,6,22000.0,29.7,22.0,5,1.5L-2.0L,Average
1084,Kia,Sonet,2018,Diesel,Manual,3020000.0,13.6,800,4,20500.0,30.2,20.5,6,Below 1.0L,Low
1085,Toyota,Urban Cruiser,2018,Petrol,Manual,2680000.0,13.2,2500,7,6800.0,26.8,6.8,6,2.0L-3.0L,Low
1086,Mahindra,Bolero,2020,CNG,Automatic,900000.0,16.6,2500,5,13800.0,9.0,13.8,4,2.0L-3.0L,Average
1087,Honda,Amaze,2018,Petrol,Automatic,1320000.0,22.7,1800,5,16200.0,13.2,16.2,6,1.5L-2.0L,Good
1088,Volkswagen,Polo,2017,Electric,Automatic,3130000.0,21.7,1500,7,10000.0,31.3,10.0,7,1.0L-1.5L,Good
1089,Hyundai,Verna,2024,Petrol,Manual,2140000.0,19.6,1200,7,13500.0,21.4,13.5,0,1.0L-1.5L,Average
1090,Volkswagen,Vento,2024,Electric,Automatic,1320000.0,23.6,1500,5,19300.0,13.2,19.3,0,1.0L-1.5L,Good
1091,Honda,City,2018,Petrol,Automatic,1660000.0,12.5,1800,7,22900.0,16.6,22.9,6,1.5L-2.0L,Low
1092,Kia,Carnival,2020,CNG,Automatic,2340000.0,10.9,1000,4,15900.0,23.4,15.9,4,Below 1.0L,Low
1093,Hyundai,i20,2018,Petrol,Manual,2130000.0,20.3,1200,7,23300.0,21.3,23.3,6,1.0L-1.5L,Good
1094,Skoda,Superb,2017,Diesel,Manual,1520000.0,24.4,1800,5,7600.0,15.2,7.6,7,1.5L-2.0L,Good
1095,Kia,EV6,2022,Diesel,Automatic,3080000.0,23.9,800,4,6300.0,30.8,6.3,2,Below 1.0L,Good
1096,Honda,Amaze,2023,Electric,Automatic,1060000.0,19.5,1000,7,10000.0,10.6,10.0,1,Below 1.0L,Average
1097,Tata Motors,Altroz,2018,Electric,Manual,2280000.0,27.4,1200,6,14400.0,22.8,14.4,6,1.0L-1.5L,Excellent
1098,Hyundai,i10,2017,Electric,Automatic,1870000.0,25.4,1200,4,10000.0,18.7,10.0,7,1.0L-1.5L,Excellent
1099,Toyota,Fortuner,2020,Petrol,Manual,2510000.0,22.6,1000,5,21300.0,25.1,21.3,4,Below 1.0L,Good
1100,Maruti Suzuki,Ertiga,2017,Diesel,Manual,2910000.0,23.2,800,6,11100.0,29.1,11.1,7,Below 1.0L,Good
1101,Maruti Suzuki,Dzire,2020,Petrol,Automatic,3280000.0,10.3,1200,7,19700.0,32.8,19.7,4,1.0L-1.5L,Low
1102,Kia,Carens,2018,Electric,Manual,980000.0,18.0,800,4,19400.0,9.8,19.4,6,Below 1.0L,Average
1103,Kia,Seltos,2021,Electric,Manual,2720000.0,26.8,2000,7,18300.0,27.2,18.3,3,1.5L-2.0L,Excellent
1104,Honda,WR-V,2024,Electric,Automatic,2660000.0,14.7,2000,4,15800.0,26.6,15.8,0,1.5L-2.0L,Low
1105,Tata Motors,Harrier,2019,Diesel,Automatic,2030000.0,16.6,800,4,8900.0,20.3,8.9,5,Below 1.0L,Average
1106,Renault,Kiger,2020,CNG,Manual,1880000.0,17.9,800,4,22800.0,18.8,22.8,4,Below 1.0L,Average
1107,Mahindra,Bolero,2019,CNG,Manual,1800000.0,11.4,1200,4,23500.0,18.0,23.5,5,1.0L-1.5L,Low
1108,Skoda,Rapid,2024,Petrol,Manual,2400000.0,12.5,2000,6,11500.0,24.0,11.5,0,1.5L-2.0L,Low
1109,Skoda,Superb,2017,CNG,Manual,860000.0,28.2,800,7,6300.0,8.6,6.3,7,Below 1.0L,Excellent
1110,Hyundai,Verna,2020,Diesel,Manual,3410000.0,12.1,1200,7,17100.0,34.1,17.1,4,1.0L-1.5L,Low
1111,Hyundai,Venue,2021,Diesel,Manual,3080000.0,23.6,1200,6,24400.0,30.8,24.4,3,1.0L-1.5L,Good
1112,Honda,Amaze,2017,Petrol,Automatic,530000.0,15.6,1500,6,16000.0,5.3,16.0,7,1.0L-1.5L,Average
1113,Honda,WR-V,2016,Diesel,Automatic,1170000.0,15.8,1200,6,11700.0,11.7,11.7,8,1.0L-1.5L,Average
1114,Kia,Sonet,2017,CNG,Manual,970000.0,12.9,1000,7,7000.0,9.7,7.0,7,Below 1.0L,Low
1115,Volkswagen,Taigun,2021,CNG,Automatic,3220000.0,19.0,1000,4,15700.0,32.2,15.7,3,Below 1.0L,Average
1116,Mahindra,XUV300,2016,Diesel,Manual,2450000.0,20.9,800,7,15700.0,24.5,15.7,8,Below 1.0L,Good
1117,Honda,WR-V,2018,Electric,Automatic,540000.0,18.1,2000,6,20100.0,5.4,20.1,6,1.5L-2.0L,Average
1118,Hyundai,i20,2021,Petrol,Automatic,2300000.0,19.7,1000,6,16800.0,23.0,16.8,3,Below 1.0L,Average
1119,Volkswagen,Tiguan,2017,Diesel,Automatic,2460000.0,21.1,800,7,23200.0,24.6,23.2,7,Below 1.0L,Good
1120,Skoda,Superb,2023,Electric,Automatic,1140000.0,21.4,1500,7,7200.0,11.4,7.2,1,1.0L-1.5L,Good
1121,Honda,Civic,2021,Diesel,Manual,1920000.0,26.9,1000,5,10900.0,19.2,10.9,3,Below 1.0L,Excellent
1122,Toyota,Urban Cruiser,2024,Electric,Manual,1980000.0,26.6,1800,6,21700.0,19.8,21.7,0,1.5L-2.0L,Excellent
1123,Maruti Suzuki,Swift,2016,CNG,Manual,550000.0,25.2,800,7,12600.0,5.5,12.6,8,Below 1.0L,Excellent
1124,Honda,Jazz,2023,Petrol,Manual,440000.0,28.6,1500,6,21700.0,4.4,21.7,1,1.0L-1.5L,Excellent
1125,Hyundai,Verna,2020,CNG,Manual,900000.0,12.3,1000,7,20100.0,9.0,20.1,4,Below 1.0L,Low
1126,Toyota,Innova,2017,Electric,Manual,2810000.0,15.4,2000,4,7200.0,28.1,7.2,7,1.5L-2.0L,Average
1127,Renault,Triber,2015,Petrol,Automatic,1990000.0,25.0,1000,6,9800.0,19.9,9.8,9,Below 1.0L,Good
1128,Honda,City,2017,CNG,Automatic,2080000.0,16.5,2000,4,8800.0,20.8,8.8,7,1.5L-2.0L,Average
1129,Mahindra,Scorpio,2022,Diesel,Automatic,1690000.0,27.8,800,5,8600.0,16.9,8.6,2,Below 1.0L,Excellent
1130,Toyota,Glanza,2015,Petrol,Automatic,410000.0,20.6,2000,7,15200.0,4.1,15.2,9,1.5L-2.0L,Good
1131,Renault,Kiger,2021,Electric,Automatic,3100000.0,12.2,2000,5,20600.0,31.0,20.6,3,1.5L-2.0L,Low
1132,Volkswagen,Tiguan,2020,CNG,Automatic,1640000.0,18.0,1000,7,11700.0,16.4,11.7,4,Below 1.0L,Average
1133,Mahindra,Scorpio,2018,CNG,Manual,3370000.0,18.0,1500,4,10200.0,33.7,10.2,6,1.0L-1.5L,Average
1134,Skoda,Kushaq,2018,Electric,Automatic,690000.0,11.8,1500,4,9800.0,6.9,9.8,6,1.0L-1.5L,Low
1135,Maruti Suzuki,Ertiga,2017,Diesel,Automatic,2310000.0,20.2,2000,4,9000.0,23.1,9.0,7,1.5L-2.0L,Good
1136,Maruti Suzuki,Ertiga,2019,Electric,Automatic,1250000.0,18.1,800,6,19100.0,12.5,19.1,5,Below 1.0L,Average
1137,Hyundai,Creta,2022,Petrol,Manual,1180000.0,24.6,800,6,15800.0,11.8,15.8,2,Below 1.0L,Good
1138,Renault,Kiger,2017,Diesel,Automatic,1040000.0,20.6,1000,5,16600.0,10.4,16.6,7,Below 1.0L,Good
1139,Mahindra,XUV700,2015,Electric,Manual,1350000.0,23.4,2000,5,6800.0,13.5,6.8,9,1.5L-2.0L,Good
1140,Maruti Suzuki,WagonR,2021,Petrol,Manual,580000.0,28.4,1500,6,20400.0,5.8,20.4,3,1.0L-1.5L,Excellent
1141,Honda,Amaze,2020,CNG,Automatic,2200000.0,26.7,2500,7,20400.0,22.0,20.4,4,2.0L-3.0L,Excellent
1142,Kia,Sonet,2017,Petrol,Manual,1540000.0,14.9,1200,5,17300.0,15.4,17.3,7,1.0L-1.5L,Low
1143,Tata Motors,Tiago,2016,CNG,Manual,490000.0,24.4,1200,6,9300.0,4.9,9.3,8,1.0L-1.5L,Good
1144,Maruti Suzuki,Baleno,2016,CNG,Manual,2930000.0,16.4,1200,4,12700.0,29.3,12.7,8,1.0L-1.5L,Average
1145,Hyundai,Verna,2015,Petrol,Manual,3040000.0,11.9,1000,5,22100.0,30.4,22.1,9,Below 1.0L,Low
1146,Skoda,Octavia,2021,CNG,Automatic,1720000.0,25.2,2500,7,22400.0,17.2,22.4,3,2.0L-3.0L,Excellent
1147,Toyota,Urban Cruiser,2016,CNG,Automatic,2090000.0,19.1,1800,7,17400.0,20.9,17.4,8,1.5L-2.0L,Average
1148,Renault,Duster,2017,Petrol,Automatic,3450000.0,26.2,1800,7,22000.0,34.5,22.0,7,1.5L-2.0L,Excellent
1149,Skoda,Octavia,2019,Electric,Manual,3490000.0,16.3,800,7,15100.0,34.9,15.1,5,Below 1.0L,Average
1150,Mahindra,Thar,2015,Petrol,Automatic,2150000.0,28.2,1800,4,18400.0,21.5,18.4,9,1.5L-2.0L,Excellent
1151,Maruti Suzuki,Ertiga,2018,Electric,Automatic,2740000.0,21.2,1200,5,18700.0,27.4,18.7,6,1.0L-1.5L,Good
1152,Hyundai,i10,2022,Diesel,Automatic,2600000.0,12.6,1800,5,19800.0,26.0,19.8,2,1.5L-2.0L,Low
1153,Hyundai,Venue,2015,CNG,Manual,3500000.0,14.3,1200,5,13800.0,35.0,13.8,9,1.0L-1.5L,Low
1154,Hyundai,Venue,2015,Diesel,Manual,3170000.0,20.3,1000,4,8300.0,31.7,8.3,9,Below 1.0L,Good
1155,Kia,Carens,2023,CNG,Automatic,1100000.0,22.2,2500,6,17400.0,11.0,17.4,1,2.0L-3.0L,Good
1156,Kia,Sonet,2019,Diesel,Manual,1240000.0,15.9,2500,6,18300.0,12.4,18.3,5,2.0L-3.0L,Average
1157,Skoda,Superb,2021,Petrol,Automatic,3230000.0,19.0,1200,4,6300.0,32.3,6.3,3,1.0L-1.5L,Average
1158,Renault,Lodgy,2021,Petrol,Manual,3350000.0,20.7,1800,6,14400.0,33.5,14.4,3,1.5L-2.0L,Good
1159,Kia,Seltos,2021,Diesel,Manual,2790000.0,25.7,1800,6,7400.0,27.9,7.4,3,1.5L-2.0L,Excellent
1160,Toyota,Urban Cruiser,2015,Petrol,Manual,850000.0,26.0,2500,6,11600.0,8.5,11.6,9,2.0L-3.0L,Excellent
1161,Maruti Suzuki,Swift,2020,CNG,Manual,2060000.0,19.9,2500,7,8900.0,20.6,8.9,4,2.0L-3.0L,Average
1162,Maruti Suzuki,Swift,2018,CNG,Automatic,3050000.0,10.8,1000,4,20700.0,30.5,20.7,6,Below 1.0L,Low
1163,Mahindra,Bolero,2020,Petrol,Manual,2320000.0,25.8,2000,5,19000.0,23.2,19.0,4,1.5L-2.0L,Excellent
1164,Kia,Carnival,2023,Diesel,Automatic,2770000.0,19.0,2000,4,16400.0,27.7,16.4,1,1.5L-2.0L,Average
1165,Toyota,Glanza,2020,Electric,Automatic,2520000.0,27.4,800,5,11600.0,25.2,11.6,4,Below 1.0L,Excellent
1166,Tata Motors,Punch,2020,Electric,Manual,1110000.0,26.0,1800,4,20000.0,11.1,20.0,4,1.5L-2.0L,Excellent
1167,Hyundai,Verna,2023,Electric,Manual,990000.0,30.0,1000,4,16100.0,9.9,16.1,1,Below 1.0L,Excellent
1168,Mahindra,XUV700,2015,Diesel,Manual,2660000.0,13.3,1800,5,17100.0,26.6,17.1,9,1.5L-2.0L,Low
1169,Hyundai,i10,2019,Diesel,Automatic,2000000.0,11.4,1200,5,14600.0,20.0,14.6,5,1.0L-1.5L,Low
1170,Hyundai,Verna,2020,Petrol,Manual,1120000.0,14.6,800,4,6900.0,11.2,6.9,4,Below 1.0L,Low
1171,Skoda,Slavia,2022,Diesel,Manual,1090000.0,15.3,1200,4,17900.0,10.9,17.9,2,1.0L-1.5L,Average
1172,Honda,Civic,2017,Petrol,Automatic,1850000.0,18.5,1800,7,14900.0,18.5,14.9,7,1.5L-2.0L,Average
1173,Maruti Suzuki,Dzire,2023,Electric,Automatic,2820000.0,14.2,2500,7,11300.0,28.2,11.3,1,2.0L-3.0L,Low
1174,Skoda,Slavia,2023,Petrol,Automatic,1180000.0,11.8,1500,5,5800.0,11.8,5.8,1,1.0L-1.5L,Low
1175,Maruti Suzuki,Baleno,2021,Petrol,Manual,3100000.0,28.5,1000,5,11300.0,31.0,11.3,3,Below 1.0L,Excellent
1176,Kia,Sonet,2024,Petrol,Automatic,3320000.0,28.6,1500,4,14000.0,33.2,14.0,0,1.0L-1.5L,Excellent
1177,Mahindra,Thar,2018,Electric,Manual,3330000.0,25.5,1500,5,21900.0,33.3,21.9,6,1.0L-1.5L,Excellent
1178,Hyundai,i10,2015,Electric,Manual,1440000.0,20.6,1200,6,11500.0,14.4,11.5,9,1.0L-1.5L,Good
1179,Tata Motors,Tiago,2023,Diesel,Manual,2340000.0,28.6,1500,7,24400.0,23.4,24.4,1,1.0L-1.5L,Excellent
1180,Kia,Seltos,2024,Petrol,Manual,610000.0,20.4,2000,7,23600.0,6.1,23.6,0,1.5L-2.0L,Good
1181,Kia,EV6,2020,Electric,Automatic,2030000.0,26.6,1000,7,17600.0,20.3,17.6,4,Below 1.0L,Excellent
1182,Kia,Sonet,2022,Electric,Automatic,2750000.0,19.2,1000,4,8000.0,27.5,8.0,2,Below 1.0L,Average
1183,Volkswagen,Vento,2016,Electric,Manual,3200000.0,20.7,1800,5,18400.0,32.0,18.4,8,1.5L-2.0L,Good
1184,Toyota,Innova,2019,Diesel,Automatic,2860000.0,17.8,1200,5,19700.0,28.6,19.7,5,1.0L-1.5L,Average
1185,Toyota,Innova,2017,Petrol,Automatic,780000.0,24.2,2500,4,24000.0,7.8,24.0,7,2.0L-3.0L,Good
1186,Skoda,Kushaq,2017,Electric,Manual,960000.0,29.8,1800,7,7400.0,9.6,7.4,7,1.5L-2.0L,Excellent
1187,Tata Motors,Harrier,2021,Diesel,Manual,2840000.0,24.9,1200,5,20100.0,28.4,20.1,3,1.0L-1.5L,Good
1188,Volkswagen,Vento,2022,Electric,Automatic,1890000.0,21.0,2500,7,15000.0,18.9,15.0,2,2.0L-3.0L,Good
1189,Hyundai,i20,2018,Diesel,Manual,2380000.0,25.0,1800,4,7500.0,23.8,7.5,6,1.5L-2.0L,Good
1190,Hyundai,Creta,2020,Petrol,Manual,490000.0,16.4,1000,7,11100.0,4.9,11.1,4,Below 1.0L,Average
1191,Kia,Sonet,2015,Electric,Manual,1240000.0,25.6,1800,4,22200.0,12.4,22.2,9,1.5L-2.0L,Excellent
1192,Renault,Duster,2018,Petrol,Automatic,460000.0,16.7,1500,7,18300.0,4.6,18.3,6,1.0L-1.5L,Average
1193,Kia,Carnival,2024,Diesel,Automatic,3230000.0,21.1,800,5,13100.0,32.3,13.1,0,Below 1.0L,Good
1194,Mahindra,Bolero,2017,Petrol,Manual,1240000.0,28.8,800,5,9600.0,12.4,9.6,7,Below 1.0L,Excellent
1195,Skoda,Slavia,2024,Petrol,Manual,3010000.0,10.5,800,5,13500.0,30.1,13.5,0,Below 1.0L,Low
1196,Mahindra,XUV700,2022,Petrol,Manual,1120000.0,28.7,1500,5,15800.0,11.2,15.8,2,1.0L-1.5L,Excellent
1197,Tata Motors,Nexon,2024,Petrol,Automatic,1620000.0,21.3,1000,5,8700.0,16.2,8.7,0,Below 1.0L,Good
1198,Volkswagen,Vento,2019,Electric,Manual,1020000.0,27.0,1200,5,13300.0,10.2,13.3,5,1.0L-1.5L,Excellent
1199,Honda,Jazz,2017,Electric,Automatic,930000.0,21.5,2000,7,15900.0,9.3,15.9,7,1.5L-2.0L,Good
1200,Honda,Amaze,2018,Petrol,Manual,3420000.0,12.3,1000,4,22500.0,34.2,22.5,6,Below 1.0L,Low
1201,Maruti Suzuki,Ertiga,2024,Petrol,Manual,1360000.0,16.2,2500,5,10400.0,13.6,10.4,0,2.0L-3.0L,Average
1202,Mahindra,XUV700,2017,Electric,Automatic,410000.0,10.6,2000,6,5000.0,4.1,5.0,7,1.5L-2.0L,Low
1203,Volkswagen,Polo,2023,Petrol,Manual,1380000.0,19.6,1500,6,12200.0,13.8,12.2,1,1.0L-1.5L,Average
1204,Renault,Duster,2017,Diesel,Manual,600000.0,24.4,800,7,20500.0,6.0,20.5,7,Below 1.0L,Good
1205,Tata Motors,Nexon,2018,Electric,Automatic,1740000.0,16.2,1500,7,23700.0,17.4,23.7,6,1.0L-1.5L,Average
1206,Skoda,Rapid,2020,Electric,Automatic,3390000.0,13.9,800,7,19400.0,33.9,19.4,4,Below 1.0L,Low
1207,Kia,Sonet,2015,Petrol,Automatic,930000.0,14.8,2000,4,21100.0,9.3,21.1,9,1.5L-2.0L,Low
1208,Honda,Jazz,2021,Diesel,Manual,1920000.0,19.1,800,5,16400.0,19.2,16.4,3,Below 1.0L,Average
1209,Mahindra,Thar,2017,CNG,Automatic,3210000.0,10.3,1000,4,20200.0,32.1,20.2,7,Below 1.0L,Low
1210,Honda,Civic,2016,Electric,Manual,1860000.0,12.2,2000,7,13000.0,18.6,13.0,8,1.5L-2.0L,Low
1211,Maruti Suzuki,Dzire,2020,Electric,Automatic,1520000.0,11.3,1200,6,6800.0,15.2,6.8,4,1.0L-1.5L,Low
1212,Volkswagen,Taigun,2022,Diesel,Automatic,2700000.0,13.8,1000,7,12700.0,27.0,12.7,2,Below 1.0L,Low
1213,Renault,Kiger,2019,CNG,Automatic,450000.0,22.8,2500,6,14600.0,4.5,14.6,5,2.0L-3.0L,Good
1214,Volkswagen,Polo,2019,CNG,Manual,2680000.0,11.6,1500,7,25000.0,26.8,25.0,5,1.0L-1.5L,Low
1215,Hyundai,Venue,2022,Diesel,Automatic,3060000.0,16.1,800,6,23500.0,30.6,23.5,2,Below 1.0L,Average
1216,Mahindra,Scorpio,2017,Petrol,Manual,1880000.0,14.5,1200,5,16800.0,18.8,16.8,7,1.0L-1.5L,Low
1217,Tata Motors,Altroz,2024,CNG,Automatic,3100000.0,11.4,800,7,21700.0,31.0,21.7,0,Below 1.0L,Low
1218,Tata Motors,Tiago,2021,CNG,Automatic,2500000.0,14.5,800,7,9600.0,25.0,9.6,3,Below 1.0L,Low
1219,Tata Motors,Nexon,2015,Diesel,Automatic,1890000.0,19.7,1000,7,17500.0,18.9,17.5,9,Below 1.0L,Average
1220,Renault,Kiger,2015,CNG,Automatic,1440000.0,16.7,800,7,15700.0,14.4,15.7,9,Below 1.0L,Average
1221,Tata Motors,Nexon,2020,Petrol,Manual,1290000.0,21.1,2500,6,24400.0,12.9,24.4,4,2.0L-3.0L,Good
1222,Toyota,Urban Cruiser,2016,Petrol,Automatic,3080000.0,16.7,1200,4,12400.0,30.8,12.4,8,1.0L-1.5L,Average
1223,Tata Motors,Tiago,2022,Electric,Manual,1180000.0,24.3,800,5,5400.0,11.8,5.4,2,Below 1.0L,Good
1224,Toyota,Camry,2021,Diesel,Automatic,2690000.0,19.7,1200,4,9500.0,26.9,9.5,3,1.0L-1.5L,Average
1225,Toyota,Fortuner,2020,Electric,Automatic,570000.0,15.1,1800,6,15400.0,5.7,15.4,4,1.5L-2.0L,Average
1226,Skoda,Rapid,2015,Diesel,Automatic,2950000.0,20.1,2500,7,16100.0,29.5,16.1,9,2.0L-3.0L,Good
1227,Skoda,Kushaq,2018,Petrol,Automatic,980000.0,17.1,2000,7,10300.0,9.8,10.3,6,1.5L-2.0L,Average
1228,Skoda,Rapid,2024,CNG,Manual,2500000.0,11.9,1200,7,11100.0,25.0,11.1,0,1.0L-1.5L,Low
1229,Maruti Suzuki,Swift,2023,Diesel,Manual,2580000.0,11.1,1200,4,17100.0,25.8,17.1,1,1.0L-1.5L,Low
1230,Honda,Civic,2017,Petrol,Automatic,2640000.0,11.2,1000,6,10100.0,26.4,10.1,7,Below 1.0L,Low
1231,Honda,Amaze,2016,Diesel,Manual,1810000.0,11.2,2500,5,13500.0,18.1,13.5,8,2.0L-3.0L,Low
1232,Mahindra,Bolero,2023,CNG,Manual,590000.0,26.6,800,4,15000.0,5.9,15.0,1,Below 1.0L,Excellent
1233,Maruti Suzuki,Ertiga,2015,CNG,Automatic,2010000.0,18.2,1000,7,5000.0,20.1,5.0,9,Below 1.0L,Average
1234,Honda,Civic,2024,Electric,Automatic,2000000.0,22.1,1200,6,22000.0,20.0,22.0,0,1.0L-1.5L,Good
1235,Maruti Suzuki,WagonR,2024,Diesel,Automatic,1930000.0,16.4,2000,6,21300.0,19.3,21.3,0,1.5L-2.0L,Average
1236,Volkswagen,Virtus,2019,CNG,Manual,2530000.0,25.5,1200,4,9300.0,25.3,9.3,5,1.0L-1.5L,Excellent
1237,Volkswagen,Tiguan,2021,CNG,Manual,1610000.0,14.7,1200,5,6600.0,16.1,6.6,3,1.0L-1.5L,Low
1238,Kia,Seltos,2017,Electric,Manual,650000.0,11.1,2000,7,20800.0,6.5,20.8,7,1.5L-2.0L,Low
1239,Kia,Sonet,2016,Diesel,Automatic,1310000.0,21.6,800,7,11400.0,13.1,11.4,8,Below 1.0L,Good
1240,Volkswagen,Taigun,2023,Diesel,Automatic,410000.0,19.0,1000,4,22600.0,4.1,22.6,1,Below 1.0L,Average
1241,Toyota,Innova,2024,Diesel,Automatic,660000.0,16.6,2500,7,9000.0,6.6,9.0,0,2.0L-3.0L,Average
1242,Volkswagen,Vento,2019,CNG,Manual,3050000.0,25.0,2500,7,15200.0,30.5,15.2,5,2.0L-3.0L,Good
1243,Toyota,Glanza,2022,Electric,Manual,2270000.0,24.7,2500,4,15500.0,22.7,15.5,2,2.0L-3.0L,Good
1244,Toyota,Camry,2024,Petrol,Manual,1950000.0,20.9,2500,6,5600.0,19.5,5.6,0,2.0L-3.0L,Good
1245,Skoda,Slavia,2019,Petrol,Automatic,2270000.0,18.9,1200,5,24000.0,22.7,24.0,5,1.0L-1.5L,Average
1246,Hyundai,i10,2019,Electric,Automatic,2340000.0,12.6,1800,5,6200.0,23.4,6.2,5,1.5L-2.0L,Low
1247,Hyundai,Venue,2017,Petrol,Automatic,1910000.0,24.3,1000,4,20000.0,19.1,20.0,7,Below 1.0L,Good
1248,Honda,Amaze,2024,Electric,Automatic,2510000.0,19.2,2000,4,8800.0,25.1,8.8,0,1.5L-2.0L,Average
1249,Toyota,Urban Cruiser,2023,CNG,Automatic,1090000.0,25.9,1800,6,8500.0,10.9,8.5,1,1.5L-2.0L,Excellent
1250,Kia,Sonet,2017,Electric,Automatic,1140000.0,26.4,1000,5,21400.0,11.4,21.4,7,Below 1.0L,Excellent
1251,Hyundai,i10,2024,Petrol,Automatic,450000.0,29.0,2000,4,24600.0,4.5,24.6,0,1.5L-2.0L,Excellent
1252,Toyota,Camry,2020,Petrol,Manual,880000.0,17.3,2500,5,7700.0,8.8,7.7,4,2.0L-3.0L,Average
1253,Hyundai,i10,2021,CNG,Automatic,1830000.0,11.7,1800,5,18900.0,18.3,18.9,3,1.5L-2.0L,Low
1254,Tata Motors,Nexon,2022,Electric,Automatic,2800000.0,17.0,1500,5,6000.0,28.0,6.0,2,1.0L-1.5L,Average
1255,Honda,Jazz,2015,Electric,Manual,560000.0,28.6,800,6,24200.0,5.6,24.2,9,Below 1.0L,Excellent
1256,Hyundai,Venue,2016,CNG,Automatic,1480000.0,16.0,1800,5,17900.0,14.8,17.9,8,1.5L-2.0L,Average
1257,Kia,Seltos,2017,CNG,Manual,430000.0,25.1,1800,5,21000.0,4.3,21.0,7,1.5L-2.0L,Excellent
1258,Kia,Carnival,2024,Petrol,Manual,3400000.0,25.4,1800,6,20500.0,34.0,20.5,0,1.5L-2.0L,Excellent
1259,Volkswagen,Taigun,2024,Diesel,Manual,680000.0,20.0,2500,6,8600.0,6.8,8.6,0,2.0L-3.0L,Average
1260,Maruti Suzuki,Dzire,2017,CNG,Manual,1190000.0,16.2,2500,7,8600.0,11.9,8.6,7,2.0L-3.0L,Average
1261,Tata Motors,Punch,2018,Diesel,Automatic,990000.0,18.5,1800,4,6100.0,9.9,6.1,6,1.5L-2.0L,Average
1262,Toyota,Fortuner,2023,Diesel,Manual,960000.0,10.6,1000,7,16100.0,9.6,16.1,1,Below 1.0L,Low
1263,Mahindra,XUV700,2017,Diesel,Manual,2740000.0,23.8,800,6,11000.0,27.4,11.0,7,Below 1.0L,Good
1264,Skoda,Rapid,2016,Electric,Manual,800000.0,26.5,800,5,15100.0,8.0,15.1,8,Below 1.0L,Excellent
1265,Toyota,Fortuner,2020,Electric,Automatic,670000.0,29.1,800,5,23300.0,6.7,23.3,4,Below 1.0L,Excellent
1266,Renault,Lodgy,2019,CNG,Automatic,2550000.0,17.1,800,4,19900.0,25.5,19.9,5,Below 1.0L,Average
1267,Volkswagen,Tiguan,2018,Petrol,Manual,2460000.0,27.0,2500,7,13000.0,24.6,13.0,6,2.0L-3.0L,Excellent
1268,Skoda,Kushaq,2015,CNG,Automatic,750000.0,22.5,1200,4,14900.0,7.5,14.9,9,1.0L-1.5L,Good
1269,Volkswagen,Taigun,2015,Electric,Manual,1810000.0,26.3,1000,5,15900.0,18.1,15.9,9,Below 1.0L,Excellent
1270,Maruti Suzuki,Ertiga,2024,Electric,Automatic,1200000.0,26.5,2500,6,6100.0,12.0,6.1,0,2.0L-3.0L,Excellent
1271,Tata Motors,Harrier,2019,Electric,Manual,870000.0,12.4,1800,7,11600.0,8.7,11.6,5,1.5L-2.0L,Low
1272,Hyundai,Venue,2023,Petrol,Automatic,870000.0,19.6,1500,5,6600.0,8.7,6.6,1,1.0L-1.5L,Average
1273,Mahindra,Bolero,2024,Electric,Automatic,3140000.0,18.2,1800,4,18800.0,31.4,18.8,0,1.5L-2.0L,Average
1274,Honda,Amaze,2019,Diesel,Manual,2550000.0,28.1,1000,5,8600.0,25.5,8.6,5,Below 1.0L,Excellent
1275,Hyundai,Venue,2016,Petrol,Manual,1520000.0,14.3,2500,7,21600.0,15.2,21.6,8,2.0L-3.0L,Low
1276,Toyota,Urban Cruiser,2019,Electric,Automatic,3230000.0,28.6,1000,6,24300.0,32.3,24.3,5,Below 1.0L,Excellent
1277,Skoda,Octavia,2016,Electric,Manual,1980000.0,23.3,2000,6,24700.0,19.8,24.7,8,1.5L-2.0L,Good
1278,Honda,WR-V,2022,Diesel,Automatic,3260000.0,10.7,2500,4,6200.0,32.6,6.2,2,2.0L-3.0L,Low
1279,Hyundai,Verna,2024,Petrol,Automatic,3100000.0,13.8,1200,7,7300.0,31.0,7.3,0,1.0L-1.5L,Low
1280,Toyota,Innova,2023,Electric,Manual,1710000.0,10.5,2000,7,10100.0,17.1,10.1,1,1.5L-2.0L,Low
1281,Kia,Seltos,2018,Diesel,Automatic,2830000.0,25.9,800,4,5200.0,28.3,5.2,6,Below 1.0L,Excellent
1282,Mahindra,Bolero,2020,Electric,Manual,1640000.0,10.4,1800,6,7100.0,16.4,7.1,4,1.5L-2.0L,Low
1283,Renault,Kwid,2022,Diesel,Manual,1500000.0,11.2,1200,7,22600.0,15.0,22.6,2,1.0L-1.5L,Low
1284,Skoda,Octavia,2019,Petrol,Automatic,1410000.0,17.5,2500,4,7500.0,14.1,7.5,5,2.0L-3.0L,Average
1285,Mahindra,Bolero,2020,Diesel,Automatic,1550000.0,28.1,800,4,22700.0,15.5,22.7,4,Below 1.0L,Excellent
1286,Skoda,Slavia,2020,Electric,Manual,400000.0,17.6,1500,7,19600.0,4.0,19.6,4,1.0L-1.5L,Average
1287,Skoda,Kushaq,2015,Diesel,Automatic,3180000.0,28.2,1800,4,17800.0,31.8,17.8,9,1.5L-2.0L,Excellent
1288,Toyota,Innova,2020,Diesel,Automatic,1950000.0,12.2,800,5,11700.0,19.5,11.7,4,Below 1.0L,Low
1289,Tata Motors,Tiago,2020,Petrol,Manual,730000.0,20.2,1500,4,23100.0,7.3,23.1,4,1.0L-1.5L,Good
1290,Skoda,Slavia,2023,Petrol,Manual,2820000.0,26.0,800,6,20200.0,28.2,20.2,1,Below 1.0L,Excellent
1291,Renault,Duster,2022,Petrol,Manual,1930000.0,11.8,2000,5,7300.0,19.3,7.3,2,1.5L-2.0L,Low
1292,Maruti Suzuki,WagonR,2021,Diesel,Manual,3220000.0,26.9,2500,7,19600.0,32.2,19.6,3,2.0L-3.0L,Excellent
1293,Volkswagen,Taigun,2018,Diesel,Manual,1230000.0,25.3,1800,5,10700.0,12.3,10.7,6,1.5L-2.0L,Excellent
1294,Mahindra,Scorpio,2015,Electric,Automatic,2060000.0,15.0,1800,4,14800.0,20.6,14.8,9,1.5L-2.0L,Low
1295,Volkswagen,Vento,2015,CNG,Manual,2950000.0,18.8,2000,4,12300.0,29.5,12.3,9,1.5L-2.0L,Average
1296,Tata Motors,Altroz,2022,CNG,Manual,1970000.0,15.4,800,4,15000.0,19.7,15.0,2,Below 1.0L,Average
1297,Hyundai,Venue,2021,Diesel,Automatic,1520000.0,25.0,800,4,9200.0,15.2,9.2,3,Below 1.0L,Good
1298,Maruti Suzuki,Baleno,2023,CNG,Automatic,2080000.0,18.4,2500,5,12200.0,20.8,12.2,1,2.0L-3.0L,Average
1299,Volkswagen,Taigun,2017,Diesel,Automatic,3440000.0,18.8,1800,7,15900.0,34.4,15.9,7,1.5L-2.0L,Average
1300,Hyundai,Venue,2017,CNG,Manual,1480000.0,19.3,1800,7,14000.0,14.8,14.0,7,1.5L-2.0L,Average
1301,Kia,Carens,2015,Petrol,Manual,1340000.0,16.0,800,7,13900.0,13.4,13.9,9,Below 1.0L,Average
1302,Tata Motors,Punch,2018,Petrol,Automatic,420000.0,14.1,1500,7,20700.0,4.2,20.7,6,1.0L-1.5L,Low
1303,Skoda,Kushaq,2024,CNG,Manual,1320000.0,11.7,1500,4,7700.0,13.2,7.7,0,1.0L-1.5L,Low
1304,Hyundai,i10,2023,CNG,Automatic,2360000.0,13.6,1200,6,23500.0,23.6,23.5,1,1.0L-1.5L,Low
1305,Kia,Carnival,2016,Petrol,Manual,1850000.0,10.6,1500,4,5200.0,18.5,5.2,8,1.0L-1.5L,Low
1306,Hyundai,Verna,2020,Diesel,Automatic,1850000.0,18.2,1500,6,13500.0,18.5,13.5,4,1.0L-1.5L,Average
1307,Hyundai,i20,2017,CNG,Manual,3490000.0,22.7,1500,4,13400.0,34.9,13.4,7,1.0L-1.5L,Good
1308,Maruti Suzuki,Dzire,2015,CNG,Automatic,1390000.0,29.2,1200,5,11500.0,13.9,11.5,9,1.0L-1.5L,Excellent
1309,Renault,Kwid,2021,Electric,Automatic,1250000.0,28.6,1500,5,9800.0,12.5,9.8,3,1.0L-1.5L,Excellent
1310,Honda,Amaze,2022,CNG,Manual,1850000.0,20.9,1000,5,21900.0,18.5,21.9,2,Below 1.0L,Good
1311,Renault,Kwid,2017,Diesel,Manual,2120000.0,14.3,800,5,19200.0,21.2,19.2,7,Below 1.0L,Low
1312,Kia,Carens,2023,Electric,Automatic,2390000.0,12.6,1200,5,21000.0,23.9,21.0,1,1.0L-1.5L,Low
1313,Kia,Seltos,2024,Electric,Automatic,1600000.0,14.7,2000,6,5800.0,16.0,5.8,0,1.5L-2.0L,Low
1314,Honda,WR-V,2019,Petrol,Automatic,3310000.0,10.8,2500,4,13200.0,33.1,13.2,5,2.0L-3.0L,Low
1315,Mahindra,XUV700,2022,Petrol,Manual,2210000.0,23.2,1500,6,21200.0,22.1,21.2,2,1.0L-1.5L,Good
1316,Honda,Jazz,2018,Electric,Manual,1260000.0,21.5,1800,4,11100.0,12.6,11.1,6,1.5L-2.0L,Good
1317,Renault,Kwid,2019,CNG,Manual,2860000.0,26.3,2500,7,9500.0,28.6,9.5,5,2.0L-3.0L,Excellent
1318,Hyundai,Creta,2020,CNG,Automatic,1800000.0,16.0,800,7,12800.0,18.0,12.8,4,Below 1.0L,Average
1319,Maruti Suzuki,Swift,2015,CNG,Automatic,1600000.0,12.3,1500,7,20000.0,16.0,20.0,9,1.0L-1.5L,Low
1320,Renault,Triber,2022,Electric,Manual,3300000.0,13.7,1200,5,24500.0,33.0,24.5,2,1.0L-1.5L,Low
1321,Kia,Sonet,2022,Diesel,Automatic,2350000.0,17.3,800,5,24200.0,23.5,24.2,2,Below 1.0L,Average
1322,Skoda,Kushaq,2018,Diesel,Automatic,2900000.0,11.5,1500,7,24300.0,29.0,24.3,6,1.0L-1.5L,Low
1323,Skoda,Superb,2015,Diesel,Manual,2710000.0,26.9,1200,6,15000.0,27.1,15.0,9,1.0L-1.5L,Excellent
1324,Skoda,Superb,2022,Electric,Manual,1200000.0,26.4,1000,5,20100.0,12.0,20.1,2,Below 1.0L,Excellent
1325,Tata Motors,Altroz,2016,CNG,Automatic,2740000.0,19.3,1800,4,21900.0,27.4,21.9,8,1.5L-2.0L,Average
1326,Kia,EV6,2021,Electric,Automatic,1390000.0,10.8,1500,7,18100.0,13.9,18.1,3,1.0L-1.5L,Low
1327,Mahindra,XUV700,2020,Electric,Manual,1950000.0,10.8,1800,6,9600.0,19.5,9.6,4,1.5L-2.0L,Low
1328,Maruti Suzuki,Swift,2016,Electric,Manual,860000.0,25.7,1800,5,15900.0,8.6,15.9,8,1.5L-2.0L,Excellent
1329,Hyundai,i20,2016,Electric,Manual,1320000.0,22.2,1800,4,16500.0,13.2,16.5,8,1.5L-2.0L,Good
1330,Renault,Triber,2017,Diesel,Automatic,780000.0,14.7,2500,5,8200.0,7.8,8.2,7,2.0L-3.0L,Low
1331,Toyota,Urban Cruiser,2017,Electric,Manual,3030000.0,26.0,2000,6,24700.0,30.3,24.7,7,1.5L-2.0L,Excellent
1332,Maruti Suzuki,Ertiga,2018,Electric,Automatic,2370000.0,23.2,1800,4,23500.0,23.7,23.5,6,1.5L-2.0L,Good
1333,Maruti Suzuki,Baleno,2023,Electric,Automatic,960000.0,20.6,1800,7,24600.0,9.6,24.6,1,1.5L-2.0L,Good
1334,Kia,Carnival,2019,Diesel,Automatic,470000.0,18.3,1000,6,7500.0,4.7,7.5,5,Below 1.0L,Average
1335,Renault,Duster,2024,Petrol,Manual,2390000.0,19.6,1500,6,17900.0,23.9,17.9,0,1.0L-1.5L,Average
1336,Mahindra,Thar,2023,CNG,Automatic,2160000.0,21.0,2000,4,6800.0,21.6,6.8,1,1.5L-2.0L,Good
1337,Hyundai,Verna,2020,Petrol,Automatic,620000.0,15.9,1800,6,18200.0,6.2,18.2,4,1.5L-2.0L,Average
1338,Kia,Carnival,2015,Electric,Manual,1040000.0,23.4,800,5,15000.0,10.4,15.0,9,Below 1.0L,Good
1339,Renault,Triber,2019,Electric,Automatic,2210000.0,26.8,1800,7,17800.0,22.1,17.8,5,1.5L-2.0L,Excellent
1340,Renault,Kiger,2023,Petrol,Manual,3140000.0,17.2,1500,6,15400.0,31.4,15.4,1,1.0L-1.5L,Average
1341,Renault,Duster,2020,Diesel,Manual,1010000.0,17.5,800,5,20100.0,10.1,20.1,4,Below 1.0L,Average
1342,Skoda,Superb,2017,CNG,Manual,3140000.0,25.8,800,4,22900.0,31.4,22.9,7,Below 1.0L,Excellent
1343,Skoda,Slavia,2019,Diesel,Manual,2940000.0,15.9,2000,7,6200.0,29.4,6.2,5,1.5L-2.0L,Average
1344,Tata Motors,Punch,2023,Diesel,Automatic,2070000.0,10.3,1800,4,5300.0,20.7,5.3,1,1.5L-2.0L,Low
1345,Skoda,Rapid,2023,Diesel,Automatic,1470000.0,24.2,800,5,14900.0,14.7,14.9,1,Below 1.0L,Good
1346,Maruti Suzuki,Dzire,2018,Diesel,Manual,1190000.0,14.4,800,4,20800.0,11.9,20.8,6,Below 1.0L,Low
1347,Maruti Suzuki,Baleno,2024,Petrol,Manual,1340000.0,19.8,1500,5,7700.0,13.4,7.7,0,1.0L-1.5L,Average
1348,Toyota,Innova,2021,CNG,Automatic,2840000.0,28.7,1000,6,17800.0,28.4,17.8,3,Below 1.0L,Excellent
1349,Toyota,Glanza,2015,Petrol,Automatic,2060000.0,16.6,2000,4,16400.0,20.6,16.4,9,1.5L-2.0L,Average
1350,Maruti Suzuki,WagonR,2019,Petrol,Automatic,1840000.0,11.0,1000,7,11800.0,18.4,11.8,5,Below 1.0L,Low
1351,Maruti Suzuki,Swift,2018,Diesel,Manual,470000.0,18.0,1500,4,8100.0,4.7,8.1,6,1.0L-1.5L,Average
1352,Maruti Suzuki,Baleno,2016,Electric,Manual,1440000.0,13.3,2500,4,16800.0,14.4,16.8,8,2.0L-3.0L,Low
1353,Toyota,Fortuner,2016,CNG,Automatic,1060000.0,29.4,800,6,14000.0,10.6,14.0,8,Below 1.0L,Excellent
1354,Kia,Carnival,2021,CNG,Automatic,1590000.0,16.1,2500,5,20800.0,15.9,20.8,3,2.0L-3.0L,Average
1355,Toyota,Camry,2024,Diesel,Manual,2460000.0,21.5,1800,4,19500.0,24.6,19.5,0,1.5L-2.0L,Good
1356,Maruti Suzuki,WagonR,2018,CNG,Automatic,3350000.0,21.1,2500,7,16600.0,33.5,16.6,6,2.0L-3.0L,Good
1357,Tata Motors,Altroz,2023,CNG,Manual,2440000.0,16.2,800,5,6500.0,24.4,6.5,1,Below 1.0L,Average
1358,Mahindra,Thar,2022,Electric,Automatic,2150000.0,22.3,1200,7,8300.0,21.5,8.3,2,1.0L-1.5L,Good
1359,Skoda,Superb,2021,Diesel,Manual,3400000.0,22.2,1500,4,10700.0,34.0,10.7,3,1.0L-1.5L,Good
1360,Mahindra,Thar,2017,CNG,Manual,480000.0,20.6,1000,5,8200.0,4.8,8.2,7,Below 1.0L,Good
1361,Honda,Amaze,2015,CNG,Automatic,2260000.0,11.5,1200,5,22500.0,22.6,22.5,9,1.0L-1.5L,Low
1362,Volkswagen,Tiguan,2017,Diesel,Manual,790000.0,28.6,2000,5,21600.0,7.9,21.6,7,1.5L-2.0L,Excellent
1363,Skoda,Octavia,2016,Electric,Manual,2730000.0,14.2,1500,4,14300.0,27.3,14.3,8,1.0L-1.5L,Low
1364,Mahindra,Scorpio,2016,CNG,Automatic,1050000.0,22.0,1800,6,24800.0,10.5,24.8,8,1.5L-2.0L,Good
1365,Hyundai,Venue,2022,CNG,Manual,650000.0,17.4,1800,6,18600.0,6.5,18.6,2,1.5L-2.0L,Average
1366,Maruti Suzuki,Baleno,2020,CNG,Manual,1050000.0,28.6,1800,4,9900.0,10.5,9.9,4,1.5L-2.0L,Excellent
1367,Mahindra,Scorpio,2015,CNG,Manual,2170000.0,28.8,800,7,11400.0,21.7,11.4,9,Below 1.0L,Excellent
1368,Hyundai,Creta,2016,CNG,Manual,580000.0,19.1,1200,4,11500.0,5.8,11.5,8,1.0L-1.5L,Average
1369,Maruti Suzuki,WagonR,2019,Diesel,Manual,2600000.0,28.1,1800,5,20100.0,26.0,20.1,5,1.5L-2.0L,Excellent
1370,Toyota,Glanza,2023,Diesel,Automatic,3040000.0,10.9,800,4,22600.0,30.4,22.6,1,Below 1.0L,Low
1371,Maruti Suzuki,Swift,2021,Petrol,Manual,3010000.0,12.1,2000,4,22400.0,30.1,22.4,3,1.5L-2.0L,Low
1372,Hyundai,Venue,2023,Diesel,Manual,1140000.0,22.1,2500,6,5300.0,11.4,5.3,1,2.0L-3.0L,Good
1373,Tata Motors,Nexon,2021,CNG,Manual,3080000.0,19.0,1000,6,9400.0,30.8,9.4,3,Below 1.0L,Average
1374,Tata Motors,Harrier,2018,Diesel,Manual,810000.0,17.8,800,4,6200.0,8.1,6.2,6,Below 1.0L,Average
1375,Kia,EV6,2020,Electric,Automatic,1810000.0,14.5,2500,5,15500.0,18.1,15.5,4,2.0L-3.0L,Low
1376,Volkswagen,Taigun,2016,Petrol,Manual,2200000.0,17.5,1000,5,21500.0,22.0,21.5,8,Below 1.0L,Average
1377,Hyundai,i20,2015,Electric,Manual,2790000.0,12.5,1200,6,17200.0,27.9,17.2,9,1.0L-1.5L,Low
1378,Skoda,Rapid,2020,CNG,Automatic,1010000.0,14.8,2500,4,17600.0,10.1,17.6,4,2.0L-3.0L,Low
1379,Mahindra,Scorpio,2019,Electric,Automatic,2350000.0,11.1,800,6,5900.0,23.5,5.9,5,Below 1.0L,Low
1380,Skoda,Octavia,2016,Electric,Automatic,810000.0,29.6,800,5,19000.0,8.1,19.0,8,Below 1.0L,Excellent
1381,Maruti Suzuki,Ertiga,2021,Electric,Manual,3480000.0,10.6,2500,4,19300.0,34.8,19.3,3,2.0L-3.0L,Low
1382,Volkswagen,Taigun,2022,CNG,Automatic,3290000.0,12.0,800,6,17800.0,32.9,17.8,2,Below 1.0L,Low
1383,Volkswagen,Virtus,2015,Diesel,Automatic,2140000.0,24.0,800,6,10500.0,21.4,10.5,9,Below 1.0L,Good
1384,Renault,Duster,2016,CNG,Manual,1980000.0,26.1,1500,5,10800.0,19.8,10.8,8,1.0L-1.5L,Excellent
1385,Mahindra,Thar,2018,Petrol,Manual,3360000.0,11.2,1000,7,14100.0,33.6,14.1,6,Below 1.0L,Low
1386,Toyota,Urban Cruiser,2021,Diesel,Manual,2770000.0,10.3,1000,7,24700.0,27.7,24.7,3,Below 1.0L,Low
1387,Tata Motors,Punch,2019,CNG,Automatic,3370000.0,13.0,1800,7,6000.0,33.7,6.0,5,1.5L-2.0L,Low
1388,Skoda,Superb,2016,Electric,Automatic,1890000.0,23.2,1800,6,11200.0,18.9,11.2,8,1.5L-2.0L,Good
1389,Toyota,Fortuner,2022,Electric,Automatic,1950000.0,15.6,800,7,15700.0,19.5,15.7,2,Below 1.0L,Average
1390,Maruti Suzuki,Ertiga,2018,Electric,Manual,1920000.0,27.6,1500,4,22600.0,19.2,22.6,6,1.0L-1.5L,Excellent
1391,Skoda,Octavia,2021,CNG,Manual,1720000.0,12.3,1500,5,15800.0,17.2,15.8,3,1.0L-1.5L,Low
1392,Hyundai,Venue,2019,Petrol,Automatic,800000.0,24.2,1500,7,13100.0,8.0,13.1,5,1.0L-1.5L,Good
1393,Tata Motors,Altroz,2017,Petrol,Automatic,2840000.0,27.7,1500,4,6900.0,28.4,6.9,7,1.0L-1.5L,Excellent
1394,Tata Motors,Harrier,2020,Petrol,Automatic,1850000.0,16.8,800,4,10800.0,18.5,10.8,4,Below 1.0L,Average
1395,Honda,Jazz,2023,Petrol,Automatic,680000.0,29.0,1500,4,20000.0,6.8,20.0,1,1.0L-1.5L,Excellent
1396,Tata Motors,Nexon,2024,CNG,Automatic,2690000.0,25.7,1200,5,14600.0,26.9,14.6,0,1.0L-1.5L,Excellent
1397,Volkswagen,Virtus,2021,Petrol,Automatic,1630000.0,26.2,1800,7,9500.0,16.3,9.5,3,1.5L-2.0L,Excellent
1398,Hyundai,i20,2021,CNG,Automatic,1050000.0,11.7,2000,6,7800.0,10.5,7.8,3,1.5L-2.0L,Low
1399,Skoda,Slavia,2017,Diesel,Automatic,1990000.0,29.8,2500,4,13000.0,19.9,13.0,7,2.0L-3.0L,Excellent
1400,Volkswagen,Virtus,2024,Diesel,Automatic,1290000.0,27.4,800,5,13200.0,12.9,13.2,0,Below 1.0L,Excellent
1401,Hyundai,i10,2018,CNG,Automatic,3040000.0,13.8,1800,6,23400.0,30.4,23.4,6,1.5L-2.0L,Low
1402,Honda,WR-V,2021,Electric,Manual,1790000.0,27.4,2000,5,9200.0,17.9,9.2,3,1.5L-2.0L,Excellent
1403,Hyundai,i10,2023,Diesel,Manual,530000.0,13.7,2000,5,20800.0,5.3,20.8,1,1.5L-2.0L,Low
1404,Maruti Suzuki,Baleno,2020,Petrol,Automatic,1720000.0,16.7,2500,5,24700.0,17.2,24.7,4,2.0L-3.0L,Average
1405,Toyota,Glanza,2016,Diesel,Automatic,2050000.0,22.7,1800,4,7500.0,20.5,7.5,8,1.5L-2.0L,Good
1406,Maruti Suzuki,Dzire,2021,CNG,Automatic,490000.0,19.5,2000,7,7700.0,4.9,7.7,3,1.5L-2.0L,Average
1407,Toyota,Innova,2024,Electric,Automatic,2980000.0,24.4,1800,4,7400.0,29.8,7.4,0,1.5L-2.0L,Good
1408,Honda,Jazz,2017,Electric,Automatic,1270000.0,28.3,1800,5,16500.0,12.7,16.5,7,1.5L-2.0L,Excellent
1409,Hyundai,Venue,2020,Diesel,Manual,1980000.0,24.0,1500,6,16100.0,19.8,16.1,4,1.0L-1.5L,Good
1410,Toyota,Innova,2015,Electric,Automatic,2110000.0,23.7,1800,5,19400.0,21.1,19.4,9,1.5L-2.0L,Good
1411,Honda,Civic,2023,Electric,Manual,2980000.0,21.9,2500,4,21800.0,29.8,21.8,1,2.0L-3.0L,Good
1412,Skoda,Slavia,2016,Petrol,Automatic,960000.0,27.2,2500,6,18400.0,9.6,18.4,8,2.0L-3.0L,Excellent
1413,Tata Motors,Tiago,2016,CNG,Manual,2870000.0,20.3,1500,6,8700.0,28.7,8.7,8,1.0L-1.5L,Good
1414,Skoda,Rapid,2017,Petrol,Manual,1620000.0,27.4,800,6,8000.0,16.2,8.0,7,Below 1.0L,Excellent
1415,Honda,Jazz,2015,Electric,Manual,2920000.0,14.7,1000,6,12400.0,29.2,12.4,9,Below 1.0L,Low
1416,Kia,Seltos,2022,Electric,Manual,1530000.0,19.0,2000,7,15500.0,15.3,15.5,2,1.5L-2.0L,Average
1417,Hyundai,Verna,2024,Electric,Automatic,450000.0,24.4,2500,6,10100.0,4.5,10.1,0,2.0L-3.0L,Good
1418,Tata Motors,Nexon,2018,Electric,Automatic,1050000.0,28.4,1000,7,7500.0,10.5,7.5,6,Below 1.0L,Excellent
1419,Tata Motors,Nexon,2016,Diesel,Manual,1220000.0,29.2,1500,6,18700.0,12.2,18.7,8,1.0L-1.5L,Excellent
1420,Honda,Jazz,2017,Petrol,Automatic,840000.0,10.9,2000,5,11600.0,8.4,11.6,7,1.5L-2.0L,Low
1421,Hyundai,Verna,2016,Electric,Manual,2810000.0,19.3,800,5,24700.0,28.1,24.7,8,Below 1.0L,Average
1422,Hyundai,Creta,2024,Electric,Automatic,490000.0,29.8,1200,7,7800.0,4.9,7.8,0,1.0L-1.5L,Excellent
1423,Toyota,Innova,2021,CNG,Automatic,3320000.0,27.0,2000,6,18600.0,33.2,18.6,3,1.5L-2.0L,Excellent
1424,Skoda,Octavia,2017,Electric,Manual,2520000.0,29.4,2000,5,8900.0,25.2,8.9,7,1.5L-2.0L,Excellent
1425,Honda,Amaze,2016,Electric,Automatic,3050000.0,26.2,1800,5,11300.0,30.5,11.3,8,1.5L-2.0L,Excellent
1426,Toyota,Camry,2022,Petrol,Manual,2670000.0,16.1,800,5,20800.0,26.7,20.8,2,Below 1.0L,Average
1427,Kia,EV6,2020,CNG,Automatic,3050000.0,22.6,2000,7,22500.0,30.5,22.5,4,1.5L-2.0L,Good
1428,Tata Motors,Harrier,2018,Diesel,Automatic,3010000.0,15.5,800,6,20400.0,30.1,20.4,6,Below 1.0L,Average
1429,Honda,City,2024,CNG,Manual,2400000.0,10.4,1800,4,14200.0,24.0,14.2,0,1.5L-2.0L,Low
1430,Mahindra,XUV700,2022,CNG,Automatic,1860000.0,20.9,2500,6,12700.0,18.6,12.7,2,2.0L-3.0L,Good
1431,Maruti Suzuki,Ertiga,2020,Petrol,Manual,1150000.0,29.6,1000,4,21300.0,11.5,21.3,4,Below 1.0L,Excellent
1432,Toyota,Innova,2022,CNG,Automatic,1960000.0,17.4,800,6,18000.0,19.6,18.0,2,Below 1.0L,Average
1433,Kia,Carnival,2022,Electric,Manual,2950000.0,24.1,1200,4,6300.0,29.5,6.3,2,1.0L-1.5L,Good
1434,Kia,EV6,2020,Petrol,Manual,3230000.0,29.3,1800,4,5300.0,32.3,5.3,4,1.5L-2.0L,Excellent
1435,Renault,Lodgy,2021,Diesel,Manual,2310000.0,18.2,800,7,12700.0,23.1,12.7,3,Below 1.0L,Average
1436,Renault,Duster,2016,Diesel,Manual,430000.0,17.5,1200,7,24300.0,4.3,24.3,8,1.0L-1.5L,Average
1437,Mahindra,XUV300,2019,Petrol,Manual,830000.0,14.0,1200,6,10100.0,8.3,10.1,5,1.0L-1.5L,Low
1438,Skoda,Octavia,2023,Petrol,Automatic,1830000.0,28.2,1500,7,13700.0,18.3,13.7,1,1.0L-1.5L,Excellent
1439,Skoda,Superb,2021,CNG,Manual,2100000.0,14.1,1500,6,9200.0,21.0,9.2,3,1.0L-1.5L,Low
1440,Toyota,Innova,2021,Diesel,Automatic,830000.0,13.3,800,6,14100.0,8.3,14.1,3,Below 1.0L,Low
1441,Skoda,Kushaq,2023,Diesel,Automatic,2580000.0,18.6,1200,4,15500.0,25.8,15.5,1,1.0L-1.5L,Average
1442,Mahindra,XUV700,2023,CNG,Automatic,1790000.0,27.6,2500,5,15000.0,17.9,15.0,1,2.0L-3.0L,Excellent
1443,Mahindra,Bolero,2015,Electric,Automatic,750000.0,24.1,1000,6,24700.0,7.5,24.7,9,Below 1.0L,Good
1444,Tata Motors,Nexon,2020,CNG,Manual,3090000.0,21.4,1500,4,7100.0,30.9,7.1,4,1.0L-1.5L,Good
1445,Renault,Duster,2018,Petrol,Automatic,2400000.0,28.8,1500,6,25000.0,24.0,25.0,6,1.0L-1.5L,Excellent
1446,Skoda,Kushaq,2017,CNG,Automatic,920000.0,18.0,1800,4,7300.0,9.2,7.3,7,1.5L-2.0L,Average
1447,Honda,Amaze,2024,CNG,Manual,1450000.0,14.9,2000,5,17100.0,14.5,17.1,0,1.5L-2.0L,Low
1448,Mahindra,Bolero,2022,Electric,Automatic,1710000.0,17.8,1500,6,24800.0,17.1,24.8,2,1.0L-1.5L,Average
1449,Tata Motors,Harrier,2023,Petrol,Manual,3220000.0,16.6,1800,6,21000.0,32.2,21.0,1,1.5L-2.0L,Average
1450,Tata Motors,Punch,2020,CNG,Manual,3020000.0,17.7,1000,4,15700.0,30.2,15.7,4,Below 1.0L,Average
1451,Volkswagen,Virtus,2022,Electric,Manual,1680000.0,17.7,1200,6,20400.0,16.8,20.4,2,1.0L-1.5L,Average
1452,Skoda,Rapid,2021,Electric,Automatic,2740000.0,22.0,1000,6,18600.0,27.4,18.6,3,Below 1.0L,Good
1453,Mahindra,Thar,2020,Diesel,Manual,1700000.0,21.8,1800,6,9000.0,17.0,9.0,4,1.5L-2.0L,Good
1454,Tata Motors,Harrier,2024,Diesel,Automatic,2640000.0,20.8,1000,7,14700.0,26.4,14.7,0,Below 1.0L,Good
1455,Volkswagen,Virtus,2021,Electric,Automatic,1010000.0,10.7,2000,5,18400.0,10.1,18.4,3,1.5L-2.0L,Low
1456,Mahindra,XUV300,2023,Petrol,Manual,1020000.0,14.9,800,4,8900.0,10.2,8.9,1,Below 1.0L,Low
1457,Hyundai,i20,2017,Diesel,Automatic,1910000.0,12.7,800,6,6100.0,19.1,6.1,7,Below 1.0L,Low
1458,Hyundai,i20,2019,CNG,Automatic,3180000.0,17.4,800,7,19400.0,31.8,19.4,5,Below 1.0L,Average
1459,Mahindra,Thar,2023,Diesel,Manual,1680000.0,10.4,1200,4,14900.0,16.8,14.9,1,1.0L-1.5L,Low
1460,Tata Motors,Punch,2024,Diesel,Manual,450000.0,23.0,1200,6,6300.0,4.5,6.3,0,1.0L-1.5L,Good
1461,Toyota,Glanza,2019,CNG,Automatic,2510000.0,28.2,1800,7,22500.0,25.1,22.5,5,1.5L-2.0L,Excellent
1462,Volkswagen,Vento,2017,Electric,Automatic,3050000.0,10.3,800,7,22500.0,30.5,22.5,7,Below 1.0L,Low
1463,Toyota,Camry,2022,Petrol,Automatic,2980000.0,21.0,1800,4,18400.0,29.8,18.4,2,1.5L-2.0L,Good
1464,Tata Motors,Altroz,2018,CNG,Manual,1500000.0,22.2,2500,7,10000.0,15.0,10.0,6,2.0L-3.0L,Good
1465,Kia,Carnival,2020,Petrol,Manual,1720000.0,21.9,800,6,19800.0,17.2,19.8,4,Below 1.0L,Good
1466,Kia,Sonet,2016,CNG,Automatic,1800000.0,24.7,1200,6,20900.0,18.0,20.9,8,1.0L-1.5L,Good
1467,Kia,Carens,2020,CNG,Automatic,2950000.0,25.9,1000,4,20100.0,29.5,20.1,4,Below 1.0L,Excellent
1468,Maruti Suzuki,Ertiga,2021,CNG,Automatic,1510000.0,24.1,2000,5,14600.0,15.1,14.6,3,1.5L-2.0L,Good
1469,Volkswagen,Virtus,2020,CNG,Manual,1130000.0,13.6,800,4,24900.0,11.3,24.9,4,Below 1.0L,Low
1470,Tata Motors,Tiago,2017,Diesel,Manual,3310000.0,13.4,800,4,22600.0,33.1,22.6,7,Below 1.0L,Low
1471,Maruti Suzuki,Dzire,2021,Petrol,Manual,1390000.0,24.8,2500,6,23900.0,13.9,23.9,3,2.0L-3.0L,Good
1472,Hyundai,i10,2019,Diesel,Automatic,1470000.0,20.4,1200,4,23700.0,14.7,23.7,5,1.0L-1.5L,Good
1473,Skoda,Kushaq,2023,Diesel,Automatic,2260000.0,29.4,1200,5,6700.0,22.6,6.7,1,1.0L-1.5L,Excellent
1474,Hyundai,Verna,2020,Petrol,Manual,760000.0,14.3,1200,7,10700.0,7.6,10.7,4,1.0L-1.5L,Low
1475,Kia,EV6,2019,Diesel,Manual,840000.0,29.8,2000,5,13300.0,8.4,13.3,5,1.5L-2.0L,Excellent
1476,Mahindra,Thar,2017,CNG,Automatic,2940000.0,14.9,1500,4,11300.0,29.4,11.3,7,1.0L-1.5L,Low
1477,Toyota,Innova,2020,CNG,Automatic,1650000.0,19.4,1500,6,16000.0,16.5,16.0,4,1.0L-1.5L,Average
1478,Tata Motors,Punch,2024,CNG,Manual,1010000.0,10.4,2000,6,24900.0,10.1,24.9,0,1.5L-2.0L,Low
1479,Tata Motors,Harrier,2017,Diesel,Automatic,2640000.0,21.0,1800,5,20600.0,26.4,20.6,7,1.5L-2.0L,Good
1480,Honda,City,2016,Petrol,Manual,2750000.0,25.9,2000,6,7600.0,27.5,7.6,8,1.5L-2.0L,Excellent
1481,Renault,Kwid,2020,CNG,Manual,1860000.0,26.0,800,6,8000.0,18.6,8.0,4,Below 1.0L,Excellent
1482,Skoda,Rapid,2017,Petrol,Manual,1640000.0,21.5,2000,7,17500.0,16.4,17.5,7,1.5L-2.0L,Good
1483,Volkswagen,Polo,2017,CNG,Automatic,1440000.0,12.9,1200,4,5400.0,14.4,5.4,7,1.0L-1.5L,Low
1484,Skoda,Rapid,2021,Electric,Manual,2220000.0,14.1,2000,6,20200.0,22.2,20.2,3,1.5L-2.0L,Low
1485,Renault,Triber,2024,Petrol,Automatic,2730000.0,12.3,1500,4,14400.0,27.3,14.4,0,1.0L-1.5L,Low
1486,Mahindra,XUV300,2023,Diesel,Manual,580000.0,16.6,2000,7,20900.0,5.8,20.9,1,1.5L-2.0L,Average
1487,Maruti Suzuki,Baleno,2022,CNG,Automatic,450000.0,11.2,2000,4,23700.0,4.5,23.7,2,1.5L-2.0L,Low
1488,Skoda,Octavia,2015,Petrol,Manual,2460000.0,13.4,800,7,14300.0,24.6,14.3,9,Below 1.0L,Low
1489,Volkswagen,Taigun,2015,CNG,Manual,2000000.0,29.8,2500,4,18200.0,20.0,18.2,9,2.0L-3.0L,Excellent
1490,Mahindra,XUV700,2015,Petrol,Manual,1760000.0,13.0,1200,5,14300.0,17.6,14.3,9,1.0L-1.5L,Low
1491,Tata Motors,Harrier,2021,CNG,Manual,500000.0,17.9,2000,4,17800.0,5.0,17.8,3,1.5L-2.0L,Average
1492,Kia,Carnival,2019,Diesel,Manual,3320000.0,21.3,1800,4,14700.0,33.2,14.7,5,1.5L-2.0L,Good
1493,Tata Motors,Altroz,2022,Petrol,Automatic,1170000.0,21.1,1200,7,8500.0,11.7,8.5,2,1.0L-1.5L,Good
1494,Maruti Suzuki,Baleno,2017,Diesel,Manual,2060000.0,13.6,1800,5,17700.0,20.6,17.7,7,1.5L-2.0L,Low
1495,Honda,Civic,2015,CNG,Manual,3470000.0,29.4,2000,6,11500.0,34.7,11.5,9,1.5L-2.0L,Excellent
1496,Maruti Suzuki,Swift,2021,Petrol,Automatic,700000.0,21.1,1000,5,22700.0,7.0,22.7,3,Below 1.0L,Good
1497,Tata Motors,Nexon,2023,CNG,Automatic,3180000.0,10.6,2000,5,9200.0,31.8,9.2,1,1.5L-2.0L,Low
1498,Hyundai,Creta,2015,CNG,Manual,1910000.0,10.1,2500,6,7500.0,19.1,7.5,9,2.0L-3.0L,Low
1499,Mahindra,XUV700,2018,Petrol,Manual,720000.0,28.8,1000,6,23800.0,7.2,23.8,6,Below 1.0L,Excellent
1500,Toyota,Innova,2022,CNG,Automatic,1200000.0,23.9,1800,6,24900.0,12.0,24.9,2,1.5L-2.0L,Good
1501,Honda,City,2023,Diesel,Manual,980000.0,22.7,1500,4,16600.0,9.8,16.6,1,1.0L-1.5L,Good
1502,Maruti Suzuki,Baleno,2016,Electric,Automatic,1810000.0,24.6,1500,6,24100.0,18.1,24.1,8,1.0L-1.5L,Good
1503,Toyota,Fortuner,2017,Electric,Automatic,3150000.0,20.7,2500,7,11900.0,31.5,11.9,7,2.0L-3.0L,Good
1504,Kia,EV6,2020,Petrol,Automatic,400000.0,26.4,2500,4,13300.0,4.0,13.3,4,2.0L-3.0L,Excellent
1505,Volkswagen,Virtus,2015,Diesel,Manual,1410000.0,22.1,1000,4,12700.0,14.1,12.7,9,Below 1.0L,Good
1506,Toyota,Urban Cruiser,2018,CNG,Automatic,2100000.0,14.5,1000,5,15400.0,21.0,15.4,6,Below 1.0L,Low
1507,Honda,WR-V,2017,Diesel,Automatic,3390000.0,13.9,1500,6,20100.0,33.9,20.1,7,1.0L-1.5L,Low
1508,Renault,Kwid,2021,Electric,Manual,1720000.0,15.7,1800,4,7800.0,17.2,7.8,3,1.5L-2.0L,Average
1509,Skoda,Slavia,2020,Petrol,Manual,410000.0,24.3,2000,7,6100.0,4.1,6.1,4,1.5L-2.0L,Good
1510,Renault,Kiger,2019,CNG,Manual,420000.0,16.2,1500,6,7600.0,4.2,7.6,5,1.0L-1.5L,Average
1511,Honda,Civic,2022,CNG,Automatic,880000.0,24.3,1800,5,24200.0,8.8,24.2,2,1.5L-2.0L,Good
1512,Tata Motors,Nexon,2022,Petrol,Automatic,1720000.0,21.8,1800,5,14700.0,17.2,14.7,2,1.5L-2.0L,Good
1513,Renault,Lodgy,2019,Diesel,Automatic,2790000.0,14.3,2500,7,23000.0,27.9,23.0,5,2.0L-3.0L,Low
1514,Toyota,Urban Cruiser,2019,Electric,Automatic,2640000.0,21.8,800,4,23300.0,26.4,23.3,5,Below 1.0L,Good
1515,Maruti Suzuki,WagonR,2019,Petrol,Manual,890000.0,16.7,1800,6,16500.0,8.9,16.5,5,1.5L-2.0L,Average
1516,Tata Motors,Nexon,2019,Diesel,Automatic,2630000.0,14.4,2500,4,12700.0,26.3,12.7,5,2.0L-3.0L,Low
1517,Honda,Amaze,2022,Diesel,Automatic,1170000.0,22.5,2000,6,15600.0,11.7,15.6,2,1.5L-2.0L,Good
1518,Volkswagen,Taigun,2022,Petrol,Automatic,3440000.0,20.4,2000,6,19000.0,34.4,19.0,2,1.5L-2.0L,Good
1519,Maruti Suzuki,WagonR,2023,Diesel,Automatic,2720000.0,16.8,2000,7,16900.0,27.2,16.9,1,1.5L-2.0L,Average
1520,Toyota,Fortuner,2020,Diesel,Manual,1530000.0,19.1,1000,5,16100.0,15.3,16.1,4,Below 1.0L,Average
1521,Hyundai,i20,2024,Diesel,Automatic,720000.0,16.7,1800,5,6400.0,7.2,6.4,0,1.5L-2.0L,Average
1522,Maruti Suzuki,Dzire,2024,CNG,Automatic,1420000.0,29.5,2000,6,12200.0,14.2,12.2,0,1.5L-2.0L,Excellent
1523,Volkswagen,Polo,2016,Electric,Manual,2310000.0,15.9,800,5,6400.0,23.1,6.4,8,Below 1.0L,Average
1524,Tata Motors,Harrier,2023,Petrol,Automatic,1250000.0,29.4,1200,6,21400.0,12.5,21.4,1,1.0L-1.5L,Excellent
1525,Skoda,Superb,2015,Petrol,Manual,1410000.0,25.3,2000,7,20600.0,14.1,20.6,9,1.5L-2.0L,Excellent
1526,Honda,City,2019,Electric,Manual,3250000.0,15.5,1200,5,9000.0,32.5,9.0,5,1.0L-1.5L,Average
1527,Hyundai,Creta,2015,Diesel,Manual,2850000.0,11.6,1500,5,11000.0,28.5,11.0,9,1.0L-1.5L,Low
1528,Tata Motors,Nexon,2016,Diesel,Manual,3250000.0,20.3,1800,5,20400.0,32.5,20.4,8,1.5L-2.0L,Good
1529,Tata Motors,Nexon,2023,CNG,Manual,550000.0,27.3,1800,5,18000.0,5.5,18.0,1,1.5L-2.0L,Excellent
1530,Hyundai,Venue,2023,Electric,Manual,1230000.0,23.8,2000,5,23200.0,12.3,23.2,1,1.5L-2.0L,Good
1531,Maruti Suzuki,Baleno,2017,Petrol,Automatic,790000.0,18.7,1000,6,22000.0,7.9,22.0,7,Below 1.0L,Average
1532,Volkswagen,Virtus,2018,Diesel,Automatic,780000.0,13.3,1800,6,9200.0,7.8,9.2,6,1.5L-2.0L,Low
1533,Volkswagen,Taigun,2024,Petrol,Manual,1460000.0,21.6,800,4,10300.0,14.6,10.3,0,Below 1.0L,Good
1534,Hyundai,Creta,2015,Petrol,Manual,2200000.0,22.1,2000,5,10000.0,22.0,10.0,9,1.5L-2.0L,Good
1535,Tata Motors,Tiago,2021,Petrol,Automatic,1510000.0,24.1,800,6,11100.0,15.1,11.1,3,Below 1.0L,Good
1536,Toyota,Camry,2023,Diesel,Manual,2090000.0,11.2,2500,6,23600.0,20.9,23.6,1,2.0L-3.0L,Low
1537,Honda,WR-V,2019,CNG,Manual,2360000.0,13.8,2000,5,13200.0,23.6,13.2,5,1.5L-2.0L,Low
1538,Hyundai,i10,2021,Diesel,Manual,2260000.0,24.7,2000,5,13700.0,22.6,13.7,3,1.5L-2.0L,Good
1539,Renault,Duster,2017,Petrol,Manual,3320000.0,29.2,2000,6,5600.0,33.2,5.6,7,1.5L-2.0L,Excellent
1540,Kia,EV6,2017,Electric,Manual,2920000.0,25.3,1200,4,18600.0,29.2,18.6,7,1.0L-1.5L,Excellent
1541,Renault,Duster,2017,Electric,Manual,2480000.0,24.3,2000,5,12500.0,24.8,12.5,7,1.5L-2.0L,Good
1542,Mahindra,Bolero,2024,Electric,Manual,1380000.0,13.9,1200,7,12700.0,13.8,12.7,0,1.0L-1.5L,Low
1543,Skoda,Octavia,2023,Electric,Automatic,1640000.0,11.0,2000,5,14100.0,16.4,14.1,1,1.5L-2.0L,Low
1544,Renault,Triber,2016,Electric,Automatic,2450000.0,13.4,1500,4,21200.0,24.5,21.2,8,1.0L-1.5L,Low
1545,Toyota,Innova,2015,CNG,Automatic,2120000.0,11.5,800,7,21100.0,21.2,21.1,9,Below 1.0L,Low
1546,Skoda,Slavia,2017,Petrol,Automatic,2410000.0,25.9,2000,6,20700.0,24.1,20.7,7,1.5L-2.0L,Excellent
1547,Renault,Kiger,2023,Electric,Automatic,1320000.0,23.3,1200,5,15100.0,13.2,15.1,1,1.0L-1.5L,Good
1548,Mahindra,XUV700,2022,Petrol,Manual,2160000.0,25.0,2500,5,24600.0,21.6,24.6,2,2.0L-3.0L,Good
1549,Hyundai,i20,2024,Petrol,Manual,2950000.0,13.1,1500,7,17800.0,29.5,17.8,0,1.0L-1.5L,Low
1550,Hyundai,Creta,2015,Diesel,Manual,1700000.0,22.5,1000,7,24300.0,17.0,24.3,9,Below 1.0L,Good
1551,Maruti Suzuki,Swift,2017,Diesel,Manual,1890000.0,16.8,1200,4,19200.0,18.9,19.2,7,1.0L-1.5L,Average
1552,Honda,WR-V,2024,Petrol,Manual,1240000.0,11.2,2000,5,16000.0,12.4,16.0,0,1.5L-2.0L,Low
1553,Tata Motors,Tiago,2021,Diesel,Automatic,1730000.0,25.1,1200,4,21500.0,17.3,21.5,3,1.0L-1.5L,Excellent
1554,Skoda,Octavia,2019,Petrol,Manual,1530000.0,11.1,2000,7,13600.0,15.3,13.6,5,1.5L-2.0L,Low
1555,Hyundai,Verna,2021,Electric,Automatic,2650000.0,24.6,1800,4,10400.0,26.5,10.4,3,1.5L-2.0L,Good
1556,Renault,Triber,2018,Electric,Manual,820000.0,25.3,2500,4,21200.0,8.2,21.2,6,2.0L-3.0L,Excellent
1557,Maruti Suzuki,Dzire,2022,Diesel,Manual,2650000.0,15.4,800,4,8000.0,26.5,8.0,2,Below 1.0L,Average
1558,Maruti Suzuki,Swift,2015,CNG,Automatic,2160000.0,10.6,800,6,14200.0,21.6,14.2,9,Below 1.0L,Low
1559,Kia,Seltos,2017,Diesel,Manual,2820000.0,11.2,1800,6,23000.0,28.2,23.0,7,1.5L-2.0L,Low
1560,Kia,Sonet,2018,CNG,Manual,3220000.0,10.0,1500,6,19600.0,32.2,19.6,6,1.0L-1.5L,Low
1561,Hyundai,Verna,2022,Diesel,Manual,1060000.0,23.7,1000,6,6300.0,10.6,6.3,2,Below 1.0L,Good
1562,Skoda,Superb,2024,CNG,Manual,1680000.0,24.9,1200,7,11100.0,16.8,11.1,0,1.0L-1.5L,Good
1563,Hyundai,i10,2015,CNG,Manual,3310000.0,21.1,1500,6,5500.0,33.1,5.5,9,1.0L-1.5L,Good
1564,Hyundai,i10,2017,CNG,Manual,2590000.0,20.0,1200,4,12400.0,25.9,12.4,7,1.0L-1.5L,Average
1565,Honda,City,2024,Electric,Manual,1090000.0,16.5,1000,4,19500.0,10.9,19.5,0,Below 1.0L,Average
1566,Kia,EV6,2017,Diesel,Manual,2150000.0,19.6,2000,4,24500.0,21.5,24.5,7,1.5L-2.0L,Average
1567,Mahindra,XUV300,2021,CNG,Automatic,2030000.0,14.4,1500,4,8100.0,20.3,8.1,3,1.0L-1.5L,Low
1568,Skoda,Superb,2022,Electric,Manual,1860000.0,12.3,2500,6,20600.0,18.6,20.6,2,2.0L-3.0L,Low
1569,Volkswagen,Tiguan,2018,Petrol,Manual,2680000.0,22.2,1200,6,16600.0,26.8,16.6,6,1.0L-1.5L,Good
1570,Kia,Sonet,2023,Electric,Manual,2680000.0,26.3,2500,5,13500.0,26.8,13.5,1,2.0L-3.0L,Excellent
1571,Honda,WR-V,2023,Electric,Automatic,2290000.0,12.4,1000,7,14200.0,22.9,14.2,1,Below 1.0L,Low
1572,Tata Motors,Punch,2020,Electric,Automatic,810000.0,28.5,1200,7,9600.0,8.1,9.6,4,1.0L-1.5L,Excellent
1573,Toyota,Glanza,2021,Electric,Automatic,1720000.0,16.7,1200,4,17400.0,17.2,17.4,3,1.0L-1.5L,Average
1574,Renault,Lodgy,2020,Diesel,Manual,870000.0,18.7,1000,4,17800.0,8.7,17.8,4,Below 1.0L,Average
1575,Mahindra,XUV300,2020,CNG,Automatic,2440000.0,27.6,1500,4,10000.0,24.4,10.0,4,1.0L-1.5L,Excellent
1576,Mahindra,Bolero,2015,Petrol,Automatic,1970000.0,17.4,1000,5,16600.0,19.7,16.6,9,Below 1.0L,Average
1577,Mahindra,Scorpio,2016,Petrol,Automatic,2840000.0,20.6,2500,7,23600.0,28.4,23.6,8,2.0L-3.0L,Good
1578,Volkswagen,Taigun,2017,Diesel,Manual,1750000.0,16.9,1200,5,19600.0,17.5,19.6,7,1.0L-1.5L,Average
1579,Toyota,Glanza,2017,CNG,Manual,1960000.0,11.6,1000,7,6700.0,19.6,6.7,7,Below 1.0L,Low
1580,Tata Motors,Tiago,2016,Diesel,Automatic,1740000.0,22.6,2500,5,6300.0,17.4,6.3,8,2.0L-3.0L,Good
1581,Renault,Kiger,2015,CNG,Automatic,640000.0,10.9,1200,6,13800.0,6.4,13.8,9,1.0L-1.5L,Low
1582,Volkswagen,Taigun,2023,Petrol,Manual,1930000.0,29.1,1500,5,19700.0,19.3,19.7,1,1.0L-1.5L,Excellent
1583,Maruti Suzuki,Dzire,2023,Diesel,Automatic,3440000.0,23.8,1000,4,22500.0,34.4,22.5,1,Below 1.0L,Good
1584,Mahindra,XUV300,2024,Petrol,Automatic,900000.0,13.9,1200,5,9800.0,9.0,9.8,0,1.0L-1.5L,Low
1585,Maruti Suzuki,Baleno,2018,CNG,Automatic,2440000.0,15.1,2500,5,18800.0,24.4,18.8,6,2.0L-3.0L,Average
1586,Toyota,Fortuner,2018,Petrol,Automatic,3490000.0,16.4,1000,5,17700.0,34.9,17.7,6,Below 1.0L,Average
1587,Tata Motors,Harrier,2024,Petrol,Automatic,2270000.0,11.6,800,5,15000.0,22.7,15.0,0,Below 1.0L,Low
1588,Volkswagen,Polo,2018,CNG,Automatic,3150000.0,24.6,2000,7,22000.0,31.5,22.0,6,1.5L-2.0L,Good
1589,Skoda,Superb,2017,Electric,Manual,2110000.0,12.6,1200,5,20000.0,21.1,20.0,7,1.0L-1.5L,Low
1590,Toyota,Camry,2020,Electric,Automatic,1670000.0,21.7,1800,7,7800.0,16.7,7.8,4,1.5L-2.0L,Good
1591,Skoda,Rapid,2022,Diesel,Automatic,670000.0,19.1,1500,7,5400.0,6.7,5.4,2,1.0L-1.5L,Average
1592,Skoda,Superb,2015,Diesel,Manual,560000.0,22.9,1500,6,16100.0,5.6,16.1,9,1.0L-1.5L,Good
1593,Tata Motors,Altroz,2024,CNG,Manual,1690000.0,18.1,1200,5,12000.0,16.9,12.0,0,1.0L-1.5L,Average
1594,Maruti Suzuki,Dzire,2017,CNG,Automatic,1200000.0,14.3,2000,7,10500.0,12.0,10.5,7,1.5L-2.0L,Low
1595,Skoda,Rapid,2017,Petrol,Automatic,1630000.0,22.6,2500,4,5400.0,16.3,5.4,7,2.0L-3.0L,Good
1596,Mahindra,XUV700,2020,Petrol,Manual,2410000.0,10.4,1500,5,17200.0,24.1,17.2,4,1.0L-1.5L,Low
1597,Kia,Carens,2022,Petrol,Manual,2590000.0,25.0,1000,5,16700.0,25.9,16.7,2,Below 1.0L,Good
1598,Maruti Suzuki,Ertiga,2019,Petrol,Manual,1940000.0,18.2,1500,7,20800.0,19.4,20.8,5,1.0L-1.5L,Average
1599,Skoda,Rapid,2020,Diesel,Automatic,1850000.0,18.2,1000,6,15200.0,18.5,15.2,4,Below 1.0L,Average
1600,Mahindra,Thar,2021,Electric,Manual,2400000.0,23.0,2000,7,5300.0,24.0,5.3,3,1.5L-2.0L,Good
1601,Maruti Suzuki,WagonR,2024,Petrol,Manual,980000.0,14.4,800,5,11500.0,9.8,11.5,0,Below 1.0L,Low
1602,Kia,EV6,2015,Electric,Manual,1160000.0,29.6,800,7,14800.0,11.6,14.8,9,Below 1.0L,Excellent
1603,Tata Motors,Harrier,2023,CNG,Automatic,970000.0,27.0,2000,6,20800.0,9.7,20.8,1,1.5L-2.0L,Excellent
1604,Toyota,Camry,2018,Electric,Automatic,2260000.0,23.5,800,4,18400.0,22.6,18.4,6,Below 1.0L,Good
1605,Kia,Carens,2017,CNG,Automatic,770000.0,18.6,2500,6,15300.0,7.7,15.3,7,2.0L-3.0L,Average
1606,Maruti Suzuki,Swift,2022,CNG,Automatic,550000.0,22.3,1200,7,8800.0,5.5,8.8,2,1.0L-1.5L,Good
1607,Skoda,Octavia,2021,CNG,Manual,3100000.0,12.8,1800,4,12300.0,31.0,12.3,3,1.5L-2.0L,Low
1608,Kia,Carnival,2024,Petrol,Automatic,2550000.0,24.8,1500,7,7700.0,25.5,7.7,0,1.0L-1.5L,Good
1609,Skoda,Rapid,2015,Diesel,Automatic,1980000.0,11.9,2500,7,10600.0,19.8,10.6,9,2.0L-3.0L,Low
1610,Honda,Civic,2015,Diesel,Automatic,2670000.0,21.8,2000,7,14600.0,26.7,14.6,9,1.5L-2.0L,Good
1611,Skoda,Kushaq,2018,CNG,Manual,1210000.0,21.4,1000,7,21200.0,12.1,21.2,6,Below 1.0L,Good
1612,Mahindra,Scorpio,2024,Diesel,Automatic,3000000.0,19.5,800,5,20500.0,30.0,20.5,0,Below 1.0L,Average
1613,Skoda,Octavia,2023,Petrol,Manual,2050000.0,16.9,2500,4,9900.0,20.5,9.9,1,2.0L-3.0L,Average
1614,Mahindra,XUV700,2021,CNG,Automatic,3100000.0,29.7,1200,5,21700.0,31.0,21.7,3,1.0L-1.5L,Excellent
1615,Mahindra,XUV300,2024,Diesel,Automatic,3000000.0,12.6,800,7,5900.0,30.0,5.9,0,Below 1.0L,Low
1616,Hyundai,i10,2015,Electric,Manual,1500000.0,28.7,2500,7,10700.0,15.0,10.7,9,2.0L-3.0L,Excellent
1617,Skoda,Kushaq,2021,Diesel,Manual,2490000.0,18.7,2000,7,10500.0,24.9,10.5,3,1.5L-2.0L,Average
1618,Kia,Carnival,2016,Diesel,Manual,3040000.0,12.6,2500,7,12000.0,30.4,12.0,8,2.0L-3.0L,Low
1619,Mahindra,Thar,2023,CNG,Manual,1160000.0,25.9,800,7,13000.0,11.6,13.0,1,Below 1.0L,Excellent
1620,Mahindra,Scorpio,2020,Diesel,Automatic,740000.0,26.9,1200,7,23600.0,7.4,23.6,4,1.0L-1.5L,Excellent
1621,Hyundai,Verna,2017,CNG,Manual,1400000.0,19.3,1500,6,24100.0,14.0,24.1,7,1.0L-1.5L,Average
1622,Hyundai,i10,2022,Electric,Automatic,3290000.0,17.1,800,7,6900.0,32.9,6.9,2,Below 1.0L,Average
1623,Kia,Sonet,2023,CNG,Manual,2980000.0,28.1,1500,6,20400.0,29.8,20.4,1,1.0L-1.5L,Excellent
1624,Mahindra,Scorpio,2018,Petrol,Automatic,3020000.0,29.3,2000,7,6600.0,30.2,6.6,6,1.5L-2.0L,Excellent
1625,Skoda,Superb,2021,Petrol,Manual,2710000.0,29.0,1000,5,15900.0,27.1,15.9,3,Below 1.0L,Excellent
1626,Maruti Suzuki,Dzire,2021,CNG,Manual,2710000.0,25.6,2500,6,22200.0,27.1,22.2,3,2.0L-3.0L,Excellent
1627,Skoda,Octavia,2018,Electric,Automatic,1900000.0,26.4,1000,7,18800.0,19.0,18.8,6,Below 1.0L,Excellent
1628,Toyota,Fortuner,2024,Diesel,Manual,1750000.0,28.7,1500,5,15600.0,17.5,15.6,0,1.0L-1.5L,Excellent
1629,Toyota,Glanza,2023,CNG,Automatic,600000.0,21.1,2000,6,15300.0,6.0,15.3,1,1.5L-2.0L,Good
1630,Tata Motors,Punch,2015,Electric,Manual,1970000.0,23.1,2000,7,23500.0,19.7,23.5,9,1.5L-2.0L,Good
1631,Honda,Amaze,2017,CNG,Automatic,3270000.0,29.1,800,4,16700.0,32.7,16.7,7,Below 1.0L,Excellent
1632,Maruti Suzuki,WagonR,2018,Petrol,Automatic,3400000.0,25.7,2000,5,8500.0,34.0,8.5,6,1.5L-2.0L,Excellent
1633,Skoda,Kushaq,2020,CNG,Manual,1730000.0,18.3,800,4,22300.0,17.3,22.3,4,Below 1.0L,Average
1634,Renault,Duster,2016,Electric,Automatic,2410000.0,17.6,800,6,21100.0,24.1,21.1,8,Below 1.0L,Average
1635,Mahindra,Scorpio,2016,Diesel,Automatic,1080000.0,27.6,1500,4,15200.0,10.8,15.2,8,1.0L-1.5L,Excellent
1636,Hyundai,i10,2022,Petrol,Manual,1680000.0,17.0,2000,6,23400.0,16.8,23.4,2,1.5L-2.0L,Average
1637,Volkswagen,Taigun,2024,CNG,Manual,2860000.0,29.7,2500,6,19400.0,28.6,19.4,0,2.0L-3.0L,Excellent
1638,Kia,Carnival,2020,Diesel,Automatic,2190000.0,22.9,1000,6,16600.0,21.9,16.6,4,Below 1.0L,Good
1639,Hyundai,i10,2023,CNG,Manual,1720000.0,28.9,2000,6,18000.0,17.2,18.0,1,1.5L-2.0L,Excellent
1640,Toyota,Glanza,2015,Petrol,Automatic,3120000.0,15.3,1000,7,15500.0,31.2,15.5,9,Below 1.0L,Average
1641,Hyundai,Verna,2020,CNG,Manual,1500000.0,16.4,1000,4,10100.0,15.0,10.1,4,Below 1.0L,Average
1642,Honda,Civic,2023,Petrol,Automatic,1030000.0,21.9,800,5,17100.0,10.3,17.1,1,Below 1.0L,Good
1643,Tata Motors,Harrier,2017,CNG,Automatic,3280000.0,19.1,2500,5,22400.0,32.8,22.4,7,2.0L-3.0L,Average
1644,Tata Motors,Punch,2024,Electric,Automatic,2300000.0,14.1,1800,7,11400.0,23.0,11.4,0,1.5L-2.0L,Low
1645,Hyundai,i10,2024,Petrol,Automatic,1340000.0,13.6,2500,6,7800.0,13.4,7.8,0,2.0L-3.0L,Low
1646,Skoda,Rapid,2023,Electric,Automatic,2070000.0,15.3,2500,4,6400.0,20.7,6.4,1,2.0L-3.0L,Average
1647,Mahindra,Scorpio,2022,CNG,Manual,3250000.0,14.2,2000,4,20500.0,32.5,20.5,2,1.5L-2.0L,Low
1648,Skoda,Rapid,2018,Diesel,Automatic,1040000.0,24.4,2000,7,5400.0,10.4,5.4,6,1.5L-2.0L,Good
1649,Toyota,Urban Cruiser,2024,Electric,Automatic,460000.0,14.5,1800,7,14400.0,4.6,14.4,0,1.5L-2.0L,Low
1650,Skoda,Rapid,2018,Petrol,Automatic,2020000.0,10.5,2000,7,21700.0,20.2,21.7,6,1.5L-2.0L,Low
1651,Skoda,Rapid,2024,Diesel,Manual,920000.0,22.7,1800,6,23800.0,9.2,23.8,0,1.5L-2.0L,Good
1652,Maruti Suzuki,WagonR,2019,Petrol,Manual,1940000.0,21.9,1800,7,21600.0,19.4,21.6,5,1.5L-2.0L,Good
1653,Maruti Suzuki,Dzire,2022,Electric,Automatic,780000.0,15.6,1200,5,11500.0,7.8,11.5,2,1.0L-1.5L,Average
1654,Toyota,Fortuner,2015,Petrol,Manual,2020000.0,11.4,1000,7,14400.0,20.2,14.4,9,Below 1.0L,Low
1655,Mahindra,XUV700,2018,Petrol,Automatic,2300000.0,23.8,1500,5,7900.0,23.0,7.9,6,1.0L-1.5L,Good
1656,Maruti Suzuki,Baleno,2020,Electric,Manual,2320000.0,16.0,1800,4,15900.0,23.2,15.9,4,1.5L-2.0L,Average
1657,Skoda,Octavia,2022,Electric,Automatic,520000.0,28.3,1200,5,22100.0,5.2,22.1,2,1.0L-1.5L,Excellent
1658,Kia,Sonet,2024,Diesel,Automatic,3350000.0,14.9,1000,5,18400.0,33.5,18.4,0,Below 1.0L,Low
1659,Skoda,Superb,2021,Diesel,Manual,2480000.0,29.3,1800,6,12500.0,24.8,12.5,3,1.5L-2.0L,Excellent
1660,Kia,Carens,2020,Diesel,Automatic,820000.0,20.5,2000,6,9900.0,8.2,9.9,4,1.5L-2.0L,Good
1661,Toyota,Fortuner,2021,Electric,Manual,450000.0,28.3,800,5,6600.0,4.5,6.6,3,Below 1.0L,Excellent
1662,Mahindra,Bolero,2015,Petrol,Automatic,2460000.0,24.4,2000,5,16300.0,24.6,16.3,9,1.5L-2.0L,Good
1663,Skoda,Rapid,2023,CNG,Automatic,1740000.0,12.3,1500,4,16800.0,17.4,16.8,1,1.0L-1.5L,Low
1664,Skoda,Rapid,2022,Diesel,Automatic,1580000.0,20.3,1000,7,23500.0,15.8,23.5,2,Below 1.0L,Good
1665,Tata Motors,Altroz,2019,Electric,Manual,860000.0,27.3,1500,4,21200.0,8.6,21.2,5,1.0L-1.5L,Excellent
1666,Skoda,Superb,2018,Electric,Automatic,930000.0,17.2,2000,5,22300.0,9.3,22.3,6,1.5L-2.0L,Average
1667,Mahindra,Thar,2021,Petrol,Manual,3090000.0,10.9,1500,7,24000.0,30.9,24.0,3,1.0L-1.5L,Low
1668,Skoda,Rapid,2024,Diesel,Manual,770000.0,21.3,1800,4,12000.0,7.7,12.0,0,1.5L-2.0L,Good
1669,Hyundai,i20,2022,Petrol,Manual,1910000.0,11.1,1500,7,12700.0,19.1,12.7,2,1.0L-1.5L,Low
1670,Hyundai,Verna,2017,Petrol,Automatic,2450000.0,13.4,1000,4,12200.0,24.5,12.2,7,Below 1.0L,Low
1671,Hyundai,i10,2023,CNG,Automatic,1870000.0,27.3,1200,4,8800.0,18.7,8.8,1,1.0L-1.5L,Excellent
1672,Mahindra,Thar,2022,Electric,Automatic,1700000.0,28.8,1500,5,5200.0,17.0,5.2,2,1.0L-1.5L,Excellent
1673,Volkswagen,Vento,2018,Electric,Manual,1900000.0,29.2,2500,5,14700.0,19.0,14.7,6,2.0L-3.0L,Excellent
1674,Volkswagen,Tiguan,2020,Diesel,Manual,1980000.0,27.1,1800,5,22500.0,19.8,22.5,4,1.5L-2.0L,Excellent
1675,Volkswagen,Polo,2018,CNG,Automatic,2340000.0,26.2,1500,4,24000.0,23.4,24.0,6,1.0L-1.5L,Excellent
1676,Maruti Suzuki,Dzire,2018,Petrol,Manual,1890000.0,18.1,1000,7,8500.0,18.9,8.5,6,Below 1.0L,Average
1677,Mahindra,Scorpio,2022,Diesel,Automatic,2820000.0,16.5,1200,5,6700.0,28.2,6.7,2,1.0L-1.5L,Average
1678,Honda,Civic,2015,Petrol,Manual,1490000.0,28.2,1000,6,23300.0,14.9,23.3,9,Below 1.0L,Excellent
1679,Honda,City,2018,CNG,Automatic,550000.0,13.2,1000,4,21200.0,5.5,21.2,6,Below 1.0L,Low
1680,Kia,Seltos,2016,Petrol,Automatic,3470000.0,16.4,1500,7,10600.0,34.7,10.6,8,1.0L-1.5L,Average
1681,Hyundai,Creta,2023,Electric,Manual,2280000.0,13.1,2000,4,16900.0,22.8,16.9,1,1.5L-2.0L,Low
1682,Kia,Sonet,2023,CNG,Manual,3230000.0,27.1,1500,6,15000.0,32.3,15.0,1,1.0L-1.5L,Excellent
1683,Skoda,Rapid,2024,CNG,Manual,2120000.0,13.2,1500,7,13600.0,21.2,13.6,0,1.0L-1.5L,Low
1684,Renault,Triber,2020,Diesel,Manual,950000.0,11.1,1500,5,23500.0,9.5,23.5,4,1.0L-1.5L,Low
1685,Volkswagen,Tiguan,2018,Petrol,Automatic,1100000.0,19.2,1500,4,21400.0,11.0,21.4,6,1.0L-1.5L,Average
1686,Maruti Suzuki,Swift,2020,CNG,Manual,2930000.0,23.5,1800,6,23300.0,29.3,23.3,4,1.5L-2.0L,Good
1687,Hyundai,Creta,2017,Diesel,Manual,510000.0,28.3,1800,6,18000.0,5.1,18.0,7,1.5L-2.0L,Excellent
1688,Mahindra,Bolero,2024,Diesel,Automatic,2790000.0,11.4,2500,6,20100.0,27.9,20.1,0,2.0L-3.0L,Low
1689,Maruti Suzuki,WagonR,2023,CNG,Manual,1670000.0,29.4,2000,5,15400.0,16.7,15.4,1,1.5L-2.0L,Excellent
1690,Renault,Kiger,2015,Diesel,Manual,680000.0,23.3,800,5,11300.0,6.8,11.3,9,Below 1.0L,Good
1691,Kia,Seltos,2017,Petrol,Manual,2450000.0,16.7,2000,5,17600.0,24.5,17.6,7,1.5L-2.0L,Average
1692,Kia,EV6,2017,Electric,Manual,1420000.0,11.5,2000,5,6900.0,14.2,6.9,7,1.5L-2.0L,Low
1693,Volkswagen,Taigun,2018,Petrol,Manual,1130000.0,11.5,1200,7,22300.0,11.3,22.3,6,1.0L-1.5L,Low
1694,Mahindra,XUV700,2019,Diesel,Automatic,2800000.0,25.2,1200,6,6800.0,28.0,6.8,5,1.0L-1.5L,Excellent
1695,Volkswagen,Virtus,2021,CNG,Manual,2460000.0,17.7,1200,5,8900.0,24.6,8.9,3,1.0L-1.5L,Average
1696,Volkswagen,Taigun,2018,Petrol,Manual,2400000.0,25.6,2000,4,18900.0,24.0,18.9,6,1.5L-2.0L,Excellent
1697,Renault,Kiger,2017,Diesel,Automatic,1950000.0,13.8,800,7,23000.0,19.5,23.0,7,Below 1.0L,Low
1698,Maruti Suzuki,Ertiga,2024,CNG,Automatic,830000.0,20.9,1800,7,24500.0,8.3,24.5,0,1.5L-2.0L,Good
1699,Hyundai,i10,2023,Diesel,Automatic,3410000.0,28.9,2000,7,7500.0,34.1,7.5,1,1.5L-2.0L,Excellent
1700,Kia,Carens,2022,Electric,Manual,1890000.0,11.0,800,7,9000.0,18.9,9.0,2,Below 1.0L,Low
1701,Hyundai,Verna,2023,CNG,Manual,3060000.0,17.5,1000,4,8200.0,30.6,8.2,1,Below 1.0L,Average
1702,Hyundai,Venue,2020,Diesel,Automatic,650000.0,17.0,1500,5,7200.0,6.5,7.2,4,1.0L-1.5L,Average
1703,Skoda,Octavia,2019,Diesel,Manual,2100000.0,22.3,1500,7,15000.0,21.0,15.0,5,1.0L-1.5L,Good
1704,Maruti Suzuki,WagonR,2019,CNG,Automatic,1630000.0,10.1,1200,7,21200.0,16.3,21.2,5,1.0L-1.5L,Low
1705,Volkswagen,Vento,2020,Diesel,Manual,3100000.0,16.8,1000,4,19900.0,31.0,19.9,4,Below 1.0L,Average
1706,Maruti Suzuki,Ertiga,2024,CNG,Automatic,690000.0,13.7,1200,4,12700.0,6.9,12.7,0,1.0L-1.5L,Low
1707,Tata Motors,Nexon,2018,Petrol,Automatic,3170000.0,10.4,2500,5,15200.0,31.7,15.2,6,2.0L-3.0L,Low
1708,Tata Motors,Harrier,2016,Electric,Manual,2250000.0,23.1,800,7,16000.0,22.5,16.0,8,Below 1.0L,Good
1709,Toyota,Urban Cruiser,2024,CNG,Manual,550000.0,28.6,1200,7,9900.0,5.5,9.9,0,1.0L-1.5L,Excellent
1710,Toyota,Glanza,2023,Electric,Automatic,3280000.0,27.8,1800,7,7900.0,32.8,7.9,1,1.5L-2.0L,Excellent
1711,Kia,Carens,2019,Diesel,Manual,760000.0,10.4,1500,5,8800.0,7.6,8.8,5,1.0L-1.5L,Low
1712,Hyundai,Venue,2022,CNG,Automatic,2300000.0,29.8,2000,5,13700.0,23.0,13.7,2,1.5L-2.0L,Excellent
1713,Volkswagen,Tiguan,2022,Electric,Automatic,3140000.0,27.1,800,7,10700.0,31.4,10.7,2,Below 1.0L,Excellent
1714,Toyota,Camry,2017,Petrol,Automatic,3300000.0,21.8,1800,7,24400.0,33.0,24.4,7,1.5L-2.0L,Good
1715,Hyundai,i10,2021,CNG,Manual,2570000.0,20.6,1500,5,10900.0,25.7,10.9,3,1.0L-1.5L,Good
1716,Tata Motors,Tiago,2015,Petrol,Automatic,3330000.0,24.0,1000,4,19000.0,33.3,19.0,9,Below 1.0L,Good
1717,Volkswagen,Tiguan,2024,Petrol,Manual,2480000.0,14.9,1800,4,18600.0,24.8,18.6,0,1.5L-2.0L,Low
1718,Mahindra,Scorpio,2019,Petrol,Manual,3480000.0,25.9,1500,4,8000.0,34.8,8.0,5,1.0L-1.5L,Excellent
1719,Tata Motors,Nexon,2021,Diesel,Manual,2710000.0,14.2,800,7,15500.0,27.1,15.5,3,Below 1.0L,Low
1720,Maruti Suzuki,Swift,2017,Diesel,Manual,1300000.0,13.0,1500,6,16100.0,13.0,16.1,7,1.0L-1.5L,Low
1721,Maruti Suzuki,Swift,2023,Electric,Manual,1930000.0,26.2,2000,6,10100.0,19.3,10.1,1,1.5L-2.0L,Excellent
1722,Mahindra,XUV700,2016,Petrol,Manual,2380000.0,15.2,1000,7,5900.0,23.8,5.9,8,Below 1.0L,Average
1723,Volkswagen,Vento,2015,CNG,Manual,1160000.0,22.0,2500,4,18700.0,11.6,18.7,9,2.0L-3.0L,Good
1724,Mahindra,XUV700,2018,Petrol,Automatic,1870000.0,11.9,1500,6,19000.0,18.7,19.0,6,1.0L-1.5L,Low
1725,Honda,Amaze,2024,Diesel,Automatic,1080000.0,26.8,2500,4,14200.0,10.8,14.2,0,2.0L-3.0L,Excellent
1726,Renault,Duster,2022,Petrol,Manual,2480000.0,23.9,1000,5,9700.0,24.8,9.7,2,Below 1.0L,Good
1727,Maruti Suzuki,Ertiga,2021,Petrol,Manual,1810000.0,27.3,800,6,8600.0,18.1,8.6,3,Below 1.0L,Excellent
1728,Honda,Jazz,2015,Petrol,Automatic,2600000.0,23.6,1000,5,21700.0,26.0,21.7,9,Below 1.0L,Good
1729,Skoda,Octavia,2019,Petrol,Manual,1110000.0,23.9,1200,7,11200.0,11.1,11.2,5,1.0L-1.5L,Good
1730,Renault,Kiger,2018,Diesel,Automatic,2010000.0,14.2,2000,7,23900.0,20.1,23.9,6,1.5L-2.0L,Low
1731,Skoda,Rapid,2021,Petrol,Manual,1930000.0,22.7,1200,7,14000.0,19.3,14.0,3,1.0L-1.5L,Good
1732,Maruti Suzuki,WagonR,2020,Electric,Automatic,1140000.0,11.7,1200,4,24200.0,11.4,24.2,4,1.0L-1.5L,Low
1733,Renault,Kiger,2019,Electric,Automatic,760000.0,26.1,2500,5,5500.0,7.6,5.5,5,2.0L-3.0L,Excellent
1734,Tata Motors,Punch,2021,Petrol,Automatic,1760000.0,28.1,2000,7,7300.0,17.6,7.3,3,1.5L-2.0L,Excellent
1735,Toyota,Urban Cruiser,2015,Electric,Manual,2600000.0,14.2,1800,7,19300.0,26.0,19.3,9,1.5L-2.0L,Low
1736,Toyota,Camry,2021,CNG,Automatic,3290000.0,11.9,1500,4,16800.0,32.9,16.8,3,1.0L-1.5L,Low
1737,Skoda,Slavia,2021,CNG,Automatic,710000.0,25.0,1000,4,20800.0,7.1,20.8,3,Below 1.0L,Good
1738,Hyundai,i20,2015,CNG,Automatic,3470000.0,28.4,2500,6,8100.0,34.7,8.1,9,2.0L-3.0L,Excellent
1739,Hyundai,Creta,2022,Petrol,Manual,960000.0,28.3,2000,4,9700.0,9.6,9.7,2,1.5L-2.0L,Excellent
1740,Tata Motors,Punch,2020,Electric,Manual,1050000.0,25.9,1200,7,14200.0,10.5,14.2,4,1.0L-1.5L,Excellent
1741,Volkswagen,Taigun,2024,Electric,Automatic,500000.0,13.9,800,5,5300.0,5.0,5.3,0,Below 1.0L,Low
1742,Tata Motors,Tiago,2017,Diesel,Automatic,2440000.0,14.5,1000,7,6100.0,24.4,6.1,7,Below 1.0L,Low
1743,Toyota,Fortuner,2023,Petrol,Manual,2880000.0,19.3,800,6,16800.0,28.8,16.8,1,Below 1.0L,Average
1744,Skoda,Superb,2021,Electric,Automatic,600000.0,20.6,1500,4,13000.0,6.0,13.0,3,1.0L-1.5L,Good
1745,Maruti Suzuki,Baleno,2020,Petrol,Manual,1000000.0,28.4,800,5,6100.0,10.0,6.1,4,Below 1.0L,Excellent
1746,Renault,Lodgy,2022,Diesel,Manual,2720000.0,25.8,1500,6,14000.0,27.2,14.0,2,1.0L-1.5L,Excellent
1747,Skoda,Rapid,2019,CNG,Automatic,2010000.0,14.7,1200,7,20600.0,20.1,20.6,5,1.0L-1.5L,Low
1748,Hyundai,Venue,2017,Petrol,Automatic,1910000.0,12.3,1000,6,18000.0,19.1,18.0,7,Below 1.0L,Low
1749,Honda,Amaze,2019,Electric,Manual,1040000.0,15.9,1800,6,15100.0,10.4,15.1,5,1.5L-2.0L,Average
1750,Toyota,Innova,2024,Petrol,Manual,2850000.0,29.5,1800,7,14800.0,28.5,14.8,0,1.5L-2.0L,Excellent
1751,Toyota,Urban Cruiser,2017,CNG,Automatic,610000.0,12.3,1500,7,6800.0,6.1,6.8,7,1.0L-1.5L,Low
1752,Hyundai,Verna,2020,CNG,Manual,3190000.0,12.6,1800,4,15900.0,31.9,15.9,4,1.5L-2.0L,Low
1753,Volkswagen,Taigun,2015,Diesel,Automatic,2040000.0,15.3,1000,6,13000.0,20.4,13.0,9,Below 1.0L,Average
1754,Mahindra,XUV300,2022,CNG,Manual,1030000.0,25.9,1200,7,19300.0,10.3,19.3,2,1.0L-1.5L,Excellent
1755,Volkswagen,Tiguan,2016,Petrol,Manual,1340000.0,19.9,1000,6,8900.0,13.4,8.9,8,Below 1.0L,Average
1756,Hyundai,Verna,2024,Petrol,Automatic,1340000.0,17.8,2500,4,16800.0,13.4,16.8,0,2.0L-3.0L,Average
1757,Tata Motors,Harrier,2016,Diesel,Automatic,3200000.0,12.0,2500,4,24600.0,32.0,24.6,8,2.0L-3.0L,Low
1758,Mahindra,Bolero,2016,Petrol,Manual,1080000.0,28.3,1500,7,19700.0,10.8,19.7,8,1.0L-1.5L,Excellent
1759,Toyota,Fortuner,2020,Diesel,Automatic,850000.0,25.1,1500,4,10900.0,8.5,10.9,4,1.0L-1.5L,Excellent
1760,Toyota,Urban Cruiser,2024,CNG,Automatic,1770000.0,13.8,1200,7,11600.0,17.7,11.6,0,1.0L-1.5L,Low
1761,Honda,Amaze,2021,Electric,Manual,2530000.0,20.6,2500,4,23500.0,25.3,23.5,3,2.0L-3.0L,Good
1762,Mahindra,XUV700,2023,Electric,Manual,1390000.0,19.0,1500,6,13100.0,13.9,13.1,1,1.0L-1.5L,Average
1763,Maruti Suzuki,WagonR,2016,Diesel,Automatic,2040000.0,20.5,2000,6,14500.0,20.4,14.5,8,1.5L-2.0L,Good
1764,Mahindra,Scorpio,2020,CNG,Manual,1780000.0,20.5,2500,7,9300.0,17.8,9.3,4,2.0L-3.0L,Good
1765,Hyundai,Verna,2023,Petrol,Automatic,980000.0,23.5,800,4,24600.0,9.8,24.6,1,Below 1.0L,Good
1766,Honda,City,2020,Diesel,Manual,3420000.0,14.3,800,6,11000.0,34.2,11.0,4,Below 1.0L,Low
1767,Tata Motors,Tiago,2022,Diesel,Automatic,500000.0,11.9,1200,6,23400.0,5.0,23.4,2,1.0L-1.5L,Low
1768,Maruti Suzuki,Dzire,2020,Petrol,Automatic,2270000.0,22.2,800,5,18800.0,22.7,18.8,4,Below 1.0L,Good
1769,Hyundai,Verna,2024,CNG,Manual,3310000.0,18.6,1500,6,6400.0,33.1,6.4,0,1.0L-1.5L,Average
1770,Tata Motors,Harrier,2017,Petrol,Manual,2850000.0,24.2,1200,6,9200.0,28.5,9.2,7,1.0L-1.5L,Good
1771,Kia,Sonet,2020,Electric,Automatic,3070000.0,15.1,2000,7,17700.0,30.7,17.7,4,1.5L-2.0L,Average
1772,Toyota,Camry,2024,CNG,Automatic,3370000.0,10.6,1200,7,18000.0,33.7,18.0,0,1.0L-1.5L,Low
1773,Honda,Jazz,2023,Diesel,Automatic,2360000.0,20.4,800,4,11500.0,23.6,11.5,1,Below 1.0L,Good
1774,Maruti Suzuki,WagonR,2024,Electric,Manual,2720000.0,26.8,1500,4,19500.0,27.2,19.5,0,1.0L-1.5L,Excellent
1775,Hyundai,Creta,2022,CNG,Automatic,1110000.0,13.6,1500,5,11400.0,11.1,11.4,2,1.0L-1.5L,Low
1776,Renault,Kwid,2019,Electric,Automatic,1450000.0,14.7,1800,4,15000.0,14.5,15.0,5,1.5L-2.0L,Low
1777,Hyundai,Verna,2024,CNG,Manual,2790000.0,20.5,1200,7,16300.0,27.9,16.3,0,1.0L-1.5L,Good
1778,Hyundai,i20,2017,Electric,Manual,1380000.0,12.4,2000,4,15200.0,13.8,15.2,7,1.5L-2.0L,Low
1779,Hyundai,Verna,2017,Petrol,Automatic,2120000.0,18.5,1000,6,7600.0,21.2,7.6,7,Below 1.0L,Average
1780,Toyota,Innova,2016,Petrol,Automatic,1860000.0,21.9,1500,4,17600.0,18.6,17.6,8,1.0L-1.5L,Good
1781,Maruti Suzuki,Dzire,2017,CNG,Manual,480000.0,27.9,1800,7,15000.0,4.8,15.0,7,1.5L-2.0L,Excellent
1782,Mahindra,XUV700,2015,Diesel,Manual,1740000.0,21.9,2500,4,24100.0,17.4,24.1,9,2.0L-3.0L,Good
1783,Skoda,Superb,2023,Diesel,Manual,3400000.0,16.3,1000,6,8600.0,34.0,8.6,1,Below 1.0L,Average
1784,Maruti Suzuki,WagonR,2018,Petrol,Automatic,500000.0,16.9,1800,5,7900.0,5.0,7.9,6,1.5L-2.0L,Average
1785,Skoda,Superb,2022,Electric,Manual,690000.0,26.3,1800,7,19200.0,6.9,19.2,2,1.5L-2.0L,Excellent
1786,Hyundai,i10,2021,Electric,Automatic,3320000.0,24.5,800,4,17200.0,33.2,17.2,3,Below 1.0L,Good
1787,Maruti Suzuki,WagonR,2018,Electric,Automatic,430000.0,20.9,2000,4,21400.0,4.3,21.4,6,1.5L-2.0L,Good
1788,Honda,Amaze,2015,Diesel,Manual,1570000.0,29.9,800,6,15200.0,15.7,15.2,9,Below 1.0L,Excellent
1789,Kia,Sonet,2020,Petrol,Automatic,3150000.0,13.4,1200,4,18100.0,31.5,18.1,4,1.0L-1.5L,Low
1790,Toyota,Urban Cruiser,2017,Electric,Automatic,570000.0,18.1,800,6,17700.0,5.7,17.7,7,Below 1.0L,Average
1791,Hyundai,Verna,2024,CNG,Automatic,830000.0,16.7,800,4,21800.0,8.3,21.8,0,Below 1.0L,Average
1792,Maruti Suzuki,WagonR,2017,Electric,Manual,870000.0,28.4,2000,4,22700.0,8.7,22.7,7,1.5L-2.0L,Excellent
1793,Volkswagen,Polo,2019,Electric,Manual,2910000.0,27.5,1500,4,15600.0,29.1,15.6,5,1.0L-1.5L,Excellent
1794,Toyota,Fortuner,2024,Electric,Manual,1580000.0,15.5,1000,4,5800.0,15.8,5.8,0,Below 1.0L,Average
1795,Hyundai,Verna,2022,Petrol,Automatic,420000.0,13.3,2000,5,15100.0,4.2,15.1,2,1.5L-2.0L,Low
1796,Skoda,Kushaq,2023,CNG,Manual,3150000.0,19.9,800,5,22400.0,31.5,22.4,1,Below 1.0L,Average
1797,Honda,City,2020,CNG,Automatic,2090000.0,22.4,1000,4,12100.0,20.9,12.1,4,Below 1.0L,Good
1798,Mahindra,XUV700,2017,Diesel,Manual,880000.0,23.4,2500,5,15100.0,8.8,15.1,7,2.0L-3.0L,Good
1799,Volkswagen,Vento,2022,Diesel,Manual,470000.0,13.2,1200,4,9200.0,4.7,9.2,2,1.0L-1.5L,Low
1800,Skoda,Rapid,2018,Petrol,Automatic,2090000.0,12.9,2500,5,10600.0,20.9,10.6,6,2.0L-3.0L,Low
1801,Honda,City,2024,CNG,Automatic,2800000.0,25.0,1200,7,5800.0,28.0,5.8,0,1.0L-1.5L,Good
1802,Volkswagen,Taigun,2015,Petrol,Manual,510000.0,26.2,2000,4,7300.0,5.1,7.3,9,1.5L-2.0L,Excellent
1803,Kia,Carens,2023,Petrol,Manual,3300000.0,26.4,2000,4,12300.0,33.0,12.3,1,1.5L-2.0L,Excellent
1804,Kia,Seltos,2024,Electric,Automatic,630000.0,16.6,1000,7,10800.0,6.3,10.8,0,Below 1.0L,Average
1805,Mahindra,Thar,2024,CNG,Automatic,1140000.0,27.0,800,6,13800.0,11.4,13.8,0,Below 1.0L,Excellent
1806,Mahindra,Thar,2020,Electric,Manual,2710000.0,11.7,1000,5,21400.0,27.1,21.4,4,Below 1.0L,Low
1807,Maruti Suzuki,Baleno,2023,Electric,Automatic,1080000.0,20.9,1200,5,9100.0,10.8,9.1,1,1.0L-1.5L,Good
1808,Kia,Seltos,2022,Diesel,Automatic,860000.0,10.7,1800,6,19600.0,8.6,19.6,2,1.5L-2.0L,Low
1809,Volkswagen,Virtus,2015,Diesel,Automatic,2040000.0,23.8,1800,5,8700.0,20.4,8.7,9,1.5L-2.0L,Good
1810,Mahindra,Scorpio,2022,Diesel,Automatic,630000.0,19.7,800,7,9200.0,6.3,9.2,2,Below 1.0L,Average
1811,Tata Motors,Punch,2021,Diesel,Manual,1410000.0,13.4,1500,6,20400.0,14.1,20.4,3,1.0L-1.5L,Low
1812,Skoda,Rapid,2020,CNG,Manual,1080000.0,25.3,1000,5,12000.0,10.8,12.0,4,Below 1.0L,Excellent
1813,Tata Motors,Nexon,2019,Electric,Automatic,2310000.0,25.2,1800,4,7200.0,23.1,7.2,5,1.5L-2.0L,Excellent
1814,Toyota,Innova,2021,Electric,Automatic,1710000.0,27.6,2000,6,12100.0,17.1,12.1,3,1.5L-2.0L,Excellent
1815,Hyundai,Venue,2023,Petrol,Manual,3300000.0,17.5,1200,4,11400.0,33.0,11.4,1,1.0L-1.5L,Average
1816,Honda,WR-V,2024,CNG,Manual,2190000.0,16.5,1000,4,12800.0,21.9,12.8,0,Below 1.0L,Average
1817,Tata Motors,Punch,2018,CNG,Automatic,3050000.0,15.5,1000,5,8000.0,30.5,8.0,6,Below 1.0L,Average
1818,Renault,Kiger,2021,CNG,Manual,2500000.0,27.5,1000,6,21900.0,25.0,21.9,3,Below 1.0L,Excellent
1819,Kia,Sonet,2021,Electric,Automatic,1200000.0,19.7,800,7,10100.0,12.0,10.1,3,Below 1.0L,Average
1820,Mahindra,Scorpio,2016,Petrol,Automatic,2500000.0,27.7,2500,4,15400.0,25.0,15.4,8,2.0L-3.0L,Excellent
1821,Tata Motors,Harrier,2023,CNG,Automatic,2530000.0,24.0,1000,6,24000.0,25.3,24.0,1,Below 1.0L,Good
1822,Renault,Lodgy,2017,Diesel,Automatic,610000.0,19.4,1200,5,17200.0,6.1,17.2,7,1.0L-1.5L,Average
1823,Volkswagen,Virtus,2016,Diesel,Automatic,2110000.0,16.9,1200,6,23900.0,21.1,23.9,8,1.0L-1.5L,Average
1824,Skoda,Rapid,2024,Diesel,Automatic,1320000.0,16.8,1200,6,11100.0,13.2,11.1,0,1.0L-1.5L,Average
1825,Renault,Lodgy,2020,Diesel,Manual,1620000.0,20.2,2500,5,24200.0,16.2,24.2,4,2.0L-3.0L,Good
1826,Mahindra,XUV300,2017,Electric,Automatic,2240000.0,11.7,1000,5,12700.0,22.4,12.7,7,Below 1.0L,Low
1827,Mahindra,Thar,2018,Electric,Automatic,3310000.0,17.1,2000,6,18600.0,33.1,18.6,6,1.5L-2.0L,Average
1828,Mahindra,Scorpio,2020,Petrol,Automatic,840000.0,21.9,1000,5,24400.0,8.4,24.4,4,Below 1.0L,Good
1829,Maruti Suzuki,Swift,2023,Diesel,Automatic,3150000.0,12.7,2500,5,9600.0,31.5,9.6,1,2.0L-3.0L,Low
1830,Honda,Amaze,2015,Electric,Manual,2270000.0,27.1,1500,4,24000.0,22.7,24.0,9,1.0L-1.5L,Excellent
1831,Renault,Kwid,2022,CNG,Automatic,3430000.0,11.9,1000,5,19900.0,34.3,19.9,2,Below 1.0L,Low
1832,Hyundai,Creta,2015,Petrol,Automatic,1510000.0,27.0,1500,7,8800.0,15.1,8.8,9,1.0L-1.5L,Excellent
1833,Tata Motors,Tiago,2023,Petrol,Automatic,2910000.0,19.8,1200,4,16700.0,29.1,16.7,1,1.0L-1.5L,Average
1834,Tata Motors,Altroz,2017,Petrol,Automatic,1280000.0,28.8,1000,4,5300.0,12.8,5.3,7,Below 1.0L,Excellent
1835,Tata Motors,Tiago,2016,Petrol,Automatic,880000.0,15.3,800,6,8700.0,8.8,8.7,8,Below 1.0L,Average
1836,Renault,Kiger,2022,CNG,Manual,2570000.0,22.8,2000,6,13900.0,25.7,13.9,2,1.5L-2.0L,Good
1837,Tata Motors,Tiago,2023,Diesel,Manual,890000.0,29.7,2500,5,17700.0,8.9,17.7,1,2.0L-3.0L,Excellent
1838,Skoda,Octavia,2019,Electric,Manual,1120000.0,24.0,1500,7,18700.0,11.2,18.7,5,1.0L-1.5L,Good
1839,Honda,City,2021,CNG,Manual,830000.0,18.3,1500,5,11400.0,8.3,11.4,3,1.0L-1.5L,Average
1840,Tata Motors,Tiago,2021,Diesel,Manual,2060000.0,21.1,800,7,12200.0,20.6,12.2,3,Below 1.0L,Good
1841,Kia,Seltos,2020,Diesel,Automatic,2020000.0,26.7,1000,4,13500.0,20.2,13.5,4,Below 1.0L,Excellent
1842,Volkswagen,Tiguan,2024,Diesel,Automatic,2920000.0,11.0,1200,6,17500.0,29.2,17.5,0,1.0L-1.5L,Low
1843,Volkswagen,Vento,2018,Petrol,Automatic,2450000.0,26.7,1800,6,23600.0,24.5,23.6,6,1.5L-2.0L,Excellent
1844,Skoda,Superb,2021,Diesel,Manual,3160000.0,29.6,2500,5,22900.0,31.6,22.9,3,2.0L-3.0L,Excellent
1845,Renault,Duster,2017,Diesel,Manual,1190000.0,23.3,1500,4,24000.0,11.9,24.0,7,1.0L-1.5L,Good
1846,Skoda,Octavia,2023,Diesel,Manual,730000.0,28.5,1000,7,6200.0,7.3,6.2,1,Below 1.0L,Excellent
1847,Renault,Duster,2022,CNG,Manual,2060000.0,11.8,1800,7,17000.0,20.6,17.0,2,1.5L-2.0L,Low
1848,Skoda,Superb,2023,CNG,Automatic,970000.0,22.8,800,7,11300.0,9.7,11.3,1,Below 1.0L,Good
1849,Honda,WR-V,2021,CNG,Automatic,460000.0,24.3,1800,4,18500.0,4.6,18.5,3,1.5L-2.0L,Good
1850,Volkswagen,Polo,2018,Petrol,Manual,1170000.0,11.5,1800,5,19800.0,11.7,19.8,6,1.5L-2.0L,Low
1851,Toyota,Camry,2016,CNG,Automatic,1120000.0,28.6,1800,5,7700.0,11.2,7.7,8,1.5L-2.0L,Excellent
1852,Volkswagen,Vento,2019,CNG,Automatic,2920000.0,26.8,1500,7,18400.0,29.2,18.4,5,1.0L-1.5L,Excellent
1853,Tata Motors,Altroz,2019,Electric,Manual,1580000.0,18.4,1800,7,8700.0,15.8,8.7,5,1.5L-2.0L,Average
1854,Skoda,Kushaq,2016,CNG,Manual,2170000.0,28.3,2000,4,11200.0,21.7,11.2,8,1.5L-2.0L,Excellent
1855,Renault,Triber,2020,Diesel,Automatic,780000.0,16.9,1000,4,17800.0,7.8,17.8,4,Below 1.0L,Average
1856,Maruti Suzuki,WagonR,2018,Diesel,Automatic,2300000.0,12.1,2000,7,21300.0,23.0,21.3,6,1.5L-2.0L,Low
1857,Tata Motors,Nexon,2022,CNG,Automatic,1760000.0,22.1,1000,6,24300.0,17.6,24.3,2,Below 1.0L,Good
1858,Toyota,Glanza,2020,Petrol,Automatic,3150000.0,27.1,1200,5,11800.0,31.5,11.8,4,1.0L-1.5L,Excellent
1859,Renault,Triber,2022,CNG,Automatic,1720000.0,11.2,2500,6,15300.0,17.2,15.3,2,2.0L-3.0L,Low
1860,Honda,Civic,2017,Electric,Manual,2450000.0,21.8,1800,5,21800.0,24.5,21.8,7,1.5L-2.0L,Good
1861,Tata Motors,Harrier,2015,CNG,Automatic,2900000.0,10.9,1000,6,12500.0,29.0,12.5,9,Below 1.0L,Low
1862,Tata Motors,Altroz,2020,Petrol,Automatic,3400000.0,13.9,1200,6,7800.0,34.0,7.8,4,1.0L-1.5L,Low
1863,Toyota,Fortuner,2021,Diesel,Automatic,2990000.0,21.9,1500,4,21100.0,29.9,21.1,3,1.0L-1.5L,Good
1864,Toyota,Glanza,2019,CNG,Manual,3240000.0,14.1,1000,6,13600.0,32.4,13.6,5,Below 1.0L,Low
1865,Honda,City,2017,CNG,Manual,710000.0,12.5,800,7,10400.0,7.1,10.4,7,Below 1.0L,Low
1866,Hyundai,Creta,2022,Petrol,Automatic,520000.0,26.9,800,4,10600.0,5.2,10.6,2,Below 1.0L,Excellent
1867,Skoda,Slavia,2019,Electric,Automatic,1760000.0,27.6,2500,7,8600.0,17.6,8.6,5,2.0L-3.0L,Excellent
1868,Tata Motors,Altroz,2019,Electric,Manual,3470000.0,17.5,800,4,22000.0,34.7,22.0,5,Below 1.0L,Average
1869,Tata Motors,Harrier,2019,Diesel,Manual,1120000.0,11.3,1200,4,6100.0,11.2,6.1,5,1.0L-1.5L,Low
1870,Toyota,Camry,2019,Electric,Automatic,810000.0,29.5,1200,6,12000.0,8.1,12.0,5,1.0L-1.5L,Excellent
1871,Kia,Carnival,2018,Petrol,Manual,2760000.0,17.4,2000,5,8800.0,27.6,8.8,6,1.5L-2.0L,Average
1872,Honda,City,2016,Diesel,Manual,1830000.0,25.0,1200,7,8600.0,18.3,8.6,8,1.0L-1.5L,Good
1873,Mahindra,Scorpio,2021,Electric,Automatic,580000.0,10.1,1800,6,23400.0,5.8,23.4,3,1.5L-2.0L,Low
1874,Hyundai,Venue,2023,Diesel,Automatic,1860000.0,28.4,1000,4,5700.0,18.6,5.7,1,Below 1.0L,Excellent
1875,Hyundai,i10,2015,Diesel,Automatic,580000.0,20.6,1200,4,5800.0,5.8,5.8,9,1.0L-1.5L,Good
1876,Volkswagen,Taigun,2024,Electric,Automatic,2660000.0,29.9,2000,5,11000.0,26.6,11.0,0,1.5L-2.0L,Excellent
1877,Honda,Civic,2017,Diesel,Automatic,1340000.0,25.7,2500,5,21400.0,13.4,21.4,7,2.0L-3.0L,Excellent
1878,Maruti Suzuki,Swift,2022,Diesel,Manual,720000.0,17.6,800,7,17600.0,7.2,17.6,2,Below 1.0L,Average
1879,Maruti Suzuki,Ertiga,2015,Petrol,Manual,830000.0,16.4,2500,7,8700.0,8.3,8.7,9,2.0L-3.0L,Average
1880,Renault,Kiger,2016,CNG,Manual,2710000.0,18.5,2000,4,15900.0,27.1,15.9,8,1.5L-2.0L,Average
1881,Maruti Suzuki,Ertiga,2017,Diesel,Manual,2000000.0,12.7,1000,5,16900.0,20.0,16.9,7,Below 1.0L,Low
1882,Toyota,Urban Cruiser,2020,Petrol,Automatic,1350000.0,11.3,800,4,11000.0,13.5,11.0,4,Below 1.0L,Low
1883,Mahindra,XUV700,2015,Electric,Manual,1710000.0,19.3,1800,7,5200.0,17.1,5.2,9,1.5L-2.0L,Average
1884,Hyundai,i20,2016,CNG,Automatic,2520000.0,29.9,1000,7,23500.0,25.2,23.5,8,Below 1.0L,Excellent
1885,Tata Motors,Tiago,2016,Diesel,Manual,1140000.0,19.4,1000,4,11700.0,11.4,11.7,8,Below 1.0L,Average
1886,Mahindra,XUV300,2015,Diesel,Automatic,1200000.0,24.5,2500,6,14600.0,12.0,14.6,9,2.0L-3.0L,Good
1887,Hyundai,Creta,2018,CNG,Automatic,1440000.0,26.7,2000,4,15500.0,14.4,15.5,6,1.5L-2.0L,Excellent
1888,Kia,Sonet,2024,Diesel,Manual,470000.0,14.9,1200,4,6700.0,4.7,6.7,0,1.0L-1.5L,Low
1889,Toyota,Urban Cruiser,2022,CNG,Automatic,620000.0,14.6,1500,4,7600.0,6.2,7.6,2,1.0L-1.5L,Low
1890,Volkswagen,Virtus,2023,CNG,Automatic,1870000.0,14.3,2000,5,23500.0,18.7,23.5,1,1.5L-2.0L,Low
1891,Tata Motors,Harrier,2017,Petrol,Manual,2960000.0,13.2,1000,6,22400.0,29.6,22.4,7,Below 1.0L,Low
1892,Renault,Kiger,2019,Petrol,Automatic,1040000.0,28.7,2500,4,21600.0,10.4,21.6,5,2.0L-3.0L,Excellent
1893,Skoda,Slavia,2016,CNG,Manual,440000.0,14.9,800,5,21500.0,4.4,21.5,8,Below 1.0L,Low
1894,Skoda,Slavia,2024,Electric,Manual,1680000.0,23.5,1500,5,7900.0,16.8,7.9,0,1.0L-1.5L,Good
1895,Mahindra,XUV700,2018,CNG,Automatic,700000.0,10.7,1800,5,15800.0,7.0,15.8,6,1.5L-2.0L,Low
1896,Kia,Carnival,2022,CNG,Manual,1310000.0,24.4,2000,4,8600.0,13.1,8.6,2,1.5L-2.0L,Good
1897,Volkswagen,Tiguan,2017,CNG,Automatic,1700000.0,21.5,2000,5,6600.0,17.0,6.6,7,1.5L-2.0L,Good
1898,Toyota,Fortuner,2016,Electric,Manual,950000.0,15.2,2500,6,20000.0,9.5,20.0,8,2.0L-3.0L,Average
1899,Volkswagen,Virtus,2018,CNG,Manual,3360000.0,20.6,1000,7,9600.0,33.6,9.6,6,Below 1.0L,Good
1900,Hyundai,i20,2021,Diesel,Manual,3340000.0,18.3,1000,5,13000.0,33.4,13.0,3,Below 1.0L,Average
1901,Hyundai,i20,2017,Petrol,Automatic,3210000.0,26.3,1000,5,23600.0,32.1,23.6,7,Below 1.0L,Excellent
1902,Skoda,Octavia,2015,Petrol,Manual,1880000.0,17.6,2500,5,5400.0,18.8,5.4,9,2.0L-3.0L,Average
1903,Mahindra,XUV300,2017,Electric,Automatic,780000.0,17.6,1000,4,12000.0,7.8,12.0,7,Below 1.0L,Average
1904,Renault,Lodgy,2021,Electric,Manual,2400000.0,28.9,800,5,8700.0,24.0,8.7,3,Below 1.0L,Excellent
1905,Honda,WR-V,2023,CNG,Automatic,1110000.0,18.1,1500,5,11000.0,11.1,11.0,1,1.0L-1.5L,Average
1906,Volkswagen,Taigun,2021,Electric,Manual,760000.0,22.8,1000,6,19200.0,7.6,19.2,3,Below 1.0L,Good
1907,Hyundai,Verna,2023,Petrol,Automatic,1850000.0,26.2,1200,4,14600.0,18.5,14.6,1,1.0L-1.5L,Excellent
1908,Tata Motors,Tiago,2020,Diesel,Automatic,580000.0,13.9,800,6,13700.0,5.8,13.7,4,Below 1.0L,Low
1909,Honda,City,2019,Petrol,Automatic,450000.0,28.1,2000,7,9200.0,4.5,9.2,5,1.5L-2.0L,Excellent
1910,Volkswagen,Polo,2018,Diesel,Manual,1880000.0,12.7,1200,6,12500.0,18.8,12.5,6,1.0L-1.5L,Low
1911,Maruti Suzuki,Baleno,2015,Electric,Manual,3230000.0,16.3,2500,7,8200.0,32.3,8.2,9,2.0L-3.0L,Average
1912,Toyota,Camry,2015,Electric,Automatic,2770000.0,22.7,1200,4,17100.0,27.7,17.1,9,1.0L-1.5L,Good
1913,Honda,Civic,2015,Petrol,Automatic,600000.0,20.3,1000,5,9200.0,6.0,9.2,9,Below 1.0L,Good
1914,Volkswagen,Taigun,2022,Petrol,Automatic,1360000.0,14.8,800,5,11000.0,13.6,11.0,2,Below 1.0L,Low
1915,Maruti Suzuki,Ertiga,2021,CNG,Automatic,2010000.0,24.8,1000,5,24800.0,20.1,24.8,3,Below 1.0L,Good
1916,Tata Motors,Altroz,2020,Diesel,Automatic,1370000.0,16.9,1000,7,10000.0,13.7,10.0,4,Below 1.0L,Average
1917,Mahindra,XUV300,2022,Diesel,Manual,2820000.0,11.1,800,5,11700.0,28.2,11.7,2,Below 1.0L,Low
1918,Hyundai,Creta,2015,CNG,Manual,1380000.0,21.4,1000,4,14400.0,13.8,14.4,9,Below 1.0L,Good
1919,Toyota,Urban Cruiser,2024,Electric,Manual,2740000.0,28.9,1800,6,24500.0,27.4,24.5,0,1.5L-2.0L,Excellent
1920,Renault,Lodgy,2015,Electric,Manual,1530000.0,28.3,800,4,20000.0,15.3,20.0,9,Below 1.0L,Excellent
1921,Kia,Seltos,2019,Petrol,Manual,640000.0,28.8,2500,4,18500.0,6.4,18.5,5,2.0L-3.0L,Excellent
1922,Hyundai,i20,2016,Petrol,Manual,3460000.0,27.8,800,5,11100.0,34.6,11.1,8,Below 1.0L,Excellent
1923,Mahindra,XUV300,2021,Electric,Manual,1180000.0,13.1,800,6,22500.0,11.8,22.5,3,Below 1.0L,Low
1924,Toyota,Fortuner,2022,Diesel,Manual,2840000.0,21.5,1800,5,7500.0,28.4,7.5,2,1.5L-2.0L,Good
1925,Renault,Lodgy,2023,Diesel,Automatic,1220000.0,12.8,2500,5,15800.0,12.2,15.8,1,2.0L-3.0L,Low
1926,Maruti Suzuki,Swift,2024,CNG,Automatic,2260000.0,10.6,1500,4,9700.0,22.6,9.7,0,1.0L-1.5L,Low
1927,Volkswagen,Virtus,2020,Electric,Manual,3410000.0,29.0,1800,4,13600.0,34.1,13.6,4,1.5L-2.0L,Excellent
1928,Tata Motors,Punch,2024,Petrol,Manual,3020000.0,25.3,2000,6,8300.0,30.2,8.3,0,1.5L-2.0L,Excellent
1929,Maruti Suzuki,Ertiga,2021,Diesel,Automatic,2210000.0,28.8,1000,6,12600.0,22.1,12.6,3,Below 1.0L,Excellent
1930,Honda,Civic,2023,Electric,Automatic,2380000.0,26.6,1800,6,8900.0,23.8,8.9,1,1.5L-2.0L,Excellent
1931,Honda,WR-V,2020,CNG,Automatic,530000.0,29.4,1200,5,21800.0,5.3,21.8,4,1.0L-1.5L,Excellent
1932,Honda,WR-V,2024,Petrol,Manual,2640000.0,20.8,1800,4,11700.0,26.4,11.7,0,1.5L-2.0L,Good
1933,Skoda,Kushaq,2017,Diesel,Automatic,910000.0,13.3,1500,4,25000.0,9.1,25.0,7,1.0L-1.5L,Low
1934,Tata Motors,Tiago,2016,Diesel,Automatic,2390000.0,17.6,1000,4,18100.0,23.9,18.1,8,Below 1.0L,Average
1935,Tata Motors,Altroz,2018,Electric,Manual,2760000.0,14.0,2000,6,14400.0,27.6,14.4,6,1.5L-2.0L,Low
1936,Kia,Sonet,2021,Diesel,Automatic,1650000.0,27.4,1000,7,20400.0,16.5,20.4,3,Below 1.0L,Excellent
1937,Maruti Suzuki,Baleno,2024,Electric,Manual,2390000.0,12.9,2500,5,17600.0,23.9,17.6,0,2.0L-3.0L,Low
1938,Toyota,Innova,2018,Diesel,Manual,900000.0,14.4,1800,6,22100.0,9.0,22.1,6,1.5L-2.0L,Low
1939,Hyundai,Venue,2015,Petrol,Automatic,730000.0,21.7,800,4,16000.0,7.3,16.0,9,Below 1.0L,Good
1940,Skoda,Rapid,2017,Electric,Automatic,640000.0,13.5,2000,7,8600.0,6.4,8.6,7,1.5L-2.0L,Low
1941,Honda,Jazz,2024,Petrol,Manual,1580000.0,22.5,2000,4,24700.0,15.8,24.7,0,1.5L-2.0L,Good
1942,Kia,Sonet,2019,Petrol,Automatic,850000.0,14.5,2000,6,19000.0,8.5,19.0,5,1.5L-2.0L,Low
1943,Volkswagen,Taigun,2015,Electric,Automatic,3000000.0,15.5,1500,7,23500.0,30.0,23.5,9,1.0L-1.5L,Average
1944,Maruti Suzuki,Ertiga,2019,Diesel,Automatic,3380000.0,12.8,2000,7,5000.0,33.8,5.0,5,1.5L-2.0L,Low
1945,Kia,Carnival,2018,Diesel,Manual,3250000.0,28.9,1500,6,24700.0,32.5,24.7,6,1.0L-1.5L,Excellent
1946,Hyundai,Creta,2017,Diesel,Manual,2720000.0,11.9,2500,7,9900.0,27.2,9.9,7,2.0L-3.0L,Low
1947,Maruti Suzuki,Swift,2018,Diesel,Manual,3200000.0,19.0,1500,4,17700.0,32.0,17.7,6,1.0L-1.5L,Average
1948,Tata Motors,Altroz,2023,Petrol,Automatic,540000.0,28.3,1200,7,11400.0,5.4,11.4,1,1.0L-1.5L,Excellent
1949,Tata Motors,Tiago,2021,Petrol,Automatic,2980000.0,27.1,1500,4,9300.0,29.8,9.3,3,1.0L-1.5L,Excellent
1950,Mahindra,Bolero,2024,Diesel,Automatic,1230000.0,16.8,800,5,20100.0,12.3,20.1,0,Below 1.0L,Average
1951,Mahindra,Scorpio,2015,Diesel,Automatic,2060000.0,16.8,800,6,9700.0,20.6,9.7,9,Below 1.0L,Average
1952,Maruti Suzuki,Baleno,2024,Petrol,Automatic,1520000.0,22.1,1800,6,9600.0,15.2,9.6,0,1.5L-2.0L,Good
1953,Hyundai,Creta,2024,Petrol,Manual,470000.0,22.5,1000,6,5200.0,4.7,5.2,0,Below 1.0L,Good
1954,Volkswagen,Taigun,2018,Diesel,Manual,1420000.0,11.4,1000,7,15800.0,14.2,15.8,6,Below 1.0L,Low
1955,Toyota,Innova,2022,Petrol,Automatic,2040000.0,10.3,1200,6,8600.0,20.4,8.6,2,1.0L-1.5L,Low
1956,Mahindra,Scorpio,2023,Electric,Automatic,750000.0,24.4,2000,5,13500.0,7.5,13.5,1,1.5L-2.0L,Good
1957,Skoda,Slavia,2024,Petrol,Automatic,1710000.0,18.7,2000,6,5500.0,17.1,5.5,0,1.5L-2.0L,Average
1958,Mahindra,Scorpio,2017,Electric,Automatic,3370000.0,21.9,800,7,8300.0,33.7,8.3,7,Below 1.0L,Good
1959,Skoda,Slavia,2015,CNG,Manual,810000.0,23.6,1500,7,12700.0,8.1,12.7,9,1.0L-1.5L,Good
1960,Skoda,Superb,2019,Electric,Manual,2090000.0,21.2,1500,4,19800.0,20.9,19.8,5,1.0L-1.5L,Good
1961,Kia,Carens,2017,CNG,Automatic,2280000.0,16.8,1200,5,16900.0,22.8,16.9,7,1.0L-1.5L,Average
1962,Tata Motors,Punch,2015,Diesel,Manual,510000.0,28.4,1800,4,6900.0,5.1,6.9,9,1.5L-2.0L,Excellent
1963,Hyundai,Creta,2017,Electric,Manual,2970000.0,13.5,800,5,24000.0,29.7,24.0,7,Below 1.0L,Low
1964,Tata Motors,Tiago,2017,Petrol,Automatic,1690000.0,14.7,800,4,16100.0,16.9,16.1,7,Below 1.0L,Low
1965,Maruti Suzuki,Ertiga,2015,CNG,Automatic,3160000.0,29.1,1200,4,22400.0,31.6,22.4,9,1.0L-1.5L,Excellent
1966,Volkswagen,Tiguan,2015,Petrol,Manual,3390000.0,19.3,2500,7,12200.0,33.9,12.2,9,2.0L-3.0L,Average
1967,Skoda,Superb,2017,CNG,Automatic,2120000.0,26.5,2000,4,8900.0,21.2,8.9,7,1.5L-2.0L,Excellent
1968,Tata Motors,Harrier,2024,Diesel,Automatic,2420000.0,18.2,2500,5,23100.0,24.2,23.1,0,2.0L-3.0L,Average
1969,Volkswagen,Virtus,2016,CNG,Automatic,1520000.0,22.6,2000,4,7800.0,15.2,7.8,8,1.5L-2.0L,Good
1970,Kia,Sonet,2016,Petrol,Manual,2010000.0,28.6,1500,5,7300.0,20.1,7.3,8,1.0L-1.5L,Excellent
1971,Renault,Kwid,2015,Electric,Manual,2470000.0,10.3,1800,4,19800.0,24.7,19.8,9,1.5L-2.0L,Low
1972,Skoda,Octavia,2017,Petrol,Automatic,1330000.0,24.4,1500,5,18500.0,13.3,18.5,7,1.0L-1.5L,Good
1973,Volkswagen,Polo,2018,CNG,Automatic,2440000.0,25.0,800,5,13500.0,24.4,13.5,6,Below 1.0L,Good
1974,Skoda,Octavia,2019,Petrol,Manual,660000.0,19.0,1200,6,21800.0,6.6,21.8,5,1.0L-1.5L,Average
1975,Renault,Duster,2018,CNG,Automatic,780000.0,19.6,1200,4,22600.0,7.8,22.6,6,1.0L-1.5L,Average
1976,Mahindra,XUV300,2015,Electric,Automatic,2300000.0,26.3,1200,5,10100.0,23.0,10.1,9,1.0L-1.5L,Excellent
1977,Skoda,Superb,2016,Electric,Manual,2150000.0,21.9,1200,7,23500.0,21.5,23.5,8,1.0L-1.5L,Good
1978,Kia,Seltos,2021,Petrol,Manual,1570000.0,11.9,1800,6,21400.0,15.7,21.4,3,1.5L-2.0L,Low
1979,Tata Motors,Tiago,2017,Petrol,Automatic,2210000.0,23.5,1800,6,7300.0,22.1,7.3,7,1.5L-2.0L,Good
1980,Hyundai,Verna,2023,Diesel,Automatic,3170000.0,29.4,2500,6,23700.0,31.7,23.7,1,2.0L-3.0L,Excellent
1981,Hyundai,i10,2022,Diesel,Manual,1490000.0,14.8,1500,5,14100.0,14.9,14.1,2,1.0L-1.5L,Low
1982,Maruti Suzuki,Baleno,2023,Petrol,Manual,3460000.0,29.9,2500,6,17300.0,34.6,17.3,1,2.0L-3.0L,Excellent
1983,Skoda,Superb,2021,Petrol,Manual,2390000.0,12.8,1800,5,11200.0,23.9,11.2,3,1.5L-2.0L,Low
1984,Honda,Jazz,2018,Diesel,Automatic,2090000.0,13.5,1800,4,20100.0,20.9,20.1,6,1.5L-2.0L,Low
1985,Kia,Carens,2020,Electric,Automatic,1460000.0,17.9,1500,4,9300.0,14.6,9.3,4,1.0L-1.5L,Average
1986,Toyota,Glanza,2019,CNG,Manual,2060000.0,14.9,1500,6,18800.0,20.6,18.8,5,1.0L-1.5L,Low
1987,Honda,WR-V,2021,CNG,Manual,650000.0,13.3,1800,6,24500.0,6.5,24.5,3,1.5L-2.0L,Low
1988,Maruti Suzuki,Swift,2019,Diesel,Automatic,3230000.0,21.1,2500,4,17100.0,32.3,17.1,5,2.0L-3.0L,Good
1989,Maruti Suzuki,Ertiga,2019,Diesel,Automatic,1600000.0,14.3,2000,6,23900.0,16.0,23.9,5,1.5L-2.0L,Low
1990,Skoda,Octavia,2024,CNG,Manual,1730000.0,23.8,1800,5,6900.0,17.3,6.9,0,1.5L-2.0L,Good
1991,Mahindra,Bolero,2020,Diesel,Manual,1800000.0,23.5,800,6,24000.0,18.0,24.0,4,Below 1.0L,Good
1992,Kia,EV6,2021,Petrol,Automatic,900000.0,26.3,2500,6,13100.0,9.0,13.1,3,2.0L-3.0L,Excellent
1993,Volkswagen,Virtus,2020,CNG,Automatic,2180000.0,16.2,2500,7,13100.0,21.8,13.1,4,2.0L-3.0L,Average
1994,Kia,Seltos,2018,Electric,Automatic,2970000.0,29.1,1500,7,6200.0,29.7,6.2,6,1.0L-1.5L,Excellent
1995,Mahindra,XUV700,2023,Electric,Automatic,2650000.0,26.1,2000,5,23600.0,26.5,23.6,1,1.5L-2.0L,Excellent
1996,Skoda,Rapid,2022,Diesel,Automatic,2690000.0,14.5,1000,7,20800.0,26.9,20.8,2,Below 1.0L,Low
1997,Maruti Suzuki,Ertiga,2015,Diesel,Manual,610000.0,16.9,2000,6,6200.0,6.1,6.2,9,1.5L-2.0L,Average
1998,Skoda,Kushaq,2017,CNG,Manual,1550000.0,14.9,1500,6,8500.0,15.5,8.5,7,1.0L-1.5L,Low
1999,Hyundai,i10,2022,Electric,Manual,2050000.0,20.3,1500,5,17400.0,20.5,17.4,2,1.0L-1.5L,Good
2000,Tata Motors,Punch,2023,Electric,Automatic,920000.0,10.5,1200,6,6100.0,9.2,6.1,1,1.0L-1.5L,Low
2001,Kia,Seltos,2015,Petrol,Manual,3440000.0,22.5,1800,5,5400.0,34.4,5.4,9,1.5L-2.0L,Good
2002,Skoda,Superb,2024,CNG,Manual,2880000.0,22.0,1800,7,8300.0,28.8,8.3,0,1.5L-2.0L,Good
2003,Volkswagen,Virtus,2015,Diesel,Automatic,1850000.0,11.0,1200,7,9500.0,18.5,9.5,9,1.0L-1.5L,Low
2004,Kia,Carnival,2018,Petrol,Automatic,2310000.0,25.7,1800,4,15100.0,23.1,15.1,6,1.5L-2.0L,Excellent
2005,Kia,Carens,2018,Petrol,Automatic,2370000.0,28.9,1000,7,6200.0,23.7,6.2,6,Below 1.0L,Excellent
2006,Toyota,Urban Cruiser,2024,Electric,Manual,1990000.0,18.1,1200,7,16100.0,19.9,16.1,0,1.0L-1.5L,Average
2007,Honda,Civic,2023,CNG,Manual,1290000.0,15.0,2000,7,24100.0,12.9,24.1,1,1.5L-2.0L,Low
2008,Maruti Suzuki,Dzire,2019,Petrol,Automatic,2170000.0,26.8,1800,4,23600.0,21.7,23.6,5,1.5L-2.0L,Excellent
2009,Kia,Carnival,2021,Diesel,Automatic,2730000.0,19.0,2000,4,22100.0,27.3,22.1,3,1.5L-2.0L,Average
2010,Volkswagen,Polo,2021,CNG,Automatic,860000.0,24.3,2500,7,22700.0,8.6,22.7,3,2.0L-3.0L,Good
2011,Kia,Seltos,2017,Diesel,Manual,1800000.0,13.1,800,4,9600.0,18.0,9.6,7,Below 1.0L,Low
2012,Hyundai,Verna,2015,Petrol,Automatic,490000.0,15.2,1500,4,7400.0,4.9,7.4,9,1.0L-1.5L,Average
2013,Tata Motors,Harrier,2015,Electric,Manual,2120000.0,28.3,800,6,9700.0,21.2,9.7,9,Below 1.0L,Excellent
2014,Honda,City,2017,Electric,Automatic,1440000.0,27.5,1000,4,5400.0,14.4,5.4,7,Below 1.0L,Excellent
2015,Honda,Amaze,2016,Diesel,Automatic,1330000.0,19.9,1200,5,9800.0,13.3,9.8,8,1.0L-1.5L,Average
2016,Skoda,Superb,2016,Diesel,Automatic,3090000.0,22.4,2000,6,20000.0,30.9,20.0,8,1.5L-2.0L,Good
2017,Tata Motors,Tiago,2022,Petrol,Automatic,3350000.0,12.6,1000,4,15900.0,33.5,15.9,2,Below 1.0L,Low
2018,Tata Motors,Nexon,2023,CNG,Automatic,1060000.0,22.6,2500,6,23800.0,10.6,23.8,1,2.0L-3.0L,Good
2019,Maruti Suzuki,Dzire,2018,Diesel,Manual,2080000.0,27.2,1800,5,9500.0,20.8,9.5,6,1.5L-2.0L,Excellent
2020,Toyota,Urban Cruiser,2019,Diesel,Manual,1310000.0,22.0,2500,4,12600.0,13.1,12.6,5,2.0L-3.0L,Good
2021,Volkswagen,Vento,2023,Petrol,Manual,1190000.0,17.5,1000,7,17300.0,11.9,17.3,1,Below 1.0L,Average
2022,Renault,Lodgy,2024,Petrol,Automatic,2070000.0,13.5,800,7,13100.0,20.7,13.1,0,Below 1.0L,Low
2023,Honda,WR-V,2020,CNG,Automatic,1530000.0,19.6,1800,7,12300.0,15.3,12.3,4,1.5L-2.0L,Average
2024,Mahindra,Scorpio,2021,Petrol,Manual,1170000.0,18.9,2500,5,21400.0,11.7,21.4,3,2.0L-3.0L,Average
2025,Maruti Suzuki,WagonR,2021,Petrol,Automatic,2170000.0,18.5,1000,5,8900.0,21.7,8.9,3,Below 1.0L,Average
2026,Toyota,Camry,2016,Petrol,Automatic,1530000.0,24.9,1200,7,11700.0,15.3,11.7,8,1.0L-1.5L,Good
2027,Renault,Kiger,2023,CNG,Manual,1700000.0,15.3,1800,6,6600.0,17.0,6.6,1,1.5L-2.0L,Average
2028,Mahindra,Bolero,2024,Electric,Manual,1710000.0,18.8,1000,4,6800.0,17.1,6.8,0,Below 1.0L,Average
2029,Skoda,Slavia,2020,CNG,Manual,770000.0,19.2,1800,7,19600.0,7.7,19.6,4,1.5L-2.0L,Average
2030,Renault,Lodgy,2016,CNG,Manual,1870000.0,18.3,2000,4,16800.0,18.7,16.8,8,1.5L-2.0L,Average
2031,Maruti Suzuki,Swift,2015,CNG,Manual,2930000.0,28.3,1200,7,21100.0,29.3,21.1,9,1.0L-1.5L,Excellent
2032,Kia,Sonet,2015,Petrol,Manual,2950000.0,28.3,1200,4,11000.0,29.5,11.0,9,1.0L-1.5L,Excellent
2033,Skoda,Superb,2018,Electric,Manual,3210000.0,16.2,1000,4,15200.0,32.1,15.2,6,Below 1.0L,Average
2034,Maruti Suzuki,Baleno,2019,Petrol,Automatic,3450000.0,20.9,1500,6,21800.0,34.5,21.8,5,1.0L-1.5L,Good
2035,Maruti Suzuki,Swift,2021,Petrol,Manual,1450000.0,16.8,1000,7,9700.0,14.5,9.7,3,Below 1.0L,Average
2036,Hyundai,i10,2019,CNG,Automatic,1160000.0,20.4,1000,5,21300.0,11.6,21.3,5,Below 1.0L,Good
2037,Tata Motors,Altroz,2024,Diesel,Automatic,520000.0,10.9,1000,7,16100.0,5.2,16.1,0,Below 1.0L,Low
2038,Toyota,Urban Cruiser,2023,CNG,Automatic,1060000.0,14.8,1500,7,15700.0,10.6,15.7,1,1.0L-1.5L,Low
2039,Volkswagen,Virtus,2021,Diesel,Manual,1640000.0,25.9,1200,6,21700.0,16.4,21.7,3,1.0L-1.5L,Excellent
2040,Skoda,Kushaq,2017,CNG,Manual,3390000.0,29.4,1200,6,19900.0,33.9,19.9,7,1.0L-1.5L,Excellent
2041,Hyundai,Venue,2015,CNG,Automatic,2920000.0,26.2,2500,6,5100.0,29.2,5.1,9,2.0L-3.0L,Excellent
2042,Toyota,Glanza,2024,CNG,Manual,2970000.0,25.7,2000,7,15900.0,29.7,15.9,0,1.5L-2.0L,Excellent
2043,Volkswagen,Vento,2022,Diesel,Automatic,1060000.0,28.9,800,4,21400.0,10.6,21.4,2,Below 1.0L,Excellent
2044,Toyota,Camry,2016,CNG,Manual,3170000.0,22.7,1800,4,20700.0,31.7,20.7,8,1.5L-2.0L,Good
2045,Tata Motors,Altroz,2017,Diesel,Manual,1930000.0,24.2,1500,7,5200.0,19.3,5.2,7,1.0L-1.5L,Good
2046,Mahindra,Bolero,2024,Petrol,Manual,2980000.0,16.8,1800,5,18400.0,29.8,18.4,0,1.5L-2.0L,Average
2047,Toyota,Glanza,2017,CNG,Manual,950000.0,10.4,2000,4,15100.0,9.5,15.1,7,1.5L-2.0L,Low
2048,Honda,Civic,2018,Electric,Automatic,1740000.0,26.4,1800,6,7500.0,17.4,7.5,6,1.5L-2.0L,Excellent
2049,Maruti Suzuki,Ertiga,2019,CNG,Automatic,2680000.0,26.6,1800,6,8300.0,26.8,8.3,5,1.5L-2.0L,Excellent
2050,Honda,Jazz,2023,CNG,Manual,3170000.0,23.5,1800,7,24800.0,31.7,24.8,1,1.5L-2.0L,Good
2051,Honda,Amaze,2024,Electric,Automatic,1200000.0,15.3,1200,4,21300.0,12.0,21.3,0,1.0L-1.5L,Average
2052,Mahindra,Bolero,2020,Diesel,Manual,2440000.0,27.1,1200,7,17300.0,24.4,17.3,4,1.0L-1.5L,Excellent
2053,Kia,Carens,2020,CNG,Manual,700000.0,14.0,2000,4,14300.0,7.0,14.3,4,1.5L-2.0L,Low
2054,Toyota,Fortuner,2024,Diesel,Manual,1360000.0,24.8,1500,7,5800.0,13.6,5.8,0,1.0L-1.5L,Good
2055,Hyundai,i10,2017,Diesel,Automatic,2720000.0,12.6,1200,7,24800.0,27.2,24.8,7,1.0L-1.5L,Low
2056,Toyota,Glanza,2023,Electric,Manual,1890000.0,24.6,800,4,21800.0,18.9,21.8,1,Below 1.0L,Good
2057,Honda,City,2022,Petrol,Manual,720000.0,24.3,1500,4,5000.0,7.2,5.0,2,1.0L-1.5L,Good
2058,Honda,WR-V,2018,Electric,Manual,2110000.0,24.4,1000,4,9000.0,21.1,9.0,6,Below 1.0L,Good
2059,Honda,City,2016,Electric,Automatic,3300000.0,24.3,2000,7,6700.0,33.0,6.7,8,1.5L-2.0L,Good
2060,Skoda,Octavia,2020,Petrol,Automatic,3100000.0,25.1,1200,6,20400.0,31.0,20.4,4,1.0L-1.5L,Excellent
2061,Skoda,Kushaq,2020,CNG,Automatic,2500000.0,29.7,1500,4,17900.0,25.0,17.9,4,1.0L-1.5L,Excellent
2062,Volkswagen,Tiguan,2015,Petrol,Automatic,3000000.0,17.7,1800,5,21400.0,30.0,21.4,9,1.5L-2.0L,Average
2063,Mahindra,XUV300,2015,CNG,Manual,1240000.0,19.2,1000,6,9200.0,12.4,9.2,9,Below 1.0L,Average
2064,Hyundai,Venue,2021,Electric,Automatic,1920000.0,29.7,2500,5,10100.0,19.2,10.1,3,2.0L-3.0L,Excellent
2065,Hyundai,i20,2017,CNG,Manual,1060000.0,17.0,2500,7,9500.0,10.6,9.5,7,2.0L-3.0L,Average
2066,Honda,WR-V,2024,Diesel,Manual,1240000.0,19.3,2500,4,9000.0,12.4,9.0,0,2.0L-3.0L,Average
2067,Toyota,Fortuner,2017,Petrol,Automatic,1670000.0,18.7,1500,4,5200.0,16.7,5.2,7,1.0L-1.5L,Average
2068,Mahindra,XUV700,2024,Petrol,Automatic,3380000.0,23.3,1000,6,18400.0,33.8,18.4,0,Below 1.0L,Good
2069,Mahindra,Scorpio,2022,Petrol,Automatic,1840000.0,15.0,2000,6,24600.0,18.4,24.6,2,1.5L-2.0L,Low
2070,Mahindra,XUV700,2015,Petrol,Automatic,690000.0,25.3,800,5,9600.0,6.9,9.6,9,Below 1.0L,Excellent
2071,Maruti Suzuki,Ertiga,2017,Electric,Automatic,930000.0,22.9,1200,7,9200.0,9.3,9.2,7,1.0L-1.5L,Good
2072,Kia,Carens,2024,CNG,Manual,2030000.0,28.4,2000,7,23100.0,20.3,23.1,0,1.5L-2.0L,Excellent
2073,Volkswagen,Vento,2019,Petrol,Manual,1460000.0,18.4,2000,6,23300.0,14.6,23.3,5,1.5L-2.0L,Average
2074,Skoda,Kushaq,2019,Petrol,Manual,1000000.0,12.8,1500,6,8400.0,10.0,8.4,5,1.0L-1.5L,Low
2075,Kia,Seltos,2023,Petrol,Manual,1580000.0,23.6,1200,6,10600.0,15.8,10.6,1,1.0L-1.5L,Good
2076,Kia,Sonet,2020,Diesel,Automatic,3080000.0,17.0,800,6,10600.0,30.8,10.6,4,Below 1.0L,Average
2077,Maruti Suzuki,Baleno,2021,CNG,Automatic,2940000.0,28.6,1200,7,24000.0,29.4,24.0,3,1.0L-1.5L,Excellent
2078,Tata Motors,Tiago,2020,Diesel,Manual,700000.0,26.0,2500,7,21700.0,7.0,21.7,4,2.0L-3.0L,Excellent
2079,Volkswagen,Taigun,2016,Petrol,Automatic,950000.0,12.2,2000,7,12000.0,9.5,12.0,8,1.5L-2.0L,Low
2080,Kia,Seltos,2022,CNG,Automatic,3480000.0,12.1,1500,6,19400.0,34.8,19.4,2,1.0L-1.5L,Low
2081,Mahindra,Thar,2022,Electric,Manual,1420000.0,16.3,800,7,8000.0,14.2,8.0,2,Below 1.0L,Average
2082,Volkswagen,Tiguan,2016,Petrol,Manual,2060000.0,18.3,2000,4,21000.0,20.6,21.0,8,1.5L-2.0L,Average
2083,Mahindra,Scorpio,2024,CNG,Manual,810000.0,13.6,1000,4,19200.0,8.1,19.2,0,Below 1.0L,Low
2084,Renault,Lodgy,2021,Petrol,Manual,1390000.0,11.6,1500,4,8700.0,13.9,8.7,3,1.0L-1.5L,Low
2085,Toyota,Fortuner,2017,Petrol,Automatic,1010000.0,15.7,1000,6,14200.0,10.1,14.2,7,Below 1.0L,Average
2086,Hyundai,i20,2021,Electric,Automatic,1160000.0,18.2,1200,6,20900.0,11.6,20.9,3,1.0L-1.5L,Average
2087,Tata Motors,Harrier,2022,Electric,Automatic,2150000.0,18.8,2000,6,20600.0,21.5,20.6,2,1.5L-2.0L,Average
2088,Renault,Duster,2020,Petrol,Manual,3210000.0,21.2,2500,6,10800.0,32.1,10.8,4,2.0L-3.0L,Good
2089,Honda,Jazz,2023,Petrol,Manual,3410000.0,17.6,1200,5,7400.0,34.1,7.4,1,1.0L-1.5L,Average
2090,Skoda,Octavia,2019,Petrol,Manual,3330000.0,15.5,800,5,16400.0,33.3,16.4,5,Below 1.0L,Average
2091,Maruti Suzuki,Dzire,2016,Diesel,Manual,2920000.0,26.8,1000,7,24900.0,29.2,24.9,8,Below 1.0L,Excellent
2092,Honda,City,2024,Electric,Manual,1130000.0,15.2,2500,4,5400.0,11.3,5.4,0,2.0L-3.0L,Average
2093,Hyundai,Venue,2018,Diesel,Automatic,1190000.0,11.2,1500,4,7200.0,11.9,7.2,6,1.0L-1.5L,Low
2094,Tata Motors,Punch,2022,Electric,Automatic,1710000.0,24.9,1500,6,10100.0,17.1,10.1,2,1.0L-1.5L,Good
2095,Volkswagen,Polo,2019,Electric,Automatic,3110000.0,16.5,2500,6,13300.0,31.1,13.3,5,2.0L-3.0L,Average
2096,Maruti Suzuki,WagonR,2023,CNG,Manual,960000.0,14.4,1000,7,5700.0,9.6,5.7,1,Below 1.0L,Low
2097,Volkswagen,Vento,2021,Petrol,Automatic,660000.0,20.9,800,4,20800.0,6.6,20.8,3,Below 1.0L,Good
2098,Kia,Carnival,2022,Electric,Automatic,2460000.0,15.3,2500,7,20600.0,24.6,20.6,2,2.0L-3.0L,Average
2099,Volkswagen,Virtus,2017,CNG,Automatic,2720000.0,10.1,2500,5,23000.0,27.2,23.0,7,2.0L-3.0L,Low
2100,Honda,Civic,2021,Electric,Automatic,3250000.0,19.5,1000,4,7500.0,32.5,7.5,3,Below 1.0L,Average
2101,Maruti Suzuki,WagonR,2024,Electric,Automatic,780000.0,12.2,1000,7,8900.0,7.8,8.9,0,Below 1.0L,Low
2102,Hyundai,i10,2021,Diesel,Manual,410000.0,18.1,2500,7,19400.0,4.1,19.4,3,2.0L-3.0L,Average
2103,Mahindra,XUV300,2016,Petrol,Automatic,2340000.0,24.9,1800,5,18800.0,23.4,18.8,8,1.5L-2.0L,Good
2104,Mahindra,XUV700,2020,Electric,Automatic,1250000.0,28.5,1000,4,20900.0,12.5,20.9,4,Below 1.0L,Excellent
2105,Mahindra,XUV300,2015,Electric,Automatic,2780000.0,11.0,800,6,9100.0,27.8,9.1,9,Below 1.0L,Low
2106,Honda,Jazz,2022,Petrol,Automatic,1680000.0,18.0,1000,4,8100.0,16.8,8.1,2,Below 1.0L,Average
2107,Kia,Carnival,2020,Petrol,Manual,870000.0,22.7,1000,7,7600.0,8.7,7.6,4,Below 1.0L,Good
2108,Hyundai,i20,2015,Electric,Automatic,850000.0,15.3,2500,6,11700.0,8.5,11.7,9,2.0L-3.0L,Average
2109,Maruti Suzuki,Baleno,2022,Petrol,Manual,880000.0,13.5,2000,7,16300.0,8.8,16.3,2,1.5L-2.0L,Low
2110,Mahindra,Scorpio,2023,CNG,Automatic,2970000.0,15.4,1200,7,7200.0,29.7,7.2,1,1.0L-1.5L,Average
2111,Tata Motors,Tiago,2023,Electric,Automatic,540000.0,20.7,2000,7,10700.0,5.4,10.7,1,1.5L-2.0L,Good
2112,Hyundai,Creta,2021,Petrol,Manual,1400000.0,28.5,1000,6,19300.0,14.0,19.3,3,Below 1.0L,Excellent
2113,Renault,Kiger,2021,CNG,Manual,3320000.0,20.1,1200,6,13700.0,33.2,13.7,3,1.0L-1.5L,Good
2114,Honda,Amaze,2018,Petrol,Manual,3420000.0,26.6,800,5,22200.0,34.2,22.2,6,Below 1.0L,Excellent
2115,Toyota,Camry,2020,CNG,Manual,470000.0,12.5,1800,6,12300.0,4.7,12.3,4,1.5L-2.0L,Low
2116,Kia,Sonet,2021,Electric,Automatic,2700000.0,12.5,1000,6,11900.0,27.0,11.9,3,Below 1.0L,Low
2117,Maruti Suzuki,Ertiga,2016,Petrol,Automatic,1980000.0,21.8,800,6,25000.0,19.8,25.0,8,Below 1.0L,Good
2118,Renault,Kiger,2023,Diesel,Automatic,3240000.0,26.1,1800,4,8600.0,32.4,8.6,1,1.5L-2.0L,Excellent
2119,Tata Motors,Tiago,2018,CNG,Automatic,3200000.0,26.6,1200,4,6700.0,32.0,6.7,6,1.0L-1.5L,Excellent
2120,Maruti Suzuki,Swift,2015,Petrol,Automatic,2470000.0,20.4,1500,5,7800.0,24.7,7.8,9,1.0L-1.5L,Good
2121,Volkswagen,Tiguan,2024,Diesel,Manual,1450000.0,18.9,800,4,18500.0,14.5,18.5,0,Below 1.0L,Average
2122,Tata Motors,Tiago,2024,CNG,Automatic,1350000.0,11.0,800,7,13800.0,13.5,13.8,0,Below 1.0L,Low
2123,Maruti Suzuki,WagonR,2015,CNG,Automatic,1980000.0,23.6,2500,5,23400.0,19.8,23.4,9,2.0L-3.0L,Good
2124,Renault,Triber,2021,Electric,Manual,1540000.0,11.6,1800,5,23500.0,15.4,23.5,3,1.5L-2.0L,Low
2125,Kia,Sonet,2019,Petrol,Automatic,1000000.0,16.3,1800,5,17800.0,10.0,17.8,5,1.5L-2.0L,Average
2126,Honda,Civic,2017,CNG,Manual,1600000.0,21.1,2500,5,7200.0,16.0,7.2,7,2.0L-3.0L,Good
2127,Kia,Carnival,2022,Diesel,Automatic,1170000.0,21.0,2000,6,18400.0,11.7,18.4,2,1.5L-2.0L,Good
2128,Hyundai,i20,2024,Petrol,Automatic,3100000.0,12.9,1000,7,7900.0,31.0,7.9,0,Below 1.0L,Low
2129,Mahindra,XUV300,2016,Petrol,Manual,2880000.0,13.2,1000,4,7900.0,28.8,7.9,8,Below 1.0L,Low
2130,Tata Motors,Punch,2017,Electric,Manual,1300000.0,27.1,2500,5,18500.0,13.0,18.5,7,2.0L-3.0L,Excellent
2131,Volkswagen,Vento,2022,CNG,Automatic,980000.0,13.8,1500,4,18800.0,9.8,18.8,2,1.0L-1.5L,Low
2132,Honda,Amaze,2018,Diesel,Automatic,2380000.0,16.5,1800,7,9100.0,23.8,9.1,6,1.5L-2.0L,Average
2133,Tata Motors,Tiago,2023,CNG,Automatic,1780000.0,27.8,1500,7,12700.0,17.8,12.7,1,1.0L-1.5L,Excellent
2134,Hyundai,i10,2024,CNG,Automatic,2590000.0,24.8,1500,4,10600.0,25.9,10.6,0,1.0L-1.5L,Good
2135,Renault,Duster,2018,Petrol,Automatic,3260000.0,14.0,1200,6,12400.0,32.6,12.4,6,1.0L-1.5L,Low
2136,Kia,Carnival,2019,Petrol,Manual,2340000.0,22.4,1000,4,23100.0,23.4,23.1,5,Below 1.0L,Good
2137,Toyota,Fortuner,2015,Electric,Manual,2170000.0,19.4,1200,7,10800.0,21.7,10.8,9,1.0L-1.5L,Average
2138,Toyota,Fortuner,2017,CNG,Automatic,1530000.0,16.9,1500,5,12500.0,15.3,12.5,7,1.0L-1.5L,Average
2139,Renault,Kwid,2019,CNG,Automatic,2830000.0,10.5,1000,4,16000.0,28.3,16.0,5,Below 1.0L,Low
2140,Tata Motors,Altroz,2022,Diesel,Manual,1610000.0,29.2,1500,4,24300.0,16.1,24.3,2,1.0L-1.5L,Excellent
2141,Hyundai,Verna,2018,Electric,Automatic,2570000.0,21.0,1500,6,14100.0,25.7,14.1,6,1.0L-1.5L,Good
2142,Skoda,Rapid,2021,Petrol,Manual,1110000.0,10.3,1200,5,15300.0,11.1,15.3,3,1.0L-1.5L,Low
2143,Mahindra,XUV300,2018,CNG,Automatic,2840000.0,17.4,1200,7,11500.0,28.4,11.5,6,1.0L-1.5L,Average
2144,Tata Motors,Tiago,2024,Petrol,Manual,1140000.0,20.8,2000,7,5300.0,11.4,5.3,0,1.5L-2.0L,Good
2145,Toyota,Camry,2016,CNG,Automatic,610000.0,27.7,1200,4,19700.0,6.1,19.7,8,1.0L-1.5L,Excellent
2146,Kia,EV6,2018,CNG,Automatic,2790000.0,13.6,1800,7,6900.0,27.9,6.9,6,1.5L-2.0L,Low
2147,Volkswagen,Polo,2020,CNG,Automatic,1710000.0,18.1,1200,6,9700.0,17.1,9.7,4,1.0L-1.5L,Average
2148,Renault,Triber,2024,Petrol,Manual,2510000.0,28.4,1500,4,23300.0,25.1,23.3,0,1.0L-1.5L,Excellent
2149,Hyundai,Creta,2023,Petrol,Automatic,1860000.0,17.9,1200,7,9000.0,18.6,9.0,1,1.0L-1.5L,Average
2150,Renault,Duster,2024,Petrol,Automatic,2930000.0,21.5,1000,4,6300.0,29.3,6.3,0,Below 1.0L,Good
2151,Honda,Civic,2022,Electric,Automatic,2360000.0,11.5,800,6,8500.0,23.6,8.5,2,Below 1.0L,Low
2152,Mahindra,Scorpio,2015,Diesel,Manual,670000.0,21.1,2000,5,19000.0,6.7,19.0,9,1.5L-2.0L,Good
2153,Maruti Suzuki,WagonR,2015,Diesel,Automatic,590000.0,18.7,1000,6,15700.0,5.9,15.7,9,Below 1.0L,Average
2154,Honda,City,2016,Diesel,Automatic,1170000.0,22.3,1200,6,20800.0,11.7,20.8,8,1.0L-1.5L,Good
2155,Maruti Suzuki,WagonR,2023,Petrol,Manual,2350000.0,21.7,1800,7,11000.0,23.5,11.0,1,1.5L-2.0L,Good
2156,Hyundai,i10,2020,Electric,Automatic,1860000.0,23.6,2500,4,13800.0,18.6,13.8,4,2.0L-3.0L,Good
2157,Volkswagen,Taigun,2024,Petrol,Manual,3130000.0,11.1,1800,4,14400.0,31.3,14.4,0,1.5L-2.0L,Low
2158,Toyota,Fortuner,2019,CNG,Manual,3460000.0,11.0,1200,6,24400.0,34.6,24.4,5,1.0L-1.5L,Low
2159,Kia,Sonet,2017,Diesel,Manual,970000.0,13.7,800,7,7800.0,9.7,7.8,7,Below 1.0L,Low
2160,Tata Motors,Nexon,2017,CNG,Automatic,1700000.0,18.9,1500,6,16700.0,17.0,16.7,7,1.0L-1.5L,Average
2161,Renault,Kwid,2023,Diesel,Manual,2700000.0,15.7,1000,4,22100.0,27.0,22.1,1,Below 1.0L,Average
2162,Hyundai,i10,2016,Petrol,Automatic,1690000.0,18.7,2000,4,18400.0,16.9,18.4,8,1.5L-2.0L,Average
2163,Skoda,Rapid,2023,CNG,Manual,2270000.0,16.3,2000,4,8200.0,22.7,8.2,1,1.5L-2.0L,Average
2164,Hyundai,Venue,2015,Electric,Automatic,1430000.0,22.3,1200,7,6700.0,14.3,6.7,9,1.0L-1.5L,Good
2165,Volkswagen,Tiguan,2020,Petrol,Automatic,2090000.0,28.1,1200,4,8400.0,20.9,8.4,4,1.0L-1.5L,Excellent
2166,Toyota,Camry,2020,Electric,Automatic,3250000.0,18.6,1800,5,7500.0,32.5,7.5,4,1.5L-2.0L,Average
2167,Toyota,Camry,2017,CNG,Automatic,2260000.0,13.4,1500,6,12300.0,22.6,12.3,7,1.0L-1.5L,Low
2168,Hyundai,Venue,2022,Petrol,Automatic,2210000.0,14.0,1800,4,22700.0,22.1,22.7,2,1.5L-2.0L,Low
2169,Honda,Amaze,2017,Diesel,Automatic,2400000.0,15.8,1200,4,11400.0,24.0,11.4,7,1.0L-1.5L,Average
2170,Renault,Lodgy,2019,Petrol,Automatic,2550000.0,25.4,2000,7,10900.0,25.5,10.9,5,1.5L-2.0L,Excellent
2171,Tata Motors,Harrier,2023,CNG,Manual,3400000.0,22.3,1500,4,11300.0,34.0,11.3,1,1.0L-1.5L,Good
2172,Toyota,Glanza,2016,Diesel,Automatic,3410000.0,21.6,800,4,20400.0,34.1,20.4,8,Below 1.0L,Good
2173,Honda,Jazz,2015,CNG,Manual,2330000.0,13.0,1200,5,22500.0,23.3,22.5,9,1.0L-1.5L,Low
2174,Skoda,Octavia,2023,Electric,Manual,650000.0,19.4,2000,4,15500.0,6.5,15.5,1,1.5L-2.0L,Average
2175,Skoda,Kushaq,2019,Petrol,Manual,3050000.0,25.0,1800,5,23400.0,30.5,23.4,5,1.5L-2.0L,Good
2176,Tata Motors,Punch,2024,CNG,Automatic,1710000.0,21.3,1500,6,7800.0,17.1,7.8,0,1.0L-1.5L,Good
2177,Volkswagen,Taigun,2018,CNG,Manual,1330000.0,15.6,2000,4,23200.0,13.3,23.2,6,1.5L-2.0L,Average
2178,Tata Motors,Punch,2018,CNG,Manual,2040000.0,13.6,1500,5,16100.0,20.4,16.1,6,1.0L-1.5L,Low
2179,Renault,Duster,2022,Electric,Automatic,2350000.0,21.3,1200,6,11300.0,23.5,11.3,2,1.0L-1.5L,Good
2180,Kia,Carens,2023,Diesel,Automatic,3290000.0,16.9,2500,4,17100.0,32.9,17.1,1,2.0L-3.0L,Average
2181,Skoda,Rapid,2021,Electric,Manual,1410000.0,26.8,1000,6,11300.0,14.1,11.3,3,Below 1.0L,Excellent
2182,Renault,Lodgy,2024,Diesel,Automatic,1900000.0,24.8,1500,4,6500.0,19.0,6.5,0,1.0L-1.5L,Good
2183,Honda,City,2023,CNG,Manual,1000000.0,15.4,800,7,21300.0,10.0,21.3,1,Below 1.0L,Average
2184,Toyota,Innova,2023,Electric,Manual,3150000.0,29.0,1000,7,5300.0,31.5,5.3,1,Below 1.0L,Excellent
2185,Hyundai,i10,2018,Electric,Automatic,2390000.0,16.2,800,4,24100.0,23.9,24.1,6,Below 1.0L,Average
2186,Hyundai,i20,2019,Petrol,Automatic,2480000.0,12.2,2500,5,5300.0,24.8,5.3,5,2.0L-3.0L,Low
2187,Maruti Suzuki,Baleno,2024,Electric,Manual,520000.0,13.8,1200,4,20500.0,5.2,20.5,0,1.0L-1.5L,Low
2188,Mahindra,Scorpio,2017,Diesel,Automatic,3400000.0,16.2,2500,4,10500.0,34.0,10.5,7,2.0L-3.0L,Average
2189,Toyota,Innova,2020,Electric,Automatic,2710000.0,22.7,1500,7,12200.0,27.1,12.2,4,1.0L-1.5L,Good
2190,Toyota,Camry,2016,Electric,Automatic,750000.0,26.1,1200,6,7200.0,7.5,7.2,8,1.0L-1.5L,Excellent
2191,Toyota,Innova,2016,Diesel,Automatic,440000.0,25.9,2000,4,15300.0,4.4,15.3,8,1.5L-2.0L,Excellent
2192,Renault,Triber,2021,Petrol,Automatic,2270000.0,16.1,2500,7,23900.0,22.7,23.9,3,2.0L-3.0L,Average
2193,Maruti Suzuki,WagonR,2023,CNG,Automatic,2930000.0,14.9,2000,6,20900.0,29.3,20.9,1,1.5L-2.0L,Low
2194,Toyota,Glanza,2020,CNG,Manual,760000.0,12.3,800,4,16400.0,7.6,16.4,4,Below 1.0L,Low
2195,Mahindra,Bolero,2018,Petrol,Automatic,720000.0,13.4,1000,4,24900.0,7.2,24.9,6,Below 1.0L,Low
2196,Skoda,Slavia,2017,Electric,Automatic,2630000.0,23.8,800,6,21400.0,26.3,21.4,7,Below 1.0L,Good
2197,Renault,Lodgy,2017,CNG,Manual,1640000.0,18.3,1200,7,24300.0,16.4,24.3,7,1.0L-1.5L,Average
2198,Mahindra,Thar,2019,Petrol,Automatic,990000.0,24.7,800,6,5000.0,9.9,5.0,5,Below 1.0L,Good
2199,Hyundai,Venue,2021,Petrol,Manual,1640000.0,25.8,1500,5,16000.0,16.4,16.0,3,1.0L-1.5L,Excellent
2200,Honda,Amaze,2018,Diesel,Manual,440000.0,25.8,1500,6,18700.0,4.4,18.7,6,1.0L-1.5L,Excellent
2201,Toyota,Glanza,2019,Petrol,Manual,930000.0,27.2,800,5,17200.0,9.3,17.2,5,Below 1.0L,Excellent
2202,Toyota,Camry,2023,CNG,Manual,720000.0,14.3,1800,7,24900.0,7.2,24.9,1,1.5L-2.0L,Low
2203,Tata Motors,Nexon,2018,Diesel,Manual,1670000.0,14.3,2500,4,9100.0,16.7,9.1,6,2.0L-3.0L,Low
2204,Honda,Amaze,2018,Petrol,Manual,3180000.0,18.8,1500,6,12000.0,31.8,12.0,6,1.0L-1.5L,Average
2205,Mahindra,Bolero,2016,Electric,Automatic,1620000.0,11.6,1000,4,10200.0,16.2,10.2,8,Below 1.0L,Low
2206,Hyundai,i20,2018,CNG,Manual,650000.0,22.4,2000,6,11000.0,6.5,11.0,6,1.5L-2.0L,Good
2207,Mahindra,Thar,2021,Diesel,Manual,1410000.0,17.7,1200,6,21400.0,14.1,21.4,3,1.0L-1.5L,Average
2208,Mahindra,XUV300,2018,Electric,Automatic,1940000.0,17.1,1800,7,5100.0,19.4,5.1,6,1.5L-2.0L,Average
2209,Volkswagen,Polo,2020,Electric,Manual,2310000.0,15.1,1200,5,18100.0,23.1,18.1,4,1.0L-1.5L,Average
2210,Kia,EV6,2019,CNG,Automatic,2030000.0,15.5,1000,4,15800.0,20.3,15.8,5,Below 1.0L,Average
2211,Volkswagen,Tiguan,2018,Petrol,Automatic,1000000.0,11.4,800,6,7600.0,10.0,7.6,6,Below 1.0L,Low
2212,Kia,Carens,2015,Diesel,Automatic,690000.0,25.6,1500,4,15600.0,6.9,15.6,9,1.0L-1.5L,Excellent
2213,Volkswagen,Polo,2019,Petrol,Automatic,2030000.0,12.1,1500,7,18000.0,20.3,18.0,5,1.0L-1.5L,Low
2214,Hyundai,i10,2022,Electric,Automatic,1110000.0,16.1,1500,5,18000.0,11.1,18.0,2,1.0L-1.5L,Average
2215,Volkswagen,Taigun,2017,Electric,Automatic,1290000.0,25.2,1000,4,15100.0,12.9,15.1,7,Below 1.0L,Excellent
2216,Toyota,Glanza,2015,Diesel,Automatic,3320000.0,23.1,1500,6,17600.0,33.2,17.6,9,1.0L-1.5L,Good
2217,Hyundai,Venue,2022,Electric,Automatic,550000.0,27.8,1500,7,9000.0,5.5,9.0,2,1.0L-1.5L,Excellent
2218,Mahindra,Scorpio,2022,Electric,Automatic,1150000.0,17.9,1000,5,6800.0,11.5,6.8,2,Below 1.0L,Average
2219,Toyota,Fortuner,2016,CNG,Automatic,1440000.0,24.5,2500,7,23400.0,14.4,23.4,8,2.0L-3.0L,Good
2220,Skoda,Rapid,2021,Electric,Automatic,1600000.0,16.6,1500,4,13500.0,16.0,13.5,3,1.0L-1.5L,Average
2221,Kia,EV6,2015,Petrol,Manual,3190000.0,15.1,800,5,16300.0,31.9,16.3,9,Below 1.0L,Average
2222,Volkswagen,Vento,2017,CNG,Automatic,1000000.0,25.9,1200,6,6500.0,10.0,6.5,7,1.0L-1.5L,Excellent
2223,Volkswagen,Virtus,2021,CNG,Manual,2600000.0,18.8,800,7,24400.0,26.0,24.4,3,Below 1.0L,Average
2224,Tata Motors,Harrier,2023,Diesel,Manual,580000.0,19.4,1000,6,17700.0,5.8,17.7,1,Below 1.0L,Average
2225,Honda,Civic,2022,Electric,Manual,2110000.0,18.1,1000,7,24900.0,21.1,24.9,2,Below 1.0L,Average
2226,Honda,WR-V,2020,CNG,Manual,1430000.0,17.0,1200,6,12100.0,14.3,12.1,4,1.0L-1.5L,Average
2227,Hyundai,Verna,2018,Electric,Automatic,1430000.0,19.8,2500,4,16800.0,14.3,16.8,6,2.0L-3.0L,Average
2228,Tata Motors,Nexon,2015,CNG,Automatic,2540000.0,20.1,1800,7,17100.0,25.4,17.1,9,1.5L-2.0L,Good
2229,Honda,City,2016,Petrol,Automatic,1040000.0,22.2,2000,5,23800.0,10.4,23.8,8,1.5L-2.0L,Good
2230,Toyota,Camry,2015,Electric,Automatic,3160000.0,20.3,1000,7,22300.0,31.6,22.3,9,Below 1.0L,Good
2231,Toyota,Glanza,2023,Petrol,Manual,1100000.0,19.2,1800,7,19600.0,11.0,19.6,1,1.5L-2.0L,Average
2232,Tata Motors,Altroz,2020,Diesel,Automatic,3440000.0,29.0,800,7,18900.0,34.4,18.9,4,Below 1.0L,Excellent
2233,Maruti Suzuki,Swift,2023,CNG,Manual,1450000.0,11.1,1500,5,11400.0,14.5,11.4,1,1.0L-1.5L,Low
2234,Honda,Amaze,2022,CNG,Manual,2900000.0,13.1,800,6,8700.0,29.0,8.7,2,Below 1.0L,Low
2235,Skoda,Superb,2021,Petrol,Automatic,860000.0,17.9,1200,4,15300.0,8.6,15.3,3,1.0L-1.5L,Average
2236,Volkswagen,Virtus,2018,CNG,Automatic,2040000.0,11.2,2500,7,18400.0,20.4,18.4,6,2.0L-3.0L,Low
2237,Volkswagen,Vento,2023,Electric,Automatic,3190000.0,22.6,800,7,23300.0,31.9,23.3,1,Below 1.0L,Good
2238,Maruti Suzuki,Baleno,2016,Diesel,Automatic,1190000.0,20.7,800,7,19700.0,11.9,19.7,8,Below 1.0L,Good
2239,Tata Motors,Tiago,2015,Electric,Manual,1600000.0,12.5,2500,5,19100.0,16.0,19.1,9,2.0L-3.0L,Low
2240,Honda,Civic,2017,CNG,Manual,1860000.0,28.7,1800,4,13100.0,18.6,13.1,7,1.5L-2.0L,Excellent
2241,Mahindra,XUV700,2018,Diesel,Manual,1810000.0,17.9,1500,6,16900.0,18.1,16.9,6,1.0L-1.5L,Average
2242,Hyundai,Venue,2015,Diesel,Manual,2440000.0,19.9,1000,5,24900.0,24.4,24.9,9,Below 1.0L,Average
2243,Mahindra,Scorpio,2018,CNG,Manual,2290000.0,27.6,1500,6,22000.0,22.9,22.0,6,1.0L-1.5L,Excellent
2244,Volkswagen,Polo,2017,Electric,Automatic,820000.0,13.2,1800,4,21600.0,8.2,21.6,7,1.5L-2.0L,Low
2245,Skoda,Rapid,2020,Diesel,Manual,1230000.0,27.5,1200,5,18400.0,12.3,18.4,4,1.0L-1.5L,Excellent
2246,Hyundai,i10,2019,Electric,Manual,2830000.0,15.5,1200,7,5900.0,28.3,5.9,5,1.0L-1.5L,Average
2247,Volkswagen,Taigun,2024,Diesel,Automatic,2020000.0,18.9,800,6,12300.0,20.2,12.3,0,Below 1.0L,Average
2248,Renault,Kwid,2017,Electric,Manual,2810000.0,11.8,1800,6,14700.0,28.1,14.7,7,1.5L-2.0L,Low
2249,Mahindra,XUV300,2022,Diesel,Manual,2260000.0,25.0,2000,6,11800.0,22.6,11.8,2,1.5L-2.0L,Good
2250,Hyundai,Creta,2023,Electric,Manual,1060000.0,26.1,1200,6,10200.0,10.6,10.2,1,1.0L-1.5L,Excellent
2251,Tata Motors,Punch,2022,Diesel,Automatic,1860000.0,18.6,1000,6,8100.0,18.6,8.1,2,Below 1.0L,Average
2252,Kia,Sonet,2022,Electric,Automatic,2230000.0,19.7,1500,7,22300.0,22.3,22.3,2,1.0L-1.5L,Average
2253,Renault,Duster,2022,Petrol,Automatic,2370000.0,20.8,1000,7,9700.0,23.7,9.7,2,Below 1.0L,Good
2254,Maruti Suzuki,WagonR,2019,Electric,Manual,2780000.0,23.3,1800,4,20500.0,27.8,20.5,5,1.5L-2.0L,Good
2255,Renault,Kiger,2015,Electric,Automatic,2570000.0,14.6,800,4,17900.0,25.7,17.9,9,Below 1.0L,Low
2256,Skoda,Superb,2018,CNG,Automatic,1340000.0,29.8,1200,7,8900.0,13.4,8.9,6,1.0L-1.5L,Excellent
2257,Kia,EV6,2016,CNG,Automatic,1140000.0,17.7,1200,5,6400.0,11.4,6.4,8,1.0L-1.5L,Average
2258,Honda,WR-V,2024,Electric,Automatic,2600000.0,17.6,1800,5,21400.0,26.0,21.4,0,1.5L-2.0L,Average
2259,Skoda,Slavia,2021,Diesel,Automatic,3300000.0,21.5,1200,7,13600.0,33.0,13.6,3,1.0L-1.5L,Good
2260,Honda,Amaze,2023,Petrol,Automatic,2370000.0,25.5,1000,6,7800.0,23.7,7.8,1,Below 1.0L,Excellent
2261,Hyundai,Verna,2022,Petrol,Automatic,2790000.0,17.5,800,5,21000.0,27.9,21.0,2,Below 1.0L,Average
2262,Hyundai,Verna,2019,Electric,Automatic,2750000.0,17.3,1800,4,17400.0,27.5,17.4,5,1.5L-2.0L,Average
2263,Hyundai,Creta,2022,Petrol,Automatic,1770000.0,10.1,1800,6,17400.0,17.7,17.4,2,1.5L-2.0L,Low
2264,Hyundai,i20,2016,CNG,Manual,940000.0,15.9,2500,6,20000.0,9.4,20.0,8,2.0L-3.0L,Average
2265,Volkswagen,Taigun,2022,Diesel,Automatic,2090000.0,25.5,1000,6,14400.0,20.9,14.4,2,Below 1.0L,Excellent
2266,Maruti Suzuki,Dzire,2020,CNG,Manual,3380000.0,28.2,2000,7,14400.0,33.8,14.4,4,1.5L-2.0L,Excellent
2267,Renault,Duster,2020,Electric,Automatic,2600000.0,17.7,1200,7,11100.0,26.0,11.1,4,1.0L-1.5L,Average
2268,Tata Motors,Tiago,2018,Electric,Manual,3190000.0,10.1,1500,6,15100.0,31.9,15.1,6,1.0L-1.5L,Low
2269,Tata Motors,Altroz,2018,Diesel,Manual,3420000.0,11.8,1500,7,15600.0,34.2,15.6,6,1.0L-1.5L,Low
2270,Kia,Sonet,2023,Petrol,Automatic,2740000.0,28.8,800,7,14400.0,27.4,14.4,1,Below 1.0L,Excellent
2271,Kia,Sonet,2023,Electric,Automatic,2440000.0,29.2,2500,4,15100.0,24.4,15.1,1,2.0L-3.0L,Excellent
2272,Maruti Suzuki,Dzire,2023,CNG,Manual,970000.0,21.7,1000,5,11700.0,9.7,11.7,1,Below 1.0L,Good
2273,Hyundai,Venue,2024,CNG,Manual,1930000.0,26.5,2500,6,20000.0,19.3,20.0,0,2.0L-3.0L,Excellent
2274,Honda,Amaze,2019,Petrol,Automatic,890000.0,23.7,800,7,12400.0,8.9,12.4,5,Below 1.0L,Good
2275,Toyota,Urban Cruiser,2019,Diesel,Automatic,1360000.0,10.2,1500,5,5200.0,13.6,5.2,5,1.0L-1.5L,Low
2276,Mahindra,Scorpio,2021,Diesel,Automatic,1660000.0,21.6,2000,5,21300.0,16.6,21.3,3,1.5L-2.0L,Good
2277,Skoda,Rapid,2024,Diesel,Manual,3230000.0,20.6,800,7,21600.0,32.3,21.6,0,Below 1.0L,Good
2278,Volkswagen,Tiguan,2020,Diesel,Manual,530000.0,17.2,1500,7,15700.0,5.3,15.7,4,1.0L-1.5L,Average
2279,Tata Motors,Punch,2020,Petrol,Automatic,3270000.0,21.1,1000,5,7400.0,32.7,7.4,4,Below 1.0L,Good
2280,Kia,EV6,2022,Diesel,Manual,2270000.0,19.1,2500,7,20300.0,22.7,20.3,2,2.0L-3.0L,Average
2281,Hyundai,Verna,2016,Petrol,Automatic,3340000.0,11.8,1500,4,20800.0,33.4,20.8,8,1.0L-1.5L,Low
2282,Volkswagen,Tiguan,2018,CNG,Automatic,1810000.0,16.1,2500,5,10300.0,18.1,10.3,6,2.0L-3.0L,Average
2283,Skoda,Kushaq,2022,Electric,Manual,2910000.0,20.1,1000,4,20700.0,29.1,20.7,2,Below 1.0L,Good
2284,Maruti Suzuki,Swift,2021,Diesel,Automatic,970000.0,18.3,1000,5,6300.0,9.7,6.3,3,Below 1.0L,Average
2285,Kia,Carens,2015,CNG,Manual,3190000.0,23.5,2000,5,23600.0,31.9,23.6,9,1.5L-2.0L,Good
2286,Hyundai,i10,2019,Diesel,Manual,2370000.0,24.7,2500,4,6300.0,23.7,6.3,5,2.0L-3.0L,Good
2287,Volkswagen,Vento,2018,Diesel,Manual,2490000.0,23.5,800,7,9400.0,24.9,9.4,6,Below 1.0L,Good
2288,Skoda,Rapid,2017,CNG,Manual,2500000.0,13.9,2000,4,6100.0,25.0,6.1,7,1.5L-2.0L,Low
2289,Renault,Kwid,2022,Electric,Automatic,760000.0,10.1,1000,6,23900.0,7.6,23.9,2,Below 1.0L,Low
2290,Kia,EV6,2020,Diesel,Manual,2560000.0,15.1,2000,7,5200.0,25.6,5.2,4,1.5L-2.0L,Average
2291,Honda,WR-V,2016,Diesel,Manual,670000.0,13.6,2000,6,19400.0,6.7,19.4,8,1.5L-2.0L,Low
2292,Hyundai,Venue,2019,Electric,Manual,2910000.0,18.6,1800,6,17600.0,29.1,17.6,5,1.5L-2.0L,Average
2293,Maruti Suzuki,Swift,2015,CNG,Manual,1060000.0,22.5,800,4,12900.0,10.6,12.9,9,Below 1.0L,Good
2294,Hyundai,i20,2015,Petrol,Automatic,2670000.0,19.5,1500,6,22100.0,26.7,22.1,9,1.0L-1.5L,Average
2295,Skoda,Slavia,2021,CNG,Automatic,2600000.0,28.1,1500,4,9700.0,26.0,9.7,3,1.0L-1.5L,Excellent
2296,Skoda,Octavia,2016,Electric,Manual,3350000.0,27.5,2000,7,13300.0,33.5,13.3,8,1.5L-2.0L,Excellent
2297,Toyota,Camry,2019,CNG,Manual,540000.0,13.7,2000,6,10000.0,5.4,10.0,5,1.5L-2.0L,Low
2298,Skoda,Octavia,2019,Petrol,Automatic,660000.0,25.8,1000,6,9300.0,6.6,9.3,5,Below 1.0L,Excellent
2299,Toyota,Urban Cruiser,2023,Electric,Manual,3300000.0,24.7,1000,5,21900.0,33.0,21.9,1,Below 1.0L,Good
2300,Toyota,Fortuner,2022,CNG,Manual,2050000.0,21.3,1000,5,22500.0,20.5,22.5,2,Below 1.0L,Good
2301,Skoda,Slavia,2020,Petrol,Automatic,2760000.0,15.0,1800,6,11200.0,27.6,11.2,4,1.5L-2.0L,Low
2302,Tata Motors,Tiago,2020,Diesel,Automatic,3140000.0,23.5,1800,5,20900.0,31.4,20.9,4,1.5L-2.0L,Good
2303,Toyota,Camry,2022,Diesel,Automatic,3030000.0,19.4,1500,7,24400.0,30.3,24.4,2,1.0L-1.5L,Average
2304,Kia,Carnival,2022,CNG,Automatic,1130000.0,21.4,800,7,8300.0,11.3,8.3,2,Below 1.0L,Good
2305,Toyota,Urban Cruiser,2021,Petrol,Manual,1990000.0,20.4,2000,6,5900.0,19.9,5.9,3,1.5L-2.0L,Good
2306,Kia,Carnival,2016,Diesel,Automatic,2470000.0,19.9,2000,4,11200.0,24.7,11.2,8,1.5L-2.0L,Average
2307,Skoda,Superb,2015,Electric,Manual,1560000.0,24.9,2500,7,10500.0,15.6,10.5,9,2.0L-3.0L,Good
2308,Kia,Carnival,2023,Electric,Automatic,710000.0,14.5,800,5,11900.0,7.1,11.9,1,Below 1.0L,Low
2309,Hyundai,Verna,2022,CNG,Automatic,3200000.0,27.6,2000,4,6400.0,32.0,6.4,2,1.5L-2.0L,Excellent
2310,Mahindra,Scorpio,2019,Diesel,Manual,1350000.0,14.4,1500,5,13600.0,13.5,13.6,5,1.0L-1.5L,Low
2311,Tata Motors,Punch,2018,Electric,Automatic,3300000.0,16.3,1000,7,14800.0,33.0,14.8,6,Below 1.0L,Average
2312,Volkswagen,Polo,2022,Petrol,Manual,3370000.0,22.9,800,6,11600.0,33.7,11.6,2,Below 1.0L,Good
2313,Renault,Kwid,2023,Petrol,Automatic,1740000.0,12.4,1500,4,11300.0,17.4,11.3,1,1.0L-1.5L,Low
2314,Skoda,Kushaq,2016,Diesel,Manual,770000.0,25.4,1000,7,11500.0,7.7,11.5,8,Below 1.0L,Excellent
2315,Toyota,Camry,2017,Electric,Manual,2560000.0,10.6,1200,5,21900.0,25.6,21.9,7,1.0L-1.5L,Low
2316,Maruti Suzuki,Swift,2024,Diesel,Manual,2220000.0,28.1,1500,5,16700.0,22.2,16.7,0,1.0L-1.5L,Excellent
2317,Mahindra,Bolero,2016,Electric,Manual,2740000.0,26.2,800,4,8500.0,27.4,8.5,8,Below 1.0L,Excellent
2318,Maruti Suzuki,WagonR,2016,Electric,Automatic,3360000.0,26.8,1000,4,23500.0,33.6,23.5,8,Below 1.0L,Excellent
2319,Skoda,Rapid,2023,Electric,Manual,2960000.0,18.7,1200,4,6800.0,29.6,6.8,1,1.0L-1.5L,Average
2320,Hyundai,i10,2024,CNG,Manual,2540000.0,12.1,2000,5,14200.0,25.4,14.2,0,1.5L-2.0L,Low
2321,Toyota,Urban Cruiser,2015,Diesel,Manual,2040000.0,22.0,1000,4,24100.0,20.4,24.1,9,Below 1.0L,Good
2322,Volkswagen,Taigun,2019,CNG,Automatic,1490000.0,22.6,1000,6,13700.0,14.9,13.7,5,Below 1.0L,Good
2323,Honda,Amaze,2016,Electric,Manual,3040000.0,23.0,1000,5,23500.0,30.4,23.5,8,Below 1.0L,Good
2324,Maruti Suzuki,Dzire,2018,Electric,Manual,2750000.0,25.3,1200,5,19500.0,27.5,19.5,6,1.0L-1.5L,Excellent
2325,Toyota,Fortuner,2018,Electric,Manual,2860000.0,22.8,2000,4,12900.0,28.6,12.9,6,1.5L-2.0L,Good
2326,Kia,Seltos,2021,CNG,Manual,1940000.0,21.0,1000,5,19600.0,19.4,19.6,3,Below 1.0L,Good
2327,Renault,Triber,2019,Petrol,Automatic,3030000.0,19.8,1000,6,18300.0,30.3,18.3,5,Below 1.0L,Average
2328,Hyundai,Creta,2024,CNG,Manual,830000.0,12.7,2000,4,14300.0,8.3,14.3,0,1.5L-2.0L,Low
2329,Tata Motors,Tiago,2016,Electric,Manual,570000.0,18.2,2500,6,14400.0,5.7,14.4,8,2.0L-3.0L,Average
2330,Renault,Kwid,2018,Electric,Automatic,2950000.0,26.8,1800,6,18300.0,29.5,18.3,6,1.5L-2.0L,Excellent
2331,Hyundai,i10,2017,Diesel,Automatic,1720000.0,16.4,2500,4,18900.0,17.2,18.9,7,2.0L-3.0L,Average
2332,Kia,Seltos,2021,CNG,Automatic,1120000.0,11.4,800,4,16100.0,11.2,16.1,3,Below 1.0L,Low
2333,Kia,EV6,2023,Petrol,Manual,2350000.0,20.6,1800,5,12200.0,23.5,12.2,1,1.5L-2.0L,Good
2334,Tata Motors,Altroz,2016,Diesel,Manual,980000.0,20.4,1000,4,14100.0,9.8,14.1,8,Below 1.0L,Good
2335,Volkswagen,Vento,2018,Electric,Automatic,1600000.0,25.2,1500,6,12900.0,16.0,12.9,6,1.0L-1.5L,Excellent
2336,Toyota,Fortuner,2023,Electric,Manual,3360000.0,12.6,800,7,5300.0,33.6,5.3,1,Below 1.0L,Low
2337,Skoda,Rapid,2017,Diesel,Automatic,630000.0,27.1,2000,5,9000.0,6.3,9.0,7,1.5L-2.0L,Excellent
2338,Skoda,Slavia,2021,Diesel,Automatic,470000.0,24.4,1000,5,23600.0,4.7,23.6,3,Below 1.0L,Good
2339,Toyota,Urban Cruiser,2023,Petrol,Manual,1100000.0,20.5,1200,7,16400.0,11.0,16.4,1,1.0L-1.5L,Good
2340,Renault,Kwid,2018,Electric,Automatic,990000.0,28.1,1200,5,19400.0,9.9,19.4,6,1.0L-1.5L,Excellent
2341,Toyota,Urban Cruiser,2024,CNG,Manual,950000.0,23.1,1000,7,17900.0,9.5,17.9,0,Below 1.0L,Good
2342,Skoda,Rapid,2022,Electric,Manual,780000.0,17.9,2000,6,16800.0,7.8,16.8,2,1.5L-2.0L,Average
2343,Toyota,Urban Cruiser,2017,CNG,Manual,1890000.0,22.8,1500,7,19100.0,18.9,19.1,7,1.0L-1.5L,Good
2344,Volkswagen,Virtus,2015,Electric,Automatic,1040000.0,14.6,2500,7,10600.0,10.4,10.6,9,2.0L-3.0L,Low
2345,Hyundai,i20,2024,Petrol,Manual,3010000.0,25.6,1500,4,14600.0,30.1,14.6,0,1.0L-1.5L,Excellent
2346,Skoda,Octavia,2021,Petrol,Automatic,2280000.0,11.3,800,6,8800.0,22.8,8.8,3,Below 1.0L,Low
2347,Honda,City,2023,CNG,Automatic,2240000.0,12.9,1200,7,20700.0,22.4,20.7,1,1.0L-1.5L,Low
2348,Skoda,Superb,2024,CNG,Automatic,2580000.0,20.1,1000,5,13200.0,25.8,13.2,0,Below 1.0L,Good
2349,Skoda,Slavia,2017,Electric,Manual,1100000.0,12.4,800,5,8800.0,11.0,8.8,7,Below 1.0L,Low
2350,Honda,City,2016,Petrol,Manual,2280000.0,25.5,1500,4,5900.0,22.8,5.9,8,1.0L-1.5L,Excellent
2351,Honda,Jazz,2015,Electric,Manual,2940000.0,20.2,1000,7,17200.0,29.4,17.2,9,Below 1.0L,Good
2352,Tata Motors,Punch,2016,Petrol,Automatic,3330000.0,16.6,2500,4,8000.0,33.3,8.0,8,2.0L-3.0L,Average
2353,Maruti Suzuki,Ertiga,2022,Petrol,Manual,1890000.0,26.0,1800,7,10000.0,18.9,10.0,2,1.5L-2.0L,Excellent
2354,Tata Motors,Harrier,2018,CNG,Automatic,2640000.0,16.8,2000,7,16400.0,26.4,16.4,6,1.5L-2.0L,Average
2355,Mahindra,XUV700,2024,Diesel,Manual,1860000.0,10.3,1500,6,22600.0,18.6,22.6,0,1.0L-1.5L,Low
2356,Hyundai,Verna,2015,Electric,Manual,2520000.0,27.1,1500,6,16700.0,25.2,16.7,9,1.0L-1.5L,Excellent
2357,Honda,Amaze,2015,Electric,Automatic,3030000.0,24.4,800,4,19800.0,30.3,19.8,9,Below 1.0L,Good
2358,Kia,Seltos,2022,Petrol,Automatic,680000.0,12.8,2000,4,11800.0,6.8,11.8,2,1.5L-2.0L,Low
2359,Mahindra,Bolero,2021,CNG,Manual,590000.0,26.5,800,4,18400.0,5.9,18.4,3,Below 1.0L,Excellent
2360,Toyota,Fortuner,2015,Petrol,Automatic,1130000.0,22.0,1500,7,5600.0,11.3,5.6,9,1.0L-1.5L,Good
2361,Volkswagen,Tiguan,2015,CNG,Automatic,1500000.0,22.9,2000,4,7300.0,15.0,7.3,9,1.5L-2.0L,Good
2362,Tata Motors,Punch,2017,CNG,Automatic,1180000.0,19.1,1200,6,14800.0,11.8,14.8,7,1.0L-1.5L,Average
2363,Mahindra,Thar,2023,Petrol,Automatic,1430000.0,28.3,1000,6,15400.0,14.3,15.4,1,Below 1.0L,Excellent
2364,Hyundai,i10,2016,CNG,Manual,2440000.0,14.8,800,4,13000.0,24.4,13.0,8,Below 1.0L,Low
2365,Hyundai,i10,2024,Electric,Automatic,1120000.0,14.2,1000,4,10700.0,11.2,10.7,0,Below 1.0L,Low
2366,Toyota,Camry,2017,CNG,Manual,1320000.0,11.4,1500,5,10500.0,13.2,10.5,7,1.0L-1.5L,Low
2367,Volkswagen,Polo,2019,Electric,Manual,1870000.0,11.6,2000,4,10900.0,18.7,10.9,5,1.5L-2.0L,Low
2368,Tata Motors,Nexon,2017,Petrol,Automatic,1680000.0,13.9,2500,6,11800.0,16.8,11.8,7,2.0L-3.0L,Low
2369,Honda,Civic,2023,CNG,Automatic,1300000.0,24.9,800,7,19900.0,13.0,19.9,1,Below 1.0L,Good
2370,Kia,Carnival,2019,CNG,Automatic,2900000.0,12.2,2000,6,9600.0,29.0,9.6,5,1.5L-2.0L,Low
2371,Skoda,Rapid,2023,Petrol,Automatic,2400000.0,17.4,1800,6,12300.0,24.0,12.3,1,1.5L-2.0L,Average
2372,Maruti Suzuki,Dzire,2022,CNG,Manual,2330000.0,10.1,800,7,12000.0,23.3,12.0,2,Below 1.0L,Low
2373,Hyundai,Verna,2021,Diesel,Manual,470000.0,28.0,800,6,6900.0,4.7,6.9,3,Below 1.0L,Excellent
2374,Maruti Suzuki,WagonR,2023,CNG,Manual,3480000.0,23.3,1200,5,19200.0,34.8,19.2,1,1.0L-1.5L,Good
2375,Kia,Carnival,2016,CNG,Manual,620000.0,21.2,1800,5,6700.0,6.2,6.7,8,1.5L-2.0L,Good
2376,Tata Motors,Tiago,2016,CNG,Manual,1880000.0,23.9,800,6,18200.0,18.8,18.2,8,Below 1.0L,Good
2377,Honda,City,2024,Diesel,Automatic,640000.0,10.2,1000,4,18300.0,6.4,18.3,0,Below 1.0L,Low
2378,Honda,Amaze,2021,Electric,Manual,920000.0,26.4,1800,5,18700.0,9.2,18.7,3,1.5L-2.0L,Excellent
2379,Kia,Carens,2024,Petrol,Automatic,810000.0,21.1,1000,6,14300.0,8.1,14.3,0,Below 1.0L,Good
2380,Kia,Carens,2020,Diesel,Manual,1960000.0,12.6,800,7,12300.0,19.6,12.3,4,Below 1.0L,Low
2381,Maruti Suzuki,Dzire,2018,Electric,Manual,3170000.0,18.2,1800,6,24600.0,31.7,24.6,6,1.5L-2.0L,Average
2382,Tata Motors,Punch,2021,Petrol,Automatic,1790000.0,12.2,1200,4,18900.0,17.9,18.9,3,1.0L-1.5L,Low
2383,Hyundai,Creta,2016,CNG,Automatic,750000.0,16.4,800,6,8600.0,7.5,8.6,8,Below 1.0L,Average
2384,Kia,EV6,2018,Diesel,Automatic,1570000.0,24.8,2500,4,24000.0,15.7,24.0,6,2.0L-3.0L,Good
2385,Mahindra,XUV300,2018,Electric,Manual,1900000.0,11.5,800,4,6700.0,19.0,6.7,6,Below 1.0L,Low
2386,Tata Motors,Nexon,2016,CNG,Manual,790000.0,20.5,2500,4,8500.0,7.9,8.5,8,2.0L-3.0L,Good
2387,Honda,Civic,2020,CNG,Manual,1860000.0,18.1,1500,5,14000.0,18.6,14.0,4,1.0L-1.5L,Average
2388,Maruti Suzuki,Baleno,2016,CNG,Automatic,1020000.0,20.4,2000,5,13800.0,10.2,13.8,8,1.5L-2.0L,Good
2389,Kia,Carens,2016,Diesel,Automatic,2460000.0,18.0,800,4,21900.0,24.6,21.9,8,Below 1.0L,Average
2390,Maruti Suzuki,Baleno,2023,CNG,Automatic,1150000.0,25.1,800,6,12700.0,11.5,12.7,1,Below 1.0L,Excellent
2391,Renault,Kiger,2015,Diesel,Automatic,580000.0,25.8,800,4,22200.0,5.8,22.2,9,Below 1.0L,Excellent
2392,Maruti Suzuki,WagonR,2020,Electric,Automatic,1590000.0,16.9,1500,7,15700.0,15.9,15.7,4,1.0L-1.5L,Average
2393,Hyundai,Verna,2017,Petrol,Automatic,1810000.0,12.0,800,7,22200.0,18.1,22.2,7,Below 1.0L,Low
2394,Honda,Amaze,2015,CNG,Automatic,1480000.0,12.5,1200,4,19100.0,14.8,19.1,9,1.0L-1.5L,Low
2395,Renault,Triber,2023,Diesel,Manual,3240000.0,11.8,1800,6,22300.0,32.4,22.3,1,1.5L-2.0L,Low
2396,Volkswagen,Vento,2017,Petrol,Automatic,2970000.0,28.0,2000,6,14900.0,29.7,14.9,7,1.5L-2.0L,Excellent
2397,Kia,EV6,2022,Electric,Automatic,1770000.0,24.1,1200,4,11900.0,17.7,11.9,2,1.0L-1.5L,Good
2398,Hyundai,Verna,2016,Diesel,Manual,2370000.0,11.3,1000,4,10800.0,23.7,10.8,8,Below 1.0L,Low
2399,Tata Motors,Punch,2020,Petrol,Manual,2210000.0,25.6,2500,4,24700.0,22.1,24.7,4,2.0L-3.0L,Excellent
2400,Mahindra,XUV300,2020,Petrol,Manual,1060000.0,15.7,1200,6,13300.0,10.6,13.3,4,1.0L-1.5L,Average
2401,Kia,Carnival,2018,Diesel,Automatic,3130000.0,29.7,1200,7,6600.0,31.3,6.6,6,1.0L-1.5L,Excellent
2402,Tata Motors,Harrier,2021,Petrol,Manual,3410000.0,13.5,2500,5,20800.0,34.1,20.8,3,2.0L-3.0L,Low
2403,Honda,City,2019,CNG,Manual,2490000.0,28.8,1800,7,14800.0,24.9,14.8,5,1.5L-2.0L,Excellent
2404,Toyota,Camry,2015,Diesel,Automatic,2430000.0,10.2,1500,6,13700.0,24.3,13.7,9,1.0L-1.5L,Low
2405,Volkswagen,Taigun,2021,CNG,Automatic,3240000.0,25.2,1800,4,19800.0,32.4,19.8,3,1.5L-2.0L,Excellent
2406,Skoda,Slavia,2016,Electric,Automatic,2160000.0,12.5,1200,5,12100.0,21.6,12.1,8,1.0L-1.5L,Low
2407,Volkswagen,Virtus,2016,Electric,Manual,2590000.0,27.3,800,5,5300.0,25.9,5.3,8,Below 1.0L,Excellent
2408,Volkswagen,Tiguan,2023,CNG,Manual,800000.0,21.4,800,6,6200.0,8.0,6.2,1,Below 1.0L,Good
2409,Renault,Duster,2022,Electric,Automatic,950000.0,14.4,2500,5,8800.0,9.5,8.8,2,2.0L-3.0L,Low
2410,Hyundai,Verna,2021,Petrol,Automatic,2860000.0,25.5,2000,5,24400.0,28.6,24.4,3,1.5L-2.0L,Excellent
2411,Kia,Seltos,2016,Diesel,Automatic,2600000.0,21.0,1500,5,12200.0,26.0,12.2,8,1.0L-1.5L,Good
2412,Volkswagen,Vento,2023,Diesel,Automatic,460000.0,16.6,1200,4,12800.0,4.6,12.8,1,1.0L-1.5L,Average
2413,Honda,Amaze,2023,Petrol,Manual,3330000.0,10.6,1200,7,17600.0,33.3,17.6,1,1.0L-1.5L,Low
2414,Skoda,Slavia,2016,CNG,Manual,850000.0,13.8,1200,4,20900.0,8.5,20.9,8,1.0L-1.5L,Low
2415,Skoda,Superb,2019,Petrol,Automatic,810000.0,10.3,800,6,23700.0,8.1,23.7,5,Below 1.0L,Low
2416,Mahindra,XUV700,2020,CNG,Automatic,1130000.0,24.4,1200,6,23900.0,11.3,23.9,4,1.0L-1.5L,Good
2417,Maruti Suzuki,Baleno,2024,Diesel,Automatic,930000.0,25.8,1500,7,8100.0,9.3,8.1,0,1.0L-1.5L,Excellent
2418,Honda,Amaze,2017,Diesel,Manual,1180000.0,20.0,800,7,21300.0,11.8,21.3,7,Below 1.0L,Average
2419,Skoda,Rapid,2019,Electric,Manual,1460000.0,21.5,1800,5,12900.0,14.6,12.9,5,1.5L-2.0L,Good
2420,Volkswagen,Taigun,2024,Petrol,Automatic,1780000.0,25.8,1500,6,18400.0,17.8,18.4,0,1.0L-1.5L,Excellent
2421,Toyota,Glanza,2015,CNG,Automatic,1490000.0,26.6,2500,5,9800.0,14.9,9.8,9,2.0L-3.0L,Excellent
2422,Mahindra,Scorpio,2015,Diesel,Automatic,1290000.0,25.6,1200,4,20900.0,12.9,20.9,9,1.0L-1.5L,Excellent
2423,Volkswagen,Virtus,2016,CNG,Manual,400000.0,23.6,2000,4,18700.0,4.0,18.7,8,1.5L-2.0L,Good
2424,Toyota,Glanza,2016,Diesel,Manual,2240000.0,20.3,2500,5,10700.0,22.4,10.7,8,2.0L-3.0L,Good
2425,Skoda,Slavia,2024,CNG,Automatic,1200000.0,13.1,2500,6,21300.0,12.0,21.3,0,2.0L-3.0L,Low
2426,Skoda,Octavia,2022,Diesel,Automatic,2950000.0,28.1,800,7,15600.0,29.5,15.6,2,Below 1.0L,Excellent
2427,Hyundai,i20,2021,Diesel,Manual,1870000.0,16.0,1800,5,6100.0,18.7,6.1,3,1.5L-2.0L,Average
2428,Maruti Suzuki,Ertiga,2017,CNG,Automatic,1170000.0,16.0,800,7,12600.0,11.7,12.6,7,Below 1.0L,Average
2429,Kia,Sonet,2020,Diesel,Automatic,2380000.0,19.5,1800,6,13000.0,23.8,13.0,4,1.5L-2.0L,Average
2430,Mahindra,Bolero,2018,CNG,Manual,3070000.0,27.3,2500,4,13200.0,30.7,13.2,6,2.0L-3.0L,Excellent
2431,Volkswagen,Virtus,2015,Electric,Automatic,1810000.0,20.9,1500,5,16000.0,18.1,16.0,9,1.0L-1.5L,Good
2432,Honda,City,2019,Diesel,Manual,2750000.0,25.5,1500,7,17200.0,27.5,17.2,5,1.0L-1.5L,Excellent
2433,Honda,City,2015,CNG,Automatic,2810000.0,17.7,800,7,8300.0,28.1,8.3,9,Below 1.0L,Average
2434,Volkswagen,Tiguan,2016,CNG,Manual,3350000.0,16.9,2000,7,12000.0,33.5,12.0,8,1.5L-2.0L,Average
2435,Toyota,Innova,2017,CNG,Manual,3340000.0,21.8,1800,6,22000.0,33.4,22.0,7,1.5L-2.0L,Good
2436,Skoda,Rapid,2024,Diesel,Manual,1710000.0,15.0,1800,6,10900.0,17.1,10.9,0,1.5L-2.0L,Low
2437,Toyota,Fortuner,2016,Electric,Automatic,2930000.0,18.5,1000,5,20000.0,29.3,20.0,8,Below 1.0L,Average
2438,Maruti Suzuki,Ertiga,2019,Diesel,Manual,2530000.0,10.6,1800,6,21900.0,25.3,21.9,5,1.5L-2.0L,Low
2439,Tata Motors,Tiago,2019,Diesel,Manual,2620000.0,19.2,1000,4,10600.0,26.2,10.6,5,Below 1.0L,Average
2440,Kia,EV6,2021,Diesel,Manual,1100000.0,17.1,2500,6,10300.0,11.0,10.3,3,2.0L-3.0L,Average
2441,Honda,WR-V,2022,Diesel,Manual,790000.0,17.6,1800,5,11300.0,7.9,11.3,2,1.5L-2.0L,Average
2442,Hyundai,i10,2018,CNG,Manual,3370000.0,12.1,1000,5,6100.0,33.7,6.1,6,Below 1.0L,Low
2443,Tata Motors,Punch,2020,Electric,Automatic,1140000.0,16.4,1200,4,18800.0,11.4,18.8,4,1.0L-1.5L,Average
2444,Tata Motors,Tiago,2019,Diesel,Manual,2030000.0,26.6,2500,7,21100.0,20.3,21.1,5,2.0L-3.0L,Excellent
2445,Honda,Civic,2022,Petrol,Manual,1820000.0,21.0,1500,6,17000.0,18.2,17.0,2,1.0L-1.5L,Good
2446,Tata Motors,Altroz,2017,Diesel,Manual,2120000.0,23.5,1800,6,7100.0,21.2,7.1,7,1.5L-2.0L,Good
2447,Toyota,Camry,2017,CNG,Automatic,530000.0,13.5,2500,6,23500.0,5.3,23.5,7,2.0L-3.0L,Low
2448,Honda,Civic,2021,Petrol,Automatic,3160000.0,27.0,1200,6,21000.0,31.6,21.0,3,1.0L-1.5L,Excellent
2449,Renault,Duster,2024,CNG,Automatic,2300000.0,29.6,800,5,7700.0,23.0,7.7,0,Below 1.0L,Excellent
2450,Tata Motors,Altroz,2015,CNG,Automatic,650000.0,25.5,1800,6,24900.0,6.5,24.9,9,1.5L-2.0L,Excellent
2451,Volkswagen,Polo,2017,Petrol,Automatic,3420000.0,11.5,800,4,9100.0,34.2,9.1,7,Below 1.0L,Low
2452,Hyundai,i10,2020,Electric,Automatic,920000.0,18.5,800,6,24100.0,9.2,24.1,4,Below 1.0L,Average
2453,Toyota,Urban Cruiser,2015,Petrol,Manual,1790000.0,14.5,1200,4,7500.0,17.9,7.5,9,1.0L-1.5L,Low
2454,Volkswagen,Polo,2023,Petrol,Automatic,2820000.0,23.1,1500,4,5600.0,28.2,5.6,1,1.0L-1.5L,Good
2455,Renault,Lodgy,2020,CNG,Automatic,1250000.0,27.7,1200,6,12300.0,12.5,12.3,4,1.0L-1.5L,Excellent
2456,Maruti Suzuki,WagonR,2023,Electric,Automatic,2340000.0,12.3,1200,5,8200.0,23.4,8.2,1,1.0L-1.5L,Low
2457,Skoda,Octavia,2024,Electric,Manual,1750000.0,22.3,800,4,21200.0,17.5,21.2,0,Below 1.0L,Good
2458,Maruti Suzuki,Dzire,2022,Petrol,Automatic,2410000.0,22.4,1500,6,5100.0,24.1,5.1,2,1.0L-1.5L,Good
2459,Volkswagen,Tiguan,2020,CNG,Automatic,2240000.0,25.6,1000,4,11700.0,22.4,11.7,4,Below 1.0L,Excellent
2460,Skoda,Slavia,2021,Diesel,Manual,2210000.0,28.8,2500,5,10600.0,22.1,10.6,3,2.0L-3.0L,Excellent
2461,Volkswagen,Taigun,2018,Petrol,Manual,2870000.0,25.7,1000,7,8700.0,28.7,8.7,6,Below 1.0L,Excellent
2462,Volkswagen,Polo,2015,Electric,Automatic,2820000.0,28.1,1000,6,23200.0,28.2,23.2,9,Below 1.0L,Excellent
2463,Maruti Suzuki,Swift,2023,Diesel,Manual,2070000.0,15.9,800,4,10500.0,20.7,10.5,1,Below 1.0L,Average
2464,Renault,Duster,2023,Diesel,Automatic,2780000.0,22.9,2000,6,22900.0,27.8,22.9,1,1.5L-2.0L,Good
2465,Tata Motors,Nexon,2019,Petrol,Manual,3010000.0,20.2,2000,7,12300.0,30.1,12.3,5,1.5L-2.0L,Good
2466,Toyota,Urban Cruiser,2015,Electric,Automatic,2610000.0,11.0,2500,4,6400.0,26.1,6.4,9,2.0L-3.0L,Low
2467,Hyundai,Verna,2018,Diesel,Manual,2200000.0,29.0,1500,5,20500.0,22.0,20.5,6,1.0L-1.5L,Excellent
2468,Maruti Suzuki,Swift,2016,CNG,Manual,3280000.0,23.5,2500,5,10200.0,32.8,10.2,8,2.0L-3.0L,Good
2469,Maruti Suzuki,Ertiga,2018,Electric,Manual,590000.0,27.9,1200,7,23900.0,5.9,23.9,6,1.0L-1.5L,Excellent
2470,Tata Motors,Tiago,2020,CNG,Manual,1730000.0,14.2,1200,5,6800.0,17.3,6.8,4,1.0L-1.5L,Low
2471,Honda,City,2018,Diesel,Manual,2090000.0,26.6,800,7,12700.0,20.9,12.7,6,Below 1.0L,Excellent
2472,Hyundai,Creta,2019,Diesel,Manual,830000.0,22.7,2000,5,11700.0,8.3,11.7,5,1.5L-2.0L,Good
2473,Tata Motors,Nexon,2016,CNG,Automatic,2490000.0,18.8,1000,6,17800.0,24.9,17.8,8,Below 1.0L,Average
2474,Toyota,Glanza,2015,CNG,Manual,1640000.0,26.5,2000,5,18900.0,16.4,18.9,9,1.5L-2.0L,Excellent
2475,Maruti Suzuki,Dzire,2024,CNG,Manual,2350000.0,21.9,2500,4,17300.0,23.5,17.3,0,2.0L-3.0L,Good
2476,Tata Motors,Tiago,2016,Diesel,Automatic,1990000.0,28.2,2000,7,12000.0,19.9,12.0,8,1.5L-2.0L,Excellent
2477,Honda,City,2018,Electric,Manual,1850000.0,22.1,2500,6,21500.0,18.5,21.5,6,2.0L-3.0L,Good
2478,Renault,Triber,2024,Electric,Automatic,3340000.0,22.5,1000,6,20100.0,33.4,20.1,0,Below 1.0L,Good
2479,Tata Motors,Tiago,2019,Petrol,Manual,1030000.0,14.2,1200,6,20100.0,10.3,20.1,5,1.0L-1.5L,Low
2480,Hyundai,Verna,2024,Electric,Manual,1090000.0,25.9,1800,7,13400.0,10.9,13.4,0,1.5L-2.0L,Excellent
2481,Tata Motors,Harrier,2022,CNG,Manual,3440000.0,10.5,2500,6,15200.0,34.4,15.2,2,2.0L-3.0L,Low
2482,Toyota,Innova,2018,Petrol,Automatic,1140000.0,11.9,1200,7,8900.0,11.4,8.9,6,1.0L-1.5L,Low
2483,Honda,Civic,2024,CNG,Manual,3210000.0,29.2,2500,6,10000.0,32.1,10.0,0,2.0L-3.0L,Excellent
2484,Skoda,Octavia,2020,Petrol,Automatic,1840000.0,25.0,2000,6,9900.0,18.4,9.9,4,1.5L-2.0L,Good
2485,Mahindra,XUV300,2018,CNG,Automatic,2910000.0,22.7,1500,4,19000.0,29.1,19.0,6,1.0L-1.5L,Good
2486,Honda,Jazz,2018,Electric,Manual,2000000.0,18.9,2000,6,20300.0,20.0,20.3,6,1.5L-2.0L,Average
2487,Renault,Lodgy,2019,Diesel,Manual,910000.0,28.8,1800,7,6500.0,9.1,6.5,5,1.5L-2.0L,Excellent
2488,Kia,EV6,2018,Electric,Automatic,3330000.0,17.0,2000,5,18900.0,33.3,18.9,6,1.5L-2.0L,Average
2489,Maruti Suzuki,Swift,2020,Diesel,Automatic,2110000.0,26.8,2500,4,9000.0,21.1,9.0,4,2.0L-3.0L,Excellent
2490,Mahindra,Scorpio,2023,Diesel,Automatic,2050000.0,17.3,2500,6,17700.0,20.5,17.7,1,2.0L-3.0L,Average
2491,Honda,WR-V,2018,Electric,Manual,2320000.0,14.4,2000,4,19500.0,23.2,19.5,6,1.5L-2.0L,Low
2492,Hyundai,Venue,2016,CNG,Automatic,780000.0,16.0,800,7,12400.0,7.8,12.4,8,Below 1.0L,Average
2493,Mahindra,XUV300,2018,Petrol,Automatic,2550000.0,13.5,800,6,11200.0,25.5,11.2,6,Below 1.0L,Low
2494,Hyundai,i20,2015,Electric,Manual,2940000.0,16.9,1200,4,25000.0,29.4,25.0,9,1.0L-1.5L,Average
2495,Skoda,Octavia,2021,CNG,Automatic,2030000.0,16.1,1500,4,22800.0,20.3,22.8,3,1.0L-1.5L,Average
2496,Mahindra,Scorpio,2015,Electric,Automatic,1390000.0,15.0,1000,4,24700.0,13.9,24.7,9,Below 1.0L,Low
2497,Kia,Carens,2019,CNG,Automatic,1410000.0,14.6,2000,6,6000.0,14.1,6.0,5,1.5L-2.0L,Low
2498,Volkswagen,Vento,2024,CNG,Manual,2200000.0,13.2,2000,7,17500.0,22.0,17.5,0,1.5L-2.0L,Low
2499,Volkswagen,Taigun,2015,Electric,Automatic,930000.0,28.5,800,6,15600.0,9.3,15.6,9,Below 1.0L,Excellent
2500,Hyundai,Creta,2019,CNG,Manual,2770000.0,27.4,1200,7,9800.0,27.7,9.8,5,1.0L-1.5L,Excellent
2501,Honda,City,2022,CNG,Manual,600000.0,12.8,1500,4,5700.0,6.0,5.7,2,1.0L-1.5L,Low
2502,Volkswagen,Tiguan,2017,Diesel,Automatic,520000.0,14.4,2000,4,19600.0,5.2,19.6,7,1.5L-2.0L,Low
2503,Skoda,Kushaq,2023,CNG,Manual,1560000.0,13.7,2500,4,16100.0,15.6,16.1,1,2.0L-3.0L,Low
2504,Maruti Suzuki,Swift,2023,CNG,Automatic,3000000.0,10.0,2500,6,9000.0,30.0,9.0,1,2.0L-3.0L,Low
2505,Maruti Suzuki,Baleno,2023,Diesel,Manual,1650000.0,21.5,1800,5,16400.0,16.5,16.4,1,1.5L-2.0L,Good
2506,Volkswagen,Tiguan,2015,Petrol,Automatic,3490000.0,19.7,1800,6,24000.0,34.9,24.0,9,1.5L-2.0L,Average
2507,Tata Motors,Punch,2021,CNG,Manual,900000.0,14.4,2000,4,22500.0,9.0,22.5,3,1.5L-2.0L,Low
2508,Honda,WR-V,2023,Electric,Manual,2990000.0,14.7,2500,5,6000.0,29.9,6.0,1,2.0L-3.0L,Low
2509,Mahindra,Thar,2019,Electric,Automatic,2970000.0,20.3,2500,6,9000.0,29.7,9.0,5,2.0L-3.0L,Good
2510,Hyundai,Venue,2015,Electric,Automatic,1780000.0,14.5,800,4,22400.0,17.8,22.4,9,Below 1.0L,Low
2511,Renault,Lodgy,2022,Electric,Manual,2810000.0,12.2,1000,4,15900.0,28.1,15.9,2,Below 1.0L,Low
2512,Kia,Sonet,2021,Diesel,Manual,1140000.0,14.4,1800,5,15800.0,11.4,15.8,3,1.5L-2.0L,Low
2513,Skoda,Octavia,2024,CNG,Manual,2200000.0,18.9,1000,6,10900.0,22.0,10.9,0,Below 1.0L,Average
2514,Tata Motors,Nexon,2024,Electric,Automatic,1540000.0,22.9,1800,7,20400.0,15.4,20.4,0,1.5L-2.0L,Good
2515,Honda,Amaze,2017,Petrol,Manual,2350000.0,28.9,1200,7,8400.0,23.5,8.4,7,1.0L-1.5L,Excellent
2516,Tata Motors,Altroz,2015,Petrol,Manual,1930000.0,17.2,2500,6,12100.0,19.3,12.1,9,2.0L-3.0L,Average
2517,Renault,Lodgy,2019,Electric,Automatic,540000.0,29.4,2500,5,7800.0,5.4,7.8,5,2.0L-3.0L,Excellent
2518,Maruti Suzuki,Ertiga,2023,Electric,Automatic,770000.0,26.9,1800,4,17500.0,7.7,17.5,1,1.5L-2.0L,Excellent
2519,Mahindra,Scorpio,2023,Diesel,Automatic,2530000.0,13.2,1800,7,22100.0,25.3,22.1,1,1.5L-2.0L,Low
2520,Honda,WR-V,2017,Electric,Automatic,1610000.0,11.6,1200,4,24900.0,16.1,24.9,7,1.0L-1.5L,Low
2521,Kia,Carnival,2017,Petrol,Automatic,2720000.0,28.2,1000,7,19300.0,27.2,19.3,7,Below 1.0L,Excellent
2522,Toyota,Fortuner,2022,Diesel,Automatic,2090000.0,13.1,1200,4,18100.0,20.9,18.1,2,1.0L-1.5L,Low
2523,Volkswagen,Tiguan,2017,Diesel,Manual,1990000.0,12.2,800,4,5600.0,19.9,5.6,7,Below 1.0L,Low
2524,Skoda,Rapid,2016,CNG,Automatic,1450000.0,16.2,2000,5,16200.0,14.5,16.2,8,1.5L-2.0L,Average
2525,Mahindra,Thar,2015,Petrol,Manual,2290000.0,23.5,2000,4,13100.0,22.9,13.1,9,1.5L-2.0L,Good
2526,Renault,Duster,2023,Electric,Manual,3450000.0,15.5,1000,7,6200.0,34.5,6.2,1,Below 1.0L,Average
2527,Hyundai,Verna,2018,Diesel,Automatic,430000.0,12.0,1500,6,16600.0,4.3,16.6,6,1.0L-1.5L,Low
2528,Tata Motors,Altroz,2017,Diesel,Automatic,630000.0,17.6,1200,6,22300.0,6.3,22.3,7,1.0L-1.5L,Average
2529,Volkswagen,Virtus,2022,CNG,Manual,3290000.0,16.3,1500,5,12200.0,32.9,12.2,2,1.0L-1.5L,Average
2530,Renault,Kiger,2018,Electric,Manual,3360000.0,20.0,1800,6,22800.0,33.6,22.8,6,1.5L-2.0L,Average
2531,Renault,Duster,2022,Petrol,Manual,1660000.0,26.6,800,7,16500.0,16.6,16.5,2,Below 1.0L,Excellent
2532,Tata Motors,Altroz,2022,Petrol,Manual,1320000.0,10.2,1500,6,9300.0,13.2,9.3,2,1.0L-1.5L,Low
2533,Skoda,Slavia,2018,Diesel,Automatic,2890000.0,25.6,1800,7,14500.0,28.9,14.5,6,1.5L-2.0L,Excellent
2534,Mahindra,Bolero,2015,CNG,Automatic,2560000.0,23.5,1200,6,12800.0,25.6,12.8,9,1.0L-1.5L,Good
2535,Mahindra,XUV700,2015,Diesel,Automatic,3000000.0,13.0,1200,5,23100.0,30.0,23.1,9,1.0L-1.5L,Low
2536,Renault,Kwid,2018,CNG,Manual,1940000.0,24.1,2500,5,12500.0,19.4,12.5,6,2.0L-3.0L,Good
2537,Tata Motors,Tiago,2017,CNG,Automatic,2250000.0,19.1,800,7,8700.0,22.5,8.7,7,Below 1.0L,Average
2538,Mahindra,Scorpio,2017,Petrol,Automatic,2750000.0,16.6,1800,5,17500.0,27.5,17.5,7,1.5L-2.0L,Average
2539,Volkswagen,Vento,2023,Electric,Automatic,1070000.0,13.1,1200,7,6800.0,10.7,6.8,1,1.0L-1.5L,Low
2540,Kia,Carnival,2019,Diesel,Automatic,1840000.0,17.2,1000,7,7600.0,18.4,7.6,5,Below 1.0L,Average
2541,Skoda,Kushaq,2024,Electric,Automatic,3470000.0,19.8,1000,4,21400.0,34.7,21.4,0,Below 1.0L,Average
2542,Volkswagen,Vento,2016,Petrol,Manual,2510000.0,17.6,1800,5,6100.0,25.1,6.1,8,1.5L-2.0L,Average
2543,Tata Motors,Tiago,2018,Petrol,Manual,870000.0,10.7,1000,5,24700.0,8.7,24.7,6,Below 1.0L,Low
2544,Hyundai,Venue,2019,CNG,Manual,3270000.0,24.0,1000,5,10800.0,32.7,10.8,5,Below 1.0L,Good
2545,Tata Motors,Tiago,2016,CNG,Automatic,2030000.0,25.5,2500,5,7000.0,20.3,7.0,8,2.0L-3.0L,Excellent
2546,Honda,WR-V,2021,CNG,Automatic,1050000.0,29.4,1000,7,14500.0,10.5,14.5,3,Below 1.0L,Excellent
2547,Renault,Lodgy,2018,CNG,Automatic,2560000.0,17.5,800,6,11200.0,25.6,11.2,6,Below 1.0L,Average
2548,Tata Motors,Harrier,2023,Petrol,Manual,2370000.0,14.3,2000,7,17000.0,23.7,17.0,1,1.5L-2.0L,Low
2549,Skoda,Slavia,2015,Petrol,Automatic,1250000.0,25.9,1200,6,21800.0,12.5,21.8,9,1.0L-1.5L,Excellent
2550,Maruti Suzuki,Baleno,2017,CNG,Automatic,3430000.0,10.5,1800,5,21600.0,34.3,21.6,7,1.5L-2.0L,Low
2551,Honda,Civic,2020,CNG,Manual,990000.0,15.9,1500,6,6500.0,9.9,6.5,4,1.0L-1.5L,Average
2552,Hyundai,i20,2021,Diesel,Manual,2030000.0,21.4,1000,6,16000.0,20.3,16.0,3,Below 1.0L,Good
2553,Hyundai,Creta,2017,Petrol,Manual,1760000.0,29.6,1500,5,8100.0,17.6,8.1,7,1.0L-1.5L,Excellent
2554,Toyota,Innova,2024,Electric,Automatic,2480000.0,22.9,1500,6,17000.0,24.8,17.0,0,1.0L-1.5L,Good
2555,Volkswagen,Vento,2017,Petrol,Manual,1440000.0,24.6,2500,6,5600.0,14.4,5.6,7,2.0L-3.0L,Good
2556,Tata Motors,Tiago,2017,Electric,Automatic,1500000.0,17.0,2500,7,8000.0,15.0,8.0,7,2.0L-3.0L,Average
2557,Hyundai,Verna,2018,Electric,Manual,2570000.0,19.2,2500,6,5500.0,25.7,5.5,6,2.0L-3.0L,Average
2558,Hyundai,Creta,2024,Petrol,Manual,1180000.0,22.4,1500,6,6200.0,11.8,6.2,0,1.0L-1.5L,Good
2559,Hyundai,i20,2021,Petrol,Manual,2440000.0,26.5,1500,7,16100.0,24.4,16.1,3,1.0L-1.5L,Excellent
2560,Skoda,Kushaq,2023,Diesel,Automatic,460000.0,15.1,1500,7,9900.0,4.6,9.9,1,1.0L-1.5L,Average
2561,Volkswagen,Virtus,2021,Electric,Automatic,710000.0,28.7,1200,4,7700.0,7.1,7.7,3,1.0L-1.5L,Excellent
2562,Maruti Suzuki,Baleno,2019,Electric,Manual,1320000.0,14.4,1500,6,16400.0,13.2,16.4,5,1.0L-1.5L,Low
2563,Maruti Suzuki,WagonR,2017,Petrol,Manual,880000.0,23.5,1500,4,13300.0,8.8,13.3,7,1.0L-1.5L,Good
2564,Maruti Suzuki,Ertiga,2019,Electric,Manual,1810000.0,28.2,1200,4,13400.0,18.1,13.4,5,1.0L-1.5L,Excellent
2565,Tata Motors,Altroz,2018,Diesel,Automatic,2870000.0,12.6,1000,5,24100.0,28.7,24.1,6,Below 1.0L,Low
2566,Hyundai,i10,2017,Diesel,Automatic,2510000.0,29.0,2000,5,15500.0,25.1,15.5,7,1.5L-2.0L,Excellent
2567,Hyundai,i10,2022,CNG,Manual,1820000.0,29.2,1200,4,7100.0,18.2,7.1,2,1.0L-1.5L,Excellent
2568,Hyundai,Verna,2024,CNG,Automatic,940000.0,26.1,2000,5,18800.0,9.4,18.8,0,1.5L-2.0L,Excellent
2569,Tata Motors,Punch,2017,CNG,Manual,1900000.0,20.9,2000,5,17000.0,19.0,17.0,7,1.5L-2.0L,Good
2570,Hyundai,Creta,2021,CNG,Automatic,3450000.0,22.2,1800,7,14700.0,34.5,14.7,3,1.5L-2.0L,Good
2571,Tata Motors,Altroz,2016,Petrol,Manual,2400000.0,25.5,1800,6,12900.0,24.0,12.9,8,1.5L-2.0L,Excellent
2572,Skoda,Rapid,2015,CNG,Manual,770000.0,16.2,2500,7,10000.0,7.7,10.0,9,2.0L-3.0L,Average
2573,Skoda,Rapid,2021,Petrol,Automatic,2830000.0,20.8,2000,5,8100.0,28.3,8.1,3,1.5L-2.0L,Good
2574,Hyundai,i10,2017,Petrol,Automatic,2660000.0,20.6,1000,5,24200.0,26.6,24.2,7,Below 1.0L,Good
2575,Volkswagen,Virtus,2022,Diesel,Manual,2100000.0,28.3,1800,7,6300.0,21.0,6.3,2,1.5L-2.0L,Excellent
2576,Skoda,Rapid,2022,Electric,Automatic,3250000.0,15.9,1800,6,7900.0,32.5,7.9,2,1.5L-2.0L,Average
2577,Honda,Civic,2019,Diesel,Automatic,2940000.0,26.1,2500,4,13400.0,29.4,13.4,5,2.0L-3.0L,Excellent
2578,Honda,Jazz,2023,Electric,Automatic,2580000.0,27.9,2500,4,14400.0,25.8,14.4,1,2.0L-3.0L,Excellent
2579,Mahindra,XUV700,2015,Electric,Automatic,900000.0,23.4,1800,6,10200.0,9.0,10.2,9,1.5L-2.0L,Good
2580,Honda,Jazz,2022,Electric,Automatic,2200000.0,10.2,1000,6,14200.0,22.0,14.2,2,Below 1.0L,Low
2581,Volkswagen,Taigun,2022,Petrol,Manual,430000.0,28.7,1500,6,21000.0,4.3,21.0,2,1.0L-1.5L,Excellent
2582,Renault,Triber,2016,Electric,Manual,1660000.0,27.9,1000,7,23100.0,16.6,23.1,8,Below 1.0L,Excellent
2583,Volkswagen,Virtus,2015,Diesel,Automatic,1190000.0,12.9,2000,7,14600.0,11.9,14.6,9,1.5L-2.0L,Low
2584,Skoda,Superb,2023,Diesel,Manual,1610000.0,23.1,1200,5,16000.0,16.1,16.0,1,1.0L-1.5L,Good
2585,Honda,Jazz,2018,Diesel,Automatic,1310000.0,14.0,1000,4,17600.0,13.1,17.6,6,Below 1.0L,Low
2586,Toyota,Fortuner,2022,Petrol,Automatic,2850000.0,15.7,2000,4,9500.0,28.5,9.5,2,1.5L-2.0L,Average
2587,Toyota,Urban Cruiser,2015,Diesel,Automatic,2430000.0,17.8,800,5,21200.0,24.3,21.2,9,Below 1.0L,Average
2588,Skoda,Slavia,2022,CNG,Automatic,2390000.0,25.9,800,7,17900.0,23.9,17.9,2,Below 1.0L,Excellent
2589,Toyota,Camry,2016,Diesel,Automatic,2650000.0,20.6,1200,4,19100.0,26.5,19.1,8,1.0L-1.5L,Good
2590,Toyota,Innova,2016,Electric,Manual,1630000.0,23.7,2000,6,13600.0,16.3,13.6,8,1.5L-2.0L,Good
2591,Renault,Kiger,2018,Diesel,Automatic,960000.0,26.8,1800,7,6700.0,9.6,6.7,6,1.5L-2.0L,Excellent
2592,Kia,Sonet,2016,Diesel,Manual,2390000.0,12.2,800,4,5700.0,23.9,5.7,8,Below 1.0L,Low
2593,Kia,Carens,2023,CNG,Manual,3250000.0,26.1,800,7,16500.0,32.5,16.5,1,Below 1.0L,Excellent
2594,Renault,Lodgy,2020,CNG,Automatic,3500000.0,27.2,1500,6,8600.0,35.0,8.6,4,1.0L-1.5L,Excellent
2595,Kia,Carnival,2021,Electric,Manual,2490000.0,16.6,800,4,11500.0,24.9,11.5,3,Below 1.0L,Average
2596,Kia,EV6,2019,Petrol,Manual,2340000.0,11.0,2500,5,11100.0,23.4,11.1,5,2.0L-3.0L,Low
2597,Hyundai,Venue,2016,Diesel,Automatic,3460000.0,19.2,800,7,5800.0,34.6,5.8,8,Below 1.0L,Average
2598,Renault,Kwid,2017,Electric,Automatic,1410000.0,20.9,800,6,5200.0,14.1,5.2,7,Below 1.0L,Good
2599,Mahindra,XUV700,2024,CNG,Automatic,1190000.0,28.1,2500,6,7600.0,11.9,7.6,0,2.0L-3.0L,Excellent
2600,Maruti Suzuki,Baleno,2019,CNG,Manual,2430000.0,20.8,1800,6,10900.0,24.3,10.9,5,1.5L-2.0L,Good
2601,Mahindra,XUV300,2016,CNG,Automatic,3390000.0,14.7,800,6,21500.0,33.9,21.5,8,Below 1.0L,Low
2602,Skoda,Octavia,2024,Diesel,Automatic,1260000.0,24.7,1500,5,21500.0,12.6,21.5,0,1.0L-1.5L,Good
2603,Kia,Carens,2019,CNG,Automatic,1370000.0,16.9,1000,4,12600.0,13.7,12.6,5,Below 1.0L,Average
2604,Honda,Jazz,2022,CNG,Automatic,1060000.0,22.1,800,5,6600.0,10.6,6.6,2,Below 1.0L,Good
2605,Hyundai,Verna,2018,Electric,Manual,1370000.0,29.3,1500,6,10000.0,13.7,10.0,6,1.0L-1.5L,Excellent
2606,Renault,Lodgy,2021,CNG,Manual,2060000.0,22.4,2500,6,7900.0,20.6,7.9,3,2.0L-3.0L,Good
2607,Toyota,Innova,2021,Electric,Manual,1270000.0,19.6,1200,4,15600.0,12.7,15.6,3,1.0L-1.5L,Average
2608,Toyota,Glanza,2019,Diesel,Automatic,1030000.0,10.5,1000,7,15000.0,10.3,15.0,5,Below 1.0L,Low
2609,Renault,Kwid,2020,Diesel,Manual,2760000.0,10.5,2000,7,17200.0,27.6,17.2,4,1.5L-2.0L,Low
2610,Toyota,Glanza,2021,Petrol,Manual,2000000.0,21.2,1800,7,7300.0,20.0,7.3,3,1.5L-2.0L,Good
2611,Renault,Lodgy,2019,CNG,Manual,1630000.0,28.5,1800,5,13200.0,16.3,13.2,5,1.5L-2.0L,Excellent
2612,Maruti Suzuki,Ertiga,2021,Diesel,Automatic,3270000.0,11.1,1000,6,6000.0,32.7,6.0,3,Below 1.0L,Low
2613,Toyota,Innova,2018,Petrol,Automatic,1650000.0,14.9,1500,5,17600.0,16.5,17.6,6,1.0L-1.5L,Low
2614,Renault,Kiger,2018,Petrol,Automatic,3000000.0,26.1,1800,6,24300.0,30.0,24.3,6,1.5L-2.0L,Excellent
2615,Skoda,Slavia,2020,Electric,Automatic,3020000.0,10.6,2500,5,17800.0,30.2,17.8,4,2.0L-3.0L,Low
2616,Volkswagen,Tiguan,2022,Petrol,Automatic,2840000.0,27.4,1000,7,10100.0,28.4,10.1,2,Below 1.0L,Excellent
2617,Volkswagen,Virtus,2022,Petrol,Manual,1840000.0,25.6,1500,6,7700.0,18.4,7.7,2,1.0L-1.5L,Excellent
2618,Kia,EV6,2015,Electric,Manual,2900000.0,21.9,1200,7,11500.0,29.0,11.5,9,1.0L-1.5L,Good
2619,Toyota,Glanza,2024,Diesel,Manual,2270000.0,23.8,800,7,8600.0,22.7,8.6,0,Below 1.0L,Good
2620,Mahindra,Bolero,2019,Petrol,Automatic,800000.0,17.1,2000,5,21600.0,8.0,21.6,5,1.5L-2.0L,Average
2621,Tata Motors,Punch,2015,Electric,Automatic,740000.0,23.3,1800,5,9700.0,7.4,9.7,9,1.5L-2.0L,Good
2622,Kia,Carens,2020,CNG,Manual,1280000.0,30.0,1500,5,7800.0,12.8,7.8,4,1.0L-1.5L,Excellent
2623,Honda,Civic,2015,Electric,Manual,1670000.0,17.8,1800,7,22400.0,16.7,22.4,9,1.5L-2.0L,Average
2624,Renault,Kwid,2017,Diesel,Automatic,1830000.0,14.3,1500,4,15300.0,18.3,15.3,7,1.0L-1.5L,Low
2625,Tata Motors,Tiago,2024,CNG,Manual,2680000.0,18.0,1000,4,18100.0,26.8,18.1,0,Below 1.0L,Average
2626,Skoda,Kushaq,2024,Diesel,Manual,1780000.0,29.0,2500,5,10600.0,17.8,10.6,0,2.0L-3.0L,Excellent
2627,Renault,Kiger,2017,Electric,Automatic,1240000.0,26.2,1000,5,18300.0,12.4,18.3,7,Below 1.0L,Excellent
2628,Honda,Amaze,2015,CNG,Manual,1440000.0,10.5,1500,6,16300.0,14.4,16.3,9,1.0L-1.5L,Low
2629,Mahindra,Thar,2019,CNG,Manual,1470000.0,27.0,2000,7,23600.0,14.7,23.6,5,1.5L-2.0L,Excellent
2630,Toyota,Innova,2016,Petrol,Automatic,2260000.0,17.3,1000,6,9500.0,22.6,9.5,8,Below 1.0L,Average
2631,Kia,Sonet,2024,Diesel,Manual,2810000.0,16.6,1200,4,23500.0,28.1,23.5,0,1.0L-1.5L,Average
2632,Skoda,Kushaq,2023,Electric,Automatic,2460000.0,27.9,2500,4,21800.0,24.6,21.8,1,2.0L-3.0L,Excellent
2633,Kia,Sonet,2015,Electric,Automatic,810000.0,19.7,800,6,11700.0,8.1,11.7,9,Below 1.0L,Average
2634,Toyota,Camry,2020,Petrol,Automatic,560000.0,12.0,1200,5,12900.0,5.6,12.9,4,1.0L-1.5L,Low
2635,Tata Motors,Tiago,2021,CNG,Manual,1590000.0,14.5,1000,7,17600.0,15.9,17.6,3,Below 1.0L,Low
2636,Tata Motors,Nexon,2019,Petrol,Automatic,2600000.0,28.8,800,7,19500.0,26.0,19.5,5,Below 1.0L,Excellent
2637,Volkswagen,Polo,2024,Electric,Manual,1200000.0,21.4,1500,6,11800.0,12.0,11.8,0,1.0L-1.5L,Good
2638,Hyundai,i20,2020,Petrol,Manual,2670000.0,20.4,1800,5,25000.0,26.7,25.0,4,1.5L-2.0L,Good
2639,Tata Motors,Punch,2022,CNG,Automatic,2160000.0,23.9,1500,4,17900.0,21.6,17.9,2,1.0L-1.5L,Good
2640,Honda,WR-V,2018,Diesel,Manual,2340000.0,23.2,1000,5,5400.0,23.4,5.4,6,Below 1.0L,Good
2641,Maruti Suzuki,Dzire,2020,Petrol,Automatic,2520000.0,11.5,1200,6,21300.0,25.2,21.3,4,1.0L-1.5L,Low
2642,Hyundai,Verna,2021,Petrol,Manual,930000.0,16.5,2000,5,20300.0,9.3,20.3,3,1.5L-2.0L,Average
2643,Toyota,Fortuner,2018,Diesel,Automatic,3360000.0,29.1,800,4,16400.0,33.6,16.4,6,Below 1.0L,Excellent
2644,Honda,WR-V,2021,CNG,Automatic,3470000.0,18.8,1800,5,17500.0,34.7,17.5,3,1.5L-2.0L,Average
2645,Tata Motors,Harrier,2022,Electric,Manual,650000.0,16.0,1000,5,14200.0,6.5,14.2,2,Below 1.0L,Average
2646,Mahindra,Bolero,2022,CNG,Automatic,1400000.0,18.6,2500,4,10800.0,14.0,10.8,2,2.0L-3.0L,Average
2647,Renault,Duster,2024,Diesel,Automatic,1260000.0,10.4,2500,6,10000.0,12.6,10.0,0,2.0L-3.0L,Low
2648,Volkswagen,Tiguan,2016,Petrol,Automatic,2730000.0,27.1,1200,7,12900.0,27.3,12.9,8,1.0L-1.5L,Excellent
2649,Skoda,Octavia,2018,Petrol,Manual,950000.0,11.6,1500,7,11500.0,9.5,11.5,6,1.0L-1.5L,Low
2650,Mahindra,XUV300,2019,Electric,Automatic,2350000.0,16.8,800,5,21800.0,23.5,21.8,5,Below 1.0L,Average
2651,Volkswagen,Virtus,2023,CNG,Automatic,1330000.0,23.1,1000,4,12300.0,13.3,12.3,1,Below 1.0L,Good
2652,Hyundai,i20,2019,Electric,Automatic,2240000.0,10.3,1200,4,15800.0,22.4,15.8,5,1.0L-1.5L,Low
2653,Skoda,Slavia,2021,CNG,Manual,1450000.0,19.5,2000,6,15300.0,14.5,15.3,3,1.5L-2.0L,Average
2654,Maruti Suzuki,Baleno,2017,Diesel,Manual,3330000.0,17.2,1500,7,17600.0,33.3,17.6,7,1.0L-1.5L,Average
2655,Hyundai,Creta,2017,Electric,Automatic,2560000.0,22.7,2000,6,24400.0,25.6,24.4,7,1.5L-2.0L,Good
2656,Renault,Duster,2024,Electric,Manual,890000.0,14.7,1800,4,19900.0,8.9,19.9,0,1.5L-2.0L,Low
2657,Kia,Seltos,2015,Petrol,Manual,2600000.0,13.4,800,4,19400.0,26.0,19.4,9,Below 1.0L,Low
2658,Renault,Duster,2017,Diesel,Manual,2440000.0,11.4,1200,4,10200.0,24.4,10.2,7,1.0L-1.5L,Low
2659,Kia,Seltos,2016,CNG,Manual,3390000.0,20.0,1000,6,10600.0,33.9,10.6,8,Below 1.0L,Average
2660,Toyota,Fortuner,2017,Petrol,Automatic,2740000.0,11.3,1800,6,17000.0,27.4,17.0,7,1.5L-2.0L,Low
2661,Kia,Carens,2017,CNG,Automatic,1300000.0,25.0,1800,4,18500.0,13.0,18.5,7,1.5L-2.0L,Good
2662,Maruti Suzuki,Baleno,2024,Petrol,Manual,610000.0,28.6,2500,7,20600.0,6.1,20.6,0,2.0L-3.0L,Excellent
2663,Skoda,Superb,2017,Electric,Automatic,710000.0,12.3,2500,4,15400.0,7.1,15.4,7,2.0L-3.0L,Low
2664,Maruti Suzuki,Baleno,2019,Electric,Automatic,460000.0,16.7,1500,6,22600.0,4.6,22.6,5,1.0L-1.5L,Average
2665,Honda,City,2018,CNG,Automatic,2270000.0,12.0,800,7,17100.0,22.7,17.1,6,Below 1.0L,Low
2666,Volkswagen,Virtus,2022,Diesel,Manual,560000.0,19.6,800,4,12500.0,5.6,12.5,2,Below 1.0L,Average
2667,Renault,Kiger,2017,CNG,Manual,2460000.0,12.9,1000,6,24200.0,24.6,24.2,7,Below 1.0L,Low
2668,Toyota,Camry,2020,Petrol,Automatic,2120000.0,18.3,1000,5,6900.0,21.2,6.9,4,Below 1.0L,Average
2669,Volkswagen,Tiguan,2016,Diesel,Automatic,1080000.0,21.1,800,4,18300.0,10.8,18.3,8,Below 1.0L,Good
2670,Honda,Amaze,2015,CNG,Manual,1750000.0,27.1,800,4,16300.0,17.5,16.3,9,Below 1.0L,Excellent
2671,Renault,Duster,2023,Petrol,Automatic,1530000.0,15.1,2000,5,24600.0,15.3,24.6,1,1.5L-2.0L,Average
2672,Mahindra,Scorpio,2019,Electric,Manual,1550000.0,14.6,1200,5,24900.0,15.5,24.9,5,1.0L-1.5L,Low
2673,Honda,Jazz,2024,Electric,Manual,2390000.0,12.0,1000,4,18600.0,23.9,18.6,0,Below 1.0L,Low
2674,Tata Motors,Altroz,2019,CNG,Manual,1110000.0,24.1,800,4,6300.0,11.1,6.3,5,Below 1.0L,Good
2675,Toyota,Glanza,2019,Diesel,Manual,700000.0,26.8,2500,5,19000.0,7.0,19.0,5,2.0L-3.0L,Excellent
2676,Maruti Suzuki,Ertiga,2022,Electric,Manual,2630000.0,24.1,800,4,5600.0,26.3,5.6,2,Below 1.0L,Good
2677,Skoda,Octavia,2022,CNG,Automatic,2730000.0,18.1,1500,6,14600.0,27.3,14.6,2,1.0L-1.5L,Average
2678,Toyota,Camry,2020,Electric,Automatic,2540000.0,18.8,1200,5,19300.0,25.4,19.3,4,1.0L-1.5L,Average
2679,Honda,Amaze,2024,Diesel,Automatic,2520000.0,15.2,1800,5,15400.0,25.2,15.4,0,1.5L-2.0L,Average
2680,Kia,Seltos,2021,Electric,Manual,920000.0,17.7,800,6,12400.0,9.2,12.4,3,Below 1.0L,Average
2681,Hyundai,i10,2024,Diesel,Manual,2100000.0,13.3,800,5,5400.0,21.0,5.4,0,Below 1.0L,Low
2682,Skoda,Octavia,2018,Electric,Automatic,2420000.0,23.3,2000,5,15500.0,24.2,15.5,6,1.5L-2.0L,Good
2683,Volkswagen,Vento,2017,Electric,Automatic,2380000.0,10.0,1500,5,24100.0,23.8,24.1,7,1.0L-1.5L,Low
2684,Kia,Carens,2016,Electric,Automatic,2150000.0,13.5,800,5,11100.0,21.5,11.1,8,Below 1.0L,Low
2685,Toyota,Innova,2023,Diesel,Automatic,1200000.0,26.4,1500,4,9500.0,12.0,9.5,1,1.0L-1.5L,Excellent
2686,Kia,Seltos,2019,Petrol,Manual,870000.0,15.8,1500,4,16000.0,8.7,16.0,5,1.0L-1.5L,Average
2687,Honda,Amaze,2019,CNG,Manual,2940000.0,21.8,2500,5,13900.0,29.4,13.9,5,2.0L-3.0L,Good
2688,Honda,City,2018,Petrol,Manual,2820000.0,22.5,2500,6,24600.0,28.2,24.6,6,2.0L-3.0L,Good
2689,Volkswagen,Virtus,2017,Electric,Manual,1860000.0,28.6,1200,7,8800.0,18.6,8.8,7,1.0L-1.5L,Excellent
2690,Mahindra,XUV300,2020,Diesel,Automatic,2260000.0,28.3,800,6,13300.0,22.6,13.3,4,Below 1.0L,Excellent
2691,Tata Motors,Nexon,2023,Petrol,Manual,1180000.0,14.4,800,7,7100.0,11.8,7.1,1,Below 1.0L,Low
2692,Mahindra,XUV300,2023,Petrol,Manual,1530000.0,19.9,1500,4,18500.0,15.3,18.5,1,1.0L-1.5L,Average
2693,Kia,EV6,2023,CNG,Automatic,3190000.0,16.7,2000,4,8600.0,31.9,8.6,1,1.5L-2.0L,Average
2694,Toyota,Glanza,2018,Petrol,Automatic,3450000.0,19.8,1800,4,12100.0,34.5,12.1,6,1.5L-2.0L,Average
2695,Tata Motors,Altroz,2024,CNG,Manual,2280000.0,16.4,800,5,18900.0,22.8,18.9,0,Below 1.0L,Average
2696,Volkswagen,Virtus,2016,CNG,Manual,1690000.0,25.1,2000,7,21600.0,16.9,21.6,8,1.5L-2.0L,Excellent
2697,Skoda,Octavia,2017,Diesel,Manual,2360000.0,29.6,2500,5,12000.0,23.6,12.0,7,2.0L-3.0L,Excellent
2698,Mahindra,Bolero,2015,Petrol,Automatic,1900000.0,16.7,1800,6,6200.0,19.0,6.2,9,1.5L-2.0L,Average
2699,Kia,EV6,2023,Electric,Manual,3030000.0,19.9,2000,7,19300.0,30.3,19.3,1,1.5L-2.0L,Average
2700,Renault,Duster,2024,Petrol,Manual,440000.0,16.2,800,6,17200.0,4.4,17.2,0,Below 1.0L,Average
2701,Maruti Suzuki,Dzire,2020,CNG,Automatic,3220000.0,24.7,2000,7,24600.0,32.2,24.6,4,1.5L-2.0L,Good
2702,Volkswagen,Taigun,2021,Electric,Manual,3250000.0,20.1,800,4,13700.0,32.5,13.7,3,Below 1.0L,Good
2703,Hyundai,Venue,2022,Electric,Automatic,2450000.0,15.8,2000,7,8600.0,24.5,8.6,2,1.5L-2.0L,Average
2704,Skoda,Kushaq,2016,Petrol,Automatic,910000.0,13.5,1500,5,20300.0,9.1,20.3,8,1.0L-1.5L,Low
2705,Tata Motors,Nexon,2023,Electric,Automatic,1240000.0,26.7,2500,6,16700.0,12.4,16.7,1,2.0L-3.0L,Excellent
2706,Mahindra,XUV300,2020,CNG,Automatic,1690000.0,22.3,1800,5,20500.0,16.9,20.5,4,1.5L-2.0L,Good
2707,Skoda,Slavia,2021,Petrol,Automatic,3200000.0,15.3,1500,4,5100.0,32.0,5.1,3,1.0L-1.5L,Average
2708,Kia,Carens,2015,Petrol,Manual,3080000.0,15.4,2500,5,18700.0,30.8,18.7,9,2.0L-3.0L,Average
2709,Volkswagen,Vento,2015,Electric,Manual,1280000.0,13.4,1200,5,8600.0,12.8,8.6,9,1.0L-1.5L,Low
2710,Renault,Kiger,2015,Diesel,Manual,2120000.0,28.4,1000,5,18600.0,21.2,18.6,9,Below 1.0L,Excellent
2711,Renault,Triber,2022,Electric,Automatic,2580000.0,10.9,2000,5,24800.0,25.8,24.8,2,1.5L-2.0L,Low
2712,Hyundai,i20,2022,Electric,Automatic,1190000.0,24.2,2500,6,21800.0,11.9,21.8,2,2.0L-3.0L,Good
2713,Maruti Suzuki,WagonR,2020,Petrol,Automatic,2350000.0,21.3,1500,5,18700.0,23.5,18.7,4,1.0L-1.5L,Good
2714,Tata Motors,Tiago,2017,CNG,Automatic,1260000.0,24.2,1000,6,16000.0,12.6,16.0,7,Below 1.0L,Good
2715,Volkswagen,Tiguan,2020,Diesel,Automatic,2760000.0,20.0,1000,5,13600.0,27.6,13.6,4,Below 1.0L,Average
2716,Hyundai,Verna,2021,Electric,Manual,550000.0,21.9,1500,5,12400.0,5.5,12.4,3,1.0L-1.5L,Good
2717,Tata Motors,Altroz,2024,Petrol,Manual,2160000.0,12.2,1000,4,7300.0,21.6,7.3,0,Below 1.0L,Low
2718,Maruti Suzuki,WagonR,2017,CNG,Manual,1870000.0,19.3,1000,7,14200.0,18.7,14.2,7,Below 1.0L,Average
2719,Kia,Sonet,2023,Petrol,Automatic,2690000.0,26.3,1200,5,13700.0,26.9,13.7,1,1.0L-1.5L,Excellent
2720,Hyundai,i10,2024,Electric,Manual,2790000.0,15.0,2000,5,14800.0,27.9,14.8,0,1.5L-2.0L,Low
2721,Tata Motors,Altroz,2019,CNG,Manual,820000.0,22.8,1500,5,22800.0,8.2,22.8,5,1.0L-1.5L,Good
2722,Renault,Kwid,2017,Diesel,Manual,3430000.0,28.4,1500,6,22000.0,34.3,22.0,7,1.0L-1.5L,Excellent
2723,Tata Motors,Punch,2018,Diesel,Automatic,1350000.0,15.8,2500,7,15300.0,13.5,15.3,6,2.0L-3.0L,Average
2724,Toyota,Camry,2020,CNG,Automatic,730000.0,11.7,2000,6,13400.0,7.3,13.4,4,1.5L-2.0L,Low
2725,Volkswagen,Vento,2015,Electric,Manual,2000000.0,24.8,1500,6,15100.0,20.0,15.1,9,1.0L-1.5L,Good
2726,Renault,Triber,2016,Diesel,Manual,910000.0,28.8,1000,7,23700.0,9.1,23.7,8,Below 1.0L,Excellent
2727,Mahindra,Thar,2019,Diesel,Manual,2660000.0,10.0,1200,6,13400.0,26.6,13.4,5,1.0L-1.5L,Low
2728,Skoda,Octavia,2021,Electric,Manual,1330000.0,23.9,2500,7,24000.0,13.3,24.0,3,2.0L-3.0L,Good
2729,Hyundai,i20,2019,Diesel,Manual,930000.0,12.1,1000,4,13400.0,9.3,13.4,5,Below 1.0L,Low
2730,Skoda,Octavia,2024,CNG,Manual,3060000.0,15.2,2000,7,14300.0,30.6,14.3,0,1.5L-2.0L,Average
2731,Skoda,Octavia,2017,CNG,Automatic,2810000.0,17.3,800,4,24700.0,28.1,24.7,7,Below 1.0L,Average
2732,Hyundai,Creta,2017,Diesel,Manual,1600000.0,14.6,1800,6,16600.0,16.0,16.6,7,1.5L-2.0L,Low
2733,Renault,Kwid,2024,CNG,Manual,1170000.0,12.7,2500,6,8200.0,11.7,8.2,0,2.0L-3.0L,Low
2734,Kia,Seltos,2020,Electric,Automatic,3400000.0,24.8,800,6,16500.0,34.0,16.5,4,Below 1.0L,Good
2735,Renault,Kwid,2018,Diesel,Manual,960000.0,21.6,800,5,5900.0,9.6,5.9,6,Below 1.0L,Good
2736,Tata Motors,Altroz,2020,CNG,Manual,1600000.0,13.7,1200,5,9100.0,16.0,9.1,4,1.0L-1.5L,Low
2737,Skoda,Kushaq,2015,Petrol,Manual,2190000.0,26.7,800,4,22700.0,21.9,22.7,9,Below 1.0L,Excellent
2738,Volkswagen,Taigun,2019,Electric,Manual,2790000.0,29.5,800,5,9400.0,27.9,9.4,5,Below 1.0L,Excellent
2739,Kia,Seltos,2021,CNG,Automatic,1550000.0,20.3,1200,6,16000.0,15.5,16.0,3,1.0L-1.5L,Good
2740,Kia,EV6,2016,Diesel,Automatic,2420000.0,26.9,2000,6,18200.0,24.2,18.2,8,1.5L-2.0L,Excellent
2741,Skoda,Superb,2017,Electric,Manual,640000.0,14.5,2500,6,20100.0,6.4,20.1,7,2.0L-3.0L,Low
2742,Hyundai,i10,2024,Petrol,Manual,940000.0,12.7,2000,7,15600.0,9.4,15.6,0,1.5L-2.0L,Low
2743,Volkswagen,Polo,2016,Electric,Manual,2650000.0,10.4,1000,4,19300.0,26.5,19.3,8,Below 1.0L,Low
2744,Tata Motors,Harrier,2018,Diesel,Automatic,1590000.0,25.6,1800,6,21900.0,15.9,21.9,6,1.5L-2.0L,Excellent
2745,Toyota,Fortuner,2017,Electric,Manual,3250000.0,16.1,1500,5,13500.0,32.5,13.5,7,1.0L-1.5L,Average
2746,Maruti Suzuki,Swift,2018,Petrol,Manual,700000.0,11.5,800,7,17000.0,7.0,17.0,6,Below 1.0L,Low
2747,Hyundai,Verna,2015,Diesel,Manual,2790000.0,18.9,1200,7,15500.0,27.9,15.5,9,1.0L-1.5L,Average
2748,Volkswagen,Virtus,2015,Petrol,Manual,440000.0,22.7,1200,4,8500.0,4.4,8.5,9,1.0L-1.5L,Good
2749,Renault,Triber,2019,Electric,Manual,1940000.0,24.3,800,7,16800.0,19.4,16.8,5,Below 1.0L,Good
2750,Tata Motors,Punch,2015,CNG,Automatic,400000.0,23.2,800,7,23200.0,4.0,23.2,9,Below 1.0L,Good
2751,Honda,WR-V,2019,Electric,Automatic,2070000.0,15.0,1200,5,6500.0,20.7,6.5,5,1.0L-1.5L,Low
2752,Hyundai,Venue,2021,Electric,Automatic,2250000.0,26.9,1200,4,18600.0,22.5,18.6,3,1.0L-1.5L,Excellent
2753,Maruti Suzuki,Dzire,2020,CNG,Manual,3240000.0,16.0,2500,5,13700.0,32.4,13.7,4,2.0L-3.0L,Average
2754,Kia,Carnival,2018,CNG,Automatic,2880000.0,19.0,2000,6,9600.0,28.8,9.6,6,1.5L-2.0L,Average
2755,Kia,Carens,2017,CNG,Manual,1260000.0,21.3,2000,5,5600.0,12.6,5.6,7,1.5L-2.0L,Good
2756,Skoda,Rapid,2015,Petrol,Automatic,3460000.0,23.3,2000,5,11300.0,34.6,11.3,9,1.5L-2.0L,Good
2757,Hyundai,Creta,2019,CNG,Manual,2390000.0,28.9,800,6,14900.0,23.9,14.9,5,Below 1.0L,Excellent
2758,Tata Motors,Nexon,2016,Diesel,Manual,2650000.0,27.1,1500,5,19000.0,26.5,19.0,8,1.0L-1.5L,Excellent
2759,Honda,Civic,2023,Petrol,Automatic,3310000.0,25.6,2500,5,7200.0,33.1,7.2,1,2.0L-3.0L,Excellent
2760,Skoda,Octavia,2019,CNG,Manual,730000.0,16.8,800,5,17400.0,7.3,17.4,5,Below 1.0L,Average
2761,Honda,Jazz,2019,CNG,Manual,1570000.0,17.3,1000,5,24900.0,15.7,24.9,5,Below 1.0L,Average
2762,Mahindra,Scorpio,2015,Electric,Manual,2640000.0,29.8,1500,4,6200.0,26.4,6.2,9,1.0L-1.5L,Excellent
2763,Tata Motors,Tiago,2020,Petrol,Automatic,1640000.0,28.6,800,5,21800.0,16.4,21.8,4,Below 1.0L,Excellent
2764,Hyundai,i20,2021,CNG,Manual,2020000.0,23.4,800,5,12900.0,20.2,12.9,3,Below 1.0L,Good
2765,Honda,Civic,2023,Electric,Automatic,3410000.0,23.7,800,7,6500.0,34.1,6.5,1,Below 1.0L,Good
2766,Skoda,Rapid,2015,CNG,Automatic,1290000.0,24.4,1000,4,11800.0,12.9,11.8,9,Below 1.0L,Good
2767,Kia,Sonet,2022,Diesel,Manual,2410000.0,14.4,1200,7,14500.0,24.1,14.5,2,1.0L-1.5L,Low
2768,Maruti Suzuki,Swift,2021,Electric,Automatic,2880000.0,27.2,2500,5,23500.0,28.8,23.5,3,2.0L-3.0L,Excellent
2769,Mahindra,Bolero,2023,Petrol,Automatic,690000.0,26.4,2500,4,10500.0,6.9,10.5,1,2.0L-3.0L,Excellent
2770,Hyundai,Verna,2015,Electric,Manual,3480000.0,16.0,2000,7,15300.0,34.8,15.3,9,1.5L-2.0L,Average
2771,Honda,City,2019,Diesel,Manual,3280000.0,18.1,2000,4,19500.0,32.8,19.5,5,1.5L-2.0L,Average
2772,Renault,Duster,2024,CNG,Automatic,1060000.0,11.9,2000,4,14700.0,10.6,14.7,0,1.5L-2.0L,Low
2773,Toyota,Glanza,2024,Diesel,Manual,2300000.0,23.2,2000,4,9300.0,23.0,9.3,0,1.5L-2.0L,Good
2774,Kia,Sonet,2016,CNG,Automatic,1370000.0,12.5,1800,7,22000.0,13.7,22.0,8,1.5L-2.0L,Low
2775,Hyundai,Verna,2018,Petrol,Manual,3160000.0,17.9,1800,4,19000.0,31.6,19.0,6,1.5L-2.0L,Average
2776,Tata Motors,Punch,2021,CNG,Automatic,820000.0,12.2,1800,7,16000.0,8.2,16.0,3,1.5L-2.0L,Low
2777,Volkswagen,Tiguan,2018,Electric,Automatic,400000.0,26.8,1800,4,23500.0,4.0,23.5,6,1.5L-2.0L,Excellent
2778,Toyota,Glanza,2020,CNG,Automatic,2690000.0,20.1,800,4,13400.0,26.9,13.4,4,Below 1.0L,Good
2779,Volkswagen,Tiguan,2021,Petrol,Manual,2280000.0,19.4,2500,7,24800.0,22.8,24.8,3,2.0L-3.0L,Average
2780,Kia,Sonet,2016,Petrol,Manual,2300000.0,28.9,2500,6,15300.0,23.0,15.3,8,2.0L-3.0L,Excellent
2781,Tata Motors,Altroz,2018,Electric,Manual,2450000.0,17.4,1500,7,6600.0,24.5,6.6,6,1.0L-1.5L,Average
2782,Toyota,Urban Cruiser,2021,Petrol,Manual,2780000.0,27.5,1200,7,6900.0,27.8,6.9,3,1.0L-1.5L,Excellent
2783,Honda,Jazz,2021,Diesel,Manual,1280000.0,10.3,1000,4,11200.0,12.8,11.2,3,Below 1.0L,Low
2784,Skoda,Kushaq,2021,Diesel,Manual,1120000.0,17.4,1500,7,15600.0,11.2,15.6,3,1.0L-1.5L,Average
2785,Volkswagen,Tiguan,2024,CNG,Automatic,1200000.0,24.9,1200,4,9100.0,12.0,9.1,0,1.0L-1.5L,Good
2786,Maruti Suzuki,Baleno,2024,Diesel,Automatic,790000.0,15.6,1000,6,10500.0,7.9,10.5,0,Below 1.0L,Average
2787,Maruti Suzuki,Baleno,2015,Electric,Automatic,1800000.0,25.2,800,5,7200.0,18.0,7.2,9,Below 1.0L,Excellent
2788,Honda,WR-V,2017,Electric,Manual,1020000.0,28.2,800,6,8200.0,10.2,8.2,7,Below 1.0L,Excellent
2789,Mahindra,Scorpio,2022,Electric,Manual,1940000.0,25.1,2000,7,5400.0,19.4,5.4,2,1.5L-2.0L,Excellent
2790,Maruti Suzuki,Baleno,2020,Petrol,Manual,2740000.0,23.8,1800,6,5200.0,27.4,5.2,4,1.5L-2.0L,Good
2791,Maruti Suzuki,Dzire,2017,Electric,Automatic,3070000.0,27.3,1800,6,7700.0,30.7,7.7,7,1.5L-2.0L,Excellent
2792,Mahindra,XUV300,2021,CNG,Manual,2650000.0,30.0,1800,7,9500.0,26.5,9.5,3,1.5L-2.0L,Excellent
2793,Maruti Suzuki,WagonR,2022,Petrol,Manual,510000.0,13.3,2000,7,12300.0,5.1,12.3,2,1.5L-2.0L,Low
2794,Mahindra,Scorpio,2024,Diesel,Automatic,2510000.0,22.8,800,6,9900.0,25.1,9.9,0,Below 1.0L,Good
2795,Toyota,Innova,2022,Diesel,Manual,3390000.0,23.3,1200,4,6900.0,33.9,6.9,2,1.0L-1.5L,Good
2796,Honda,City,2018,CNG,Manual,1750000.0,28.4,1800,4,23200.0,17.5,23.2,6,1.5L-2.0L,Excellent
2797,Skoda,Kushaq,2015,Electric,Automatic,3010000.0,16.8,1500,4,23600.0,30.1,23.6,9,1.0L-1.5L,Average
2798,Volkswagen,Virtus,2022,Electric,Automatic,2640000.0,25.3,2500,6,22700.0,26.4,22.7,2,2.0L-3.0L,Excellent
2799,Kia,EV6,2019,Petrol,Manual,3250000.0,15.1,1000,6,7000.0,32.5,7.0,5,Below 1.0L,Average
2800,Mahindra,Thar,2015,CNG,Manual,2420000.0,16.6,1200,7,9200.0,24.2,9.2,9,1.0L-1.5L,Average
2801,Toyota,Innova,2017,Electric,Automatic,1440000.0,25.5,2500,4,6300.0,14.4,6.3,7,2.0L-3.0L,Excellent
2802,Skoda,Kushaq,2023,CNG,Manual,1440000.0,27.2,1000,5,22900.0,14.4,22.9,1,Below 1.0L,Excellent
2803,Tata Motors,Nexon,2020,CNG,Automatic,800000.0,24.7,1800,7,14800.0,8.0,14.8,4,1.5L-2.0L,Good
2804,Mahindra,Bolero,2024,Petrol,Manual,2480000.0,28.7,2000,6,14600.0,24.8,14.6,0,1.5L-2.0L,Excellent
2805,Skoda,Octavia,2023,Diesel,Manual,2350000.0,12.8,1800,6,11600.0,23.5,11.6,1,1.5L-2.0L,Low
2806,Toyota,Innova,2016,Diesel,Automatic,3300000.0,19.3,2500,7,20700.0,33.0,20.7,8,2.0L-3.0L,Average
2807,Honda,Civic,2015,Electric,Manual,1740000.0,26.3,1200,5,5100.0,17.4,5.1,9,1.0L-1.5L,Excellent
2808,Tata Motors,Tiago,2022,Petrol,Automatic,760000.0,20.8,1200,7,14000.0,7.6,14.0,2,1.0L-1.5L,Good
2809,Maruti Suzuki,Ertiga,2020,Electric,Automatic,3190000.0,19.7,800,4,15000.0,31.9,15.0,4,Below 1.0L,Average
2810,Hyundai,Venue,2018,Petrol,Manual,1080000.0,28.4,2000,7,15200.0,10.8,15.2,6,1.5L-2.0L,Excellent
2811,Hyundai,Verna,2017,CNG,Manual,3360000.0,24.4,1800,7,20200.0,33.6,20.2,7,1.5L-2.0L,Good
2812,Honda,Amaze,2023,Petrol,Automatic,1650000.0,13.7,1200,4,18300.0,16.5,18.3,1,1.0L-1.5L,Low
2813,Renault,Kiger,2015,Diesel,Manual,1720000.0,28.6,1800,4,5900.0,17.2,5.9,9,1.5L-2.0L,Excellent
2814,Maruti Suzuki,Ertiga,2015,CNG,Manual,990000.0,20.6,1000,5,6400.0,9.9,6.4,9,Below 1.0L,Good
2815,Kia,EV6,2018,Electric,Automatic,1820000.0,14.7,2000,5,12700.0,18.2,12.7,6,1.5L-2.0L,Low
2816,Volkswagen,Tiguan,2015,CNG,Manual,580000.0,14.6,2000,5,23600.0,5.8,23.6,9,1.5L-2.0L,Low
2817,Tata Motors,Nexon,2017,Diesel,Automatic,1500000.0,14.6,2500,5,13400.0,15.0,13.4,7,2.0L-3.0L,Low
2818,Mahindra,XUV700,2016,CNG,Manual,900000.0,23.7,800,4,21600.0,9.0,21.6,8,Below 1.0L,Good
2819,Mahindra,Scorpio,2017,CNG,Automatic,2410000.0,13.9,1500,4,17600.0,24.1,17.6,7,1.0L-1.5L,Low
2820,Volkswagen,Vento,2019,Electric,Automatic,2360000.0,13.7,1200,6,13900.0,23.6,13.9,5,1.0L-1.5L,Low
2821,Toyota,Fortuner,2015,CNG,Manual,1260000.0,13.7,2000,4,18200.0,12.6,18.2,9,1.5L-2.0L,Low
2822,Volkswagen,Polo,2024,Petrol,Manual,2320000.0,13.6,2000,5,10500.0,23.2,10.5,0,1.5L-2.0L,Low
2823,Maruti Suzuki,Swift,2023,CNG,Manual,1080000.0,16.4,1500,5,5900.0,10.8,5.9,1,1.0L-1.5L,Average
2824,Volkswagen,Virtus,2021,Electric,Manual,1380000.0,18.4,1500,5,8100.0,13.8,8.1,3,1.0L-1.5L,Average
2825,Skoda,Slavia,2023,Electric,Manual,1400000.0,19.8,800,5,19600.0,14.0,19.6,1,Below 1.0L,Average
2826,Mahindra,Bolero,2019,CNG,Automatic,2500000.0,29.8,1800,4,12500.0,25.0,12.5,5,1.5L-2.0L,Excellent
2827,Kia,Carens,2021,Petrol,Manual,2120000.0,25.3,800,4,7100.0,21.2,7.1,3,Below 1.0L,Excellent
2828,Hyundai,Verna,2016,Petrol,Automatic,1450000.0,22.1,1200,5,15900.0,14.5,15.9,8,1.0L-1.5L,Good
2829,Maruti Suzuki,Ertiga,2024,Electric,Manual,900000.0,16.3,1000,5,7000.0,9.0,7.0,0,Below 1.0L,Average
2830,Kia,Carnival,2020,Petrol,Manual,1690000.0,19.9,1500,7,24900.0,16.9,24.9,4,1.0L-1.5L,Average
2831,Maruti Suzuki,Swift,2019,Petrol,Manual,800000.0,20.1,2500,6,12100.0,8.0,12.1,5,2.0L-3.0L,Good
2832,Volkswagen,Virtus,2021,Diesel,Automatic,1270000.0,19.6,2000,7,10500.0,12.7,10.5,3,1.5L-2.0L,Average
2833,Volkswagen,Tiguan,2018,Diesel,Automatic,1310000.0,21.1,1000,7,20300.0,13.1,20.3,6,Below 1.0L,Good
2834,Mahindra,Thar,2023,Diesel,Manual,2850000.0,15.6,2500,6,7300.0,28.5,7.3,1,2.0L-3.0L,Average
2835,Volkswagen,Taigun,2018,Diesel,Automatic,1150000.0,15.9,2000,4,11500.0,11.5,11.5,6,1.5L-2.0L,Average
2836,Hyundai,Creta,2024,CNG,Automatic,640000.0,18.7,1000,6,14600.0,6.4,14.6,0,Below 1.0L,Average
2837,Kia,EV6,2018,CNG,Automatic,1400000.0,24.4,1000,5,18000.0,14.0,18.0,6,Below 1.0L,Good
2838,Kia,Sonet,2020,CNG,Manual,2930000.0,26.5,1200,4,10400.0,29.3,10.4,4,1.0L-1.5L,Excellent
2839,Hyundai,Verna,2021,CNG,Manual,1850000.0,20.3,800,5,10400.0,18.5,10.4,3,Below 1.0L,Good
2840,Kia,Carnival,2019,Petrol,Manual,1300000.0,15.2,1200,5,24300.0,13.0,24.3,5,1.0L-1.5L,Average
2841,Honda,WR-V,2020,Electric,Automatic,1810000.0,28.4,1200,4,14200.0,18.1,14.2,4,1.0L-1.5L,Excellent
2842,Toyota,Urban Cruiser,2015,CNG,Manual,1890000.0,24.5,800,4,22100.0,18.9,22.1,9,Below 1.0L,Good
2843,Toyota,Innova,2020,CNG,Manual,1890000.0,27.3,1200,6,14100.0,18.9,14.1,4,1.0L-1.5L,Excellent
2844,Renault,Kwid,2017,Petrol,Automatic,3390000.0,28.3,1500,4,23600.0,33.9,23.6,7,1.0L-1.5L,Excellent
2845,Skoda,Rapid,2023,Electric,Automatic,990000.0,20.3,1000,7,5300.0,9.9,5.3,1,Below 1.0L,Good
2846,Maruti Suzuki,Dzire,2015,Petrol,Manual,2480000.0,28.0,2000,6,8800.0,24.8,8.8,9,1.5L-2.0L,Excellent
2847,Hyundai,i10,2022,CNG,Manual,2330000.0,13.5,1200,4,19300.0,23.3,19.3,2,1.0L-1.5L,Low
2848,Hyundai,Verna,2024,Petrol,Manual,1470000.0,25.5,1500,4,10100.0,14.7,10.1,0,1.0L-1.5L,Excellent
2849,Volkswagen,Virtus,2022,Petrol,Manual,2380000.0,16.1,1500,7,9200.0,23.8,9.2,2,1.0L-1.5L,Average
2850,Maruti Suzuki,WagonR,2020,CNG,Manual,1690000.0,24.3,1500,4,20000.0,16.9,20.0,4,1.0L-1.5L,Good
2851,Volkswagen,Vento,2016,Electric,Manual,1420000.0,22.8,1000,5,21600.0,14.2,21.6,8,Below 1.0L,Good
2852,Honda,Civic,2019,Diesel,Manual,2610000.0,22.8,2000,6,18900.0,26.1,18.9,5,1.5L-2.0L,Good
2853,Skoda,Octavia,2018,Petrol,Automatic,1700000.0,24.6,1500,6,16400.0,17.0,16.4,6,1.0L-1.5L,Good
2854,Renault,Kwid,2023,Diesel,Automatic,2200000.0,15.6,2500,6,7900.0,22.0,7.9,1,2.0L-3.0L,Average
2855,Hyundai,i10,2020,Petrol,Automatic,1300000.0,18.9,2500,5,22100.0,13.0,22.1,4,2.0L-3.0L,Average
2856,Tata Motors,Tiago,2018,Electric,Manual,2510000.0,12.4,1800,6,11100.0,25.1,11.1,6,1.5L-2.0L,Low
2857,Honda,Amaze,2019,Diesel,Manual,1870000.0,11.5,2500,5,9300.0,18.7,9.3,5,2.0L-3.0L,Low
2858,Skoda,Octavia,2022,Diesel,Manual,1750000.0,11.4,1000,5,6900.0,17.5,6.9,2,Below 1.0L,Low
2859,Mahindra,Scorpio,2016,Electric,Automatic,1150000.0,26.9,2500,7,21900.0,11.5,21.9,8,2.0L-3.0L,Excellent
2860,Toyota,Glanza,2015,Electric,Automatic,1880000.0,12.9,800,6,20500.0,18.8,20.5,9,Below 1.0L,Low
2861,Mahindra,Bolero,2019,Petrol,Automatic,1000000.0,15.0,1500,4,8900.0,10.0,8.9,5,1.0L-1.5L,Low
2862,Kia,Carnival,2023,Electric,Automatic,640000.0,10.9,2000,7,14400.0,6.4,14.4,1,1.5L-2.0L,Low
2863,Maruti Suzuki,Swift,2021,Petrol,Automatic,2690000.0,16.0,2000,4,10300.0,26.9,10.3,3,1.5L-2.0L,Average
2864,Hyundai,i10,2021,Petrol,Manual,1710000.0,19.6,2500,5,24400.0,17.1,24.4,3,2.0L-3.0L,Average
2865,Volkswagen,Virtus,2024,Diesel,Automatic,2100000.0,23.6,2500,7,10600.0,21.0,10.6,0,2.0L-3.0L,Good
2866,Skoda,Slavia,2020,Petrol,Manual,2760000.0,13.1,1000,7,9900.0,27.6,9.9,4,Below 1.0L,Low
2867,Kia,Carnival,2015,CNG,Manual,2750000.0,14.9,800,7,7700.0,27.5,7.7,9,Below 1.0L,Low
2868,Kia,Seltos,2015,Diesel,Manual,1580000.0,14.4,2000,4,18500.0,15.8,18.5,9,1.5L-2.0L,Low
2869,Renault,Triber,2022,Electric,Manual,2960000.0,13.0,1800,6,9400.0,29.6,9.4,2,1.5L-2.0L,Low
2870,Mahindra,Bolero,2018,Petrol,Manual,1280000.0,10.9,1500,7,17300.0,12.8,17.3,6,1.0L-1.5L,Low
2871,Kia,Seltos,2020,Petrol,Automatic,1420000.0,22.1,2000,6,23400.0,14.2,23.4,4,1.5L-2.0L,Good
2872,Volkswagen,Polo,2017,Electric,Manual,3090000.0,12.8,1800,6,8700.0,30.9,8.7,7,1.5L-2.0L,Low
2873,Hyundai,Venue,2021,Petrol,Manual,1300000.0,22.8,1800,5,8800.0,13.0,8.8,3,1.5L-2.0L,Good
2874,Maruti Suzuki,Baleno,2016,Petrol,Automatic,1380000.0,21.8,1800,6,5300.0,13.8,5.3,8,1.5L-2.0L,Good
2875,Mahindra,XUV300,2021,CNG,Automatic,3110000.0,26.3,2500,6,23000.0,31.1,23.0,3,2.0L-3.0L,Excellent
2876,Honda,Amaze,2015,Petrol,Automatic,1990000.0,15.4,2000,6,20200.0,19.9,20.2,9,1.5L-2.0L,Average
2877,Toyota,Fortuner,2019,Diesel,Automatic,1820000.0,12.1,1800,7,24100.0,18.2,24.1,5,1.5L-2.0L,Low
2878,Tata Motors,Tiago,2024,Diesel,Automatic,2830000.0,26.6,1000,7,23900.0,28.3,23.9,0,Below 1.0L,Excellent
2879,Skoda,Slavia,2020,Electric,Automatic,2520000.0,17.4,2000,4,8100.0,25.2,8.1,4,1.5L-2.0L,Average
2880,Tata Motors,Altroz,2016,Diesel,Manual,460000.0,28.8,800,7,10200.0,4.6,10.2,8,Below 1.0L,Excellent
2881,Renault,Duster,2017,CNG,Manual,2100000.0,16.8,2500,5,14000.0,21.0,14.0,7,2.0L-3.0L,Average
2882,Toyota,Innova,2024,CNG,Automatic,1530000.0,14.3,1000,4,20300.0,15.3,20.3,0,Below 1.0L,Low
2883,Mahindra,Scorpio,2024,CNG,Manual,1680000.0,11.1,800,7,9900.0,16.8,9.9,0,Below 1.0L,Low
2884,Honda,City,2021,Petrol,Manual,1800000.0,10.9,2500,6,10100.0,18.0,10.1,3,2.0L-3.0L,Low
2885,Toyota,Innova,2022,CNG,Automatic,700000.0,13.5,1000,4,18100.0,7.0,18.1,2,Below 1.0L,Low
2886,Skoda,Kushaq,2019,Petrol,Manual,1080000.0,11.2,1000,4,22100.0,10.8,22.1,5,Below 1.0L,Low
2887,Volkswagen,Tiguan,2018,Diesel,Automatic,2680000.0,16.9,1500,5,15100.0,26.8,15.1,6,1.0L-1.5L,Average
2888,Renault,Duster,2016,CNG,Manual,1950000.0,18.7,1000,6,9100.0,19.5,9.1,8,Below 1.0L,Average
2889,Maruti Suzuki,WagonR,2024,Diesel,Automatic,540000.0,21.7,1800,4,6200.0,5.4,6.2,0,1.5L-2.0L,Good
2890,Mahindra,XUV300,2015,Electric,Automatic,3200000.0,28.3,1800,6,12200.0,32.0,12.2,9,1.5L-2.0L,Excellent
2891,Hyundai,Venue,2015,Diesel,Manual,2200000.0,22.2,2500,6,17400.0,22.0,17.4,9,2.0L-3.0L,Good
2892,Renault,Kwid,2022,Diesel,Manual,2080000.0,27.6,1800,6,25000.0,20.8,25.0,2,1.5L-2.0L,Excellent
2893,Tata Motors,Punch,2022,CNG,Manual,1540000.0,14.4,1200,7,23500.0,15.4,23.5,2,1.0L-1.5L,Low
2894,Mahindra,XUV300,2024,Electric,Manual,980000.0,20.0,2500,4,17000.0,9.8,17.0,0,2.0L-3.0L,Average
2895,Honda,Civic,2024,Electric,Manual,1890000.0,22.6,2500,5,22700.0,18.9,22.7,0,2.0L-3.0L,Good
2896,Maruti Suzuki,Ertiga,2020,CNG,Automatic,820000.0,13.1,2000,5,10400.0,8.2,10.4,4,1.5L-2.0L,Low
2897,Tata Motors,Nexon,2017,Petrol,Automatic,2190000.0,12.3,1200,5,15600.0,21.9,15.6,7,1.0L-1.5L,Low
2898,Skoda,Rapid,2024,CNG,Manual,3280000.0,21.9,1800,7,15000.0,32.8,15.0,0,1.5L-2.0L,Good
2899,Mahindra,Thar,2017,CNG,Automatic,960000.0,13.5,1200,4,11200.0,9.6,11.2,7,1.0L-1.5L,Low
2900,Mahindra,Bolero,2024,CNG,Automatic,2600000.0,22.7,1800,5,24100.0,26.0,24.1,0,1.5L-2.0L,Good
2901,Maruti Suzuki,Baleno,2023,Electric,Automatic,550000.0,10.6,1000,6,24700.0,5.5,24.7,1,Below 1.0L,Low
2902,Skoda,Slavia,2015,Electric,Manual,2360000.0,29.1,1500,4,20200.0,23.6,20.2,9,1.0L-1.5L,Excellent
2903,Honda,Civic,2023,Electric,Manual,1040000.0,10.1,800,5,15800.0,10.4,15.8,1,Below 1.0L,Low
2904,Volkswagen,Virtus,2017,CNG,Manual,1560000.0,30.0,1000,5,11700.0,15.6,11.7,7,Below 1.0L,Excellent
2905,Kia,Carnival,2020,CNG,Manual,950000.0,27.6,800,4,17500.0,9.5,17.5,4,Below 1.0L,Excellent
2906,Kia,Carnival,2015,Electric,Manual,3300000.0,11.1,1000,5,6300.0,33.0,6.3,9,Below 1.0L,Low
2907,Kia,Sonet,2019,CNG,Manual,1870000.0,26.0,800,7,17400.0,18.7,17.4,5,Below 1.0L,Excellent
2908,Toyota,Innova,2020,Petrol,Automatic,2270000.0,20.3,800,7,16800.0,22.7,16.8,4,Below 1.0L,Good
2909,Toyota,Fortuner,2016,Diesel,Automatic,2890000.0,19.2,2500,6,10300.0,28.9,10.3,8,2.0L-3.0L,Average
2910,Maruti Suzuki,Dzire,2023,Petrol,Automatic,1330000.0,23.1,800,6,19100.0,13.3,19.1,1,Below 1.0L,Good
2911,Hyundai,Verna,2021,CNG,Automatic,3350000.0,19.8,1500,5,6300.0,33.5,6.3,3,1.0L-1.5L,Average
2912,Mahindra,Thar,2016,Diesel,Manual,1210000.0,21.0,2500,7,6600.0,12.1,6.6,8,2.0L-3.0L,Good
2913,Mahindra,XUV700,2019,CNG,Automatic,800000.0,15.8,2500,4,8400.0,8.0,8.4,5,2.0L-3.0L,Average
2914,Mahindra,XUV700,2023,Diesel,Manual,2090000.0,25.5,1200,5,7400.0,20.9,7.4,1,1.0L-1.5L,Excellent
2915,Tata Motors,Altroz,2020,Petrol,Automatic,1030000.0,23.7,1800,5,24100.0,10.3,24.1,4,1.5L-2.0L,Good
2916,Mahindra,Thar,2020,Electric,Automatic,1990000.0,28.0,2000,5,5000.0,19.9,5.0,4,1.5L-2.0L,Excellent
2917,Mahindra,Scorpio,2022,CNG,Automatic,1920000.0,28.6,800,4,13700.0,19.2,13.7,2,Below 1.0L,Excellent
2918,Hyundai,i10,2017,Electric,Manual,900000.0,24.8,2500,7,10200.0,9.0,10.2,7,2.0L-3.0L,Good
2919,Renault,Lodgy,2018,CNG,Manual,2000000.0,19.5,1500,5,18900.0,20.0,18.9,6,1.0L-1.5L,Average
2920,Maruti Suzuki,Swift,2024,Diesel,Automatic,1800000.0,18.6,2000,4,15600.0,18.0,15.6,0,1.5L-2.0L,Average
2921,Honda,WR-V,2021,CNG,Automatic,1180000.0,10.9,2500,4,9300.0,11.8,9.3,3,2.0L-3.0L,Low
2922,Tata Motors,Punch,2023,Electric,Automatic,2810000.0,16.4,1000,7,22400.0,28.1,22.4,1,Below 1.0L,Average
2923,Volkswagen,Virtus,2017,Diesel,Automatic,1140000.0,20.1,1200,4,23400.0,11.4,23.4,7,1.0L-1.5L,Good
2924,Mahindra,XUV700,2020,CNG,Automatic,1200000.0,14.8,2500,7,10100.0,12.0,10.1,4,2.0L-3.0L,Low
2925,Mahindra,Scorpio,2015,CNG,Manual,2580000.0,18.4,1500,4,8600.0,25.8,8.6,9,1.0L-1.5L,Average
2926,Kia,Carnival,2021,Diesel,Automatic,3380000.0,23.6,2500,6,13800.0,33.8,13.8,3,2.0L-3.0L,Good
2927,Renault,Lodgy,2015,Diesel,Automatic,2320000.0,11.0,1500,6,10000.0,23.2,10.0,9,1.0L-1.5L,Low
2928,Maruti Suzuki,Swift,2021,Electric,Automatic,3490000.0,14.4,1800,4,13900.0,34.9,13.9,3,1.5L-2.0L,Low
2929,Skoda,Rapid,2016,Electric,Automatic,2330000.0,12.0,1000,4,10100.0,23.3,10.1,8,Below 1.0L,Low
2930,Renault,Duster,2023,CNG,Automatic,2950000.0,16.0,1000,6,20500.0,29.5,20.5,1,Below 1.0L,Average
2931,Skoda,Rapid,2017,Diesel,Automatic,3480000.0,17.1,2000,4,10800.0,34.8,10.8,7,1.5L-2.0L,Average
2932,Toyota,Innova,2021,Petrol,Manual,2360000.0,25.2,2500,6,15900.0,23.6,15.9,3,2.0L-3.0L,Excellent
2933,Hyundai,Creta,2022,Petrol,Manual,2740000.0,29.9,1500,4,10100.0,27.4,10.1,2,1.0L-1.5L,Excellent
2934,Skoda,Rapid,2016,Electric,Automatic,2960000.0,12.9,1000,7,9100.0,29.6,9.1,8,Below 1.0L,Low
2935,Maruti Suzuki,WagonR,2022,Electric,Automatic,3310000.0,23.0,1200,7,18200.0,33.1,18.2,2,1.0L-1.5L,Good
2936,Tata Motors,Punch,2020,CNG,Manual,1900000.0,11.6,1000,4,11100.0,19.0,11.1,4,Below 1.0L,Low
2937,Renault,Kiger,2021,Diesel,Automatic,1410000.0,21.0,2000,6,17600.0,14.1,17.6,3,1.5L-2.0L,Good
2938,Toyota,Glanza,2021,CNG,Manual,1350000.0,20.1,1800,4,8000.0,13.5,8.0,3,1.5L-2.0L,Good
2939,Hyundai,i10,2021,Petrol,Manual,2300000.0,18.3,1000,5,10800.0,23.0,10.8,3,Below 1.0L,Average
2940,Honda,Jazz,2021,Electric,Manual,2580000.0,15.6,1000,6,16200.0,25.8,16.2,3,Below 1.0L,Average
2941,Skoda,Superb,2020,Diesel,Manual,1480000.0,24.9,800,6,19100.0,14.8,19.1,4,Below 1.0L,Good
2942,Toyota,Camry,2018,CNG,Automatic,2850000.0,11.5,800,6,13500.0,28.5,13.5,6,Below 1.0L,Low
2943,Skoda,Rapid,2017,Diesel,Automatic,2370000.0,17.5,1200,6,16600.0,23.7,16.6,7,1.0L-1.5L,Average
2944,Kia,EV6,2016,CNG,Manual,1700000.0,18.0,1500,7,6600.0,17.0,6.6,8,1.0L-1.5L,Average
2945,Renault,Triber,2015,Petrol,Automatic,1450000.0,22.9,1800,6,23900.0,14.5,23.9,9,1.5L-2.0L,Good
2946,Mahindra,XUV700,2024,Electric,Automatic,2270000.0,17.4,800,7,9700.0,22.7,9.7,0,Below 1.0L,Average
2947,Honda,City,2021,Diesel,Automatic,3360000.0,17.0,1000,7,9100.0,33.6,9.1,3,Below 1.0L,Average
2948,Kia,Seltos,2017,CNG,Manual,2900000.0,25.4,1500,5,11700.0,29.0,11.7,7,1.0L-1.5L,Excellent
2949,Mahindra,Bolero,2023,Electric,Manual,2880000.0,28.2,1000,7,13200.0,28.8,13.2,1,Below 1.0L,Excellent
2950,Mahindra,Thar,2023,CNG,Automatic,2350000.0,20.2,1500,7,16100.0,23.5,16.1,1,1.0L-1.5L,Good
2951,Hyundai,Venue,2019,CNG,Automatic,2360000.0,14.2,1800,6,23600.0,23.6,23.6,5,1.5L-2.0L,Low
2952,Renault,Kiger,2024,Diesel,Automatic,1060000.0,28.9,2000,7,14900.0,10.6,14.9,0,1.5L-2.0L,Excellent
2953,Honda,City,2022,Petrol,Automatic,1500000.0,29.9,1200,7,6700.0,15.0,6.7,2,1.0L-1.5L,Excellent
2954,Mahindra,XUV300,2017,Petrol,Manual,2780000.0,28.7,1200,4,22500.0,27.8,22.5,7,1.0L-1.5L,Excellent
2955,Volkswagen,Polo,2023,Electric,Manual,990000.0,13.9,2000,4,17100.0,9.9,17.1,1,1.5L-2.0L,Low
2956,Volkswagen,Taigun,2015,Electric,Manual,1620000.0,19.5,1800,4,22300.0,16.2,22.3,9,1.5L-2.0L,Average
2957,Volkswagen,Virtus,2016,Electric,Manual,1860000.0,24.6,2500,7,15700.0,18.6,15.7,8,2.0L-3.0L,Good
2958,Mahindra,Scorpio,2023,Diesel,Manual,2580000.0,28.7,2000,7,20900.0,25.8,20.9,1,1.5L-2.0L,Excellent
2959,Tata Motors,Nexon,2015,CNG,Manual,2130000.0,23.0,1200,7,23800.0,21.3,23.8,9,1.0L-1.5L,Good
2960,Volkswagen,Taigun,2020,Diesel,Manual,1680000.0,28.2,800,6,24500.0,16.8,24.5,4,Below 1.0L,Excellent
2961,Toyota,Fortuner,2022,CNG,Automatic,2000000.0,18.4,1000,7,8400.0,20.0,8.4,2,Below 1.0L,Average
2962,Honda,City,2017,CNG,Manual,1900000.0,15.7,2500,6,15000.0,19.0,15.0,7,2.0L-3.0L,Average
2963,Honda,City,2015,CNG,Manual,1170000.0,29.6,1000,5,5500.0,11.7,5.5,9,Below 1.0L,Excellent
2964,Maruti Suzuki,Ertiga,2023,Diesel,Manual,3110000.0,17.8,1000,5,17500.0,31.1,17.5,1,Below 1.0L,Average
2965,Volkswagen,Polo,2021,CNG,Manual,3240000.0,25.0,1500,7,17700.0,32.4,17.7,3,1.0L-1.5L,Good
2966,Skoda,Slavia,2021,Petrol,Manual,2580000.0,22.3,2500,7,9900.0,25.8,9.9,3,2.0L-3.0L,Good
2967,Hyundai,i10,2017,Petrol,Manual,3090000.0,24.9,1200,7,23800.0,30.9,23.8,7,1.0L-1.5L,Good
2968,Volkswagen,Tiguan,2023,Electric,Automatic,3110000.0,21.4,2500,4,7600.0,31.1,7.6,1,2.0L-3.0L,Good
2969,Tata Motors,Nexon,2023,Petrol,Manual,1730000.0,11.3,2000,7,11700.0,17.3,11.7,1,1.5L-2.0L,Low
2970,Toyota,Urban Cruiser,2018,Diesel,Manual,2370000.0,26.8,800,6,18900.0,23.7,18.9,6,Below 1.0L,Excellent
2971,Kia,Sonet,2015,Petrol,Manual,2790000.0,14.6,1000,5,12800.0,27.9,12.8,9,Below 1.0L,Low
2972,Toyota,Urban Cruiser,2018,Electric,Automatic,2930000.0,22.4,1500,6,19200.0,29.3,19.2,6,1.0L-1.5L,Good
2973,Volkswagen,Vento,2020,CNG,Manual,1070000.0,27.9,800,7,8200.0,10.7,8.2,4,Below 1.0L,Excellent
2974,Kia,Carens,2023,Petrol,Automatic,3460000.0,22.1,800,6,22700.0,34.6,22.7,1,Below 1.0L,Good
2975,Mahindra,Thar,2019,Diesel,Automatic,1330000.0,24.2,1500,6,12400.0,13.3,12.4,5,1.0L-1.5L,Good
2976,Toyota,Innova,2015,Petrol,Automatic,1800000.0,14.3,1200,6,17400.0,18.0,17.4,9,1.0L-1.5L,Low
2977,Tata Motors,Altroz,2024,CNG,Automatic,2490000.0,19.5,2000,7,12200.0,24.9,12.2,0,1.5L-2.0L,Average
2978,Honda,WR-V,2016,CNG,Manual,1140000.0,28.5,2500,7,19400.0,11.4,19.4,8,2.0L-3.0L,Excellent
2979,Mahindra,Bolero,2015,CNG,Automatic,2020000.0,26.8,1000,6,11200.0,20.2,11.2,9,Below 1.0L,Excellent
2980,Volkswagen,Vento,2016,Diesel,Automatic,1050000.0,13.0,1200,5,7500.0,10.5,7.5,8,1.0L-1.5L,Low
2981,Kia,Carens,2024,Petrol,Automatic,2140000.0,21.3,1800,6,9200.0,21.4,9.2,0,1.5L-2.0L,Good
2982,Skoda,Octavia,2022,CNG,Automatic,1640000.0,14.2,2500,4,19200.0,16.4,19.2,2,2.0L-3.0L,Low
2983,Volkswagen,Vento,2024,Diesel,Automatic,2330000.0,25.7,2500,4,16300.0,23.3,16.3,0,2.0L-3.0L,Excellent
2984,Hyundai,i10,2019,CNG,Manual,2210000.0,24.6,2000,7,14200.0,22.1,14.2,5,1.5L-2.0L,Good
2985,Toyota,Urban Cruiser,2021,Diesel,Automatic,1760000.0,14.4,1200,5,12200.0,17.6,12.2,3,1.0L-1.5L,Low
2986,Honda,WR-V,2024,CNG,Automatic,1310000.0,25.8,1200,5,11700.0,13.1,11.7,0,1.0L-1.5L,Excellent
2987,Hyundai,Venue,2024,Electric,Automatic,1560000.0,17.3,2000,4,8600.0,15.6,8.6,0,1.5L-2.0L,Average
2988,Volkswagen,Polo,2021,CNG,Automatic,1090000.0,19.0,1500,5,23000.0,10.9,23.0,3,1.0L-1.5L,Average
2989,Tata Motors,Punch,2018,Diesel,Manual,3070000.0,26.6,2000,5,10100.0,30.7,10.1,6,1.5L-2.0L,Excellent
2990,Hyundai,Venue,2021,Electric,Manual,1890000.0,10.9,2500,5,20700.0,18.9,20.7,3,2.0L-3.0L,Low
2991,Renault,Lodgy,2016,Electric,Automatic,2980000.0,24.6,2500,5,24400.0,29.8,24.4,8,2.0L-3.0L,Good
2992,Maruti Suzuki,Ertiga,2016,CNG,Manual,3090000.0,29.9,1000,5,7600.0,30.9,7.6,8,Below 1.0L,Excellent
2993,Toyota,Glanza,2021,Petrol,Automatic,1660000.0,16.3,1800,6,7200.0,16.6,7.2,3,1.5L-2.0L,Average
2994,Maruti Suzuki,Ertiga,2020,CNG,Manual,2740000.0,28.8,800,6,17300.0,27.4,17.3,4,Below 1.0L,Excellent
2995,Hyundai,i10,2018,Diesel,Automatic,2450000.0,14.0,1800,7,17200.0,24.5,17.2,6,1.5L-2.0L,Low
2996,Maruti Suzuki,Ertiga,2019,CNG,Manual,3340000.0,10.2,800,5,11800.0,33.4,11.8,5,Below 1.0L,Low
2997,Hyundai,Creta,2021,CNG,Manual,3360000.0,26.7,1500,6,19200.0,33.6,19.2,3,1.0L-1.5L,Excellent
2998,Kia,Sonet,2023,Electric,Automatic,730000.0,11.3,2000,6,19600.0,7.3,19.6,1,1.5L-2.0L,Low
2999,Tata Motors,Harrier,2023,CNG,Manual,2330000.0,11.6,1000,5,10800.0,23.3,10.8,1,Below 1.0L,Low
3000,Skoda,Superb,2017,CNG,Automatic,2340000.0,27.6,2000,6,12700.0,23.4,12.7,7,1.5L-2.0L,Excellent
3001,Toyota,Fortuner,2022,Diesel,Automatic,3160000.0,22.8,1200,6,11300.0,31.6,11.3,2,1.0L-1.5L,Good
3002,Renault,Duster,2017,CNG,Manual,3230000.0,18.4,2500,4,7900.0,32.3,7.9,7,2.0L-3.0L,Average
3003,Tata Motors,Harrier,2015,Diesel,Manual,1510000.0,15.3,800,7,7500.0,15.1,7.5,9,Below 1.0L,Average
3004,Maruti Suzuki,Swift,2020,Electric,Automatic,1310000.0,24.7,2000,6,18900.0,13.1,18.9,4,1.5L-2.0L,Good
3005,Honda,WR-V,2018,Electric,Automatic,2250000.0,21.0,2000,7,15200.0,22.5,15.2,6,1.5L-2.0L,Good
3006,Volkswagen,Virtus,2022,Diesel,Automatic,1840000.0,27.0,1200,5,23600.0,18.4,23.6,2,1.0L-1.5L,Excellent
3007,Volkswagen,Polo,2017,Petrol,Automatic,1090000.0,23.1,800,7,10800.0,10.9,10.8,7,Below 1.0L,Good
3008,Kia,Seltos,2024,Electric,Manual,2200000.0,12.1,800,5,18000.0,22.0,18.0,0,Below 1.0L,Low
3009,Hyundai,Venue,2023,Petrol,Automatic,1570000.0,20.5,1800,7,5900.0,15.7,5.9,1,1.5L-2.0L,Good
3010,Kia,Seltos,2019,Petrol,Automatic,2810000.0,18.5,1200,6,9300.0,28.1,9.3,5,1.0L-1.5L,Average
3011,Renault,Duster,2023,CNG,Automatic,2770000.0,17.5,1200,7,17200.0,27.7,17.2,1,1.0L-1.5L,Average
3012,Mahindra,Bolero,2017,Diesel,Automatic,1390000.0,23.5,1200,6,24700.0,13.9,24.7,7,1.0L-1.5L,Good
3013,Kia,EV6,2016,Petrol,Automatic,520000.0,24.1,1200,4,10600.0,5.2,10.6,8,1.0L-1.5L,Good
3014,Skoda,Slavia,2019,Petrol,Manual,1180000.0,21.5,1800,7,16200.0,11.8,16.2,5,1.5L-2.0L,Good
3015,Honda,Jazz,2022,Electric,Manual,1180000.0,25.4,1500,7,17400.0,11.8,17.4,2,1.0L-1.5L,Excellent
3016,Honda,City,2023,Diesel,Manual,1700000.0,20.3,2500,5,6200.0,17.0,6.2,1,2.0L-3.0L,Good
3017,Hyundai,Venue,2017,Petrol,Manual,1650000.0,13.2,1000,4,9900.0,16.5,9.9,7,Below 1.0L,Low
3018,Volkswagen,Tiguan,2019,CNG,Manual,1350000.0,22.8,2000,7,11200.0,13.5,11.2,5,1.5L-2.0L,Good
3019,Tata Motors,Nexon,2015,Electric,Automatic,2400000.0,19.4,1000,4,18600.0,24.0,18.6,9,Below 1.0L,Average
3020,Kia,EV6,2018,Diesel,Automatic,2370000.0,18.0,2000,7,5300.0,23.7,5.3,6,1.5L-2.0L,Average
3021,Mahindra,Scorpio,2015,Diesel,Automatic,3140000.0,27.1,1800,6,24700.0,31.4,24.7,9,1.5L-2.0L,Excellent
3022,Renault,Lodgy,2021,Diesel,Manual,2880000.0,20.7,1800,7,21500.0,28.8,21.5,3,1.5L-2.0L,Good
3023,Maruti Suzuki,Dzire,2024,Diesel,Automatic,1630000.0,16.4,2000,6,10200.0,16.3,10.2,0,1.5L-2.0L,Average
3024,Maruti Suzuki,Dzire,2016,CNG,Automatic,2010000.0,27.8,2000,7,9300.0,20.1,9.3,8,1.5L-2.0L,Excellent
3025,Hyundai,Verna,2022,CNG,Manual,3370000.0,27.3,1200,4,8100.0,33.7,8.1,2,1.0L-1.5L,Excellent
3026,Maruti Suzuki,Swift,2018,Electric,Automatic,1090000.0,17.7,2000,5,5500.0,10.9,5.5,6,1.5L-2.0L,Average
3027,Volkswagen,Virtus,2020,CNG,Manual,2830000.0,25.0,1500,6,6500.0,28.3,6.5,4,1.0L-1.5L,Good
3028,Renault,Duster,2016,Petrol,Manual,600000.0,20.9,800,5,6300.0,6.0,6.3,8,Below 1.0L,Good
3029,Honda,Jazz,2017,Diesel,Automatic,1370000.0,23.2,1500,6,12300.0,13.7,12.3,7,1.0L-1.5L,Good
3030,Toyota,Fortuner,2021,Petrol,Manual,3420000.0,19.3,1200,6,11400.0,34.2,11.4,3,1.0L-1.5L,Average
3031,Skoda,Kushaq,2022,Petrol,Manual,2880000.0,27.7,2000,6,5800.0,28.8,5.8,2,1.5L-2.0L,Excellent
3032,Skoda,Kushaq,2021,Petrol,Automatic,1140000.0,18.7,2500,6,18800.0,11.4,18.8,3,2.0L-3.0L,Average
3033,Skoda,Slavia,2022,Electric,Manual,700000.0,15.8,2500,7,20200.0,7.0,20.2,2,2.0L-3.0L,Average
3034,Maruti Suzuki,Swift,2015,Petrol,Manual,3020000.0,29.8,1200,7,15400.0,30.2,15.4,9,1.0L-1.5L,Excellent
3035,Hyundai,Creta,2023,Diesel,Automatic,1160000.0,11.7,1800,4,14500.0,11.6,14.5,1,1.5L-2.0L,Low
3036,Volkswagen,Polo,2017,Diesel,Manual,3290000.0,19.8,2500,5,19200.0,32.9,19.2,7,2.0L-3.0L,Average
3037,Maruti Suzuki,Ertiga,2024,Electric,Manual,1380000.0,26.4,1500,6,8400.0,13.8,8.4,0,1.0L-1.5L,Excellent
3038,Honda,Amaze,2020,Petrol,Manual,2450000.0,27.3,2500,5,12900.0,24.5,12.9,4,2.0L-3.0L,Excellent
3039,Tata Motors,Altroz,2016,Diesel,Automatic,2440000.0,10.9,1800,7,20700.0,24.4,20.7,8,1.5L-2.0L,Low
3040,Maruti Suzuki,WagonR,2017,Petrol,Manual,2100000.0,20.6,2500,7,20100.0,21.0,20.1,7,2.0L-3.0L,Good
3041,Tata Motors,Punch,2018,Petrol,Automatic,3040000.0,14.1,2500,4,24100.0,30.4,24.1,6,2.0L-3.0L,Low
3042,Volkswagen,Taigun,2018,CNG,Automatic,2990000.0,19.6,2500,5,5200.0,29.9,5.2,6,2.0L-3.0L,Average
3043,Hyundai,Verna,2020,Petrol,Automatic,1080000.0,28.2,1500,5,12800.0,10.8,12.8,4,1.0L-1.5L,Excellent
3044,Renault,Duster,2021,Electric,Automatic,1910000.0,12.5,1500,7,12300.0,19.1,12.3,3,1.0L-1.5L,Low
3045,Honda,Civic,2024,Petrol,Manual,1060000.0,21.1,800,5,11000.0,10.6,11.0,0,Below 1.0L,Good
3046,Skoda,Octavia,2021,Petrol,Manual,3170000.0,20.9,1500,6,20800.0,31.7,20.8,3,1.0L-1.5L,Good
3047,Skoda,Kushaq,2021,Electric,Automatic,1680000.0,20.3,2500,5,10500.0,16.8,10.5,3,2.0L-3.0L,Good
3048,Maruti Suzuki,Dzire,2020,CNG,Automatic,1660000.0,25.3,1200,7,12800.0,16.6,12.8,4,1.0L-1.5L,Excellent
3049,Honda,WR-V,2023,Petrol,Manual,2840000.0,10.5,1000,6,7100.0,28.4,7.1,1,Below 1.0L,Low
3050,Volkswagen,Polo,2019,Petrol,Automatic,2130000.0,10.5,1200,5,17600.0,21.3,17.6,5,1.0L-1.5L,Low
3051,Hyundai,Venue,2018,CNG,Automatic,590000.0,12.5,2000,7,22500.0,5.9,22.5,6,1.5L-2.0L,Low
3052,Volkswagen,Polo,2022,Diesel,Manual,3420000.0,15.5,2500,6,16500.0,34.2,16.5,2,2.0L-3.0L,Average
3053,Renault,Kwid,2020,Electric,Automatic,1210000.0,25.9,2500,6,7400.0,12.1,7.4,4,2.0L-3.0L,Excellent
3054,Maruti Suzuki,Baleno,2022,Electric,Automatic,2820000.0,16.7,1500,7,22100.0,28.2,22.1,2,1.0L-1.5L,Average
3055,Renault,Kiger,2022,CNG,Manual,1690000.0,25.8,2500,7,11800.0,16.9,11.8,2,2.0L-3.0L,Excellent
3056,Maruti Suzuki,Baleno,2018,Petrol,Automatic,2000000.0,10.2,800,5,21100.0,20.0,21.1,6,Below 1.0L,Low
3057,Volkswagen,Virtus,2018,Petrol,Automatic,680000.0,23.0,800,7,20000.0,6.8,20.0,6,Below 1.0L,Good
3058,Maruti Suzuki,Swift,2016,CNG,Manual,2610000.0,14.6,2000,5,12300.0,26.1,12.3,8,1.5L-2.0L,Low
3059,Volkswagen,Polo,2017,Electric,Manual,3380000.0,25.4,2500,4,6200.0,33.8,6.2,7,2.0L-3.0L,Excellent
3060,Hyundai,Creta,2018,CNG,Manual,720000.0,22.8,1000,4,7300.0,7.2,7.3,6,Below 1.0L,Good
3061,Skoda,Octavia,2024,Electric,Manual,750000.0,13.5,1200,5,22000.0,7.5,22.0,0,1.0L-1.5L,Low
3062,Maruti Suzuki,Dzire,2023,CNG,Manual,2710000.0,25.4,2500,6,17300.0,27.1,17.3,1,2.0L-3.0L,Excellent
3063,Volkswagen,Virtus,2024,CNG,Manual,3270000.0,19.1,800,5,14500.0,32.7,14.5,0,Below 1.0L,Average
3064,Hyundai,Venue,2024,Petrol,Automatic,870000.0,16.9,1000,6,18700.0,8.7,18.7,0,Below 1.0L,Average
3065,Toyota,Urban Cruiser,2024,Electric,Manual,3480000.0,16.8,1000,7,8200.0,34.8,8.2,0,Below 1.0L,Average
3066,Hyundai,Venue,2020,Electric,Automatic,2980000.0,21.1,1800,6,10200.0,29.8,10.2,4,1.5L-2.0L,Good
3067,Toyota,Urban Cruiser,2023,CNG,Manual,2290000.0,16.6,2000,5,16300.0,22.9,16.3,1,1.5L-2.0L,Average
3068,Honda,Jazz,2021,CNG,Automatic,1590000.0,12.9,800,5,23000.0,15.9,23.0,3,Below 1.0L,Low
3069,Hyundai,i20,2015,Petrol,Manual,3080000.0,17.0,1800,5,17600.0,30.8,17.6,9,1.5L-2.0L,Average
3070,Hyundai,Verna,2020,Electric,Automatic,3390000.0,29.2,1200,4,6600.0,33.9,6.6,4,1.0L-1.5L,Excellent
3071,Skoda,Slavia,2021,CNG,Automatic,460000.0,19.2,1000,5,16900.0,4.6,16.9,3,Below 1.0L,Average
3072,Hyundai,Creta,2023,CNG,Manual,940000.0,16.6,2500,5,7400.0,9.4,7.4,1,2.0L-3.0L,Average
3073,Hyundai,Verna,2022,CNG,Manual,420000.0,11.4,2500,7,20900.0,4.2,20.9,2,2.0L-3.0L,Low
3074,Tata Motors,Altroz,2024,Petrol,Automatic,680000.0,19.1,1000,5,15400.0,6.8,15.4,0,Below 1.0L,Average
3075,Hyundai,Venue,2023,CNG,Manual,2940000.0,18.4,1800,6,12800.0,29.4,12.8,1,1.5L-2.0L,Average
3076,Mahindra,Scorpio,2022,Electric,Automatic,2620000.0,21.4,1800,6,13100.0,26.2,13.1,2,1.5L-2.0L,Good
3077,Maruti Suzuki,WagonR,2020,Electric,Automatic,2760000.0,27.7,2500,5,15200.0,27.6,15.2,4,2.0L-3.0L,Excellent
3078,Kia,Carnival,2022,Diesel,Manual,930000.0,26.3,800,6,18900.0,9.3,18.9,2,Below 1.0L,Excellent
3079,Skoda,Kushaq,2018,Diesel,Automatic,2860000.0,15.0,2000,6,16300.0,28.6,16.3,6,1.5L-2.0L,Low
3080,Tata Motors,Harrier,2021,Diesel,Automatic,3340000.0,21.7,2500,4,19400.0,33.4,19.4,3,2.0L-3.0L,Good
3081,Toyota,Camry,2015,Electric,Automatic,550000.0,25.8,2500,7,20600.0,5.5,20.6,9,2.0L-3.0L,Excellent
3082,Kia,Carens,2018,CNG,Manual,2410000.0,20.1,1800,5,19900.0,24.1,19.9,6,1.5L-2.0L,Good
3083,Hyundai,Creta,2019,Electric,Automatic,2810000.0,15.7,1500,4,7900.0,28.1,7.9,5,1.0L-1.5L,Average
3084,Maruti Suzuki,Swift,2021,Petrol,Manual,3360000.0,21.3,1200,4,23600.0,33.6,23.6,3,1.0L-1.5L,Good
3085,Maruti Suzuki,Ertiga,2024,Electric,Manual,3060000.0,22.8,1000,6,9800.0,30.6,9.8,0,Below 1.0L,Good
3086,Tata Motors,Punch,2024,CNG,Manual,1690000.0,16.2,1800,5,5300.0,16.9,5.3,0,1.5L-2.0L,Average
3087,Tata Motors,Punch,2023,Diesel,Manual,1690000.0,10.3,1200,5,23700.0,16.9,23.7,1,1.0L-1.5L,Low
3088,Tata Motors,Altroz,2022,Electric,Manual,1910000.0,26.3,1500,7,17300.0,19.1,17.3,2,1.0L-1.5L,Excellent
3089,Mahindra,XUV700,2019,Diesel,Manual,520000.0,24.1,1800,7,8400.0,5.2,8.4,5,1.5L-2.0L,Good
3090,Kia,Carnival,2016,CNG,Manual,3080000.0,15.0,1200,7,17800.0,30.8,17.8,8,1.0L-1.5L,Low
3091,Tata Motors,Nexon,2021,Petrol,Automatic,2200000.0,17.9,1800,7,12800.0,22.0,12.8,3,1.5L-2.0L,Average
3092,Hyundai,Creta,2023,Electric,Manual,1870000.0,28.3,1500,4,21800.0,18.7,21.8,1,1.0L-1.5L,Excellent
3093,Honda,City,2024,Petrol,Automatic,1170000.0,19.7,1500,6,14600.0,11.7,14.6,0,1.0L-1.5L,Average
3094,Hyundai,Venue,2015,Petrol,Manual,2940000.0,22.9,1200,6,14300.0,29.4,14.3,9,1.0L-1.5L,Good
3095,Kia,Carens,2017,Diesel,Automatic,2680000.0,24.6,800,6,5400.0,26.8,5.4,7,Below 1.0L,Good
3096,Honda,WR-V,2017,Petrol,Automatic,2040000.0,11.4,1500,6,13100.0,20.4,13.1,7,1.0L-1.5L,Low
3097,Hyundai,Verna,2024,Diesel,Manual,900000.0,15.5,1500,7,19500.0,9.0,19.5,0,1.0L-1.5L,Average
3098,Skoda,Kushaq,2017,Diesel,Automatic,1540000.0,24.3,1800,5,19400.0,15.4,19.4,7,1.5L-2.0L,Good
3099,Volkswagen,Vento,2023,Diesel,Manual,1790000.0,12.7,2000,6,14700.0,17.9,14.7,1,1.5L-2.0L,Low
3100,Hyundai,Creta,2023,Diesel,Automatic,1180000.0,19.6,1200,7,9700.0,11.8,9.7,1,1.0L-1.5L,Average
3101,Skoda,Octavia,2018,Electric,Automatic,1690000.0,19.2,1800,7,20500.0,16.9,20.5,6,1.5L-2.0L,Average
3102,Tata Motors,Tiago,2017,CNG,Manual,1670000.0,29.9,2000,4,6300.0,16.7,6.3,7,1.5L-2.0L,Excellent
3103,Hyundai,Verna,2017,CNG,Manual,3200000.0,27.2,800,6,13800.0,32.0,13.8,7,Below 1.0L,Excellent
3104,Skoda,Kushaq,2016,Electric,Manual,1580000.0,20.0,2500,7,21800.0,15.8,21.8,8,2.0L-3.0L,Average
3105,Toyota,Glanza,2016,Petrol,Manual,410000.0,26.6,2000,6,17400.0,4.1,17.4,8,1.5L-2.0L,Excellent
3106,Tata Motors,Punch,2024,Petrol,Manual,1620000.0,14.9,2500,6,15600.0,16.2,15.6,0,2.0L-3.0L,Low
3107,Tata Motors,Punch,2023,CNG,Automatic,3480000.0,21.5,2500,7,10700.0,34.8,10.7,1,2.0L-3.0L,Good
3108,Hyundai,Verna,2015,CNG,Manual,1300000.0,19.0,2000,7,8300.0,13.0,8.3,9,1.5L-2.0L,Average
3109,Honda,Amaze,2023,Diesel,Manual,3100000.0,13.0,1000,6,17200.0,31.0,17.2,1,Below 1.0L,Low
3110,Kia,Seltos,2024,Diesel,Automatic,2210000.0,27.8,800,7,13800.0,22.1,13.8,0,Below 1.0L,Excellent
3111,Honda,WR-V,2024,CNG,Automatic,2710000.0,26.4,1800,6,8500.0,27.1,8.5,0,1.5L-2.0L,Excellent
3112,Kia,EV6,2016,Diesel,Automatic,3470000.0,18.2,1200,6,21400.0,34.7,21.4,8,1.0L-1.5L,Average
3113,Maruti Suzuki,Ertiga,2017,Petrol,Manual,1270000.0,17.2,1500,5,13600.0,12.7,13.6,7,1.0L-1.5L,Average
3114,Tata Motors,Tiago,2018,Electric,Manual,1750000.0,21.9,1000,4,6300.0,17.5,6.3,6,Below 1.0L,Good
3115,Skoda,Superb,2020,Petrol,Manual,2830000.0,20.7,800,6,17400.0,28.3,17.4,4,Below 1.0L,Good
3116,Mahindra,Thar,2018,Petrol,Manual,520000.0,13.3,2000,6,21400.0,5.2,21.4,6,1.5L-2.0L,Low
3117,Kia,Carnival,2019,CNG,Automatic,3460000.0,15.1,1500,7,18500.0,34.6,18.5,5,1.0L-1.5L,Average
3118,Volkswagen,Virtus,2015,CNG,Automatic,850000.0,24.6,1000,5,17900.0,8.5,17.9,9,Below 1.0L,Good
3119,Hyundai,i20,2015,CNG,Automatic,1830000.0,25.6,2500,6,5600.0,18.3,5.6,9,2.0L-3.0L,Excellent
3120,Hyundai,i10,2018,CNG,Manual,790000.0,25.8,800,5,6200.0,7.9,6.2,6,Below 1.0L,Excellent
3121,Volkswagen,Tiguan,2024,CNG,Manual,2110000.0,13.4,1500,7,16300.0,21.1,16.3,0,1.0L-1.5L,Low
3122,Maruti Suzuki,Ertiga,2017,CNG,Manual,750000.0,24.3,2000,5,15000.0,7.5,15.0,7,1.5L-2.0L,Good
3123,Mahindra,Thar,2016,Electric,Manual,590000.0,18.7,1800,6,19800.0,5.9,19.8,8,1.5L-2.0L,Average
3124,Honda,Jazz,2018,Electric,Manual,2540000.0,11.9,1800,4,5300.0,25.4,5.3,6,1.5L-2.0L,Low
3125,Mahindra,Thar,2016,CNG,Manual,2630000.0,25.9,1200,7,11300.0,26.3,11.3,8,1.0L-1.5L,Excellent
3126,Maruti Suzuki,WagonR,2018,CNG,Automatic,2710000.0,18.3,1500,4,24700.0,27.1,24.7,6,1.0L-1.5L,Average
3127,Skoda,Kushaq,2016,Petrol,Automatic,1900000.0,14.2,800,5,17600.0,19.0,17.6,8,Below 1.0L,Low
3128,Skoda,Superb,2018,CNG,Manual,690000.0,27.5,1500,7,22800.0,6.9,22.8,6,1.0L-1.5L,Excellent
3129,Honda,Civic,2017,CNG,Manual,2750000.0,13.4,800,5,11200.0,27.5,11.2,7,Below 1.0L,Low
3130,Honda,Jazz,2018,CNG,Automatic,2220000.0,22.9,800,6,23800.0,22.2,23.8,6,Below 1.0L,Good
3131,Mahindra,Bolero,2020,CNG,Manual,1780000.0,15.7,1500,7,23000.0,17.8,23.0,4,1.0L-1.5L,Average
3132,Skoda,Superb,2021,CNG,Manual,930000.0,27.0,1800,7,19900.0,9.3,19.9,3,1.5L-2.0L,Excellent
3133,Volkswagen,Tiguan,2016,Diesel,Automatic,2330000.0,22.6,800,7,13100.0,23.3,13.1,8,Below 1.0L,Good
3134,Honda,Jazz,2015,Diesel,Manual,1230000.0,28.9,2000,7,15100.0,12.3,15.1,9,1.5L-2.0L,Excellent
3135,Kia,Carens,2024,Petrol,Automatic,3270000.0,25.5,1200,7,16200.0,32.7,16.2,0,1.0L-1.5L,Excellent
3136,Maruti Suzuki,WagonR,2015,CNG,Manual,1270000.0,24.7,1200,5,9800.0,12.7,9.8,9,1.0L-1.5L,Good
3137,Mahindra,Bolero,2017,Diesel,Automatic,510000.0,28.5,2000,7,10100.0,5.1,10.1,7,1.5L-2.0L,Excellent
3138,Hyundai,i20,2018,CNG,Automatic,2890000.0,19.4,1500,7,15900.0,28.9,15.9,6,1.0L-1.5L,Average
3139,Hyundai,i20,2019,Electric,Manual,1890000.0,25.7,1500,7,9200.0,18.9,9.2,5,1.0L-1.5L,Excellent
3140,Toyota,Urban Cruiser,2023,Electric,Manual,740000.0,23.5,1500,4,23100.0,7.4,23.1,1,1.0L-1.5L,Good
3141,Volkswagen,Taigun,2019,Electric,Manual,660000.0,11.2,2000,6,5200.0,6.6,5.2,5,1.5L-2.0L,Low
3142,Toyota,Camry,2017,Diesel,Automatic,2240000.0,10.8,1200,7,22400.0,22.4,22.4,7,1.0L-1.5L,Low
3143,Honda,City,2016,Petrol,Manual,3210000.0,29.7,1500,5,11800.0,32.1,11.8,8,1.0L-1.5L,Excellent
3144,Volkswagen,Tiguan,2018,Electric,Manual,1620000.0,29.6,2500,6,18900.0,16.2,18.9,6,2.0L-3.0L,Excellent
3145,Mahindra,Scorpio,2021,Petrol,Manual,2420000.0,29.7,1500,4,21800.0,24.2,21.8,3,1.0L-1.5L,Excellent
3146,Maruti Suzuki,Ertiga,2022,CNG,Manual,3470000.0,29.5,1200,6,6700.0,34.7,6.7,2,1.0L-1.5L,Excellent
3147,Volkswagen,Tiguan,2015,Electric,Manual,1100000.0,12.0,1000,6,12900.0,11.0,12.9,9,Below 1.0L,Low
3148,Toyota,Fortuner,2021,Petrol,Manual,3260000.0,21.2,800,7,12200.0,32.6,12.2,3,Below 1.0L,Good
3149,Honda,Amaze,2023,Petrol,Automatic,1330000.0,28.5,2000,7,13900.0,13.3,13.9,1,1.5L-2.0L,Excellent
3150,Mahindra,Thar,2024,CNG,Automatic,3470000.0,27.2,800,7,20700.0,34.7,20.7,0,Below 1.0L,Excellent
3151,Maruti Suzuki,Dzire,2020,Electric,Automatic,3330000.0,14.0,1000,5,22800.0,33.3,22.8,4,Below 1.0L,Low
3152,Mahindra,XUV700,2019,Petrol,Manual,2640000.0,20.4,1200,7,10700.0,26.4,10.7,5,1.0L-1.5L,Good
3153,Tata Motors,Tiago,2017,Electric,Automatic,1540000.0,26.2,1500,4,5800.0,15.4,5.8,7,1.0L-1.5L,Excellent
3154,Tata Motors,Altroz,2017,CNG,Manual,450000.0,29.2,2000,6,18400.0,4.5,18.4,7,1.5L-2.0L,Excellent
3155,Maruti Suzuki,Swift,2020,Electric,Manual,1130000.0,26.4,800,6,12700.0,11.3,12.7,4,Below 1.0L,Excellent
3156,Maruti Suzuki,Baleno,2020,Petrol,Manual,2390000.0,26.7,1000,6,22100.0,23.9,22.1,4,Below 1.0L,Excellent
3157,Skoda,Rapid,2022,CNG,Automatic,3500000.0,13.9,1500,4,19500.0,35.0,19.5,2,1.0L-1.5L,Low
3158,Kia,EV6,2020,CNG,Manual,2210000.0,22.2,1200,4,10700.0,22.1,10.7,4,1.0L-1.5L,Good
3159,Renault,Duster,2022,CNG,Automatic,2450000.0,13.9,1200,5,23300.0,24.5,23.3,2,1.0L-1.5L,Low
3160,Renault,Kwid,2021,Petrol,Manual,1150000.0,27.4,2500,6,23200.0,11.5,23.2,3,2.0L-3.0L,Excellent
3161,Volkswagen,Polo,2024,Diesel,Manual,1630000.0,10.6,2000,5,19400.0,16.3,19.4,0,1.5L-2.0L,Low
3162,Honda,Amaze,2022,Electric,Manual,1870000.0,28.5,2500,6,20100.0,18.7,20.1,2,2.0L-3.0L,Excellent
3163,Honda,Amaze,2021,Petrol,Automatic,1530000.0,20.7,2500,6,16300.0,15.3,16.3,3,2.0L-3.0L,Good
3164,Maruti Suzuki,WagonR,2022,Diesel,Automatic,970000.0,12.4,1000,6,20300.0,9.7,20.3,2,Below 1.0L,Low
3165,Renault,Kwid,2020,Electric,Manual,3280000.0,12.0,1500,6,11500.0,32.8,11.5,4,1.0L-1.5L,Low
3166,Volkswagen,Taigun,2016,Electric,Automatic,1370000.0,18.4,1200,4,13700.0,13.7,13.7,8,1.0L-1.5L,Average
3167,Tata Motors,Nexon,2024,Petrol,Manual,930000.0,17.1,800,7,16400.0,9.3,16.4,0,Below 1.0L,Average
3168,Renault,Duster,2023,Diesel,Manual,1080000.0,26.5,1200,6,15400.0,10.8,15.4,1,1.0L-1.5L,Excellent
3169,Hyundai,i20,2019,Diesel,Manual,1310000.0,22.6,2000,6,18300.0,13.1,18.3,5,1.5L-2.0L,Good
3170,Honda,WR-V,2016,Petrol,Automatic,960000.0,17.4,2500,7,10300.0,9.6,10.3,8,2.0L-3.0L,Average
3171,Skoda,Rapid,2015,Electric,Manual,640000.0,19.4,800,7,7000.0,6.4,7.0,9,Below 1.0L,Average
3172,Renault,Kiger,2018,CNG,Automatic,2590000.0,25.4,1500,5,5700.0,25.9,5.7,6,1.0L-1.5L,Excellent
3173,Hyundai,Creta,2019,CNG,Automatic,1320000.0,13.9,1000,6,8200.0,13.2,8.2,5,Below 1.0L,Low
3174,Tata Motors,Harrier,2023,Petrol,Manual,1580000.0,13.6,1800,7,12800.0,15.8,12.8,1,1.5L-2.0L,Low
3175,Honda,Amaze,2016,Electric,Automatic,1700000.0,14.2,1200,6,14700.0,17.0,14.7,8,1.0L-1.5L,Low
3176,Mahindra,XUV700,2017,Diesel,Manual,3080000.0,23.4,2000,7,9600.0,30.8,9.6,7,1.5L-2.0L,Good
3177,Mahindra,Scorpio,2016,CNG,Automatic,2810000.0,29.5,2500,4,11100.0,28.1,11.1,8,2.0L-3.0L,Excellent
3178,Tata Motors,Harrier,2020,Diesel,Manual,1080000.0,12.2,800,5,7400.0,10.8,7.4,4,Below 1.0L,Low
3179,Renault,Triber,2022,Petrol,Manual,2130000.0,25.8,1200,7,13700.0,21.3,13.7,2,1.0L-1.5L,Excellent
3180,Volkswagen,Virtus,2020,Diesel,Manual,3330000.0,23.6,2000,4,10200.0,33.3,10.2,4,1.5L-2.0L,Good
3181,Hyundai,Verna,2021,Electric,Automatic,1980000.0,12.6,1500,6,24400.0,19.8,24.4,3,1.0L-1.5L,Low
3182,Kia,Sonet,2018,Diesel,Automatic,2400000.0,27.9,2500,5,8600.0,24.0,8.6,6,2.0L-3.0L,Excellent
3183,Toyota,Urban Cruiser,2024,Petrol,Automatic,1540000.0,25.6,1000,6,11000.0,15.4,11.0,0,Below 1.0L,Excellent
3184,Kia,EV6,2015,Diesel,Manual,790000.0,21.7,1500,7,7300.0,7.9,7.3,9,1.0L-1.5L,Good
3185,Maruti Suzuki,Ertiga,2018,CNG,Automatic,670000.0,20.1,1800,4,13700.0,6.7,13.7,6,1.5L-2.0L,Good
3186,Renault,Duster,2018,CNG,Automatic,2630000.0,19.1,2500,7,7500.0,26.3,7.5,6,2.0L-3.0L,Average
3187,Volkswagen,Vento,2015,Electric,Automatic,1420000.0,12.9,1800,7,18800.0,14.2,18.8,9,1.5L-2.0L,Low
3188,Hyundai,Venue,2015,Diesel,Automatic,3380000.0,12.7,1800,7,19300.0,33.8,19.3,9,1.5L-2.0L,Low
3189,Hyundai,Venue,2020,Electric,Automatic,1410000.0,19.3,2000,7,19100.0,14.1,19.1,4,1.5L-2.0L,Average
3190,Hyundai,i20,2023,CNG,Manual,1310000.0,15.9,2500,6,7900.0,13.1,7.9,1,2.0L-3.0L,Average
3191,Honda,WR-V,2024,Electric,Manual,2730000.0,23.0,1500,5,8200.0,27.3,8.2,0,1.0L-1.5L,Good
3192,Kia,Carens,2021,Petrol,Automatic,1740000.0,11.5,800,7,12400.0,17.4,12.4,3,Below 1.0L,Low
3193,Maruti Suzuki,Dzire,2024,Electric,Automatic,1360000.0,16.7,1000,4,20500.0,13.6,20.5,0,Below 1.0L,Average
3194,Renault,Triber,2022,Electric,Manual,1510000.0,13.6,1800,4,15500.0,15.1,15.5,2,1.5L-2.0L,Low
3195,Hyundai,i20,2019,Electric,Manual,3490000.0,22.3,1500,6,23200.0,34.9,23.2,5,1.0L-1.5L,Good
3196,Toyota,Camry,2018,Electric,Automatic,760000.0,22.5,2500,4,20700.0,7.6,20.7,6,2.0L-3.0L,Good
3197,Skoda,Slavia,2021,CNG,Manual,1140000.0,27.1,1000,6,11200.0,11.4,11.2,3,Below 1.0L,Excellent
3198,Mahindra,XUV700,2016,CNG,Automatic,2520000.0,17.2,2500,7,21500.0,25.2,21.5,8,2.0L-3.0L,Average
3199,Skoda,Slavia,2023,CNG,Automatic,660000.0,14.1,1200,4,14400.0,6.6,14.4,1,1.0L-1.5L,Low
3200,Tata Motors,Punch,2021,Petrol,Manual,2200000.0,15.0,1500,7,12900.0,22.0,12.9,3,1.0L-1.5L,Low
3201,Skoda,Octavia,2018,CNG,Manual,3210000.0,11.9,1500,4,7300.0,32.1,7.3,6,1.0L-1.5L,Low
3202,Maruti Suzuki,Dzire,2021,Diesel,Manual,860000.0,17.2,2500,6,12800.0,8.6,12.8,3,2.0L-3.0L,Average
3203,Skoda,Kushaq,2017,Electric,Automatic,2400000.0,18.3,2500,4,6100.0,24.0,6.1,7,2.0L-3.0L,Average
3204,Honda,Jazz,2018,CNG,Manual,1400000.0,27.7,2000,4,19800.0,14.0,19.8,6,1.5L-2.0L,Excellent
3205,Kia,Carnival,2020,Electric,Manual,410000.0,15.9,2000,7,16300.0,4.1,16.3,4,1.5L-2.0L,Average
3206,Skoda,Kushaq,2016,CNG,Automatic,2740000.0,19.7,1800,4,9600.0,27.4,9.6,8,1.5L-2.0L,Average
3207,Hyundai,Creta,2024,CNG,Manual,540000.0,22.3,1800,4,20600.0,5.4,20.6,0,1.5L-2.0L,Good
3208,Hyundai,i20,2019,Electric,Automatic,630000.0,16.8,1800,4,13400.0,6.3,13.4,5,1.5L-2.0L,Average
3209,Hyundai,Venue,2017,Petrol,Manual,890000.0,22.0,1200,6,9700.0,8.9,9.7,7,1.0L-1.5L,Good
3210,Tata Motors,Nexon,2023,Electric,Automatic,400000.0,21.1,2000,5,19900.0,4.0,19.9,1,1.5L-2.0L,Good
3211,Honda,Civic,2015,Diesel,Manual,2110000.0,28.2,1500,7,13400.0,21.1,13.4,9,1.0L-1.5L,Excellent
3212,Honda,City,2018,CNG,Automatic,2040000.0,10.4,1500,7,14400.0,20.4,14.4,6,1.0L-1.5L,Low
3213,Volkswagen,Vento,2024,CNG,Automatic,540000.0,22.2,2500,4,6000.0,5.4,6.0,0,2.0L-3.0L,Good
3214,Maruti Suzuki,WagonR,2021,Petrol,Manual,1430000.0,25.7,2500,4,18900.0,14.3,18.9,3,2.0L-3.0L,Excellent
3215,Maruti Suzuki,Dzire,2017,Petrol,Manual,2130000.0,10.6,2000,7,22000.0,21.3,22.0,7,1.5L-2.0L,Low
3216,Volkswagen,Tiguan,2021,CNG,Manual,3040000.0,16.0,2500,7,12000.0,30.4,12.0,3,2.0L-3.0L,Average
3217,Honda,Amaze,2018,CNG,Automatic,2100000.0,12.4,1800,7,21700.0,21.0,21.7,6,1.5L-2.0L,Low
3218,Hyundai,i10,2022,Diesel,Manual,440000.0,14.0,1800,6,8600.0,4.4,8.6,2,1.5L-2.0L,Low
3219,Mahindra,Bolero,2022,Diesel,Automatic,3320000.0,13.1,2000,7,19800.0,33.2,19.8,2,1.5L-2.0L,Low
3220,Toyota,Fortuner,2018,Diesel,Automatic,1390000.0,10.5,1500,6,24900.0,13.9,24.9,6,1.0L-1.5L,Low
3221,Kia,Carens,2019,CNG,Automatic,1260000.0,10.8,800,7,10800.0,12.6,10.8,5,Below 1.0L,Low
3222,Maruti Suzuki,Dzire,2018,Diesel,Automatic,2470000.0,14.9,2500,4,23700.0,24.7,23.7,6,2.0L-3.0L,Low
3223,Hyundai,i20,2019,Diesel,Manual,1880000.0,17.1,1500,4,25000.0,18.8,25.0,5,1.0L-1.5L,Average
3224,Renault,Triber,2024,Electric,Automatic,2170000.0,25.2,1000,4,5900.0,21.7,5.9,0,Below 1.0L,Excellent
3225,Honda,Amaze,2021,Petrol,Automatic,760000.0,12.5,1500,6,22700.0,7.6,22.7,3,1.0L-1.5L,Low
3226,Volkswagen,Taigun,2024,Petrol,Automatic,1850000.0,14.9,1800,6,12800.0,18.5,12.8,0,1.5L-2.0L,Low
3227,Skoda,Slavia,2020,Diesel,Automatic,2770000.0,27.0,1200,7,24000.0,27.7,24.0,4,1.0L-1.5L,Excellent
3228,Mahindra,Scorpio,2021,Diesel,Manual,770000.0,26.8,2500,5,14300.0,7.7,14.3,3,2.0L-3.0L,Excellent
3229,Mahindra,XUV300,2021,Petrol,Manual,3430000.0,14.4,2500,7,9000.0,34.3,9.0,3,2.0L-3.0L,Low
3230,Mahindra,Bolero,2018,Petrol,Automatic,1780000.0,11.6,1800,5,23400.0,17.8,23.4,6,1.5L-2.0L,Low
3231,Maruti Suzuki,Dzire,2019,Petrol,Manual,2680000.0,12.0,1000,5,20900.0,26.8,20.9,5,Below 1.0L,Low
3232,Kia,EV6,2017,Electric,Manual,620000.0,25.7,1500,4,21700.0,6.2,21.7,7,1.0L-1.5L,Excellent
3233,Maruti Suzuki,Ertiga,2016,Diesel,Automatic,2960000.0,24.2,1800,5,17400.0,29.6,17.4,8,1.5L-2.0L,Good
3234,Tata Motors,Punch,2019,CNG,Manual,1570000.0,21.0,1800,6,17900.0,15.7,17.9,5,1.5L-2.0L,Good
3235,Mahindra,Bolero,2019,CNG,Automatic,3070000.0,19.7,800,5,22700.0,30.7,22.7,5,Below 1.0L,Average
3236,Renault,Lodgy,2021,Petrol,Automatic,2670000.0,21.9,2500,4,21300.0,26.7,21.3,3,2.0L-3.0L,Good
3237,Volkswagen,Taigun,2015,Petrol,Automatic,2850000.0,28.9,1000,4,7600.0,28.5,7.6,9,Below 1.0L,Excellent
3238,Skoda,Kushaq,2019,Diesel,Manual,3460000.0,20.9,1000,4,18300.0,34.6,18.3,5,Below 1.0L,Good
3239,Renault,Kiger,2018,Electric,Manual,790000.0,27.7,2000,7,22300.0,7.9,22.3,6,1.5L-2.0L,Excellent
3240,Tata Motors,Tiago,2015,Petrol,Automatic,2730000.0,27.3,1500,6,16700.0,27.3,16.7,9,1.0L-1.5L,Excellent
3241,Renault,Kiger,2015,CNG,Manual,3250000.0,20.2,2000,4,16900.0,32.5,16.9,9,1.5L-2.0L,Good
3242,Kia,EV6,2018,Electric,Manual,850000.0,19.7,1000,6,22200.0,8.5,22.2,6,Below 1.0L,Average
3243,Skoda,Kushaq,2018,Electric,Manual,1840000.0,14.1,1000,5,22000.0,18.4,22.0,6,Below 1.0L,Low
3244,Kia,Carnival,2020,Diesel,Manual,1270000.0,14.5,1500,6,6700.0,12.7,6.7,4,1.0L-1.5L,Low
3245,Honda,WR-V,2020,Diesel,Manual,2060000.0,20.6,2000,4,14000.0,20.6,14.0,4,1.5L-2.0L,Good
3246,Honda,Jazz,2023,Electric,Automatic,1370000.0,14.4,1800,7,13300.0,13.7,13.3,1,1.5L-2.0L,Low
3247,Skoda,Kushaq,2020,Electric,Automatic,1940000.0,27.1,1800,4,13700.0,19.4,13.7,4,1.5L-2.0L,Excellent
3248,Hyundai,i10,2015,Diesel,Automatic,3290000.0,18.6,2500,4,22600.0,32.9,22.6,9,2.0L-3.0L,Average
3249,Mahindra,Thar,2020,Diesel,Automatic,1390000.0,17.2,1200,7,14000.0,13.9,14.0,4,1.0L-1.5L,Average
3250,Tata Motors,Tiago,2021,Petrol,Automatic,1040000.0,12.9,1500,7,23300.0,10.4,23.3,3,1.0L-1.5L,Low
3251,Maruti Suzuki,WagonR,2018,Petrol,Automatic,510000.0,19.4,1500,5,10200.0,5.1,10.2,6,1.0L-1.5L,Average
3252,Renault,Kwid,2022,Electric,Manual,2660000.0,17.4,2000,7,13200.0,26.6,13.2,2,1.5L-2.0L,Average
3253,Maruti Suzuki,WagonR,2022,Electric,Manual,550000.0,16.2,1000,4,18000.0,5.5,18.0,2,Below 1.0L,Average
3254,Toyota,Urban Cruiser,2023,Electric,Manual,1960000.0,23.0,2000,7,16700.0,19.6,16.7,1,1.5L-2.0L,Good
3255,Kia,Seltos,2016,Diesel,Automatic,3120000.0,14.7,1800,4,23600.0,31.2,23.6,8,1.5L-2.0L,Low
3256,Hyundai,Venue,2015,Diesel,Manual,2680000.0,19.9,1000,7,19100.0,26.8,19.1,9,Below 1.0L,Average
3257,Honda,Jazz,2020,Diesel,Manual,1350000.0,24.2,1200,4,12400.0,13.5,12.4,4,1.0L-1.5L,Good
3258,Tata Motors,Nexon,2020,Electric,Automatic,480000.0,29.4,1200,7,23600.0,4.8,23.6,4,1.0L-1.5L,Excellent
3259,Volkswagen,Taigun,2017,Diesel,Automatic,2460000.0,11.0,2500,5,16000.0,24.6,16.0,7,2.0L-3.0L,Low
3260,Volkswagen,Virtus,2019,Petrol,Automatic,600000.0,12.0,1000,6,12600.0,6.0,12.6,5,Below 1.0L,Low
3261,Toyota,Camry,2020,CNG,Automatic,3460000.0,13.2,1000,4,5800.0,34.6,5.8,4,Below 1.0L,Low
3262,Mahindra,Thar,2024,CNG,Automatic,710000.0,15.5,800,5,6000.0,7.1,6.0,0,Below 1.0L,Average
3263,Renault,Triber,2017,Petrol,Manual,1610000.0,22.4,1200,4,8500.0,16.1,8.5,7,1.0L-1.5L,Good
3264,Toyota,Innova,2023,Petrol,Manual,980000.0,13.4,2000,4,13700.0,9.8,13.7,1,1.5L-2.0L,Low
3265,Toyota,Camry,2018,Electric,Manual,3270000.0,23.0,1200,4,7400.0,32.7,7.4,6,1.0L-1.5L,Good
3266,Tata Motors,Tiago,2024,CNG,Manual,1440000.0,19.5,1500,4,19600.0,14.4,19.6,0,1.0L-1.5L,Average
3267,Mahindra,XUV700,2015,Diesel,Automatic,1640000.0,11.8,1200,5,10000.0,16.4,10.0,9,1.0L-1.5L,Low
3268,Skoda,Superb,2019,CNG,Manual,3010000.0,16.9,800,6,14600.0,30.1,14.6,5,Below 1.0L,Average
3269,Volkswagen,Vento,2021,Electric,Manual,2660000.0,11.3,800,7,15100.0,26.6,15.1,3,Below 1.0L,Low
3270,Skoda,Superb,2023,CNG,Automatic,3360000.0,13.1,1200,6,6400.0,33.6,6.4,1,1.0L-1.5L,Low
3271,Toyota,Camry,2022,Electric,Automatic,2030000.0,11.6,2000,7,6300.0,20.3,6.3,2,1.5L-2.0L,Low
3272,Skoda,Slavia,2015,Electric,Automatic,1050000.0,26.6,1500,4,8000.0,10.5,8.0,9,1.0L-1.5L,Excellent
3273,Maruti Suzuki,Swift,2023,Electric,Automatic,810000.0,12.9,800,4,11800.0,8.1,11.8,1,Below 1.0L,Low
3274,Volkswagen,Vento,2020,Electric,Manual,460000.0,29.3,1000,4,17700.0,4.6,17.7,4,Below 1.0L,Excellent
3275,Maruti Suzuki,Baleno,2020,Electric,Automatic,2740000.0,15.8,2000,4,5200.0,27.4,5.2,4,1.5L-2.0L,Average
3276,Honda,Civic,2022,Diesel,Manual,1500000.0,20.8,800,6,8800.0,15.0,8.8,2,Below 1.0L,Good
3277,Honda,City,2023,Electric,Automatic,1450000.0,16.1,800,4,5900.0,14.5,5.9,1,Below 1.0L,Average
3278,Renault,Kiger,2022,Petrol,Manual,2180000.0,27.9,1000,5,11000.0,21.8,11.0,2,Below 1.0L,Excellent
3279,Kia,Sonet,2024,Electric,Automatic,2130000.0,16.4,800,5,6700.0,21.3,6.7,0,Below 1.0L,Average
3280,Hyundai,Venue,2019,CNG,Automatic,2810000.0,26.2,1000,7,9900.0,28.1,9.9,5,Below 1.0L,Excellent
3281,Tata Motors,Punch,2020,Petrol,Manual,1030000.0,29.7,2500,4,23200.0,10.3,23.2,4,2.0L-3.0L,Excellent
3282,Kia,Carnival,2015,Petrol,Automatic,2960000.0,29.6,1000,7,11200.0,29.6,11.2,9,Below 1.0L,Excellent
3283,Mahindra,Thar,2024,Diesel,Automatic,2390000.0,15.5,1000,4,20800.0,23.9,20.8,0,Below 1.0L,Average
3284,Mahindra,XUV300,2019,CNG,Manual,730000.0,28.7,800,6,21300.0,7.3,21.3,5,Below 1.0L,Excellent
3285,Tata Motors,Tiago,2018,CNG,Automatic,3070000.0,21.2,2000,6,12100.0,30.7,12.1,6,1.5L-2.0L,Good
3286,Skoda,Rapid,2023,Petrol,Manual,1960000.0,25.4,1000,6,15300.0,19.6,15.3,1,Below 1.0L,Excellent
3287,Volkswagen,Taigun,2022,CNG,Manual,2900000.0,18.6,2000,4,18800.0,29.0,18.8,2,1.5L-2.0L,Average
3288,Maruti Suzuki,Dzire,2017,Diesel,Manual,2050000.0,14.5,800,7,14900.0,20.5,14.9,7,Below 1.0L,Low
3289,Hyundai,Venue,2022,Petrol,Automatic,1360000.0,29.5,1200,5,15200.0,13.6,15.2,2,1.0L-1.5L,Excellent
3290,Tata Motors,Nexon,2018,Diesel,Manual,2390000.0,27.0,2000,7,21400.0,23.9,21.4,6,1.5L-2.0L,Excellent
3291,Toyota,Urban Cruiser,2024,Diesel,Manual,1290000.0,22.2,1500,5,21600.0,12.9,21.6,0,1.0L-1.5L,Good
3292,Skoda,Octavia,2023,Petrol,Manual,3020000.0,21.1,800,6,22000.0,30.2,22.0,1,Below 1.0L,Good
3293,Mahindra,XUV300,2022,Electric,Manual,850000.0,16.1,1000,6,16700.0,8.5,16.7,2,Below 1.0L,Average
3294,Mahindra,XUV700,2017,Diesel,Manual,1840000.0,27.6,2500,5,8900.0,18.4,8.9,7,2.0L-3.0L,Excellent
3295,Kia,Carnival,2024,Petrol,Automatic,1920000.0,29.2,1500,7,11900.0,19.2,11.9,0,1.0L-1.5L,Excellent
3296,Renault,Triber,2019,CNG,Manual,1030000.0,28.5,1200,7,19200.0,10.3,19.2,5,1.0L-1.5L,Excellent
3297,Renault,Duster,2022,Diesel,Automatic,620000.0,21.8,1000,7,12600.0,6.2,12.6,2,Below 1.0L,Good
3298,Honda,Jazz,2018,Diesel,Automatic,3270000.0,24.0,1800,7,9200.0,32.7,9.2,6,1.5L-2.0L,Good
3299,Tata Motors,Harrier,2021,CNG,Automatic,2840000.0,12.9,800,4,9100.0,28.4,9.1,3,Below 1.0L,Low
3300,Mahindra,Thar,2021,CNG,Manual,1600000.0,25.4,1000,5,20700.0,16.0,20.7,3,Below 1.0L,Excellent
3301,Volkswagen,Vento,2022,Petrol,Manual,1230000.0,20.6,800,7,8500.0,12.3,8.5,2,Below 1.0L,Good
3302,Tata Motors,Tiago,2016,Diesel,Automatic,1370000.0,17.7,1200,4,10900.0,13.7,10.9,8,1.0L-1.5L,Average
3303,Tata Motors,Punch,2018,Electric,Manual,1300000.0,18.8,800,5,10100.0,13.0,10.1,6,Below 1.0L,Average
3304,Kia,Sonet,2023,Petrol,Automatic,950000.0,14.4,1000,6,21900.0,9.5,21.9,1,Below 1.0L,Low
3305,Hyundai,i10,2019,Diesel,Manual,2750000.0,22.7,800,4,5100.0,27.5,5.1,5,Below 1.0L,Good
3306,Honda,Amaze,2021,Electric,Automatic,2480000.0,28.7,2500,5,8700.0,24.8,8.7,3,2.0L-3.0L,Excellent
3307,Volkswagen,Vento,2016,Petrol,Manual,3050000.0,26.8,800,5,11100.0,30.5,11.1,8,Below 1.0L,Excellent
3308,Kia,Seltos,2023,Electric,Manual,1770000.0,23.9,1500,4,12700.0,17.7,12.7,1,1.0L-1.5L,Good
3309,Skoda,Slavia,2021,Diesel,Manual,3460000.0,24.7,2500,5,19800.0,34.6,19.8,3,2.0L-3.0L,Good
3310,Kia,Carens,2019,Electric,Automatic,620000.0,12.2,1500,5,24400.0,6.2,24.4,5,1.0L-1.5L,Low
3311,Kia,EV6,2024,Petrol,Automatic,930000.0,14.4,2500,5,17500.0,9.3,17.5,0,2.0L-3.0L,Low
3312,Hyundai,i10,2023,Electric,Manual,3380000.0,22.3,2500,7,18000.0,33.8,18.0,1,2.0L-3.0L,Good
3313,Tata Motors,Tiago,2018,CNG,Automatic,1800000.0,17.2,1000,4,9900.0,18.0,9.9,6,Below 1.0L,Average
3314,Maruti Suzuki,Baleno,2018,Diesel,Automatic,2970000.0,23.4,1000,4,20700.0,29.7,20.7,6,Below 1.0L,Good
3315,Skoda,Kushaq,2016,CNG,Manual,1240000.0,15.3,2500,5,23400.0,12.4,23.4,8,2.0L-3.0L,Average
3316,Kia,Carnival,2016,CNG,Manual,3230000.0,27.8,800,5,23000.0,32.3,23.0,8,Below 1.0L,Excellent
3317,Mahindra,Bolero,2024,CNG,Manual,2380000.0,13.4,1800,7,18200.0,23.8,18.2,0,1.5L-2.0L,Low
3318,Hyundai,i20,2022,CNG,Manual,1610000.0,17.4,2500,5,21700.0,16.1,21.7,2,2.0L-3.0L,Average
3319,Honda,Amaze,2023,CNG,Automatic,500000.0,26.9,1000,7,22000.0,5.0,22.0,1,Below 1.0L,Excellent
3320,Kia,Carnival,2022,Diesel,Automatic,1980000.0,24.7,2500,5,18900.0,19.8,18.9,2,2.0L-3.0L,Good
3321,Honda,Civic,2018,Diesel,Automatic,2860000.0,22.3,1200,5,22800.0,28.6,22.8,6,1.0L-1.5L,Good
3322,Mahindra,XUV700,2019,Diesel,Automatic,2330000.0,18.5,1200,6,7300.0,23.3,7.3,5,1.0L-1.5L,Average
3323,Renault,Duster,2018,CNG,Manual,1710000.0,28.0,2000,4,7000.0,17.1,7.0,6,1.5L-2.0L,Excellent
3324,Hyundai,Creta,2024,Electric,Automatic,1940000.0,16.2,800,5,13600.0,19.4,13.6,0,Below 1.0L,Average
3325,Maruti Suzuki,Dzire,2024,Diesel,Manual,2920000.0,10.4,1800,6,12200.0,29.2,12.2,0,1.5L-2.0L,Low
3326,Honda,Jazz,2015,Petrol,Automatic,2560000.0,11.5,2500,6,7000.0,25.6,7.0,9,2.0L-3.0L,Low
3327,Renault,Kiger,2017,CNG,Automatic,2010000.0,24.0,1800,7,9100.0,20.1,9.1,7,1.5L-2.0L,Good
3328,Renault,Triber,2015,Electric,Manual,3290000.0,28.0,1200,4,16500.0,32.9,16.5,9,1.0L-1.5L,Excellent
3329,Toyota,Fortuner,2022,CNG,Manual,2900000.0,10.7,2000,4,23700.0,29.0,23.7,2,1.5L-2.0L,Low
3330,Volkswagen,Polo,2024,CNG,Manual,2150000.0,11.5,1200,7,7600.0,21.5,7.6,0,1.0L-1.5L,Low
3331,Skoda,Slavia,2019,Petrol,Manual,1660000.0,23.1,800,4,8100.0,16.6,8.1,5,Below 1.0L,Good
3332,Skoda,Slavia,2023,Electric,Automatic,3320000.0,27.4,1500,6,12400.0,33.2,12.4,1,1.0L-1.5L,Excellent
3333,Toyota,Innova,2015,Electric,Manual,3160000.0,18.9,800,5,5400.0,31.6,5.4,9,Below 1.0L,Average
3334,Hyundai,i10,2016,Electric,Automatic,2480000.0,28.6,2000,5,19300.0,24.8,19.3,8,1.5L-2.0L,Excellent
3335,Kia,EV6,2020,Diesel,Manual,1840000.0,15.5,1800,4,8700.0,18.4,8.7,4,1.5L-2.0L,Average
3336,Toyota,Glanza,2023,Petrol,Manual,1860000.0,20.7,1500,7,13200.0,18.6,13.2,1,1.0L-1.5L,Good
3337,Mahindra,Thar,2017,Electric,Manual,1070000.0,26.8,2000,4,12400.0,10.7,12.4,7,1.5L-2.0L,Excellent
3338,Tata Motors,Harrier,2022,Diesel,Automatic,2280000.0,11.8,2000,5,16700.0,22.8,16.7,2,1.5L-2.0L,Low
3339,Renault,Duster,2022,Electric,Automatic,2510000.0,25.9,2000,7,5300.0,25.1,5.3,2,1.5L-2.0L,Excellent
3340,Mahindra,Scorpio,2018,Petrol,Automatic,2540000.0,12.9,2500,7,6800.0,25.4,6.8,6,2.0L-3.0L,Low
3341,Tata Motors,Altroz,2023,CNG,Automatic,3380000.0,20.5,1800,6,17100.0,33.8,17.1,1,1.5L-2.0L,Good
3342,Maruti Suzuki,Swift,2022,Electric,Automatic,2640000.0,13.8,800,5,15200.0,26.4,15.2,2,Below 1.0L,Low
3343,Honda,WR-V,2018,Diesel,Automatic,1200000.0,25.3,1200,6,5500.0,12.0,5.5,6,1.0L-1.5L,Excellent
3344,Hyundai,Verna,2015,Diesel,Automatic,2160000.0,11.6,1200,5,7100.0,21.6,7.1,9,1.0L-1.5L,Low
3345,Honda,City,2020,Petrol,Automatic,2650000.0,20.2,1200,6,5900.0,26.5,5.9,4,1.0L-1.5L,Good
3346,Renault,Kiger,2022,Electric,Manual,3330000.0,29.2,800,5,14600.0,33.3,14.6,2,Below 1.0L,Excellent
3347,Skoda,Kushaq,2015,Diesel,Automatic,1810000.0,27.5,2000,5,15400.0,18.1,15.4,9,1.5L-2.0L,Excellent
3348,Volkswagen,Taigun,2023,CNG,Automatic,2550000.0,15.6,1800,5,5800.0,25.5,5.8,1,1.5L-2.0L,Average
3349,Maruti Suzuki,Ertiga,2021,Electric,Automatic,1040000.0,28.5,2000,6,18700.0,10.4,18.7,3,1.5L-2.0L,Excellent
3350,Volkswagen,Virtus,2022,Electric,Automatic,2280000.0,21.3,2500,7,6300.0,22.8,6.3,2,2.0L-3.0L,Good
3351,Tata Motors,Punch,2022,Petrol,Manual,1800000.0,10.1,2500,6,5900.0,18.0,5.9,2,2.0L-3.0L,Low
3352,Hyundai,i20,2015,CNG,Manual,2390000.0,14.0,1000,5,8200.0,23.9,8.2,9,Below 1.0L,Low
3353,Renault,Lodgy,2020,Diesel,Manual,830000.0,16.0,800,5,11700.0,8.3,11.7,4,Below 1.0L,Average
3354,Toyota,Camry,2016,CNG,Automatic,3480000.0,14.1,1500,4,19500.0,34.8,19.5,8,1.0L-1.5L,Low
3355,Skoda,Slavia,2018,Electric,Automatic,590000.0,26.1,1800,4,20400.0,5.9,20.4,6,1.5L-2.0L,Excellent
3356,Toyota,Innova,2022,Diesel,Manual,2450000.0,16.2,1200,5,18400.0,24.5,18.4,2,1.0L-1.5L,Average
3357,Honda,Civic,2021,Petrol,Automatic,1500000.0,15.3,1200,5,18800.0,15.0,18.8,3,1.0L-1.5L,Average
3358,Hyundai,i10,2023,Electric,Automatic,2840000.0,10.7,1800,6,24900.0,28.4,24.9,1,1.5L-2.0L,Low
3359,Tata Motors,Tiago,2022,Electric,Manual,1080000.0,24.6,2000,6,24600.0,10.8,24.6,2,1.5L-2.0L,Good
3360,Volkswagen,Virtus,2016,CNG,Automatic,3160000.0,25.8,2000,6,15600.0,31.6,15.6,8,1.5L-2.0L,Excellent
3361,Mahindra,Bolero,2018,CNG,Manual,1630000.0,20.4,1200,5,18500.0,16.3,18.5,6,1.0L-1.5L,Good
3362,Maruti Suzuki,Dzire,2017,CNG,Automatic,2990000.0,14.9,2000,5,19000.0,29.9,19.0,7,1.5L-2.0L,Low
3363,Tata Motors,Nexon,2021,Petrol,Manual,2580000.0,18.5,1800,5,15600.0,25.8,15.6,3,1.5L-2.0L,Average
3364,Tata Motors,Harrier,2023,Petrol,Manual,2780000.0,28.0,1000,7,14500.0,27.8,14.5,1,Below 1.0L,Excellent
3365,Toyota,Fortuner,2022,Electric,Manual,3480000.0,22.3,1000,4,24900.0,34.8,24.9,2,Below 1.0L,Good
3366,Toyota,Innova,2019,Electric,Manual,520000.0,24.6,800,4,8800.0,5.2,8.8,5,Below 1.0L,Good
3367,Honda,WR-V,2015,Electric,Automatic,990000.0,29.0,2500,6,10600.0,9.9,10.6,9,2.0L-3.0L,Excellent
3368,Skoda,Superb,2016,Petrol,Manual,1230000.0,17.1,1200,5,20600.0,12.3,20.6,8,1.0L-1.5L,Average
3369,Hyundai,Venue,2015,Electric,Manual,2150000.0,26.6,1800,4,18200.0,21.5,18.2,9,1.5L-2.0L,Excellent
3370,Volkswagen,Taigun,2023,CNG,Automatic,1250000.0,16.7,800,5,16700.0,12.5,16.7,1,Below 1.0L,Average
3371,Mahindra,XUV300,2017,CNG,Manual,2420000.0,15.4,2500,5,19400.0,24.2,19.4,7,2.0L-3.0L,Average
3372,Mahindra,XUV700,2019,Petrol,Manual,1200000.0,18.3,2500,4,13500.0,12.0,13.5,5,2.0L-3.0L,Average
3373,Mahindra,XUV300,2020,Electric,Automatic,450000.0,25.5,2000,7,23300.0,4.5,23.3,4,1.5L-2.0L,Excellent
3374,Skoda,Octavia,2015,CNG,Manual,1990000.0,29.5,2000,4,21200.0,19.9,21.2,9,1.5L-2.0L,Excellent
3375,Skoda,Superb,2018,CNG,Automatic,870000.0,24.6,1200,4,14200.0,8.7,14.2,6,1.0L-1.5L,Good
3376,Mahindra,Scorpio,2019,Diesel,Automatic,1370000.0,26.1,1800,4,20500.0,13.7,20.5,5,1.5L-2.0L,Excellent
3377,Volkswagen,Tiguan,2022,CNG,Automatic,440000.0,14.1,2500,4,21300.0,4.4,21.3,2,2.0L-3.0L,Low
3378,Mahindra,Bolero,2021,CNG,Manual,720000.0,10.8,1800,6,20300.0,7.2,20.3,3,1.5L-2.0L,Low
3379,Hyundai,i20,2020,Electric,Automatic,2340000.0,25.7,2500,7,6000.0,23.4,6.0,4,2.0L-3.0L,Excellent
3380,Kia,Carens,2015,Diesel,Automatic,880000.0,18.0,2000,4,11600.0,8.8,11.6,9,1.5L-2.0L,Average
3381,Renault,Duster,2024,Petrol,Automatic,2880000.0,30.0,2000,4,19200.0,28.8,19.2,0,1.5L-2.0L,Excellent
3382,Hyundai,i10,2016,Diesel,Automatic,2790000.0,28.8,1200,4,5600.0,27.9,5.6,8,1.0L-1.5L,Excellent
3383,Tata Motors,Tiago,2022,Petrol,Automatic,2250000.0,10.6,2000,7,9300.0,22.5,9.3,2,1.5L-2.0L,Low
3384,Mahindra,Thar,2020,Diesel,Automatic,1400000.0,24.8,1000,5,20300.0,14.0,20.3,4,Below 1.0L,Good
3385,Hyundai,Creta,2019,Petrol,Manual,2190000.0,26.7,1500,6,20000.0,21.9,20.0,5,1.0L-1.5L,Excellent
3386,Toyota,Fortuner,2017,CNG,Manual,3230000.0,23.9,1000,6,17900.0,32.3,17.9,7,Below 1.0L,Good
3387,Honda,Civic,2022,CNG,Automatic,910000.0,19.3,1000,6,19500.0,9.1,19.5,2,Below 1.0L,Average
3388,Kia,EV6,2015,Petrol,Manual,1970000.0,14.1,800,7,22600.0,19.7,22.6,9,Below 1.0L,Low
3389,Mahindra,XUV700,2022,Electric,Automatic,410000.0,10.6,1200,4,24000.0,4.1,24.0,2,1.0L-1.5L,Low
3390,Honda,Civic,2015,Diesel,Manual,2820000.0,19.4,1500,6,24100.0,28.2,24.1,9,1.0L-1.5L,Average
3391,Maruti Suzuki,WagonR,2020,Diesel,Automatic,2450000.0,23.4,2000,4,24700.0,24.5,24.7,4,1.5L-2.0L,Good
3392,Volkswagen,Tiguan,2020,Electric,Automatic,470000.0,17.1,1800,7,13400.0,4.7,13.4,4,1.5L-2.0L,Average
3393,Honda,City,2016,Petrol,Automatic,3490000.0,16.1,800,7,6100.0,34.9,6.1,8,Below 1.0L,Average
3394,Mahindra,Thar,2018,Electric,Manual,3000000.0,22.8,1000,6,7000.0,30.0,7.0,6,Below 1.0L,Good
3395,Volkswagen,Tiguan,2022,Electric,Manual,1530000.0,10.0,1000,4,8400.0,15.3,8.4,2,Below 1.0L,Low
3396,Kia,Carnival,2016,Electric,Manual,2780000.0,24.5,2500,4,22400.0,27.8,22.4,8,2.0L-3.0L,Good
3397,Mahindra,XUV300,2018,CNG,Automatic,2300000.0,19.1,2000,7,24500.0,23.0,24.5,6,1.5L-2.0L,Average
3398,Kia,Carnival,2019,Diesel,Manual,440000.0,14.3,2000,7,15000.0,4.4,15.0,5,1.5L-2.0L,Low
3399,Maruti Suzuki,WagonR,2022,Petrol,Manual,1600000.0,17.4,1800,7,8600.0,16.0,8.6,2,1.5L-2.0L,Average
3400,Mahindra,Scorpio,2023,Electric,Automatic,2170000.0,14.1,2500,7,8800.0,21.7,8.8,1,2.0L-3.0L,Low
3401,Mahindra,XUV300,2018,Petrol,Manual,910000.0,15.7,1200,7,8100.0,9.1,8.1,6,1.0L-1.5L,Average
3402,Renault,Lodgy,2021,Electric,Automatic,2820000.0,19.1,2500,5,17700.0,28.2,17.7,3,2.0L-3.0L,Average
3403,Maruti Suzuki,Baleno,2024,Electric,Manual,2960000.0,19.9,2000,5,15900.0,29.6,15.9,0,1.5L-2.0L,Average
3404,Mahindra,Bolero,2018,CNG,Automatic,2030000.0,23.5,1000,7,5500.0,20.3,5.5,6,Below 1.0L,Good
3405,Renault,Kiger,2018,CNG,Manual,1620000.0,28.3,1000,7,21800.0,16.2,21.8,6,Below 1.0L,Excellent
3406,Tata Motors,Harrier,2020,CNG,Automatic,830000.0,27.2,2000,4,20800.0,8.3,20.8,4,1.5L-2.0L,Excellent
3407,Toyota,Innova,2022,Electric,Automatic,2870000.0,20.3,1500,6,18900.0,28.7,18.9,2,1.0L-1.5L,Good
3408,Honda,Amaze,2018,Diesel,Manual,1360000.0,22.3,1000,6,22900.0,13.6,22.9,6,Below 1.0L,Good
3409,Mahindra,Scorpio,2020,Petrol,Automatic,1880000.0,23.1,1000,7,9800.0,18.8,9.8,4,Below 1.0L,Good
3410,Maruti Suzuki,WagonR,2022,CNG,Automatic,1250000.0,25.8,1000,6,5100.0,12.5,5.1,2,Below 1.0L,Excellent
3411,Toyota,Camry,2018,Electric,Automatic,1330000.0,22.3,1800,7,18600.0,13.3,18.6,6,1.5L-2.0L,Good
3412,Maruti Suzuki,WagonR,2018,CNG,Automatic,2270000.0,27.6,2500,6,8100.0,22.7,8.1,6,2.0L-3.0L,Excellent
3413,Hyundai,i20,2023,CNG,Automatic,1720000.0,11.9,2500,4,12900.0,17.2,12.9,1,2.0L-3.0L,Low
3414,Maruti Suzuki,WagonR,2021,Diesel,Automatic,1950000.0,29.5,2000,5,8400.0,19.5,8.4,3,1.5L-2.0L,Excellent
3415,Mahindra,XUV700,2022,CNG,Manual,1080000.0,26.6,1000,4,7800.0,10.8,7.8,2,Below 1.0L,Excellent
3416,Tata Motors,Altroz,2023,CNG,Automatic,430000.0,13.0,1800,5,12000.0,4.3,12.0,1,1.5L-2.0L,Low
3417,Volkswagen,Polo,2016,Electric,Manual,2090000.0,18.4,1000,4,16400.0,20.9,16.4,8,Below 1.0L,Average
3418,Toyota,Camry,2020,Diesel,Automatic,2040000.0,17.4,2000,4,8900.0,20.4,8.9,4,1.5L-2.0L,Average
3419,Honda,WR-V,2015,CNG,Manual,3210000.0,26.3,1800,7,23400.0,32.1,23.4,9,1.5L-2.0L,Excellent
3420,Maruti Suzuki,WagonR,2021,Electric,Automatic,2410000.0,23.6,2000,7,9200.0,24.1,9.2,3,1.5L-2.0L,Good
3421,Hyundai,Venue,2020,Diesel,Manual,2880000.0,19.7,2500,6,6100.0,28.8,6.1,4,2.0L-3.0L,Average
3422,Renault,Kwid,2021,Electric,Manual,910000.0,15.4,2000,6,17400.0,9.1,17.4,3,1.5L-2.0L,Average
3423,Tata Motors,Punch,2022,Diesel,Automatic,3460000.0,18.3,1800,5,12300.0,34.6,12.3,2,1.5L-2.0L,Average
3424,Volkswagen,Polo,2022,CNG,Manual,1790000.0,27.7,1800,4,11000.0,17.9,11.0,2,1.5L-2.0L,Excellent
3425,Maruti Suzuki,Ertiga,2016,Electric,Automatic,2840000.0,28.9,1800,4,18900.0,28.4,18.9,8,1.5L-2.0L,Excellent
3426,Renault,Duster,2019,Petrol,Automatic,2030000.0,11.6,1500,6,7800.0,20.3,7.8,5,1.0L-1.5L,Low
3427,Honda,WR-V,2022,Diesel,Automatic,1700000.0,25.0,1500,7,10800.0,17.0,10.8,2,1.0L-1.5L,Good
3428,Hyundai,Venue,2021,Electric,Manual,2640000.0,10.3,2000,5,7900.0,26.4,7.9,3,1.5L-2.0L,Low
3429,Skoda,Superb,2019,Diesel,Automatic,2630000.0,16.5,1200,6,10800.0,26.3,10.8,5,1.0L-1.5L,Average
3430,Maruti Suzuki,Ertiga,2015,Electric,Manual,1520000.0,18.2,800,7,10100.0,15.2,10.1,9,Below 1.0L,Average
3431,Maruti Suzuki,Ertiga,2024,Electric,Manual,2400000.0,15.4,1800,4,10700.0,24.0,10.7,0,1.5L-2.0L,Average
3432,Mahindra,Scorpio,2017,Diesel,Manual,970000.0,26.9,800,4,20400.0,9.7,20.4,7,Below 1.0L,Excellent
3433,Volkswagen,Taigun,2022,Electric,Automatic,870000.0,17.0,1500,7,14000.0,8.7,14.0,2,1.0L-1.5L,Average
3434,Kia,Carnival,2017,Petrol,Automatic,1670000.0,22.8,1000,4,12600.0,16.7,12.6,7,Below 1.0L,Good
3435,Mahindra,Scorpio,2020,CNG,Manual,3110000.0,13.8,2000,6,20700.0,31.1,20.7,4,1.5L-2.0L,Low
3436,Volkswagen,Taigun,2015,CNG,Automatic,820000.0,11.0,2000,6,23300.0,8.2,23.3,9,1.5L-2.0L,Low
3437,Toyota,Innova,2021,Petrol,Automatic,730000.0,18.9,800,5,8800.0,7.3,8.8,3,Below 1.0L,Average
3438,Tata Motors,Punch,2019,Petrol,Manual,1620000.0,15.3,2500,7,21800.0,16.2,21.8,5,2.0L-3.0L,Average
3439,Kia,Seltos,2018,Electric,Automatic,980000.0,25.0,2000,5,10900.0,9.8,10.9,6,1.5L-2.0L,Good
3440,Mahindra,Scorpio,2017,CNG,Manual,1450000.0,21.7,1500,5,7600.0,14.5,7.6,7,1.0L-1.5L,Good
3441,Renault,Duster,2024,Petrol,Manual,3290000.0,17.8,1500,6,22900.0,32.9,22.9,0,1.0L-1.5L,Average
3442,Honda,Amaze,2018,Diesel,Automatic,900000.0,19.3,2000,6,19000.0,9.0,19.0,6,1.5L-2.0L,Average
3443,Honda,Jazz,2016,CNG,Automatic,790000.0,19.2,800,7,7600.0,7.9,7.6,8,Below 1.0L,Average
3444,Volkswagen,Taigun,2023,Diesel,Automatic,1480000.0,20.6,1800,5,21600.0,14.8,21.6,1,1.5L-2.0L,Good
3445,Maruti Suzuki,Baleno,2024,Electric,Manual,410000.0,27.5,2000,5,22600.0,4.1,22.6,0,1.5L-2.0L,Excellent
3446,Hyundai,i20,2022,Electric,Automatic,1560000.0,28.3,1200,7,15700.0,15.6,15.7,2,1.0L-1.5L,Excellent
3447,Honda,Civic,2019,CNG,Automatic,2250000.0,23.5,1500,5,22900.0,22.5,22.9,5,1.0L-1.5L,Good
3448,Volkswagen,Vento,2021,Petrol,Manual,1830000.0,29.3,2500,7,12000.0,18.3,12.0,3,2.0L-3.0L,Excellent
3449,Maruti Suzuki,Swift,2021,Petrol,Automatic,1040000.0,15.1,1200,4,9200.0,10.4,9.2,3,1.0L-1.5L,Average
3450,Honda,Amaze,2015,Electric,Automatic,680000.0,15.4,2500,6,17900.0,6.8,17.9,9,2.0L-3.0L,Average
3451,Honda,Amaze,2015,Diesel,Automatic,2290000.0,12.9,2500,6,5500.0,22.9,5.5,9,2.0L-3.0L,Low
3452,Hyundai,i10,2019,Diesel,Automatic,2970000.0,28.6,800,6,6000.0,29.7,6.0,5,Below 1.0L,Excellent
3453,Honda,Civic,2015,Petrol,Manual,700000.0,13.9,2000,4,14300.0,7.0,14.3,9,1.5L-2.0L,Low
3454,Tata Motors,Tiago,2018,Diesel,Automatic,2680000.0,24.5,2000,5,13300.0,26.8,13.3,6,1.5L-2.0L,Good
3455,Volkswagen,Virtus,2018,CNG,Manual,2480000.0,14.0,1000,7,12300.0,24.8,12.3,6,Below 1.0L,Low
3456,Maruti Suzuki,Ertiga,2019,Electric,Automatic,1520000.0,16.7,1200,4,18900.0,15.2,18.9,5,1.0L-1.5L,Average
3457,Mahindra,Bolero,2019,CNG,Automatic,1180000.0,29.2,1500,6,12800.0,11.8,12.8,5,1.0L-1.5L,Excellent
3458,Hyundai,i10,2022,Electric,Automatic,2040000.0,13.3,800,7,7900.0,20.4,7.9,2,Below 1.0L,Low
3459,Volkswagen,Taigun,2021,CNG,Manual,2850000.0,12.7,2500,6,21100.0,28.5,21.1,3,2.0L-3.0L,Low
3460,Kia,EV6,2017,Diesel,Automatic,2560000.0,27.2,800,4,12900.0,25.6,12.9,7,Below 1.0L,Excellent
3461,Renault,Lodgy,2017,Diesel,Manual,3110000.0,16.4,2500,7,17100.0,31.1,17.1,7,2.0L-3.0L,Average
3462,Mahindra,Thar,2017,Petrol,Automatic,2970000.0,28.8,2000,7,18200.0,29.7,18.2,7,1.5L-2.0L,Excellent
3463,Renault,Lodgy,2015,Petrol,Automatic,430000.0,10.5,2000,6,6800.0,4.3,6.8,9,1.5L-2.0L,Low
3464,Kia,Carnival,2020,Petrol,Manual,1720000.0,12.5,2500,5,22400.0,17.2,22.4,4,2.0L-3.0L,Low
3465,Tata Motors,Nexon,2015,Diesel,Automatic,730000.0,18.2,1000,4,13100.0,7.3,13.1,9,Below 1.0L,Average
3466,Kia,Carens,2019,Petrol,Automatic,1670000.0,29.3,1000,6,19100.0,16.7,19.1,5,Below 1.0L,Excellent
3467,Tata Motors,Nexon,2021,CNG,Automatic,3070000.0,12.7,1200,5,9300.0,30.7,9.3,3,1.0L-1.5L,Low
3468,Renault,Triber,2023,Electric,Manual,3350000.0,11.3,1500,6,23100.0,33.5,23.1,1,1.0L-1.5L,Low
3469,Hyundai,Venue,2021,Electric,Manual,1150000.0,16.6,800,7,6200.0,11.5,6.2,3,Below 1.0L,Average
3470,Maruti Suzuki,WagonR,2024,CNG,Automatic,2980000.0,27.2,1500,5,8800.0,29.8,8.8,0,1.0L-1.5L,Excellent
3471,Mahindra,XUV300,2015,Diesel,Automatic,2610000.0,23.9,1500,5,12200.0,26.1,12.2,9,1.0L-1.5L,Good
3472,Toyota,Innova,2019,Electric,Automatic,2610000.0,23.8,2500,7,8200.0,26.1,8.2,5,2.0L-3.0L,Good
3473,Kia,Carens,2022,Petrol,Automatic,1310000.0,10.4,1000,4,24900.0,13.1,24.9,2,Below 1.0L,Low
3474,Renault,Triber,2016,Petrol,Automatic,2630000.0,19.4,2500,7,16900.0,26.3,16.9,8,2.0L-3.0L,Average
3475,Kia,Seltos,2021,CNG,Manual,2970000.0,14.5,1200,4,21300.0,29.7,21.3,3,1.0L-1.5L,Low
3476,Toyota,Innova,2015,CNG,Manual,1480000.0,26.0,2500,4,16500.0,14.8,16.5,9,2.0L-3.0L,Excellent
3477,Renault,Kiger,2021,CNG,Manual,3090000.0,23.0,2000,6,12400.0,30.9,12.4,3,1.5L-2.0L,Good
3478,Tata Motors,Nexon,2016,Diesel,Manual,2510000.0,17.1,1200,4,12700.0,25.1,12.7,8,1.0L-1.5L,Average
3479,Mahindra,Thar,2021,Electric,Automatic,2320000.0,30.0,1200,6,12200.0,23.2,12.2,3,1.0L-1.5L,Excellent
3480,Skoda,Superb,2021,Diesel,Automatic,3430000.0,18.0,1000,4,13400.0,34.3,13.4,3,Below 1.0L,Average
3481,Kia,Carens,2018,Diesel,Manual,1910000.0,24.1,800,6,13300.0,19.1,13.3,6,Below 1.0L,Good
3482,Maruti Suzuki,WagonR,2015,Petrol,Manual,1570000.0,22.0,1800,6,15200.0,15.7,15.2,9,1.5L-2.0L,Good
3483,Honda,City,2016,Petrol,Manual,3130000.0,16.3,1200,4,14600.0,31.3,14.6,8,1.0L-1.5L,Average
3484,Honda,Jazz,2019,Diesel,Automatic,2100000.0,12.4,1200,7,11000.0,21.0,11.0,5,1.0L-1.5L,Low
3485,Volkswagen,Polo,2020,CNG,Automatic,2430000.0,15.5,1200,7,21900.0,24.3,21.9,4,1.0L-1.5L,Average
3486,Renault,Lodgy,2023,Petrol,Automatic,1190000.0,26.0,1200,7,7400.0,11.9,7.4,1,1.0L-1.5L,Excellent
3487,Toyota,Fortuner,2023,Petrol,Automatic,540000.0,23.9,1800,4,24300.0,5.4,24.3,1,1.5L-2.0L,Good
3488,Tata Motors,Altroz,2016,Diesel,Automatic,1360000.0,11.7,800,4,24500.0,13.6,24.5,8,Below 1.0L,Low
3489,Volkswagen,Taigun,2018,Diesel,Automatic,3290000.0,29.9,1200,4,19200.0,32.9,19.2,6,1.0L-1.5L,Excellent
3490,Hyundai,Venue,2022,Diesel,Automatic,1210000.0,13.8,1500,4,15900.0,12.1,15.9,2,1.0L-1.5L,Low
3491,Kia,Carnival,2020,Diesel,Manual,2310000.0,10.0,800,7,13900.0,23.1,13.9,4,Below 1.0L,Low
3492,Volkswagen,Vento,2017,CNG,Manual,2390000.0,20.6,2000,7,19800.0,23.9,19.8,7,1.5L-2.0L,Good
3493,Tata Motors,Punch,2024,CNG,Automatic,1390000.0,17.0,1500,7,23300.0,13.9,23.3,0,1.0L-1.5L,Average
3494,Honda,Jazz,2023,CNG,Manual,560000.0,24.7,1000,6,19900.0,5.6,19.9,1,Below 1.0L,Good
3495,Volkswagen,Tiguan,2023,Petrol,Automatic,1900000.0,12.3,1500,7,21500.0,19.0,21.5,1,1.0L-1.5L,Low
3496,Volkswagen,Taigun,2016,CNG,Automatic,1020000.0,21.5,1000,5,9400.0,10.2,9.4,8,Below 1.0L,Good
3497,Renault,Duster,2020,CNG,Manual,1460000.0,22.0,1000,4,16600.0,14.6,16.6,4,Below 1.0L,Good
3498,Kia,Sonet,2019,Electric,Manual,1720000.0,24.9,1000,5,23100.0,17.2,23.1,5,Below 1.0L,Good
3499,Renault,Duster,2017,CNG,Automatic,2640000.0,27.4,1800,4,24300.0,26.4,24.3,7,1.5L-2.0L,Excellent
3500,Volkswagen,Virtus,2018,CNG,Manual,750000.0,12.5,1200,5,15100.0,7.5,15.1,6,1.0L-1.5L,Low
3501,Hyundai,i10,2024,Petrol,Automatic,2990000.0,13.0,1800,5,6200.0,29.9,6.2,0,1.5L-2.0L,Low
3502,Volkswagen,Polo,2016,CNG,Automatic,1940000.0,21.2,1000,6,7400.0,19.4,7.4,8,Below 1.0L,Good
3503,Tata Motors,Nexon,2018,Petrol,Automatic,1870000.0,26.2,1800,7,18200.0,18.7,18.2,6,1.5L-2.0L,Excellent
3504,Hyundai,i20,2019,CNG,Automatic,2480000.0,20.1,1200,5,24100.0,24.8,24.1,5,1.0L-1.5L,Good
3505,Hyundai,Venue,2019,Diesel,Manual,2190000.0,23.8,1200,7,24900.0,21.9,24.9,5,1.0L-1.5L,Good
3506,Kia,Carnival,2016,Diesel,Manual,1720000.0,14.2,800,4,11400.0,17.2,11.4,8,Below 1.0L,Low
3507,Hyundai,Creta,2019,Diesel,Automatic,1960000.0,22.1,1500,5,13600.0,19.6,13.6,5,1.0L-1.5L,Good
3508,Renault,Triber,2022,Diesel,Manual,3260000.0,29.3,1200,6,6000.0,32.6,6.0,2,1.0L-1.5L,Excellent
3509,Mahindra,Bolero,2024,CNG,Automatic,2240000.0,10.2,2500,4,7600.0,22.4,7.6,0,2.0L-3.0L,Low
3510,Toyota,Camry,2018,Electric,Manual,660000.0,20.5,1800,7,24400.0,6.6,24.4,6,1.5L-2.0L,Good
3511,Mahindra,Scorpio,2017,Petrol,Manual,2600000.0,25.0,2500,7,6900.0,26.0,6.9,7,2.0L-3.0L,Good
3512,Toyota,Innova,2015,Petrol,Manual,1510000.0,22.3,2500,6,15600.0,15.1,15.6,9,2.0L-3.0L,Good
3513,Maruti Suzuki,Dzire,2023,Diesel,Manual,650000.0,28.5,1800,5,19500.0,6.5,19.5,1,1.5L-2.0L,Excellent
3514,Tata Motors,Nexon,2022,Diesel,Automatic,2350000.0,15.4,1800,7,24100.0,23.5,24.1,2,1.5L-2.0L,Average
3515,Honda,Jazz,2024,Diesel,Manual,2330000.0,12.1,2000,4,19900.0,23.3,19.9,0,1.5L-2.0L,Low
3516,Renault,Duster,2015,Diesel,Manual,1850000.0,25.7,800,5,15200.0,18.5,15.2,9,Below 1.0L,Excellent
3517,Skoda,Rapid,2022,CNG,Automatic,3380000.0,17.8,2500,6,6800.0,33.8,6.8,2,2.0L-3.0L,Average
3518,Tata Motors,Nexon,2020,Diesel,Automatic,480000.0,18.9,800,7,14400.0,4.8,14.4,4,Below 1.0L,Average
3519,Toyota,Innova,2019,CNG,Automatic,3170000.0,19.3,2000,6,18500.0,31.7,18.5,5,1.5L-2.0L,Average
3520,Hyundai,i20,2023,CNG,Automatic,2300000.0,29.9,1000,5,23700.0,23.0,23.7,1,Below 1.0L,Excellent
3521,Hyundai,Venue,2020,Diesel,Manual,1410000.0,23.4,2500,4,15400.0,14.1,15.4,4,2.0L-3.0L,Good
3522,Volkswagen,Taigun,2024,Petrol,Automatic,2750000.0,23.6,2000,6,22300.0,27.5,22.3,0,1.5L-2.0L,Good
3523,Honda,Civic,2017,CNG,Automatic,490000.0,14.4,2500,6,7500.0,4.9,7.5,7,2.0L-3.0L,Low
3524,Tata Motors,Punch,2023,CNG,Manual,1760000.0,27.8,2000,7,20300.0,17.6,20.3,1,1.5L-2.0L,Excellent
3525,Honda,Civic,2021,CNG,Automatic,670000.0,23.9,2000,4,8600.0,6.7,8.6,3,1.5L-2.0L,Good
3526,Mahindra,Bolero,2024,Diesel,Automatic,510000.0,20.0,1800,6,18500.0,5.1,18.5,0,1.5L-2.0L,Average
3527,Renault,Duster,2015,Petrol,Automatic,3470000.0,27.0,2500,5,12500.0,34.7,12.5,9,2.0L-3.0L,Excellent
3528,Renault,Kwid,2023,Petrol,Manual,2890000.0,14.2,800,4,13600.0,28.9,13.6,1,Below 1.0L,Low
3529,Toyota,Glanza,2016,CNG,Manual,1380000.0,23.7,1800,6,17100.0,13.8,17.1,8,1.5L-2.0L,Good
3530,Hyundai,i10,2018,CNG,Manual,2360000.0,20.8,2500,6,10100.0,23.6,10.1,6,2.0L-3.0L,Good
3531,Hyundai,Verna,2017,Electric,Automatic,620000.0,29.0,1000,7,7400.0,6.2,7.4,7,Below 1.0L,Excellent
3532,Mahindra,Bolero,2019,Diesel,Manual,500000.0,23.3,1800,5,12400.0,5.0,12.4,5,1.5L-2.0L,Good
3533,Kia,Seltos,2021,Electric,Automatic,630000.0,14.0,800,6,21200.0,6.3,21.2,3,Below 1.0L,Low
3534,Volkswagen,Taigun,2015,Petrol,Automatic,2820000.0,18.6,2000,5,22500.0,28.2,22.5,9,1.5L-2.0L,Average
3535,Toyota,Fortuner,2021,Electric,Automatic,3380000.0,10.9,800,6,17600.0,33.8,17.6,3,Below 1.0L,Low
3536,Mahindra,XUV300,2019,Diesel,Manual,2290000.0,10.3,1000,4,13500.0,22.9,13.5,5,Below 1.0L,Low
3537,Mahindra,XUV700,2019,Electric,Manual,2380000.0,22.5,2500,4,24900.0,23.8,24.9,5,2.0L-3.0L,Good
3538,Hyundai,Verna,2021,Petrol,Manual,950000.0,23.7,2500,6,20700.0,9.5,20.7,3,2.0L-3.0L,Good
3539,Skoda,Kushaq,2015,CNG,Manual,2690000.0,29.5,1500,6,21900.0,26.9,21.9,9,1.0L-1.5L,Excellent
3540,Skoda,Octavia,2018,Diesel,Manual,1740000.0,27.4,1200,7,11300.0,17.4,11.3,6,1.0L-1.5L,Excellent
3541,Kia,Sonet,2016,Diesel,Manual,1360000.0,16.4,1800,5,7700.0,13.6,7.7,8,1.5L-2.0L,Average
3542,Tata Motors,Nexon,2017,Electric,Manual,530000.0,17.3,2000,5,16600.0,5.3,16.6,7,1.5L-2.0L,Average
3543,Kia,Carnival,2023,CNG,Manual,3200000.0,19.0,1200,6,18900.0,32.0,18.9,1,1.0L-1.5L,Average
3544,Mahindra,Bolero,2016,CNG,Manual,1110000.0,12.9,2000,6,24800.0,11.1,24.8,8,1.5L-2.0L,Low
3545,Maruti Suzuki,WagonR,2016,Electric,Manual,3280000.0,16.9,800,6,11800.0,32.8,11.8,8,Below 1.0L,Average
3546,Mahindra,Bolero,2022,Petrol,Manual,2000000.0,20.9,2500,5,8100.0,20.0,8.1,2,2.0L-3.0L,Good
3547,Honda,City,2020,Diesel,Automatic,2310000.0,27.4,1000,4,21900.0,23.1,21.9,4,Below 1.0L,Excellent
3548,Tata Motors,Altroz,2019,Electric,Automatic,1810000.0,27.9,1500,4,18800.0,18.1,18.8,5,1.0L-1.5L,Excellent
3549,Mahindra,Thar,2024,Electric,Manual,2050000.0,28.5,2000,4,21300.0,20.5,21.3,0,1.5L-2.0L,Excellent
3550,Skoda,Rapid,2021,Diesel,Manual,2470000.0,20.1,2000,5,5600.0,24.7,5.6,3,1.5L-2.0L,Good
3551,Maruti Suzuki,Baleno,2024,Petrol,Automatic,1680000.0,21.8,2500,4,11200.0,16.8,11.2,0,2.0L-3.0L,Good
3552,Maruti Suzuki,Swift,2016,Petrol,Automatic,1700000.0,19.4,1200,7,17800.0,17.0,17.8,8,1.0L-1.5L,Average
3553,Hyundai,i10,2021,CNG,Manual,1610000.0,27.2,2000,5,5500.0,16.1,5.5,3,1.5L-2.0L,Excellent
3554,Hyundai,Verna,2019,CNG,Manual,2390000.0,23.2,1200,6,8300.0,23.9,8.3,5,1.0L-1.5L,Good
3555,Hyundai,Creta,2019,Diesel,Automatic,940000.0,25.5,800,7,18500.0,9.4,18.5,5,Below 1.0L,Excellent
3556,Maruti Suzuki,WagonR,2017,Petrol,Manual,2620000.0,14.7,2000,4,10600.0,26.2,10.6,7,1.5L-2.0L,Low
3557,Mahindra,XUV700,2016,Petrol,Manual,900000.0,16.1,2500,4,24500.0,9.0,24.5,8,2.0L-3.0L,Average
3558,Hyundai,i10,2018,Petrol,Automatic,1070000.0,16.3,1000,6,19300.0,10.7,19.3,6,Below 1.0L,Average
3559,Skoda,Superb,2016,Diesel,Manual,2350000.0,20.4,2500,6,8000.0,23.5,8.0,8,2.0L-3.0L,Good
3560,Tata Motors,Harrier,2020,Petrol,Automatic,2860000.0,11.2,1500,4,7000.0,28.6,7.0,4,1.0L-1.5L,Low
3561,Toyota,Fortuner,2016,Diesel,Manual,1100000.0,14.4,800,7,11100.0,11.0,11.1,8,Below 1.0L,Low
3562,Mahindra,Bolero,2018,Petrol,Automatic,2550000.0,12.4,1000,6,14400.0,25.5,14.4,6,Below 1.0L,Low
3563,Mahindra,Scorpio,2017,Petrol,Manual,3280000.0,23.2,2000,4,14800.0,32.8,14.8,7,1.5L-2.0L,Good
3564,Hyundai,Verna,2018,Petrol,Manual,1560000.0,18.3,1800,4,6000.0,15.6,6.0,6,1.5L-2.0L,Average
3565,Volkswagen,Virtus,2017,Diesel,Manual,1440000.0,13.3,1000,4,20700.0,14.4,20.7,7,Below 1.0L,Low
3566,Tata Motors,Punch,2019,Diesel,Automatic,3380000.0,21.5,1800,6,24300.0,33.8,24.3,5,1.5L-2.0L,Good
3567,Renault,Kiger,2019,CNG,Automatic,3240000.0,26.8,1800,6,16100.0,32.4,16.1,5,1.5L-2.0L,Excellent
3568,Renault,Kiger,2023,Petrol,Manual,3360000.0,13.2,1000,7,19200.0,33.6,19.2,1,Below 1.0L,Low
3569,Toyota,Innova,2020,Petrol,Automatic,2840000.0,14.6,1500,4,17700.0,28.4,17.7,4,1.0L-1.5L,Low
3570,Volkswagen,Vento,2022,Electric,Manual,2190000.0,27.2,2500,5,19400.0,21.9,19.4,2,2.0L-3.0L,Excellent
3571,Hyundai,Venue,2015,Petrol,Manual,3180000.0,18.9,1500,4,15800.0,31.8,15.8,9,1.0L-1.5L,Average
3572,Mahindra,Bolero,2015,Electric,Manual,1840000.0,23.0,2000,4,24300.0,18.4,24.3,9,1.5L-2.0L,Good
3573,Honda,Amaze,2022,Diesel,Automatic,2540000.0,10.3,1000,7,17600.0,25.4,17.6,2,Below 1.0L,Low
3574,Hyundai,Creta,2017,CNG,Manual,2550000.0,26.1,1000,5,7400.0,25.5,7.4,7,Below 1.0L,Excellent
3575,Tata Motors,Nexon,2015,Diesel,Automatic,1310000.0,15.8,1800,6,24800.0,13.1,24.8,9,1.5L-2.0L,Average
3576,Volkswagen,Tiguan,2024,Electric,Manual,1490000.0,27.9,800,6,13300.0,14.9,13.3,0,Below 1.0L,Excellent
3577,Kia,EV6,2022,CNG,Automatic,3480000.0,10.7,1000,6,8500.0,34.8,8.5,2,Below 1.0L,Low
3578,Kia,Seltos,2019,Petrol,Automatic,2620000.0,21.5,1500,5,9600.0,26.2,9.6,5,1.0L-1.5L,Good
3579,Mahindra,XUV300,2020,Diesel,Automatic,3090000.0,25.1,1000,4,19200.0,30.9,19.2,4,Below 1.0L,Excellent
3580,Mahindra,Bolero,2018,Petrol,Manual,1460000.0,23.6,2500,6,17000.0,14.6,17.0,6,2.0L-3.0L,Good
3581,Hyundai,Creta,2021,Petrol,Manual,3010000.0,26.2,2000,7,12000.0,30.1,12.0,3,1.5L-2.0L,Excellent
3582,Honda,Amaze,2024,CNG,Automatic,2120000.0,24.0,1200,4,17800.0,21.2,17.8,0,1.0L-1.5L,Good
3583,Tata Motors,Nexon,2019,Electric,Manual,470000.0,25.0,1200,6,24100.0,4.7,24.1,5,1.0L-1.5L,Good
3584,Skoda,Octavia,2018,Petrol,Manual,820000.0,20.0,800,4,14400.0,8.2,14.4,6,Below 1.0L,Average
3585,Hyundai,Creta,2015,Diesel,Automatic,480000.0,13.1,2500,6,9400.0,4.8,9.4,9,2.0L-3.0L,Low
3586,Kia,Sonet,2018,CNG,Manual,1160000.0,28.5,2000,6,5500.0,11.6,5.5,6,1.5L-2.0L,Excellent
3587,Maruti Suzuki,Baleno,2024,CNG,Automatic,580000.0,11.7,1200,4,9800.0,5.8,9.8,0,1.0L-1.5L,Low
3588,Kia,Carnival,2023,Petrol,Automatic,1410000.0,19.0,2500,7,15700.0,14.1,15.7,1,2.0L-3.0L,Average
3589,Hyundai,Verna,2019,Petrol,Manual,2280000.0,24.3,1800,4,11700.0,22.8,11.7,5,1.5L-2.0L,Good
3590,Hyundai,i10,2020,CNG,Automatic,2440000.0,26.8,1500,7,18400.0,24.4,18.4,4,1.0L-1.5L,Excellent
3591,Volkswagen,Polo,2022,CNG,Manual,470000.0,11.3,1200,6,22600.0,4.7,22.6,2,1.0L-1.5L,Low
3592,Renault,Duster,2018,Diesel,Manual,3490000.0,10.9,1000,7,7100.0,34.9,7.1,6,Below 1.0L,Low
3593,Renault,Triber,2017,CNG,Automatic,3150000.0,19.4,1200,4,10800.0,31.5,10.8,7,1.0L-1.5L,Average
3594,Honda,WR-V,2019,Diesel,Manual,3190000.0,16.6,1200,7,9500.0,31.9,9.5,5,1.0L-1.5L,Average
3595,Renault,Triber,2021,Petrol,Manual,1070000.0,11.2,1200,5,19000.0,10.7,19.0,3,1.0L-1.5L,Low
3596,Toyota,Innova,2018,Diesel,Manual,3470000.0,23.5,1500,4,23000.0,34.7,23.0,6,1.0L-1.5L,Good
3597,Mahindra,XUV700,2022,Electric,Manual,560000.0,20.2,800,6,15400.0,5.6,15.4,2,Below 1.0L,Good
3598,Toyota,Innova,2022,Diesel,Automatic,1140000.0,24.6,1500,5,12300.0,11.4,12.3,2,1.0L-1.5L,Good
3599,Hyundai,i10,2024,Petrol,Automatic,2830000.0,22.2,1800,5,18700.0,28.3,18.7,0,1.5L-2.0L,Good
3600,Honda,Amaze,2015,Electric,Manual,2310000.0,23.5,1500,7,12100.0,23.1,12.1,9,1.0L-1.5L,Good
3601,Mahindra,Scorpio,2016,CNG,Manual,2170000.0,19.8,1200,6,23100.0,21.7,23.1,8,1.0L-1.5L,Average
3602,Skoda,Octavia,2020,CNG,Automatic,2090000.0,14.6,1000,6,6800.0,20.9,6.8,4,Below 1.0L,Low
3603,Mahindra,XUV700,2022,Petrol,Automatic,2420000.0,20.6,800,6,18600.0,24.2,18.6,2,Below 1.0L,Good
3604,Renault,Lodgy,2023,Petrol,Manual,1170000.0,11.2,2500,5,23300.0,11.7,23.3,1,2.0L-3.0L,Low
3605,Toyota,Urban Cruiser,2023,CNG,Automatic,1150000.0,13.1,1000,6,16500.0,11.5,16.5,1,Below 1.0L,Low
3606,Skoda,Rapid,2024,Diesel,Automatic,1430000.0,26.1,1200,5,13800.0,14.3,13.8,0,1.0L-1.5L,Excellent
3607,Maruti Suzuki,Swift,2024,Diesel,Manual,1270000.0,27.7,2000,7,17500.0,12.7,17.5,0,1.5L-2.0L,Excellent
3608,Skoda,Rapid,2017,Petrol,Automatic,2140000.0,17.6,2500,6,10200.0,21.4,10.2,7,2.0L-3.0L,Average
3609,Tata Motors,Altroz,2024,Petrol,Manual,850000.0,29.8,2500,6,19400.0,8.5,19.4,0,2.0L-3.0L,Excellent
3610,Toyota,Glanza,2016,Petrol,Automatic,2180000.0,20.5,1200,7,12800.0,21.8,12.8,8,1.0L-1.5L,Good
3611,Hyundai,Creta,2018,Electric,Manual,2240000.0,14.0,1000,4,18400.0,22.4,18.4,6,Below 1.0L,Low
3612,Hyundai,Creta,2016,Electric,Automatic,3470000.0,14.9,1500,5,11000.0,34.7,11.0,8,1.0L-1.5L,Low
3613,Mahindra,XUV300,2023,CNG,Automatic,1460000.0,20.2,1000,4,12900.0,14.6,12.9,1,Below 1.0L,Good
3614,Maruti Suzuki,Swift,2022,Electric,Manual,870000.0,29.8,2000,6,8500.0,8.7,8.5,2,1.5L-2.0L,Excellent
3615,Maruti Suzuki,WagonR,2023,Petrol,Automatic,2470000.0,10.8,1200,7,12500.0,24.7,12.5,1,1.0L-1.5L,Low
3616,Mahindra,Bolero,2016,Diesel,Manual,1290000.0,23.6,2000,7,12400.0,12.9,12.4,8,1.5L-2.0L,Good
3617,Kia,Carnival,2016,Petrol,Manual,400000.0,22.4,1200,6,16300.0,4.0,16.3,8,1.0L-1.5L,Good
3618,Volkswagen,Polo,2016,Electric,Automatic,1770000.0,24.2,1500,4,11300.0,17.7,11.3,8,1.0L-1.5L,Good
3619,Honda,Civic,2021,CNG,Automatic,3250000.0,26.9,1000,5,23100.0,32.5,23.1,3,Below 1.0L,Excellent
3620,Toyota,Urban Cruiser,2017,Petrol,Automatic,1410000.0,20.4,1800,6,19000.0,14.1,19.0,7,1.5L-2.0L,Good
3621,Renault,Triber,2020,Petrol,Automatic,950000.0,28.6,1500,4,16900.0,9.5,16.9,4,1.0L-1.5L,Excellent
3622,Skoda,Kushaq,2023,Petrol,Manual,670000.0,11.8,1500,4,23200.0,6.7,23.2,1,1.0L-1.5L,Low
3623,Hyundai,i10,2023,Petrol,Automatic,2240000.0,13.8,1200,6,12700.0,22.4,12.7,1,1.0L-1.5L,Low
3624,Mahindra,XUV300,2017,Petrol,Automatic,910000.0,19.1,800,7,10300.0,9.1,10.3,7,Below 1.0L,Average
3625,Kia,Carnival,2018,Electric,Manual,1490000.0,23.1,2000,6,21700.0,14.9,21.7,6,1.5L-2.0L,Good
3626,Maruti Suzuki,Ertiga,2015,Diesel,Manual,960000.0,23.6,1000,4,17400.0,9.6,17.4,9,Below 1.0L,Good
3627,Honda,City,2015,Petrol,Automatic,2500000.0,12.6,1200,5,11500.0,25.0,11.5,9,1.0L-1.5L,Low
3628,Tata Motors,Nexon,2022,Petrol,Manual,2800000.0,14.9,1800,6,11000.0,28.0,11.0,2,1.5L-2.0L,Low
3629,Honda,Jazz,2019,Electric,Manual,1440000.0,27.3,1000,5,23200.0,14.4,23.2,5,Below 1.0L,Excellent
3630,Skoda,Rapid,2024,CNG,Automatic,3370000.0,22.6,1200,5,8800.0,33.7,8.8,0,1.0L-1.5L,Good
3631,Hyundai,Verna,2024,Petrol,Automatic,2040000.0,20.1,1500,4,12600.0,20.4,12.6,0,1.0L-1.5L,Good
3632,Renault,Duster,2015,Electric,Automatic,2230000.0,17.5,1200,5,20100.0,22.3,20.1,9,1.0L-1.5L,Average
3633,Renault,Triber,2019,CNG,Manual,2650000.0,16.7,800,4,20300.0,26.5,20.3,5,Below 1.0L,Average
3634,Hyundai,i20,2016,Electric,Automatic,2940000.0,25.2,2500,7,11900.0,29.4,11.9,8,2.0L-3.0L,Excellent
3635,Toyota,Urban Cruiser,2019,CNG,Manual,2900000.0,18.0,1000,6,21500.0,29.0,21.5,5,Below 1.0L,Average
3636,Toyota,Glanza,2015,Electric,Automatic,2590000.0,13.8,1000,6,24600.0,25.9,24.6,9,Below 1.0L,Low
3637,Mahindra,Bolero,2021,Electric,Automatic,1020000.0,20.3,1200,7,24100.0,10.2,24.1,3,1.0L-1.5L,Good
3638,Hyundai,Verna,2018,Diesel,Manual,1150000.0,18.8,2500,4,17300.0,11.5,17.3,6,2.0L-3.0L,Average
3639,Honda,WR-V,2017,Diesel,Automatic,3350000.0,13.6,1500,7,11000.0,33.5,11.0,7,1.0L-1.5L,Low
3640,Mahindra,Thar,2018,CNG,Automatic,1420000.0,27.0,1200,5,23800.0,14.2,23.8,6,1.0L-1.5L,Excellent
3641,Kia,EV6,2016,Petrol,Manual,3420000.0,23.7,1200,5,8800.0,34.2,8.8,8,1.0L-1.5L,Good
3642,Toyota,Innova,2024,Petrol,Automatic,3380000.0,13.9,800,6,18100.0,33.8,18.1,0,Below 1.0L,Low
3643,Hyundai,i20,2024,Petrol,Manual,510000.0,18.9,800,7,7600.0,5.1,7.6,0,Below 1.0L,Average
3644,Mahindra,Thar,2016,CNG,Automatic,2740000.0,14.9,1000,4,23200.0,27.4,23.2,8,Below 1.0L,Low
3645,Kia,Carens,2024,Diesel,Automatic,2880000.0,25.6,800,7,21000.0,28.8,21.0,0,Below 1.0L,Excellent
3646,Kia,Sonet,2023,CNG,Automatic,1090000.0,24.7,1500,4,9900.0,10.9,9.9,1,1.0L-1.5L,Good
3647,Tata Motors,Tiago,2022,Petrol,Automatic,2540000.0,27.7,2000,5,15200.0,25.4,15.2,2,1.5L-2.0L,Excellent
3648,Kia,Carens,2019,CNG,Manual,1240000.0,12.4,1500,5,11400.0,12.4,11.4,5,1.0L-1.5L,Low
3649,Tata Motors,Tiago,2020,Petrol,Manual,1520000.0,25.1,1800,6,20700.0,15.2,20.7,4,1.5L-2.0L,Excellent
3650,Volkswagen,Tiguan,2018,Diesel,Manual,1420000.0,19.0,1500,5,17000.0,14.2,17.0,6,1.0L-1.5L,Average
3651,Skoda,Rapid,2017,CNG,Automatic,1510000.0,21.2,1200,7,13000.0,15.1,13.0,7,1.0L-1.5L,Good
3652,Hyundai,i10,2021,Diesel,Automatic,790000.0,15.8,1000,7,12300.0,7.9,12.3,3,Below 1.0L,Average
3653,Hyundai,Verna,2021,Petrol,Automatic,3120000.0,16.4,2500,5,12700.0,31.2,12.7,3,2.0L-3.0L,Average
3654,Skoda,Slavia,2024,Electric,Automatic,1100000.0,21.7,800,4,14600.0,11.0,14.6,0,Below 1.0L,Good
3655,Maruti Suzuki,Baleno,2016,Electric,Automatic,3420000.0,15.3,1200,6,24600.0,34.2,24.6,8,1.0L-1.5L,Average
3656,Volkswagen,Virtus,2018,CNG,Manual,3300000.0,16.8,800,6,23900.0,33.0,23.9,6,Below 1.0L,Average
3657,Kia,EV6,2019,CNG,Automatic,3020000.0,20.7,1200,4,18300.0,30.2,18.3,5,1.0L-1.5L,Good
3658,Mahindra,XUV700,2024,Petrol,Automatic,2650000.0,28.3,800,6,10600.0,26.5,10.6,0,Below 1.0L,Excellent
3659,Volkswagen,Tiguan,2019,Petrol,Automatic,3040000.0,19.0,1000,4,12600.0,30.4,12.6,5,Below 1.0L,Average
3660,Kia,Sonet,2024,CNG,Manual,670000.0,29.7,2500,5,15100.0,6.7,15.1,0,2.0L-3.0L,Excellent
3661,Maruti Suzuki,Ertiga,2023,Diesel,Automatic,2140000.0,20.0,2000,7,7900.0,21.4,7.9,1,1.5L-2.0L,Average
3662,Kia,Carens,2021,Petrol,Automatic,3370000.0,12.9,2000,7,20600.0,33.7,20.6,3,1.5L-2.0L,Low
3663,Kia,Seltos,2015,CNG,Manual,490000.0,13.6,1200,7,15800.0,4.9,15.8,9,1.0L-1.5L,Low
3664,Skoda,Octavia,2022,Electric,Automatic,1270000.0,19.4,2000,7,20700.0,12.7,20.7,2,1.5L-2.0L,Average
3665,Skoda,Kushaq,2015,Electric,Automatic,3470000.0,20.3,1500,7,7800.0,34.7,7.8,9,1.0L-1.5L,Good
3666,Skoda,Rapid,2016,Electric,Manual,1010000.0,12.1,2500,4,23800.0,10.1,23.8,8,2.0L-3.0L,Low
3667,Tata Motors,Harrier,2018,CNG,Manual,1380000.0,20.5,1800,6,22300.0,13.8,22.3,6,1.5L-2.0L,Good
3668,Volkswagen,Tiguan,2024,Electric,Manual,2550000.0,21.7,1200,6,24700.0,25.5,24.7,0,1.0L-1.5L,Good
3669,Skoda,Octavia,2017,Diesel,Manual,2120000.0,21.1,1500,6,13300.0,21.2,13.3,7,1.0L-1.5L,Good
3670,Hyundai,i20,2024,CNG,Automatic,960000.0,19.6,2000,7,10500.0,9.6,10.5,0,1.5L-2.0L,Average
3671,Tata Motors,Nexon,2021,Electric,Automatic,2910000.0,14.7,1800,5,18500.0,29.1,18.5,3,1.5L-2.0L,Low
3672,Mahindra,XUV300,2015,Petrol,Automatic,1110000.0,16.5,2500,6,20800.0,11.1,20.8,9,2.0L-3.0L,Average
3673,Honda,City,2022,Petrol,Automatic,3340000.0,16.5,1500,4,15500.0,33.4,15.5,2,1.0L-1.5L,Average
3674,Volkswagen,Vento,2024,Electric,Manual,3040000.0,11.9,800,6,6100.0,30.4,6.1,0,Below 1.0L,Low
3675,Mahindra,XUV700,2015,CNG,Manual,3240000.0,27.4,1200,7,16900.0,32.4,16.9,9,1.0L-1.5L,Excellent
3676,Kia,EV6,2022,Diesel,Manual,620000.0,26.0,2000,5,8800.0,6.2,8.8,2,1.5L-2.0L,Excellent
3677,Honda,Civic,2016,Petrol,Automatic,3350000.0,13.2,800,7,9700.0,33.5,9.7,8,Below 1.0L,Low
3678,Maruti Suzuki,Baleno,2023,CNG,Manual,2120000.0,25.1,1500,5,17400.0,21.2,17.4,1,1.0L-1.5L,Excellent
3679,Kia,EV6,2022,Petrol,Manual,1770000.0,19.1,800,7,15600.0,17.7,15.6,2,Below 1.0L,Average
3680,Skoda,Superb,2018,Petrol,Manual,1620000.0,19.7,2000,6,21700.0,16.2,21.7,6,1.5L-2.0L,Average
3681,Kia,EV6,2021,CNG,Manual,2610000.0,12.0,1200,6,5600.0,26.1,5.6,3,1.0L-1.5L,Low
3682,Kia,Sonet,2019,Diesel,Manual,1430000.0,11.3,800,4,11800.0,14.3,11.8,5,Below 1.0L,Low
3683,Renault,Duster,2023,Diesel,Automatic,3110000.0,12.1,2000,4,5000.0,31.1,5.0,1,1.5L-2.0L,Low
3684,Hyundai,Creta,2024,Electric,Manual,720000.0,11.3,2000,6,19000.0,7.2,19.0,0,1.5L-2.0L,Low
3685,Hyundai,Verna,2023,CNG,Automatic,2280000.0,10.1,1800,4,12700.0,22.8,12.7,1,1.5L-2.0L,Low
3686,Honda,Jazz,2021,Petrol,Manual,1670000.0,29.5,1500,4,15200.0,16.7,15.2,3,1.0L-1.5L,Excellent
3687,Mahindra,Bolero,2017,Diesel,Manual,2810000.0,25.2,1800,5,13100.0,28.1,13.1,7,1.5L-2.0L,Excellent
3688,Maruti Suzuki,Baleno,2016,Diesel,Automatic,2140000.0,26.2,1800,6,6700.0,21.4,6.7,8,1.5L-2.0L,Excellent
3689,Tata Motors,Altroz,2015,CNG,Manual,590000.0,14.9,1200,6,23300.0,5.9,23.3,9,1.0L-1.5L,Low
3690,Volkswagen,Tiguan,2019,Petrol,Automatic,1860000.0,15.6,1500,4,9300.0,18.6,9.3,5,1.0L-1.5L,Average
3691,Renault,Lodgy,2019,Diesel,Automatic,2610000.0,21.2,1800,7,5900.0,26.1,5.9,5,1.5L-2.0L,Good
3692,Mahindra,Thar,2018,Petrol,Automatic,2810000.0,25.2,1800,7,22800.0,28.1,22.8,6,1.5L-2.0L,Excellent
3693,Volkswagen,Polo,2023,Diesel,Automatic,1020000.0,13.4,1200,4,21100.0,10.2,21.1,1,1.0L-1.5L,Low
3694,Mahindra,XUV700,2023,Electric,Automatic,670000.0,26.8,2000,6,15800.0,6.7,15.8,1,1.5L-2.0L,Excellent
3695,Volkswagen,Vento,2023,Petrol,Automatic,450000.0,18.9,2500,7,21500.0,4.5,21.5,1,2.0L-3.0L,Average
3696,Maruti Suzuki,Baleno,2018,Petrol,Manual,1230000.0,17.0,1500,5,21300.0,12.3,21.3,6,1.0L-1.5L,Average
3697,Toyota,Urban Cruiser,2016,Petrol,Manual,3310000.0,27.1,1500,7,21200.0,33.1,21.2,8,1.0L-1.5L,Excellent
3698,Renault,Lodgy,2024,Petrol,Automatic,1050000.0,26.9,1000,6,17800.0,10.5,17.8,0,Below 1.0L,Excellent
3699,Volkswagen,Taigun,2021,Petrol,Automatic,3350000.0,28.9,1800,4,5500.0,33.5,5.5,3,1.5L-2.0L,Excellent
3700,Volkswagen,Virtus,2019,Electric,Manual,480000.0,17.3,1800,4,21700.0,4.8,21.7,5,1.5L-2.0L,Average
3701,Maruti Suzuki,Baleno,2018,Electric,Manual,2240000.0,20.2,1200,4,17800.0,22.4,17.8,6,1.0L-1.5L,Good
3702,Volkswagen,Taigun,2024,CNG,Automatic,3210000.0,15.1,1200,7,23600.0,32.1,23.6,0,1.0L-1.5L,Average
3703,Renault,Kwid,2024,CNG,Automatic,1130000.0,24.9,2500,4,19700.0,11.3,19.7,0,2.0L-3.0L,Good
3704,Volkswagen,Vento,2022,Electric,Manual,3020000.0,15.2,2000,5,10200.0,30.2,10.2,2,1.5L-2.0L,Average
3705,Tata Motors,Punch,2015,Electric,Manual,470000.0,12.3,800,6,8100.0,4.7,8.1,9,Below 1.0L,Low
3706,Honda,Civic,2021,Diesel,Manual,1360000.0,14.2,1500,7,12300.0,13.6,12.3,3,1.0L-1.5L,Low
3707,Honda,Civic,2020,CNG,Manual,1880000.0,18.3,1200,7,5700.0,18.8,5.7,4,1.0L-1.5L,Average
3708,Maruti Suzuki,Ertiga,2023,Diesel,Manual,1880000.0,23.6,800,5,19100.0,18.8,19.1,1,Below 1.0L,Good
3709,Kia,EV6,2015,Electric,Automatic,2190000.0,29.1,2500,7,18500.0,21.9,18.5,9,2.0L-3.0L,Excellent
3710,Kia,Carnival,2015,Petrol,Automatic,950000.0,13.0,1500,7,18700.0,9.5,18.7,9,1.0L-1.5L,Low
3711,Toyota,Camry,2015,Electric,Automatic,3440000.0,23.4,1200,7,21800.0,34.4,21.8,9,1.0L-1.5L,Good
3712,Mahindra,Thar,2024,CNG,Automatic,1840000.0,21.8,2000,7,16200.0,18.4,16.2,0,1.5L-2.0L,Good
3713,Maruti Suzuki,Swift,2021,CNG,Automatic,1570000.0,28.3,1500,5,9500.0,15.7,9.5,3,1.0L-1.5L,Excellent
3714,Honda,Amaze,2023,Petrol,Automatic,1070000.0,13.0,1200,4,13300.0,10.7,13.3,1,1.0L-1.5L,Low
3715,Renault,Lodgy,2024,CNG,Automatic,540000.0,25.1,1500,7,9100.0,5.4,9.1,0,1.0L-1.5L,Excellent
3716,Maruti Suzuki,Ertiga,2024,CNG,Automatic,1220000.0,22.2,2000,6,19100.0,12.2,19.1,0,1.5L-2.0L,Good
3717,Kia,Seltos,2017,Diesel,Manual,1420000.0,15.3,2500,5,23200.0,14.2,23.2,7,2.0L-3.0L,Average
3718,Maruti Suzuki,Swift,2017,Electric,Manual,2740000.0,22.5,1000,4,18900.0,27.4,18.9,7,Below 1.0L,Good
3719,Renault,Lodgy,2024,Petrol,Automatic,1010000.0,28.4,1200,5,5400.0,10.1,5.4,0,1.0L-1.5L,Excellent
3720,Maruti Suzuki,Swift,2023,Petrol,Manual,1140000.0,24.1,1800,4,23400.0,11.4,23.4,1,1.5L-2.0L,Good
3721,Renault,Kwid,2020,Electric,Automatic,2870000.0,28.5,1200,7,15800.0,28.7,15.8,4,1.0L-1.5L,Excellent
3722,Honda,Jazz,2015,Electric,Automatic,2390000.0,19.4,1500,6,18100.0,23.9,18.1,9,1.0L-1.5L,Average
3723,Renault,Lodgy,2021,CNG,Automatic,3160000.0,11.4,1000,4,21900.0,31.6,21.9,3,Below 1.0L,Low
3724,Kia,Carens,2021,Diesel,Manual,3060000.0,18.3,1800,5,12400.0,30.6,12.4,3,1.5L-2.0L,Average
3725,Mahindra,Scorpio,2017,Electric,Manual,1820000.0,20.9,2000,6,18800.0,18.2,18.8,7,1.5L-2.0L,Good
3726,Renault,Triber,2018,Petrol,Automatic,2600000.0,25.2,2500,6,10800.0,26.0,10.8,6,2.0L-3.0L,Excellent
3727,Toyota,Innova,2020,Electric,Automatic,1410000.0,16.4,1800,7,5100.0,14.1,5.1,4,1.5L-2.0L,Average
3728,Honda,Civic,2015,CNG,Automatic,1830000.0,10.9,2500,4,24800.0,18.3,24.8,9,2.0L-3.0L,Low
3729,Volkswagen,Virtus,2021,CNG,Manual,2340000.0,14.7,1200,5,10400.0,23.4,10.4,3,1.0L-1.5L,Low
3730,Renault,Duster,2016,CNG,Automatic,480000.0,23.3,2500,6,23000.0,4.8,23.0,8,2.0L-3.0L,Good
3731,Renault,Triber,2018,Electric,Manual,590000.0,26.1,800,6,6500.0,5.9,6.5,6,Below 1.0L,Excellent
3732,Volkswagen,Vento,2023,Electric,Manual,3400000.0,23.3,1800,6,13400.0,34.0,13.4,1,1.5L-2.0L,Good
3733,Tata Motors,Harrier,2023,Petrol,Automatic,2050000.0,17.0,800,4,15700.0,20.5,15.7,1,Below 1.0L,Average
3734,Renault,Triber,2018,CNG,Manual,490000.0,26.2,1200,7,6000.0,4.9,6.0,6,1.0L-1.5L,Excellent
3735,Toyota,Fortuner,2022,Diesel,Manual,3140000.0,22.6,1500,6,9900.0,31.4,9.9,2,1.0L-1.5L,Good
3736,Maruti Suzuki,Swift,2016,CNG,Manual,600000.0,21.8,800,4,11700.0,6.0,11.7,8,Below 1.0L,Good
3737,Kia,Carnival,2016,Diesel,Manual,1310000.0,12.1,1000,6,12500.0,13.1,12.5,8,Below 1.0L,Low
3738,Honda,WR-V,2020,Diesel,Automatic,890000.0,12.3,1800,6,17300.0,8.9,17.3,4,1.5L-2.0L,Low
3739,Volkswagen,Polo,2019,CNG,Manual,2990000.0,24.8,1200,7,12400.0,29.9,12.4,5,1.0L-1.5L,Good
3740,Volkswagen,Taigun,2024,CNG,Manual,2530000.0,18.7,1200,6,8900.0,25.3,8.9,0,1.0L-1.5L,Average
3741,Honda,Amaze,2018,Petrol,Manual,2780000.0,18.1,2500,5,15300.0,27.8,15.3,6,2.0L-3.0L,Average
3742,Tata Motors,Harrier,2019,Petrol,Automatic,730000.0,19.3,1800,5,20400.0,7.3,20.4,5,1.5L-2.0L,Average
3743,Tata Motors,Altroz,2015,Petrol,Manual,1610000.0,14.7,2500,5,7100.0,16.1,7.1,9,2.0L-3.0L,Low
3744,Volkswagen,Virtus,2023,Petrol,Automatic,2800000.0,21.1,2000,6,19200.0,28.0,19.2,1,1.5L-2.0L,Good
3745,Tata Motors,Tiago,2016,Petrol,Manual,2090000.0,14.3,1200,6,24200.0,20.9,24.2,8,1.0L-1.5L,Low
3746,Hyundai,Venue,2018,Petrol,Automatic,1330000.0,12.8,1000,4,24000.0,13.3,24.0,6,Below 1.0L,Low
3747,Hyundai,Venue,2017,Diesel,Automatic,1040000.0,24.5,2500,6,12100.0,10.4,12.1,7,2.0L-3.0L,Good
3748,Hyundai,Venue,2017,CNG,Automatic,1000000.0,18.2,2000,5,15800.0,10.0,15.8,7,1.5L-2.0L,Average
3749,Maruti Suzuki,Dzire,2017,Diesel,Automatic,800000.0,25.7,1500,7,12800.0,8.0,12.8,7,1.0L-1.5L,Excellent
3750,Renault,Kwid,2022,Petrol,Manual,1500000.0,13.1,1200,6,24900.0,15.0,24.9,2,1.0L-1.5L,Low
3751,Honda,Amaze,2016,Diesel,Manual,2530000.0,19.8,1200,4,11200.0,25.3,11.2,8,1.0L-1.5L,Average
3752,Mahindra,Thar,2018,CNG,Manual,2530000.0,27.7,1200,5,18500.0,25.3,18.5,6,1.0L-1.5L,Excellent
3753,Renault,Kwid,2021,Diesel,Automatic,2880000.0,13.5,1200,4,18000.0,28.8,18.0,3,1.0L-1.5L,Low
3754,Toyota,Glanza,2020,Petrol,Automatic,990000.0,19.7,1200,7,23600.0,9.9,23.6,4,1.0L-1.5L,Average
3755,Kia,EV6,2023,Electric,Manual,3500000.0,25.4,1800,4,7000.0,35.0,7.0,1,1.5L-2.0L,Excellent
3756,Renault,Kiger,2024,CNG,Automatic,1270000.0,27.3,800,7,22400.0,12.7,22.4,0,Below 1.0L,Excellent
3757,Mahindra,XUV700,2020,CNG,Automatic,1640000.0,25.9,2500,7,7400.0,16.4,7.4,4,2.0L-3.0L,Excellent
3758,Renault,Triber,2022,Petrol,Manual,2070000.0,19.9,2500,6,9600.0,20.7,9.6,2,2.0L-3.0L,Average
3759,Maruti Suzuki,Dzire,2017,Petrol,Manual,2030000.0,21.1,800,7,18900.0,20.3,18.9,7,Below 1.0L,Good
3760,Renault,Duster,2015,CNG,Automatic,920000.0,21.0,800,6,16000.0,9.2,16.0,9,Below 1.0L,Good
3761,Mahindra,XUV700,2015,Petrol,Manual,1290000.0,10.0,800,6,24900.0,12.9,24.9,9,Below 1.0L,Low
3762,Skoda,Slavia,2024,Petrol,Manual,2500000.0,18.9,1200,4,6600.0,25.0,6.6,0,1.0L-1.5L,Average
3763,Tata Motors,Harrier,2021,Petrol,Manual,3170000.0,19.0,800,5,11400.0,31.7,11.4,3,Below 1.0L,Average
3764,Hyundai,i10,2015,Electric,Manual,1200000.0,13.9,1200,5,6700.0,12.0,6.7,9,1.0L-1.5L,Low
3765,Honda,Amaze,2023,Diesel,Manual,2840000.0,27.1,1000,6,16800.0,28.4,16.8,1,Below 1.0L,Excellent
3766,Volkswagen,Vento,2017,Diesel,Automatic,2720000.0,14.9,1000,7,11300.0,27.2,11.3,7,Below 1.0L,Low
3767,Renault,Duster,2021,Petrol,Automatic,720000.0,15.6,2500,6,12800.0,7.2,12.8,3,2.0L-3.0L,Average
3768,Toyota,Camry,2021,Diesel,Automatic,1370000.0,28.9,1000,5,12200.0,13.7,12.2,3,Below 1.0L,Excellent
3769,Skoda,Superb,2021,Electric,Manual,2910000.0,28.5,2500,4,19400.0,29.1,19.4,3,2.0L-3.0L,Excellent
3770,Skoda,Rapid,2016,Diesel,Manual,590000.0,26.5,800,4,22800.0,5.9,22.8,8,Below 1.0L,Excellent
3771,Renault,Kwid,2023,Diesel,Manual,2410000.0,13.7,1800,6,15700.0,24.1,15.7,1,1.5L-2.0L,Low
3772,Volkswagen,Vento,2017,CNG,Manual,2310000.0,29.8,1000,7,10500.0,23.1,10.5,7,Below 1.0L,Excellent
3773,Hyundai,i10,2015,Diesel,Manual,2800000.0,12.8,2500,4,20400.0,28.0,20.4,9,2.0L-3.0L,Low
3774,Kia,Carnival,2015,CNG,Manual,2320000.0,10.0,1200,4,12200.0,23.2,12.2,9,1.0L-1.5L,Low
3775,Toyota,Glanza,2018,Petrol,Manual,2480000.0,23.7,1800,4,8900.0,24.8,8.9,6,1.5L-2.0L,Good
3776,Maruti Suzuki,Baleno,2024,Petrol,Automatic,2710000.0,10.8,1500,4,18800.0,27.1,18.8,0,1.0L-1.5L,Low
3777,Honda,Civic,2016,Diesel,Manual,3090000.0,11.4,800,5,15500.0,30.9,15.5,8,Below 1.0L,Low
3778,Volkswagen,Vento,2016,Petrol,Manual,2270000.0,14.1,2000,5,21500.0,22.7,21.5,8,1.5L-2.0L,Low
3779,Renault,Kiger,2018,Diesel,Automatic,2930000.0,26.1,800,6,22200.0,29.3,22.2,6,Below 1.0L,Excellent
3780,Toyota,Fortuner,2017,Petrol,Manual,1720000.0,23.9,2500,5,6800.0,17.2,6.8,7,2.0L-3.0L,Good
3781,Hyundai,Venue,2018,CNG,Manual,2430000.0,12.5,1500,4,7000.0,24.3,7.0,6,1.0L-1.5L,Low
3782,Renault,Triber,2017,Diesel,Automatic,2840000.0,19.6,1200,4,17600.0,28.4,17.6,7,1.0L-1.5L,Average
3783,Kia,Carnival,2023,Petrol,Manual,2300000.0,21.0,1000,6,19900.0,23.0,19.9,1,Below 1.0L,Good
3784,Hyundai,i20,2016,Electric,Manual,710000.0,30.0,1200,4,11800.0,7.1,11.8,8,1.0L-1.5L,Excellent
3785,Renault,Lodgy,2018,Electric,Automatic,2760000.0,14.0,1800,6,8500.0,27.6,8.5,6,1.5L-2.0L,Low
3786,Kia,Carnival,2021,Electric,Automatic,2050000.0,14.7,2500,5,20300.0,20.5,20.3,3,2.0L-3.0L,Low
3787,Mahindra,Scorpio,2016,Electric,Manual,2040000.0,20.3,1200,6,8000.0,20.4,8.0,8,1.0L-1.5L,Good
3788,Renault,Duster,2015,Petrol,Automatic,2770000.0,28.1,2000,7,9500.0,27.7,9.5,9,1.5L-2.0L,Excellent
3789,Tata Motors,Tiago,2022,CNG,Manual,970000.0,16.5,800,5,23400.0,9.7,23.4,2,Below 1.0L,Average
3790,Volkswagen,Vento,2015,Electric,Automatic,2870000.0,27.0,2500,5,7500.0,28.7,7.5,9,2.0L-3.0L,Excellent
3791,Renault,Triber,2020,Electric,Automatic,1010000.0,27.1,1500,5,10400.0,10.1,10.4,4,1.0L-1.5L,Excellent
3792,Mahindra,Scorpio,2023,Electric,Automatic,2750000.0,15.1,800,7,18400.0,27.5,18.4,1,Below 1.0L,Average
3793,Volkswagen,Polo,2017,Electric,Manual,2870000.0,27.5,1200,7,14800.0,28.7,14.8,7,1.0L-1.5L,Excellent
3794,Hyundai,i20,2020,Diesel,Automatic,2330000.0,23.5,1000,7,17800.0,23.3,17.8,4,Below 1.0L,Good
3795,Kia,Seltos,2017,Diesel,Manual,2360000.0,16.2,1000,5,7800.0,23.6,7.8,7,Below 1.0L,Average
3796,Kia,Seltos,2022,Diesel,Manual,1090000.0,21.6,2000,6,17300.0,10.9,17.3,2,1.5L-2.0L,Good
3797,Toyota,Fortuner,2019,Petrol,Manual,1840000.0,27.1,800,4,14600.0,18.4,14.6,5,Below 1.0L,Excellent
3798,Renault,Lodgy,2017,Electric,Manual,680000.0,21.7,1000,4,17200.0,6.8,17.2,7,Below 1.0L,Good
3799,Kia,Seltos,2015,Electric,Manual,1990000.0,14.4,1000,5,24700.0,19.9,24.7,9,Below 1.0L,Low
3800,Kia,EV6,2024,CNG,Manual,2540000.0,10.2,1500,7,9300.0,25.4,9.3,0,1.0L-1.5L,Low
3801,Hyundai,Creta,2023,Petrol,Manual,960000.0,23.6,1500,7,8600.0,9.6,8.6,1,1.0L-1.5L,Good
3802,Toyota,Camry,2020,Diesel,Automatic,620000.0,26.3,1500,4,8900.0,6.2,8.9,4,1.0L-1.5L,Excellent
3803,Honda,Jazz,2022,Diesel,Automatic,1010000.0,13.6,1500,4,17500.0,10.1,17.5,2,1.0L-1.5L,Low
3804,Tata Motors,Punch,2022,CNG,Automatic,2210000.0,19.1,1200,5,20000.0,22.1,20.0,2,1.0L-1.5L,Average
3805,Kia,Sonet,2019,Petrol,Automatic,2550000.0,14.1,800,5,12000.0,25.5,12.0,5,Below 1.0L,Low
3806,Volkswagen,Virtus,2024,CNG,Automatic,1820000.0,21.7,2000,5,8700.0,18.2,8.7,0,1.5L-2.0L,Good
3807,Toyota,Innova,2017,Petrol,Manual,1920000.0,18.7,2000,4,14000.0,19.2,14.0,7,1.5L-2.0L,Average
3808,Tata Motors,Punch,2020,Diesel,Automatic,760000.0,15.4,1200,5,5700.0,7.6,5.7,4,1.0L-1.5L,Average
3809,Honda,Jazz,2018,CNG,Automatic,1550000.0,10.9,1000,7,12600.0,15.5,12.6,6,Below 1.0L,Low
3810,Skoda,Kushaq,2020,Electric,Automatic,580000.0,21.7,1800,7,14100.0,5.8,14.1,4,1.5L-2.0L,Good
3811,Kia,EV6,2018,Electric,Manual,3450000.0,14.3,1200,7,8900.0,34.5,8.9,6,1.0L-1.5L,Low
3812,Toyota,Urban Cruiser,2021,Petrol,Automatic,3310000.0,14.7,1200,4,16100.0,33.1,16.1,3,1.0L-1.5L,Low
3813,Hyundai,Venue,2020,Electric,Manual,2840000.0,16.5,1500,6,12100.0,28.4,12.1,4,1.0L-1.5L,Average
3814,Honda,City,2020,Petrol,Manual,1620000.0,23.8,2500,5,5100.0,16.2,5.1,4,2.0L-3.0L,Good
3815,Toyota,Glanza,2020,Electric,Automatic,610000.0,12.5,1500,4,13400.0,6.1,13.4,4,1.0L-1.5L,Low
3816,Mahindra,Bolero,2017,Petrol,Manual,2230000.0,22.9,1500,5,9400.0,22.3,9.4,7,1.0L-1.5L,Good
3817,Kia,Carnival,2016,Diesel,Automatic,1420000.0,28.6,1200,5,22400.0,14.2,22.4,8,1.0L-1.5L,Excellent
3818,Volkswagen,Vento,2015,Electric,Automatic,830000.0,20.5,800,5,9000.0,8.3,9.0,9,Below 1.0L,Good
3819,Skoda,Rapid,2021,Diesel,Manual,3190000.0,10.4,800,6,7300.0,31.9,7.3,3,Below 1.0L,Low
3820,Hyundai,i20,2015,Petrol,Manual,760000.0,10.2,1200,7,21700.0,7.6,21.7,9,1.0L-1.5L,Low
3821,Maruti Suzuki,Dzire,2018,Petrol,Manual,1640000.0,19.3,1000,4,9200.0,16.4,9.2,6,Below 1.0L,Average
3822,Renault,Lodgy,2017,Electric,Manual,1200000.0,21.2,2500,5,22000.0,12.0,22.0,7,2.0L-3.0L,Good
3823,Mahindra,XUV300,2022,Petrol,Manual,3230000.0,27.9,1500,5,21400.0,32.3,21.4,2,1.0L-1.5L,Excellent
3824,Kia,Carens,2022,CNG,Automatic,2180000.0,11.9,1500,7,18200.0,21.8,18.2,2,1.0L-1.5L,Low
3825,Hyundai,i10,2016,Petrol,Automatic,2610000.0,22.1,2500,4,17100.0,26.1,17.1,8,2.0L-3.0L,Good
3826,Toyota,Fortuner,2020,CNG,Automatic,1170000.0,18.3,1000,4,22100.0,11.7,22.1,4,Below 1.0L,Average
3827,Maruti Suzuki,Dzire,2023,Diesel,Automatic,2970000.0,25.5,1500,7,24800.0,29.7,24.8,1,1.0L-1.5L,Excellent
3828,Tata Motors,Harrier,2021,Diesel,Automatic,790000.0,13.6,800,6,11600.0,7.9,11.6,3,Below 1.0L,Low
3829,Kia,Carens,2015,Electric,Manual,2100000.0,11.6,2000,7,14700.0,21.0,14.7,9,1.5L-2.0L,Low
3830,Renault,Kiger,2015,Petrol,Manual,3330000.0,26.8,1000,4,21600.0,33.3,21.6,9,Below 1.0L,Excellent
3831,Renault,Kwid,2020,CNG,Automatic,2270000.0,24.0,1200,4,8000.0,22.7,8.0,4,1.0L-1.5L,Good
3832,Maruti Suzuki,WagonR,2017,Diesel,Automatic,2890000.0,16.7,1000,7,20800.0,28.9,20.8,7,Below 1.0L,Average
3833,Hyundai,Venue,2016,Petrol,Manual,2260000.0,15.4,1800,7,22300.0,22.6,22.3,8,1.5L-2.0L,Average
3834,Volkswagen,Tiguan,2024,CNG,Automatic,1590000.0,25.1,800,7,14900.0,15.9,14.9,0,Below 1.0L,Excellent
3835,Renault,Kwid,2023,Electric,Automatic,2230000.0,14.4,2500,4,10900.0,22.3,10.9,1,2.0L-3.0L,Low
3836,Kia,Seltos,2015,CNG,Automatic,1290000.0,28.4,1200,5,20700.0,12.9,20.7,9,1.0L-1.5L,Excellent
3837,Maruti Suzuki,Dzire,2015,CNG,Manual,2090000.0,17.1,1800,7,13600.0,20.9,13.6,9,1.5L-2.0L,Average
3838,Volkswagen,Taigun,2015,Electric,Manual,3160000.0,26.5,1200,6,7500.0,31.6,7.5,9,1.0L-1.5L,Excellent
3839,Maruti Suzuki,Baleno,2016,CNG,Automatic,900000.0,29.3,1800,7,14300.0,9.0,14.3,8,1.5L-2.0L,Excellent
3840,Kia,Seltos,2018,CNG,Manual,2570000.0,28.3,1500,4,12100.0,25.7,12.1,6,1.0L-1.5L,Excellent
3841,Honda,WR-V,2015,Diesel,Automatic,1470000.0,29.0,1200,5,12700.0,14.7,12.7,9,1.0L-1.5L,Excellent
3842,Mahindra,Scorpio,2015,Petrol,Manual,730000.0,18.6,1500,5,7400.0,7.3,7.4,9,1.0L-1.5L,Average
3843,Mahindra,Scorpio,2016,CNG,Automatic,760000.0,16.1,800,4,6000.0,7.6,6.0,8,Below 1.0L,Average
3844,Mahindra,Thar,2015,Diesel,Automatic,2870000.0,21.1,2500,5,6800.0,28.7,6.8,9,2.0L-3.0L,Good
3845,Skoda,Kushaq,2018,Electric,Manual,830000.0,28.7,800,4,8600.0,8.3,8.6,6,Below 1.0L,Excellent
3846,Tata Motors,Nexon,2019,Petrol,Manual,650000.0,21.0,1800,5,22400.0,6.5,22.4,5,1.5L-2.0L,Good
3847,Volkswagen,Virtus,2024,Diesel,Automatic,2140000.0,24.8,2500,7,21800.0,21.4,21.8,0,2.0L-3.0L,Good
3848,Toyota,Fortuner,2021,Petrol,Automatic,580000.0,13.5,1000,7,16200.0,5.8,16.2,3,Below 1.0L,Low
3849,Maruti Suzuki,Baleno,2021,Diesel,Manual,850000.0,23.0,1000,4,16800.0,8.5,16.8,3,Below 1.0L,Good
3850,Kia,Seltos,2019,Electric,Automatic,2060000.0,19.9,1500,5,20100.0,20.6,20.1,5,1.0L-1.5L,Average
3851,Tata Motors,Nexon,2020,Diesel,Manual,1750000.0,25.9,800,7,9700.0,17.5,9.7,4,Below 1.0L,Excellent
3852,Maruti Suzuki,WagonR,2024,Electric,Manual,1340000.0,23.9,1000,4,12900.0,13.4,12.9,0,Below 1.0L,Good
3853,Toyota,Glanza,2015,CNG,Manual,1430000.0,28.0,800,4,23000.0,14.3,23.0,9,Below 1.0L,Excellent
3854,Skoda,Superb,2024,Petrol,Automatic,800000.0,14.5,1200,4,5300.0,8.0,5.3,0,1.0L-1.5L,Low
3855,Skoda,Kushaq,2020,Petrol,Manual,500000.0,25.0,1500,6,8700.0,5.0,8.7,4,1.0L-1.5L,Good
3856,Volkswagen,Taigun,2018,Electric,Manual,790000.0,19.6,800,5,8300.0,7.9,8.3,6,Below 1.0L,Average
3857,Hyundai,i10,2016,Electric,Automatic,3390000.0,20.3,800,7,20800.0,33.9,20.8,8,Below 1.0L,Good
3858,Skoda,Rapid,2019,Petrol,Manual,440000.0,27.8,1000,5,9400.0,4.4,9.4,5,Below 1.0L,Excellent
3859,Volkswagen,Tiguan,2018,Electric,Automatic,2360000.0,28.8,2500,6,15400.0,23.6,15.4,6,2.0L-3.0L,Excellent
3860,Toyota,Urban Cruiser,2020,Diesel,Automatic,1730000.0,28.7,800,5,24400.0,17.3,24.4,4,Below 1.0L,Excellent
3861,Kia,Sonet,2018,CNG,Manual,830000.0,26.1,2000,4,15700.0,8.3,15.7,6,1.5L-2.0L,Excellent
3862,Toyota,Camry,2017,Petrol,Automatic,910000.0,28.2,2500,5,13800.0,9.1,13.8,7,2.0L-3.0L,Excellent
3863,Kia,Carens,2019,CNG,Automatic,3380000.0,10.7,1000,4,17700.0,33.8,17.7,5,Below 1.0L,Low
3864,Hyundai,Verna,2016,Petrol,Automatic,1690000.0,19.5,1000,5,24900.0,16.9,24.9,8,Below 1.0L,Average
3865,Hyundai,Verna,2017,CNG,Manual,2360000.0,21.0,1500,4,23800.0,23.6,23.8,7,1.0L-1.5L,Good
3866,Tata Motors,Altroz,2023,CNG,Manual,1970000.0,28.3,1800,5,9100.0,19.7,9.1,1,1.5L-2.0L,Excellent
3867,Maruti Suzuki,Ertiga,2018,CNG,Automatic,1360000.0,26.4,2000,5,15300.0,13.6,15.3,6,1.5L-2.0L,Excellent
3868,Honda,Amaze,2020,Electric,Automatic,650000.0,27.8,800,5,24100.0,6.5,24.1,4,Below 1.0L,Excellent
3869,Toyota,Camry,2018,Electric,Manual,2130000.0,23.3,1000,7,9400.0,21.3,9.4,6,Below 1.0L,Good
3870,Hyundai,Verna,2019,Petrol,Automatic,520000.0,14.5,1200,5,19200.0,5.2,19.2,5,1.0L-1.5L,Low
3871,Renault,Kiger,2017,Petrol,Automatic,790000.0,27.1,1500,4,5100.0,7.9,5.1,7,1.0L-1.5L,Excellent
3872,Toyota,Urban Cruiser,2018,CNG,Manual,2410000.0,29.1,1000,5,7800.0,24.1,7.8,6,Below 1.0L,Excellent
3873,Tata Motors,Punch,2021,CNG,Manual,1490000.0,26.3,1800,6,18700.0,14.9,18.7,3,1.5L-2.0L,Excellent
3874,Skoda,Kushaq,2020,Diesel,Automatic,1720000.0,20.6,1800,7,19800.0,17.2,19.8,4,1.5L-2.0L,Good
3875,Tata Motors,Tiago,2019,Petrol,Automatic,1310000.0,19.7,1200,4,18900.0,13.1,18.9,5,1.0L-1.5L,Average
3876,Hyundai,i10,2019,Diesel,Automatic,2950000.0,20.1,800,5,24200.0,29.5,24.2,5,Below 1.0L,Good
3877,Volkswagen,Virtus,2018,Petrol,Automatic,3040000.0,14.2,1800,5,8000.0,30.4,8.0,6,1.5L-2.0L,Low
3878,Tata Motors,Tiago,2021,Diesel,Automatic,1400000.0,28.1,2500,4,9200.0,14.0,9.2,3,2.0L-3.0L,Excellent
3879,Volkswagen,Vento,2018,Diesel,Manual,1530000.0,13.7,1000,7,23000.0,15.3,23.0,6,Below 1.0L,Low
3880,Volkswagen,Tiguan,2019,Electric,Automatic,630000.0,21.3,1000,7,16000.0,6.3,16.0,5,Below 1.0L,Good
3881,Maruti Suzuki,Baleno,2015,CNG,Automatic,1070000.0,29.9,1000,5,23600.0,10.7,23.6,9,Below 1.0L,Excellent
3882,Renault,Triber,2017,Electric,Automatic,2110000.0,10.6,1200,5,13400.0,21.1,13.4,7,1.0L-1.5L,Low
3883,Skoda,Superb,2015,Diesel,Automatic,1820000.0,11.0,2000,7,21300.0,18.2,21.3,9,1.5L-2.0L,Low
3884,Toyota,Fortuner,2016,Petrol,Automatic,1520000.0,25.3,2500,6,12200.0,15.2,12.2,8,2.0L-3.0L,Excellent
3885,Honda,Amaze,2022,CNG,Automatic,1750000.0,25.0,1500,5,15100.0,17.5,15.1,2,1.0L-1.5L,Good
3886,Tata Motors,Tiago,2024,Electric,Manual,590000.0,14.5,1800,6,13300.0,5.9,13.3,0,1.5L-2.0L,Low
3887,Toyota,Glanza,2018,Diesel,Automatic,2750000.0,16.9,1200,4,19100.0,27.5,19.1,6,1.0L-1.5L,Average
3888,Hyundai,Venue,2024,CNG,Manual,1080000.0,27.7,1200,7,18600.0,10.8,18.6,0,1.0L-1.5L,Excellent
3889,Volkswagen,Vento,2019,Diesel,Automatic,1030000.0,26.6,1800,7,5400.0,10.3,5.4,5,1.5L-2.0L,Excellent
3890,Kia,Carens,2018,Electric,Automatic,2270000.0,15.6,1800,5,8000.0,22.7,8.0,6,1.5L-2.0L,Average
3891,Tata Motors,Harrier,2017,Diesel,Automatic,980000.0,15.7,800,6,16800.0,9.8,16.8,7,Below 1.0L,Average
3892,Mahindra,Thar,2022,CNG,Manual,2680000.0,18.8,1200,7,15200.0,26.8,15.2,2,1.0L-1.5L,Average
3893,Volkswagen,Taigun,2018,Diesel,Manual,2050000.0,12.0,1500,4,20600.0,20.5,20.6,6,1.0L-1.5L,Low
3894,Honda,City,2021,CNG,Automatic,2170000.0,29.3,1200,4,11400.0,21.7,11.4,3,1.0L-1.5L,Excellent
3895,Kia,Carnival,2016,Petrol,Manual,1560000.0,28.5,2000,7,14400.0,15.6,14.4,8,1.5L-2.0L,Excellent
3896,Renault,Kiger,2024,Petrol,Manual,750000.0,28.5,1000,5,17200.0,7.5,17.2,0,Below 1.0L,Excellent
3897,Renault,Lodgy,2024,Diesel,Manual,2710000.0,29.0,800,6,5200.0,27.1,5.2,0,Below 1.0L,Excellent
3898,Skoda,Rapid,2024,CNG,Manual,1670000.0,17.4,1500,4,8100.0,16.7,8.1,0,1.0L-1.5L,Average
3899,Volkswagen,Polo,2019,Diesel,Automatic,2350000.0,29.3,2500,5,19700.0,23.5,19.7,5,2.0L-3.0L,Excellent
3900,Toyota,Glanza,2020,Electric,Automatic,2600000.0,27.4,1800,7,14000.0,26.0,14.0,4,1.5L-2.0L,Excellent
3901,Maruti Suzuki,Baleno,2017,Diesel,Automatic,1120000.0,23.0,1800,5,6100.0,11.2,6.1,7,1.5L-2.0L,Good
3902,Renault,Duster,2023,Petrol,Automatic,2550000.0,24.6,800,5,7600.0,25.5,7.6,1,Below 1.0L,Good
3903,Kia,Seltos,2024,Diesel,Automatic,2240000.0,10.8,1500,6,14100.0,22.4,14.1,0,1.0L-1.5L,Low
3904,Tata Motors,Harrier,2017,CNG,Automatic,850000.0,21.2,800,5,20000.0,8.5,20.0,7,Below 1.0L,Good
3905,Mahindra,XUV300,2020,Diesel,Automatic,520000.0,24.3,1800,5,17600.0,5.2,17.6,4,1.5L-2.0L,Good
3906,Mahindra,XUV700,2024,CNG,Automatic,1780000.0,28.3,1200,7,23400.0,17.8,23.4,0,1.0L-1.5L,Excellent
3907,Maruti Suzuki,Baleno,2020,Petrol,Manual,2970000.0,19.3,2500,7,24900.0,29.7,24.9,4,2.0L-3.0L,Average
3908,Tata Motors,Altroz,2020,Petrol,Manual,2930000.0,28.3,800,6,24300.0,29.3,24.3,4,Below 1.0L,Excellent
3909,Skoda,Slavia,2015,Diesel,Manual,3420000.0,18.6,1500,5,15000.0,34.2,15.0,9,1.0L-1.5L,Average
3910,Kia,EV6,2015,Petrol,Manual,2230000.0,23.7,2500,7,24800.0,22.3,24.8,9,2.0L-3.0L,Good
3911,Mahindra,XUV700,2019,CNG,Automatic,1490000.0,29.3,1000,4,10500.0,14.9,10.5,5,Below 1.0L,Excellent
3912,Kia,Carens,2019,Electric,Manual,1900000.0,19.6,800,7,9900.0,19.0,9.9,5,Below 1.0L,Average
3913,Volkswagen,Taigun,2018,Diesel,Automatic,3060000.0,10.8,2500,6,15400.0,30.6,15.4,6,2.0L-3.0L,Low
3914,Toyota,Fortuner,2016,Electric,Automatic,3380000.0,26.4,1500,7,9500.0,33.8,9.5,8,1.0L-1.5L,Excellent
3915,Toyota,Glanza,2017,CNG,Manual,750000.0,11.0,1800,4,24800.0,7.5,24.8,7,1.5L-2.0L,Low
3916,Tata Motors,Tiago,2016,CNG,Automatic,880000.0,23.6,2500,7,7700.0,8.8,7.7,8,2.0L-3.0L,Good
3917,Renault,Lodgy,2022,Petrol,Automatic,2060000.0,14.8,800,5,19800.0,20.6,19.8,2,Below 1.0L,Low
3918,Mahindra,Thar,2024,Petrol,Manual,2810000.0,15.6,2000,5,22000.0,28.1,22.0,0,1.5L-2.0L,Average
3919,Hyundai,i10,2016,CNG,Manual,3120000.0,22.1,1200,6,6500.0,31.2,6.5,8,1.0L-1.5L,Good
3920,Toyota,Glanza,2020,Electric,Automatic,2370000.0,17.5,1800,6,15600.0,23.7,15.6,4,1.5L-2.0L,Average
3921,Kia,Carens,2017,Electric,Manual,3180000.0,28.2,1800,6,16000.0,31.8,16.0,7,1.5L-2.0L,Excellent
3922,Toyota,Urban Cruiser,2021,CNG,Manual,3210000.0,11.7,1200,5,16200.0,32.1,16.2,3,1.0L-1.5L,Low
3923,Volkswagen,Virtus,2021,Petrol,Automatic,2050000.0,24.3,1500,6,22000.0,20.5,22.0,3,1.0L-1.5L,Good
3924,Mahindra,Scorpio,2024,CNG,Automatic,690000.0,25.5,1800,4,14500.0,6.9,14.5,0,1.5L-2.0L,Excellent
3925,Volkswagen,Tiguan,2023,Diesel,Manual,710000.0,12.7,1500,6,5000.0,7.1,5.0,1,1.0L-1.5L,Low
3926,Toyota,Camry,2020,CNG,Manual,1620000.0,15.9,1000,4,23400.0,16.2,23.4,4,Below 1.0L,Average
3927,Renault,Duster,2023,Electric,Automatic,2740000.0,22.3,800,6,24500.0,27.4,24.5,1,Below 1.0L,Good
3928,Renault,Lodgy,2024,Petrol,Manual,1230000.0,15.5,2000,4,9700.0,12.3,9.7,0,1.5L-2.0L,Average
3929,Tata Motors,Harrier,2015,Electric,Manual,2290000.0,17.6,1200,7,5300.0,22.9,5.3,9,1.0L-1.5L,Average
3930,Hyundai,Creta,2015,CNG,Automatic,3160000.0,20.3,1500,5,18300.0,31.6,18.3,9,1.0L-1.5L,Good
3931,Toyota,Fortuner,2021,CNG,Manual,720000.0,29.4,1800,7,10500.0,7.2,10.5,3,1.5L-2.0L,Excellent
3932,Renault,Duster,2020,Electric,Automatic,530000.0,26.8,1000,7,21000.0,5.3,21.0,4,Below 1.0L,Excellent
3933,Hyundai,i10,2016,Electric,Manual,2130000.0,25.7,1200,7,8400.0,21.3,8.4,8,1.0L-1.5L,Excellent
3934,Renault,Kwid,2023,CNG,Automatic,1750000.0,11.9,1000,6,16200.0,17.5,16.2,1,Below 1.0L,Low
3935,Maruti Suzuki,Swift,2019,Diesel,Manual,3420000.0,12.3,2000,4,18300.0,34.2,18.3,5,1.5L-2.0L,Low
3936,Kia,Sonet,2021,CNG,Manual,1200000.0,22.8,1500,7,20400.0,12.0,20.4,3,1.0L-1.5L,Good
3937,Tata Motors,Altroz,2015,CNG,Manual,1320000.0,27.4,1500,5,12600.0,13.2,12.6,9,1.0L-1.5L,Excellent
3938,Kia,EV6,2016,Petrol,Manual,2800000.0,17.8,1000,6,14000.0,28.0,14.0,8,Below 1.0L,Average
3939,Mahindra,Thar,2017,Electric,Manual,1730000.0,11.0,1500,7,7900.0,17.3,7.9,7,1.0L-1.5L,Low
3940,Maruti Suzuki,WagonR,2017,Electric,Automatic,1800000.0,18.8,1200,6,12000.0,18.0,12.0,7,1.0L-1.5L,Average
3941,Volkswagen,Virtus,2016,CNG,Manual,1060000.0,24.0,800,5,6600.0,10.6,6.6,8,Below 1.0L,Good
3942,Mahindra,Scorpio,2018,Petrol,Manual,3370000.0,15.3,800,7,23300.0,33.7,23.3,6,Below 1.0L,Average
3943,Skoda,Kushaq,2019,CNG,Manual,2530000.0,27.4,2000,6,14600.0,25.3,14.6,5,1.5L-2.0L,Excellent
3944,Renault,Kwid,2015,Petrol,Manual,3080000.0,14.1,2000,5,18900.0,30.8,18.9,9,1.5L-2.0L,Low
3945,Kia,Seltos,2021,Electric,Automatic,1350000.0,11.2,1200,5,5200.0,13.5,5.2,3,1.0L-1.5L,Low
3946,Tata Motors,Nexon,2020,Diesel,Automatic,3390000.0,27.8,2000,6,20000.0,33.9,20.0,4,1.5L-2.0L,Excellent
3947,Maruti Suzuki,WagonR,2020,Petrol,Automatic,570000.0,15.4,1000,6,22100.0,5.7,22.1,4,Below 1.0L,Average
3948,Renault,Lodgy,2021,Electric,Manual,600000.0,20.2,2500,6,12400.0,6.0,12.4,3,2.0L-3.0L,Good
3949,Tata Motors,Harrier,2018,Diesel,Automatic,990000.0,12.7,2000,4,12200.0,9.9,12.2,6,1.5L-2.0L,Low
3950,Toyota,Camry,2022,Petrol,Automatic,2020000.0,21.4,800,6,22500.0,20.2,22.5,2,Below 1.0L,Good
3951,Hyundai,Venue,2018,CNG,Automatic,3020000.0,22.5,1000,5,7400.0,30.2,7.4,6,Below 1.0L,Good
3952,Maruti Suzuki,Swift,2023,Electric,Manual,1840000.0,21.8,2500,5,10900.0,18.4,10.9,1,2.0L-3.0L,Good
3953,Kia,Carnival,2022,CNG,Manual,450000.0,21.5,800,4,20600.0,4.5,20.6,2,Below 1.0L,Good
3954,Kia,Carens,2019,CNG,Automatic,660000.0,20.5,1500,4,11600.0,6.6,11.6,5,1.0L-1.5L,Good
3955,Mahindra,XUV700,2021,Electric,Manual,1560000.0,20.9,2500,4,11600.0,15.6,11.6,3,2.0L-3.0L,Good
3956,Skoda,Kushaq,2022,Electric,Automatic,3080000.0,16.8,2000,6,14200.0,30.8,14.2,2,1.5L-2.0L,Average
3957,Renault,Lodgy,2022,Petrol,Automatic,2250000.0,22.6,2500,4,25000.0,22.5,25.0,2,2.0L-3.0L,Good
3958,Tata Motors,Punch,2021,CNG,Automatic,1600000.0,11.7,1200,7,13700.0,16.0,13.7,3,1.0L-1.5L,Low
3959,Volkswagen,Polo,2019,Petrol,Manual,2510000.0,15.0,1800,6,11000.0,25.1,11.0,5,1.5L-2.0L,Low
3960,Honda,Civic,2022,Electric,Automatic,580000.0,28.5,1500,5,23000.0,5.8,23.0,2,1.0L-1.5L,Excellent
3961,Hyundai,Creta,2020,Diesel,Automatic,3110000.0,17.8,2000,4,24300.0,31.1,24.3,4,1.5L-2.0L,Average
3962,Tata Motors,Punch,2016,Electric,Manual,1190000.0,11.1,1800,5,22900.0,11.9,22.9,8,1.5L-2.0L,Low
3963,Skoda,Kushaq,2015,CNG,Automatic,2630000.0,17.1,2000,7,17200.0,26.3,17.2,9,1.5L-2.0L,Average
3964,Renault,Lodgy,2021,Diesel,Manual,2570000.0,23.0,800,7,24700.0,25.7,24.7,3,Below 1.0L,Good
3965,Mahindra,XUV300,2022,Diesel,Automatic,1980000.0,25.2,1500,6,22900.0,19.8,22.9,2,1.0L-1.5L,Excellent
3966,Skoda,Kushaq,2022,Petrol,Manual,1000000.0,21.7,2500,7,9000.0,10.0,9.0,2,2.0L-3.0L,Good
3967,Maruti Suzuki,Swift,2024,Diesel,Manual,1040000.0,21.1,1000,5,8600.0,10.4,8.6,0,Below 1.0L,Good
3968,Volkswagen,Tiguan,2020,Diesel,Automatic,2990000.0,28.0,1200,6,9200.0,29.9,9.2,4,1.0L-1.5L,Excellent
3969,Volkswagen,Virtus,2015,Electric,Automatic,1270000.0,10.3,2000,7,5700.0,12.7,5.7,9,1.5L-2.0L,Low
3970,Toyota,Innova,2016,Petrol,Automatic,1810000.0,21.4,1500,6,5700.0,18.1,5.7,8,1.0L-1.5L,Good
3971,Maruti Suzuki,Swift,2024,Petrol,Automatic,1040000.0,22.0,2500,7,22300.0,10.4,22.3,0,2.0L-3.0L,Good
3972,Honda,Civic,2018,Petrol,Manual,3100000.0,13.4,2000,7,11500.0,31.0,11.5,6,1.5L-2.0L,Low
3973,Hyundai,Venue,2024,Electric,Automatic,2820000.0,27.5,1200,7,21500.0,28.2,21.5,0,1.0L-1.5L,Excellent
3974,Volkswagen,Taigun,2020,Petrol,Automatic,2060000.0,21.7,1500,5,15200.0,20.6,15.2,4,1.0L-1.5L,Good
3975,Toyota,Urban Cruiser,2018,CNG,Automatic,2310000.0,16.4,800,7,14800.0,23.1,14.8,6,Below 1.0L,Average
3976,Renault,Triber,2015,CNG,Automatic,3120000.0,28.0,1200,7,16100.0,31.2,16.1,9,1.0L-1.5L,Excellent
3977,Skoda,Slavia,2016,Electric,Manual,2210000.0,26.5,1800,4,9300.0,22.1,9.3,8,1.5L-2.0L,Excellent
3978,Tata Motors,Tiago,2020,Petrol,Manual,1130000.0,26.1,800,6,20900.0,11.3,20.9,4,Below 1.0L,Excellent
3979,Skoda,Rapid,2016,Electric,Automatic,2290000.0,10.0,1200,6,11300.0,22.9,11.3,8,1.0L-1.5L,Low
3980,Skoda,Kushaq,2015,CNG,Automatic,2850000.0,25.4,1200,7,23900.0,28.5,23.9,9,1.0L-1.5L,Excellent
3981,Renault,Duster,2016,Electric,Automatic,3280000.0,12.8,1000,5,21300.0,32.8,21.3,8,Below 1.0L,Low
3982,Toyota,Fortuner,2019,CNG,Manual,2540000.0,28.0,1500,7,12500.0,25.4,12.5,5,1.0L-1.5L,Excellent
3983,Tata Motors,Tiago,2023,Petrol,Manual,480000.0,26.4,1000,4,5500.0,4.8,5.5,1,Below 1.0L,Excellent
3984,Tata Motors,Punch,2023,Petrol,Manual,850000.0,25.6,1200,5,5400.0,8.5,5.4,1,1.0L-1.5L,Excellent
3985,Kia,Sonet,2018,Petrol,Automatic,1190000.0,12.6,1800,7,15700.0,11.9,15.7,6,1.5L-2.0L,Low
3986,Mahindra,XUV300,2022,Petrol,Manual,2630000.0,27.8,1200,5,7500.0,26.3,7.5,2,1.0L-1.5L,Excellent
3987,Kia,Seltos,2024,Petrol,Automatic,2430000.0,20.6,1200,5,19100.0,24.3,19.1,0,1.0L-1.5L,Good
3988,Kia,Carnival,2023,Diesel,Automatic,2800000.0,20.6,2500,7,7200.0,28.0,7.2,1,2.0L-3.0L,Good
3989,Volkswagen,Tiguan,2020,Electric,Manual,1610000.0,14.0,2500,5,14700.0,16.1,14.7,4,2.0L-3.0L,Low
3990,Hyundai,i20,2019,Petrol,Manual,3160000.0,25.9,1000,4,10300.0,31.6,10.3,5,Below 1.0L,Excellent
3991,Hyundai,i10,2016,Petrol,Automatic,3340000.0,23.2,1800,6,18300.0,33.4,18.3,8,1.5L-2.0L,Good
3992,Maruti Suzuki,Swift,2015,CNG,Manual,3000000.0,14.7,2500,6,16100.0,30.0,16.1,9,2.0L-3.0L,Low
3993,Toyota,Glanza,2015,Petrol,Manual,900000.0,23.5,2500,4,5100.0,9.0,5.1,9,2.0L-3.0L,Good
3994,Volkswagen,Virtus,2017,CNG,Automatic,2200000.0,28.2,2000,4,11600.0,22.0,11.6,7,1.5L-2.0L,Excellent
3995,Toyota,Glanza,2018,Electric,Automatic,1420000.0,17.3,800,4,21400.0,14.2,21.4,6,Below 1.0L,Average
3996,Maruti Suzuki,Baleno,2019,CNG,Automatic,2690000.0,10.1,2500,5,20700.0,26.9,20.7,5,2.0L-3.0L,Low
3997,Honda,Civic,2024,Petrol,Manual,970000.0,15.5,2000,6,23100.0,9.7,23.1,0,1.5L-2.0L,Average
3998,Toyota,Camry,2021,CNG,Manual,2170000.0,17.1,2000,6,12800.0,21.7,12.8,3,1.5L-2.0L,Average
3999,Volkswagen,Tiguan,2023,CNG,Automatic,1510000.0,14.1,2000,7,17800.0,15.1,17.8,1,1.5L-2.0L,Low
4000,Tata Motors,Punch,2019,Diesel,Manual,2990000.0,13.0,1800,7,8400.0,29.9,8.4,5,1.5L-2.0L,Low
4001,Toyota,Urban Cruiser,2019,Electric,Automatic,2740000.0,16.5,2500,5,19000.0,27.4,19.0,5,2.0L-3.0L,Average
4002,Tata Motors,Tiago,2018,CNG,Automatic,1030000.0,26.6,1500,4,19000.0,10.3,19.0,6,1.0L-1.5L,Excellent
4003,Volkswagen,Tiguan,2016,Diesel,Automatic,620000.0,17.1,2500,7,17800.0,6.2,17.8,8,2.0L-3.0L,Average
4004,Maruti Suzuki,Swift,2020,CNG,Automatic,2430000.0,18.8,800,4,6400.0,24.3,6.4,4,Below 1.0L,Average
4005,Honda,City,2016,CNG,Manual,2440000.0,18.4,2000,5,11500.0,24.4,11.5,8,1.5L-2.0L,Average
4006,Tata Motors,Harrier,2024,Electric,Manual,2460000.0,12.2,2000,5,24600.0,24.6,24.6,0,1.5L-2.0L,Low
4007,Hyundai,Verna,2021,Electric,Manual,3070000.0,19.3,2500,5,21300.0,30.7,21.3,3,2.0L-3.0L,Average
4008,Volkswagen,Vento,2022,Electric,Automatic,2920000.0,23.0,1500,6,8400.0,29.2,8.4,2,1.0L-1.5L,Good
4009,Renault,Lodgy,2023,Electric,Automatic,610000.0,24.2,1800,4,24900.0,6.1,24.9,1,1.5L-2.0L,Good
4010,Kia,Carnival,2016,Diesel,Manual,430000.0,23.2,800,5,9800.0,4.3,9.8,8,Below 1.0L,Good
4011,Tata Motors,Tiago,2017,Electric,Automatic,1120000.0,21.2,1500,6,6200.0,11.2,6.2,7,1.0L-1.5L,Good
4012,Toyota,Innova,2017,Diesel,Manual,2300000.0,10.4,2000,4,6500.0,23.0,6.5,7,1.5L-2.0L,Low
4013,Tata Motors,Punch,2024,CNG,Manual,1380000.0,14.3,2500,7,7800.0,13.8,7.8,0,2.0L-3.0L,Low
4014,Hyundai,Creta,2023,CNG,Manual,3010000.0,25.9,800,4,8100.0,30.1,8.1,1,Below 1.0L,Excellent
4015,Renault,Duster,2016,Diesel,Automatic,2090000.0,27.8,2500,5,19200.0,20.9,19.2,8,2.0L-3.0L,Excellent
4016,Skoda,Slavia,2024,CNG,Manual,1390000.0,21.4,1200,6,16700.0,13.9,16.7,0,1.0L-1.5L,Good
4017,Skoda,Kushaq,2022,Electric,Manual,2270000.0,21.4,2500,7,23500.0,22.7,23.5,2,2.0L-3.0L,Good
4018,Volkswagen,Taigun,2024,Electric,Manual,2930000.0,12.3,2000,6,12200.0,29.3,12.2,0,1.5L-2.0L,Low
4019,Kia,EV6,2023,Petrol,Automatic,1480000.0,13.5,1200,5,8300.0,14.8,8.3,1,1.0L-1.5L,Low
4020,Renault,Lodgy,2021,Petrol,Automatic,2920000.0,22.5,2500,6,23600.0,29.2,23.6,3,2.0L-3.0L,Good
4021,Renault,Triber,2016,Petrol,Manual,2010000.0,20.8,1000,6,7100.0,20.1,7.1,8,Below 1.0L,Good
4022,Maruti Suzuki,Baleno,2022,Electric,Manual,3440000.0,13.8,1200,7,21900.0,34.4,21.9,2,1.0L-1.5L,Low
4023,Volkswagen,Taigun,2020,Petrol,Manual,3020000.0,26.7,2500,6,19100.0,30.2,19.1,4,2.0L-3.0L,Excellent
4024,Honda,Amaze,2019,Diesel,Manual,2470000.0,22.5,2500,4,17900.0,24.7,17.9,5,2.0L-3.0L,Good
4025,Kia,Seltos,2015,CNG,Manual,3090000.0,22.3,1800,4,8600.0,30.9,8.6,9,1.5L-2.0L,Good
4026,Honda,City,2015,Petrol,Automatic,840000.0,10.6,2000,6,8200.0,8.4,8.2,9,1.5L-2.0L,Low
4027,Kia,Carens,2022,Diesel,Automatic,2170000.0,20.4,1500,7,12500.0,21.7,12.5,2,1.0L-1.5L,Good
4028,Maruti Suzuki,Dzire,2020,Petrol,Manual,2110000.0,16.7,1200,5,20600.0,21.1,20.6,4,1.0L-1.5L,Average
4029,Kia,Sonet,2024,CNG,Automatic,1520000.0,30.0,2500,4,8200.0,15.2,8.2,0,2.0L-3.0L,Excellent
4030,Kia,Sonet,2020,CNG,Automatic,2360000.0,17.6,1500,4,8100.0,23.6,8.1,4,1.0L-1.5L,Average
4031,Tata Motors,Tiago,2018,CNG,Automatic,1330000.0,12.3,800,7,9800.0,13.3,9.8,6,Below 1.0L,Low
4032,Volkswagen,Virtus,2021,Petrol,Manual,1350000.0,16.4,2500,6,22900.0,13.5,22.9,3,2.0L-3.0L,Average
4033,Hyundai,i20,2020,Petrol,Manual,3010000.0,28.9,1500,6,12100.0,30.1,12.1,4,1.0L-1.5L,Excellent
4034,Hyundai,Venue,2020,Diesel,Automatic,2870000.0,27.5,1800,7,20800.0,28.7,20.8,4,1.5L-2.0L,Excellent
4035,Tata Motors,Harrier,2024,CNG,Manual,1940000.0,10.9,1000,4,16300.0,19.4,16.3,0,Below 1.0L,Low
4036,Toyota,Urban Cruiser,2018,Diesel,Manual,2900000.0,15.8,800,5,13100.0,29.0,13.1,6,Below 1.0L,Average
4037,Skoda,Kushaq,2024,Petrol,Manual,2800000.0,26.5,2000,5,9500.0,28.0,9.5,0,1.5L-2.0L,Excellent
4038,Volkswagen,Vento,2019,Diesel,Manual,870000.0,12.2,2500,7,24300.0,8.7,24.3,5,2.0L-3.0L,Low
4039,Toyota,Urban Cruiser,2024,Electric,Manual,3300000.0,28.6,2500,5,9900.0,33.0,9.9,0,2.0L-3.0L,Excellent
4040,Maruti Suzuki,Dzire,2017,Electric,Automatic,3180000.0,18.2,1500,7,13700.0,31.8,13.7,7,1.0L-1.5L,Average
4041,Skoda,Superb,2024,Diesel,Automatic,1170000.0,25.3,800,4,18800.0,11.7,18.8,0,Below 1.0L,Excellent
4042,Mahindra,XUV300,2023,Diesel,Automatic,2730000.0,25.4,1000,4,24300.0,27.3,24.3,1,Below 1.0L,Excellent
4043,Skoda,Rapid,2024,Diesel,Manual,2470000.0,11.1,800,4,21300.0,24.7,21.3,0,Below 1.0L,Low
4044,Renault,Kwid,2022,Petrol,Manual,3500000.0,11.9,1200,4,19900.0,35.0,19.9,2,1.0L-1.5L,Low
4045,Volkswagen,Taigun,2015,Diesel,Manual,2010000.0,28.9,1200,7,16300.0,20.1,16.3,9,1.0L-1.5L,Excellent
4046,Kia,Sonet,2019,Petrol,Manual,1470000.0,22.2,1200,5,18200.0,14.7,18.2,5,1.0L-1.5L,Good
4047,Maruti Suzuki,Swift,2019,CNG,Manual,2110000.0,28.0,1800,4,21600.0,21.1,21.6,5,1.5L-2.0L,Excellent
4048,Tata Motors,Punch,2023,Petrol,Manual,1110000.0,19.0,2500,4,22900.0,11.1,22.9,1,2.0L-3.0L,Average
4049,Maruti Suzuki,WagonR,2019,Electric,Automatic,1120000.0,26.0,1500,5,23400.0,11.2,23.4,5,1.0L-1.5L,Excellent
4050,Mahindra,XUV300,2016,Petrol,Manual,3050000.0,14.6,2500,5,21800.0,30.5,21.8,8,2.0L-3.0L,Low
4051,Maruti Suzuki,Baleno,2017,CNG,Automatic,1700000.0,21.6,1500,7,15300.0,17.0,15.3,7,1.0L-1.5L,Good
4052,Renault,Kiger,2020,Electric,Automatic,1250000.0,23.6,2000,7,12200.0,12.5,12.2,4,1.5L-2.0L,Good
4053,Skoda,Superb,2022,Electric,Manual,2040000.0,13.9,800,7,16200.0,20.4,16.2,2,Below 1.0L,Low
4054,Volkswagen,Taigun,2023,Petrol,Automatic,2180000.0,14.2,1800,6,18100.0,21.8,18.1,1,1.5L-2.0L,Low
4055,Volkswagen,Virtus,2018,Petrol,Manual,1100000.0,20.9,2500,4,15000.0,11.0,15.0,6,2.0L-3.0L,Good
4056,Maruti Suzuki,Ertiga,2024,Electric,Automatic,840000.0,14.8,1000,5,8000.0,8.4,8.0,0,Below 1.0L,Low
4057,Kia,EV6,2024,Diesel,Manual,1550000.0,12.7,1000,7,19800.0,15.5,19.8,0,Below 1.0L,Low
4058,Tata Motors,Punch,2017,Diesel,Manual,590000.0,24.0,2000,5,17900.0,5.9,17.9,7,1.5L-2.0L,Good
4059,Hyundai,Verna,2018,Diesel,Manual,3410000.0,15.1,1800,4,20900.0,34.1,20.9,6,1.5L-2.0L,Average
4060,Tata Motors,Altroz,2022,Petrol,Automatic,970000.0,22.5,1200,5,20100.0,9.7,20.1,2,1.0L-1.5L,Good
4061,Hyundai,i20,2019,Petrol,Manual,1020000.0,21.3,800,5,15100.0,10.2,15.1,5,Below 1.0L,Good
4062,Toyota,Glanza,2021,Electric,Manual,1770000.0,17.9,1200,6,20800.0,17.7,20.8,3,1.0L-1.5L,Average
4063,Volkswagen,Polo,2021,Petrol,Manual,1880000.0,15.7,2500,4,18900.0,18.8,18.9,3,2.0L-3.0L,Average
4064,Volkswagen,Virtus,2019,Diesel,Automatic,2360000.0,25.0,1800,7,17700.0,23.6,17.7,5,1.5L-2.0L,Good
4065,Toyota,Urban Cruiser,2022,Petrol,Manual,1400000.0,24.6,1200,7,17900.0,14.0,17.9,2,1.0L-1.5L,Good
4066,Skoda,Superb,2018,Petrol,Manual,3060000.0,11.5,2000,6,19100.0,30.6,19.1,6,1.5L-2.0L,Low
4067,Skoda,Kushaq,2019,CNG,Automatic,970000.0,16.4,1200,5,18500.0,9.7,18.5,5,1.0L-1.5L,Average
4068,Tata Motors,Nexon,2015,CNG,Manual,2160000.0,16.2,2500,7,9500.0,21.6,9.5,9,2.0L-3.0L,Average
4069,Skoda,Kushaq,2016,CNG,Manual,470000.0,17.4,1800,4,12700.0,4.7,12.7,8,1.5L-2.0L,Average
4070,Kia,Carnival,2024,Petrol,Manual,1750000.0,21.8,2000,6,20900.0,17.5,20.9,0,1.5L-2.0L,Good
4071,Toyota,Urban Cruiser,2017,Diesel,Manual,2400000.0,26.2,2500,6,17800.0,24.0,17.8,7,2.0L-3.0L,Excellent
4072,Hyundai,i20,2017,Electric,Automatic,1250000.0,21.2,1500,7,8900.0,12.5,8.9,7,1.0L-1.5L,Good
4073,Maruti Suzuki,WagonR,2021,CNG,Manual,1660000.0,23.8,2500,7,12500.0,16.6,12.5,3,2.0L-3.0L,Good
4074,Kia,EV6,2023,Diesel,Manual,3330000.0,13.8,800,5,12300.0,33.3,12.3,1,Below 1.0L,Low
4075,Volkswagen,Vento,2024,Diesel,Manual,2680000.0,13.1,1200,7,22800.0,26.8,22.8,0,1.0L-1.5L,Low
4076,Toyota,Innova,2021,Diesel,Automatic,3130000.0,14.4,1500,4,13400.0,31.3,13.4,3,1.0L-1.5L,Low
4077,Honda,Amaze,2016,Diesel,Automatic,2850000.0,20.9,800,4,21000.0,28.5,21.0,8,Below 1.0L,Good
4078,Tata Motors,Altroz,2017,Electric,Automatic,1670000.0,13.7,2000,6,21900.0,16.7,21.9,7,1.5L-2.0L,Low
4079,Tata Motors,Tiago,2022,CNG,Manual,3400000.0,16.6,1000,4,6800.0,34.0,6.8,2,Below 1.0L,Average
4080,Toyota,Camry,2023,Electric,Automatic,1990000.0,13.6,800,5,24700.0,19.9,24.7,1,Below 1.0L,Low
4081,Honda,Amaze,2019,Diesel,Manual,740000.0,21.3,2500,7,19400.0,7.4,19.4,5,2.0L-3.0L,Good
4082,Mahindra,XUV300,2017,Petrol,Manual,3390000.0,11.1,2500,6,16900.0,33.9,16.9,7,2.0L-3.0L,Low
4083,Honda,Civic,2024,Electric,Manual,2570000.0,23.4,1000,7,21100.0,25.7,21.1,0,Below 1.0L,Good
4084,Skoda,Superb,2020,CNG,Automatic,1980000.0,23.3,1500,5,19300.0,19.8,19.3,4,1.0L-1.5L,Good
4085,Skoda,Octavia,2021,Diesel,Manual,2550000.0,24.5,1800,4,13300.0,25.5,13.3,3,1.5L-2.0L,Good
4086,Volkswagen,Polo,2016,Diesel,Manual,1300000.0,30.0,2000,6,14300.0,13.0,14.3,8,1.5L-2.0L,Excellent
4087,Honda,City,2020,Diesel,Automatic,2570000.0,12.4,2500,6,5200.0,25.7,5.2,4,2.0L-3.0L,Low
4088,Maruti Suzuki,WagonR,2021,Petrol,Automatic,2130000.0,30.0,800,6,13800.0,21.3,13.8,3,Below 1.0L,Excellent
4089,Mahindra,Scorpio,2017,CNG,Automatic,2990000.0,25.1,800,6,16900.0,29.9,16.9,7,Below 1.0L,Excellent
4090,Tata Motors,Tiago,2023,Diesel,Automatic,1970000.0,28.6,1200,4,17300.0,19.7,17.3,1,1.0L-1.5L,Excellent
4091,Toyota,Innova,2024,Petrol,Manual,2770000.0,27.4,800,6,16900.0,27.7,16.9,0,Below 1.0L,Excellent
4092,Mahindra,Thar,2015,Petrol,Manual,440000.0,24.4,1500,6,13200.0,4.4,13.2,9,1.0L-1.5L,Good
4093,Tata Motors,Punch,2019,Diesel,Manual,2070000.0,12.0,1200,6,25000.0,20.7,25.0,5,1.0L-1.5L,Low
4094,Kia,Carnival,2021,Diesel,Automatic,1090000.0,12.5,2000,4,13400.0,10.9,13.4,3,1.5L-2.0L,Low
4095,Hyundai,i10,2015,Petrol,Automatic,3070000.0,23.8,1500,6,10200.0,30.7,10.2,9,1.0L-1.5L,Good
4096,Mahindra,XUV700,2020,Diesel,Manual,1200000.0,22.8,2500,4,9100.0,12.0,9.1,4,2.0L-3.0L,Good
4097,Honda,Amaze,2020,CNG,Manual,1260000.0,11.9,1500,4,23900.0,12.6,23.9,4,1.0L-1.5L,Low
4098,Tata Motors,Harrier,2019,Petrol,Automatic,1150000.0,27.0,1500,5,8300.0,11.5,8.3,5,1.0L-1.5L,Excellent
4099,Volkswagen,Virtus,2017,Petrol,Manual,1120000.0,16.0,1500,6,14000.0,11.2,14.0,7,1.0L-1.5L,Average
4100,Honda,City,2019,CNG,Manual,1560000.0,20.8,1200,6,5700.0,15.6,5.7,5,1.0L-1.5L,Good
4101,Renault,Kwid,2018,Diesel,Manual,1390000.0,14.3,2000,5,17600.0,13.9,17.6,6,1.5L-2.0L,Low
4102,Skoda,Superb,2023,CNG,Manual,3120000.0,25.6,1800,4,11700.0,31.2,11.7,1,1.5L-2.0L,Excellent
4103,Hyundai,i10,2018,Electric,Manual,1050000.0,24.5,2000,7,20900.0,10.5,20.9,6,1.5L-2.0L,Good
4104,Toyota,Innova,2020,Electric,Manual,3110000.0,23.5,800,6,18100.0,31.1,18.1,4,Below 1.0L,Good
4105,Skoda,Superb,2017,Petrol,Manual,780000.0,28.9,1000,4,22400.0,7.8,22.4,7,Below 1.0L,Excellent
4106,Mahindra,Thar,2018,Electric,Manual,2100000.0,22.2,2500,7,6100.0,21.0,6.1,6,2.0L-3.0L,Good
4107,Kia,Sonet,2023,Petrol,Manual,2940000.0,29.8,800,6,21800.0,29.4,21.8,1,Below 1.0L,Excellent
4108,Honda,Amaze,2016,Diesel,Manual,1610000.0,15.7,800,4,14200.0,16.1,14.2,8,Below 1.0L,Average
4109,Toyota,Camry,2022,Electric,Automatic,3440000.0,28.5,1800,6,19900.0,34.4,19.9,2,1.5L-2.0L,Excellent
4110,Mahindra,Thar,2016,CNG,Automatic,2930000.0,16.6,1800,7,9400.0,29.3,9.4,8,1.5L-2.0L,Average
4111,Tata Motors,Altroz,2019,CNG,Manual,2040000.0,19.3,2000,7,10600.0,20.4,10.6,5,1.5L-2.0L,Average
4112,Renault,Triber,2020,CNG,Manual,1180000.0,14.0,1000,5,14100.0,11.8,14.1,4,Below 1.0L,Low
4113,Hyundai,Venue,2019,Electric,Automatic,1180000.0,29.8,2000,7,16100.0,11.8,16.1,5,1.5L-2.0L,Excellent
4114,Tata Motors,Harrier,2018,Petrol,Manual,1160000.0,27.8,2500,6,8500.0,11.6,8.5,6,2.0L-3.0L,Excellent
4115,Skoda,Superb,2024,Petrol,Automatic,2640000.0,12.3,1800,6,6300.0,26.4,6.3,0,1.5L-2.0L,Low
4116,Tata Motors,Harrier,2021,Electric,Manual,440000.0,21.3,2500,4,23200.0,4.4,23.2,3,2.0L-3.0L,Good
4117,Tata Motors,Nexon,2023,CNG,Automatic,840000.0,16.5,1200,5,24500.0,8.4,24.5,1,1.0L-1.5L,Average
4118,Volkswagen,Vento,2015,Petrol,Automatic,2720000.0,18.0,2000,6,20600.0,27.2,20.6,9,1.5L-2.0L,Average
4119,Mahindra,Scorpio,2018,Petrol,Manual,2860000.0,22.2,2500,6,7500.0,28.6,7.5,6,2.0L-3.0L,Good
4120,Tata Motors,Harrier,2019,Electric,Manual,2020000.0,29.7,2500,5,12200.0,20.2,12.2,5,2.0L-3.0L,Excellent
4121,Honda,Civic,2021,Electric,Automatic,2070000.0,15.4,2000,7,6100.0,20.7,6.1,3,1.5L-2.0L,Average
4122,Volkswagen,Vento,2022,Electric,Automatic,1290000.0,22.4,2500,5,17600.0,12.9,17.6,2,2.0L-3.0L,Good
4123,Honda,City,2019,Petrol,Manual,3470000.0,20.0,1000,4,22100.0,34.7,22.1,5,Below 1.0L,Average
4124,Toyota,Glanza,2024,CNG,Manual,2690000.0,14.4,1800,4,8500.0,26.9,8.5,0,1.5L-2.0L,Low
4125,Maruti Suzuki,Ertiga,2017,CNG,Manual,790000.0,22.9,1800,4,23800.0,7.9,23.8,7,1.5L-2.0L,Good
4126,Kia,Carnival,2019,Electric,Manual,1510000.0,11.1,1200,6,14700.0,15.1,14.7,5,1.0L-1.5L,Low
4127,Hyundai,Creta,2018,CNG,Manual,530000.0,29.1,1800,7,19200.0,5.3,19.2,6,1.5L-2.0L,Excellent
4128,Mahindra,XUV700,2024,CNG,Automatic,900000.0,20.3,1500,7,12600.0,9.0,12.6,0,1.0L-1.5L,Good
4129,Skoda,Octavia,2017,Diesel,Manual,2610000.0,26.4,2000,7,9000.0,26.1,9.0,7,1.5L-2.0L,Excellent
4130,Skoda,Slavia,2024,CNG,Automatic,2270000.0,17.7,800,5,12000.0,22.7,12.0,0,Below 1.0L,Average
4131,Skoda,Kushaq,2022,Electric,Automatic,3320000.0,28.1,1200,6,5200.0,33.2,5.2,2,1.0L-1.5L,Excellent
4132,Honda,Jazz,2020,Diesel,Manual,2030000.0,21.5,2500,4,14100.0,20.3,14.1,4,2.0L-3.0L,Good
4133,Mahindra,Thar,2018,CNG,Manual,1990000.0,20.2,2000,4,17000.0,19.9,17.0,6,1.5L-2.0L,Good
4134,Tata Motors,Punch,2020,Petrol,Manual,1170000.0,22.9,2000,5,14800.0,11.7,14.8,4,1.5L-2.0L,Good
4135,Skoda,Octavia,2018,Petrol,Manual,1400000.0,15.4,1500,5,12600.0,14.0,12.6,6,1.0L-1.5L,Average
4136,Skoda,Octavia,2023,Diesel,Manual,1950000.0,25.5,1000,4,8400.0,19.5,8.4,1,Below 1.0L,Excellent
4137,Mahindra,Thar,2019,Diesel,Automatic,610000.0,20.3,1000,5,14400.0,6.1,14.4,5,Below 1.0L,Good
4138,Kia,Carnival,2015,Electric,Automatic,540000.0,13.3,2000,5,24800.0,5.4,24.8,9,1.5L-2.0L,Low
4139,Tata Motors,Harrier,2016,CNG,Automatic,660000.0,17.0,2500,6,9200.0,6.6,9.2,8,2.0L-3.0L,Average
4140,Skoda,Superb,2015,CNG,Automatic,1250000.0,12.7,2500,6,9900.0,12.5,9.9,9,2.0L-3.0L,Low
4141,Toyota,Fortuner,2022,Electric,Manual,2880000.0,14.1,1200,6,12500.0,28.8,12.5,2,1.0L-1.5L,Low
4142,Skoda,Superb,2022,Diesel,Automatic,1960000.0,14.5,1800,6,22600.0,19.6,22.6,2,1.5L-2.0L,Low
4143,Honda,Amaze,2018,Diesel,Manual,2190000.0,11.8,1000,6,8500.0,21.9,8.5,6,Below 1.0L,Low
4144,Kia,Sonet,2018,Diesel,Manual,490000.0,24.6,1000,4,8200.0,4.9,8.2,6,Below 1.0L,Good
4145,Skoda,Superb,2023,Diesel,Automatic,3410000.0,15.7,1200,6,15600.0,34.1,15.6,1,1.0L-1.5L,Average
4146,Mahindra,Scorpio,2020,Diesel,Automatic,2520000.0,21.1,1800,6,9000.0,25.2,9.0,4,1.5L-2.0L,Good
4147,Tata Motors,Punch,2015,Electric,Automatic,2710000.0,16.4,800,6,10300.0,27.1,10.3,9,Below 1.0L,Average
4148,Maruti Suzuki,Dzire,2023,Electric,Automatic,3250000.0,20.5,1500,7,21800.0,32.5,21.8,1,1.0L-1.5L,Good
4149,Mahindra,Bolero,2015,Diesel,Manual,1290000.0,15.0,2000,5,8100.0,12.9,8.1,9,1.5L-2.0L,Low
4150,Maruti Suzuki,Ertiga,2020,CNG,Automatic,1990000.0,22.9,1500,4,12700.0,19.9,12.7,4,1.0L-1.5L,Good
4151,Kia,Carens,2018,Diesel,Automatic,1690000.0,22.5,2000,4,16400.0,16.9,16.4,6,1.5L-2.0L,Good
4152,Honda,Jazz,2017,Petrol,Automatic,1570000.0,23.3,1800,4,18500.0,15.7,18.5,7,1.5L-2.0L,Good
4153,Maruti Suzuki,Baleno,2019,CNG,Manual,1700000.0,26.4,2500,5,22100.0,17.0,22.1,5,2.0L-3.0L,Excellent
4154,Mahindra,Bolero,2017,Diesel,Manual,3290000.0,21.1,1000,5,12200.0,32.9,12.2,7,Below 1.0L,Good
4155,Maruti Suzuki,Dzire,2020,Electric,Manual,1670000.0,21.7,800,5,23500.0,16.7,23.5,4,Below 1.0L,Good
4156,Renault,Lodgy,2023,Petrol,Manual,1840000.0,16.8,1200,7,16300.0,18.4,16.3,1,1.0L-1.5L,Average
4157,Honda,Jazz,2016,Petrol,Automatic,840000.0,21.3,1200,6,9000.0,8.4,9.0,8,1.0L-1.5L,Good
4158,Maruti Suzuki,Baleno,2021,Petrol,Manual,2790000.0,23.5,1500,6,11800.0,27.9,11.8,3,1.0L-1.5L,Good
4159,Mahindra,Scorpio,2019,Petrol,Automatic,3330000.0,14.6,800,5,8400.0,33.3,8.4,5,Below 1.0L,Low
4160,Hyundai,Venue,2022,Electric,Manual,2200000.0,24.2,800,4,11900.0,22.0,11.9,2,Below 1.0L,Good
4161,Honda,Jazz,2017,Petrol,Automatic,3450000.0,29.4,1500,6,7600.0,34.5,7.6,7,1.0L-1.5L,Excellent
4162,Mahindra,Bolero,2021,Petrol,Manual,2250000.0,10.9,1200,5,21700.0,22.5,21.7,3,1.0L-1.5L,Low
4163,Renault,Kwid,2020,CNG,Manual,1910000.0,18.4,1200,4,18800.0,19.1,18.8,4,1.0L-1.5L,Average
4164,Tata Motors,Punch,2024,Diesel,Automatic,1860000.0,11.3,1500,5,19800.0,18.6,19.8,0,1.0L-1.5L,Low
4165,Tata Motors,Altroz,2019,Petrol,Automatic,2810000.0,18.6,1500,7,23400.0,28.1,23.4,5,1.0L-1.5L,Average
4166,Tata Motors,Harrier,2021,Electric,Automatic,2500000.0,17.2,2000,4,20100.0,25.0,20.1,3,1.5L-2.0L,Average
4167,Tata Motors,Tiago,2021,Electric,Automatic,2600000.0,19.2,800,4,15400.0,26.0,15.4,3,Below 1.0L,Average
4168,Toyota,Fortuner,2015,Petrol,Automatic,1190000.0,16.0,2500,5,24200.0,11.9,24.2,9,2.0L-3.0L,Average
4169,Kia,Carnival,2018,Petrol,Automatic,510000.0,24.3,2500,7,23800.0,5.1,23.8,6,2.0L-3.0L,Good
4170,Mahindra,Bolero,2015,Diesel,Manual,1150000.0,26.1,1000,7,24700.0,11.5,24.7,9,Below 1.0L,Excellent
4171,Skoda,Kushaq,2016,Diesel,Manual,2460000.0,22.6,2500,7,20800.0,24.6,20.8,8,2.0L-3.0L,Good
4172,Mahindra,XUV700,2020,Electric,Manual,1930000.0,20.6,2500,5,11200.0,19.3,11.2,4,2.0L-3.0L,Good
4173,Maruti Suzuki,Dzire,2017,Petrol,Automatic,870000.0,16.9,2500,5,11400.0,8.7,11.4,7,2.0L-3.0L,Average
4174,Toyota,Camry,2020,Petrol,Manual,1690000.0,14.9,1000,4,9000.0,16.9,9.0,4,Below 1.0L,Low
4175,Volkswagen,Tiguan,2017,Petrol,Automatic,2800000.0,26.8,800,6,23500.0,28.0,23.5,7,Below 1.0L,Excellent
4176,Hyundai,i20,2023,Diesel,Automatic,2780000.0,12.4,1800,7,7300.0,27.8,7.3,1,1.5L-2.0L,Low
4177,Renault,Kiger,2021,CNG,Automatic,3140000.0,25.5,1800,7,19200.0,31.4,19.2,3,1.5L-2.0L,Excellent
4178,Hyundai,Creta,2019,Petrol,Automatic,1860000.0,16.2,1500,4,6700.0,18.6,6.7,5,1.0L-1.5L,Average
4179,Toyota,Camry,2015,CNG,Automatic,1940000.0,16.3,2500,6,17500.0,19.4,17.5,9,2.0L-3.0L,Average
4180,Kia,Sonet,2016,Petrol,Manual,1140000.0,14.5,1500,7,10600.0,11.4,10.6,8,1.0L-1.5L,Low
4181,Kia,EV6,2019,CNG,Manual,2270000.0,16.3,800,5,5300.0,22.7,5.3,5,Below 1.0L,Average
4182,Skoda,Rapid,2021,Petrol,Automatic,2040000.0,13.2,1500,7,9900.0,20.4,9.9,3,1.0L-1.5L,Low
4183,Toyota,Glanza,2017,Electric,Automatic,1920000.0,19.2,800,4,22600.0,19.2,22.6,7,Below 1.0L,Average
4184,Kia,Seltos,2015,CNG,Automatic,1550000.0,18.4,1500,6,18200.0,15.5,18.2,9,1.0L-1.5L,Average
4185,Tata Motors,Tiago,2018,CNG,Automatic,410000.0,24.2,800,7,7800.0,4.1,7.8,6,Below 1.0L,Good
4186,Mahindra,Thar,2018,CNG,Manual,800000.0,28.9,1000,4,9700.0,8.0,9.7,6,Below 1.0L,Excellent
4187,Tata Motors,Nexon,2022,CNG,Manual,600000.0,24.5,2500,5,10800.0,6.0,10.8,2,2.0L-3.0L,Good
4188,Hyundai,Verna,2022,Petrol,Manual,1990000.0,26.0,1800,7,24400.0,19.9,24.4,2,1.5L-2.0L,Excellent
4189,Maruti Suzuki,Dzire,2017,Diesel,Automatic,1650000.0,16.5,2500,5,18200.0,16.5,18.2,7,2.0L-3.0L,Average
4190,Kia,Carnival,2024,Diesel,Manual,1540000.0,23.8,1800,4,17400.0,15.4,17.4,0,1.5L-2.0L,Good
4191,Kia,EV6,2016,Electric,Manual,1860000.0,21.1,1200,5,17400.0,18.6,17.4,8,1.0L-1.5L,Good
4192,Maruti Suzuki,Baleno,2023,Electric,Manual,1980000.0,27.5,800,7,6600.0,19.8,6.6,1,Below 1.0L,Excellent
4193,Kia,Sonet,2020,Petrol,Automatic,2230000.0,28.8,1000,5,12900.0,22.3,12.9,4,Below 1.0L,Excellent
4194,Hyundai,Venue,2015,Electric,Automatic,2750000.0,16.3,2000,6,8100.0,27.5,8.1,9,1.5L-2.0L,Average
4195,Volkswagen,Polo,2020,Diesel,Manual,2220000.0,29.3,1200,7,6100.0,22.2,6.1,4,1.0L-1.5L,Excellent
4196,Tata Motors,Altroz,2016,Petrol,Manual,1280000.0,29.7,1000,4,13700.0,12.8,13.7,8,Below 1.0L,Excellent
4197,Kia,EV6,2019,CNG,Automatic,1150000.0,15.9,1800,5,24900.0,11.5,24.9,5,1.5L-2.0L,Average
4198,Volkswagen,Virtus,2017,CNG,Automatic,660000.0,13.7,1500,4,7700.0,6.6,7.7,7,1.0L-1.5L,Low
4199,Toyota,Fortuner,2016,Electric,Manual,1390000.0,30.0,1500,4,7100.0,13.9,7.1,8,1.0L-1.5L,Excellent
4200,Toyota,Glanza,2018,CNG,Manual,1720000.0,20.8,1500,5,10400.0,17.2,10.4,6,1.0L-1.5L,Good
4201,Renault,Kiger,2015,Diesel,Automatic,1340000.0,17.1,1000,6,9300.0,13.4,9.3,9,Below 1.0L,Average
4202,Renault,Duster,2019,Petrol,Manual,1030000.0,19.9,1500,4,17500.0,10.3,17.5,5,1.0L-1.5L,Average
4203,Hyundai,Verna,2023,Petrol,Automatic,1580000.0,23.5,800,7,7600.0,15.8,7.6,1,Below 1.0L,Good
4204,Maruti Suzuki,Ertiga,2015,Diesel,Manual,2530000.0,16.7,800,6,12100.0,25.3,12.1,9,Below 1.0L,Average
4205,Toyota,Glanza,2019,CNG,Automatic,840000.0,27.0,1500,4,24600.0,8.4,24.6,5,1.0L-1.5L,Excellent
4206,Tata Motors,Harrier,2019,Petrol,Manual,2040000.0,15.8,1200,7,11300.0,20.4,11.3,5,1.0L-1.5L,Average
4207,Skoda,Superb,2022,Electric,Manual,3020000.0,21.0,1500,6,13500.0,30.2,13.5,2,1.0L-1.5L,Good
4208,Honda,WR-V,2024,Petrol,Automatic,780000.0,21.6,800,6,15700.0,7.8,15.7,0,Below 1.0L,Good
4209,Hyundai,Creta,2019,CNG,Automatic,900000.0,17.3,2500,5,13400.0,9.0,13.4,5,2.0L-3.0L,Average
4210,Volkswagen,Polo,2020,Petrol,Manual,1090000.0,20.9,2500,4,6100.0,10.9,6.1,4,2.0L-3.0L,Good
4211,Honda,Civic,2023,CNG,Manual,800000.0,24.2,1200,7,17500.0,8.0,17.5,1,1.0L-1.5L,Good
4212,Volkswagen,Tiguan,2017,Electric,Automatic,1270000.0,11.1,1200,5,8000.0,12.7,8.0,7,1.0L-1.5L,Low
4213,Toyota,Innova,2019,CNG,Automatic,3170000.0,24.1,2000,6,20200.0,31.7,20.2,5,1.5L-2.0L,Good
4214,Honda,WR-V,2021,Diesel,Manual,1350000.0,23.2,1500,7,15800.0,13.5,15.8,3,1.0L-1.5L,Good
4215,Mahindra,XUV700,2015,Electric,Automatic,1500000.0,13.6,2500,4,19900.0,15.0,19.9,9,2.0L-3.0L,Low
4216,Toyota,Innova,2023,Petrol,Automatic,1170000.0,13.9,2000,7,15400.0,11.7,15.4,1,1.5L-2.0L,Low
4217,Toyota,Urban Cruiser,2024,CNG,Automatic,2110000.0,15.3,2500,4,22500.0,21.1,22.5,0,2.0L-3.0L,Average
4218,Honda,Amaze,2024,CNG,Automatic,1960000.0,26.9,1200,6,12700.0,19.6,12.7,0,1.0L-1.5L,Excellent
4219,Renault,Lodgy,2022,Electric,Manual,2830000.0,27.9,1000,5,10300.0,28.3,10.3,2,Below 1.0L,Excellent
4220,Hyundai,Verna,2020,Electric,Automatic,1770000.0,26.2,1800,7,9000.0,17.7,9.0,4,1.5L-2.0L,Excellent
4221,Skoda,Octavia,2015,Electric,Automatic,2350000.0,13.5,1800,6,23100.0,23.5,23.1,9,1.5L-2.0L,Low
4222,Renault,Kiger,2016,Electric,Automatic,1390000.0,15.8,1500,4,18300.0,13.9,18.3,8,1.0L-1.5L,Average
4223,Kia,Carens,2019,Diesel,Automatic,2050000.0,19.9,2500,6,16500.0,20.5,16.5,5,2.0L-3.0L,Average
4224,Tata Motors,Tiago,2024,CNG,Manual,1930000.0,19.6,2500,4,21100.0,19.3,21.1,0,2.0L-3.0L,Average
4225,Toyota,Innova,2017,Electric,Manual,2900000.0,23.1,1000,4,11700.0,29.0,11.7,7,Below 1.0L,Good
4226,Volkswagen,Taigun,2017,Electric,Automatic,2840000.0,29.0,1800,6,20100.0,28.4,20.1,7,1.5L-2.0L,Excellent
4227,Hyundai,i20,2016,Diesel,Manual,3240000.0,19.8,2000,5,17500.0,32.4,17.5,8,1.5L-2.0L,Average
4228,Honda,Amaze,2020,Diesel,Manual,570000.0,14.2,1500,4,17600.0,5.7,17.6,4,1.0L-1.5L,Low
4229,Mahindra,Scorpio,2018,Petrol,Manual,2680000.0,28.6,2000,4,8700.0,26.8,8.7,6,1.5L-2.0L,Excellent
4230,Volkswagen,Vento,2023,Electric,Manual,1730000.0,13.9,2500,5,11700.0,17.3,11.7,1,2.0L-3.0L,Low
4231,Volkswagen,Polo,2017,Diesel,Manual,2870000.0,15.4,1800,5,15900.0,28.7,15.9,7,1.5L-2.0L,Average
4232,Volkswagen,Polo,2017,CNG,Automatic,1650000.0,23.1,1500,4,19900.0,16.5,19.9,7,1.0L-1.5L,Good
4233,Volkswagen,Tiguan,2023,Diesel,Automatic,1940000.0,21.6,1000,7,14000.0,19.4,14.0,1,Below 1.0L,Good
4234,Volkswagen,Tiguan,2024,Diesel,Manual,580000.0,23.6,1500,4,18600.0,5.8,18.6,0,1.0L-1.5L,Good
4235,Skoda,Slavia,2016,CNG,Automatic,1170000.0,17.1,1800,4,13000.0,11.7,13.0,8,1.5L-2.0L,Average
4236,Mahindra,Bolero,2016,CNG,Automatic,3070000.0,23.5,800,4,11700.0,30.7,11.7,8,Below 1.0L,Good
4237,Tata Motors,Altroz,2020,Petrol,Manual,2050000.0,29.2,2500,4,11300.0,20.5,11.3,4,2.0L-3.0L,Excellent
4238,Maruti Suzuki,Ertiga,2018,CNG,Automatic,2010000.0,23.2,1000,5,14300.0,20.1,14.3,6,Below 1.0L,Good
4239,Toyota,Camry,2020,Electric,Manual,2910000.0,20.5,1800,5,19300.0,29.1,19.3,4,1.5L-2.0L,Good
4240,Toyota,Urban Cruiser,2016,Petrol,Automatic,1710000.0,10.2,1200,4,23600.0,17.1,23.6,8,1.0L-1.5L,Low
4241,Volkswagen,Virtus,2019,CNG,Manual,1380000.0,18.8,1500,4,24500.0,13.8,24.5,5,1.0L-1.5L,Average
4242,Tata Motors,Tiago,2021,Electric,Manual,2920000.0,25.3,800,7,22900.0,29.2,22.9,3,Below 1.0L,Excellent
4243,Tata Motors,Harrier,2019,Petrol,Manual,2920000.0,22.9,2500,6,20700.0,29.2,20.7,5,2.0L-3.0L,Good
4244,Honda,Civic,2015,Electric,Manual,1900000.0,22.4,1000,4,15800.0,19.0,15.8,9,Below 1.0L,Good
4245,Skoda,Kushaq,2022,CNG,Automatic,2730000.0,12.3,1000,7,14900.0,27.3,14.9,2,Below 1.0L,Low
4246,Hyundai,Creta,2015,Electric,Manual,2050000.0,23.4,1800,4,11800.0,20.5,11.8,9,1.5L-2.0L,Good
4247,Mahindra,Thar,2018,Electric,Manual,890000.0,15.6,800,7,7100.0,8.9,7.1,6,Below 1.0L,Average
4248,Tata Motors,Harrier,2023,Petrol,Automatic,930000.0,22.3,2500,5,22800.0,9.3,22.8,1,2.0L-3.0L,Good
4249,Maruti Suzuki,Ertiga,2016,Diesel,Automatic,2990000.0,24.5,1000,4,8100.0,29.9,8.1,8,Below 1.0L,Good
4250,Volkswagen,Taigun,2022,Electric,Manual,3220000.0,27.7,1200,4,23900.0,32.2,23.9,2,1.0L-1.5L,Excellent
4251,Honda,Jazz,2019,Electric,Automatic,1880000.0,21.8,2500,6,24600.0,18.8,24.6,5,2.0L-3.0L,Good
4252,Renault,Lodgy,2015,Diesel,Automatic,3420000.0,10.6,1500,7,17000.0,34.2,17.0,9,1.0L-1.5L,Low
4253,Honda,Amaze,2020,CNG,Manual,2420000.0,25.4,1000,4,6800.0,24.2,6.8,4,Below 1.0L,Excellent
4254,Toyota,Glanza,2020,Diesel,Automatic,750000.0,26.1,1000,5,20100.0,7.5,20.1,4,Below 1.0L,Excellent
4255,Kia,Seltos,2022,Electric,Manual,650000.0,18.7,1500,6,15700.0,6.5,15.7,2,1.0L-1.5L,Average
4256,Honda,Amaze,2024,Diesel,Manual,1690000.0,19.8,2500,5,20100.0,16.9,20.1,0,2.0L-3.0L,Average
4257,Mahindra,Bolero,2015,CNG,Manual,1970000.0,11.9,800,4,20400.0,19.7,20.4,9,Below 1.0L,Low
4258,Maruti Suzuki,Baleno,2015,Petrol,Manual,1120000.0,11.2,2500,4,18500.0,11.2,18.5,9,2.0L-3.0L,Low
4259,Mahindra,Bolero,2021,Diesel,Manual,530000.0,29.2,1500,6,17700.0,5.3,17.7,3,1.0L-1.5L,Excellent
4260,Volkswagen,Polo,2021,Electric,Manual,2550000.0,21.8,1000,7,10200.0,25.5,10.2,3,Below 1.0L,Good
4261,Toyota,Camry,2016,Diesel,Manual,2240000.0,15.7,1000,7,16200.0,22.4,16.2,8,Below 1.0L,Average
4262,Volkswagen,Taigun,2015,Diesel,Manual,1480000.0,18.7,800,7,23800.0,14.8,23.8,9,Below 1.0L,Average
4263,Renault,Triber,2017,Diesel,Manual,1470000.0,19.6,1500,5,5200.0,14.7,5.2,7,1.0L-1.5L,Average
4264,Skoda,Kushaq,2021,Diesel,Automatic,1120000.0,14.4,1500,6,9600.0,11.2,9.6,3,1.0L-1.5L,Low
4265,Maruti Suzuki,Baleno,2024,CNG,Manual,3460000.0,18.0,1500,4,20700.0,34.6,20.7,0,1.0L-1.5L,Average
4266,Hyundai,i20,2023,Diesel,Automatic,2120000.0,21.8,1200,5,8200.0,21.2,8.2,1,1.0L-1.5L,Good
4267,Honda,Jazz,2018,Diesel,Manual,400000.0,17.3,1500,6,13100.0,4.0,13.1,6,1.0L-1.5L,Average
4268,Mahindra,Thar,2024,Petrol,Manual,2820000.0,25.4,1200,7,11700.0,28.2,11.7,0,1.0L-1.5L,Excellent
4269,Mahindra,XUV300,2021,Petrol,Manual,2670000.0,21.9,1000,6,15200.0,26.7,15.2,3,Below 1.0L,Good
4270,Maruti Suzuki,Dzire,2022,CNG,Automatic,2180000.0,14.9,1200,5,11400.0,21.8,11.4,2,1.0L-1.5L,Low
4271,Toyota,Innova,2022,Electric,Automatic,2170000.0,14.4,800,7,23000.0,21.7,23.0,2,Below 1.0L,Low
4272,Skoda,Kushaq,2017,Electric,Manual,710000.0,18.4,2000,5,9900.0,7.1,9.9,7,1.5L-2.0L,Average
4273,Honda,Jazz,2024,CNG,Manual,790000.0,28.6,1200,4,19800.0,7.9,19.8,0,1.0L-1.5L,Excellent
4274,Volkswagen,Tiguan,2021,Electric,Automatic,1200000.0,11.1,1800,4,5900.0,12.0,5.9,3,1.5L-2.0L,Low
4275,Honda,Jazz,2024,CNG,Manual,3340000.0,20.8,2500,7,19800.0,33.4,19.8,0,2.0L-3.0L,Good
4276,Toyota,Innova,2015,CNG,Manual,1160000.0,26.2,2000,4,22200.0,11.6,22.2,9,1.5L-2.0L,Excellent
4277,Honda,Amaze,2023,Petrol,Manual,700000.0,23.8,2500,4,11700.0,7.0,11.7,1,2.0L-3.0L,Good
4278,Skoda,Slavia,2016,Petrol,Automatic,2550000.0,23.9,1500,5,21200.0,25.5,21.2,8,1.0L-1.5L,Good
4279,Tata Motors,Harrier,2015,CNG,Automatic,3170000.0,24.3,1200,5,18100.0,31.7,18.1,9,1.0L-1.5L,Good
4280,Skoda,Slavia,2021,Petrol,Automatic,2320000.0,29.3,1500,6,5100.0,23.2,5.1,3,1.0L-1.5L,Excellent
4281,Volkswagen,Polo,2022,CNG,Automatic,2220000.0,24.0,800,5,15500.0,22.2,15.5,2,Below 1.0L,Good
4282,Toyota,Camry,2023,CNG,Automatic,1350000.0,23.0,1200,4,15600.0,13.5,15.6,1,1.0L-1.5L,Good
4283,Volkswagen,Taigun,2018,Petrol,Automatic,2730000.0,20.9,1000,4,8700.0,27.3,8.7,6,Below 1.0L,Good
4284,Maruti Suzuki,Swift,2023,CNG,Manual,2710000.0,24.1,1800,5,18100.0,27.1,18.1,1,1.5L-2.0L,Good
4285,Toyota,Innova,2016,Petrol,Manual,1130000.0,28.0,2000,5,10400.0,11.3,10.4,8,1.5L-2.0L,Excellent
4286,Maruti Suzuki,Dzire,2023,Diesel,Manual,1170000.0,24.2,1500,6,23900.0,11.7,23.9,1,1.0L-1.5L,Good
4287,Volkswagen,Taigun,2015,Petrol,Automatic,880000.0,27.1,1200,6,20600.0,8.8,20.6,9,1.0L-1.5L,Excellent
4288,Maruti Suzuki,Ertiga,2023,Electric,Automatic,2310000.0,15.1,1800,4,10400.0,23.1,10.4,1,1.5L-2.0L,Average
4289,Toyota,Innova,2021,CNG,Manual,1210000.0,20.1,1800,4,13500.0,12.1,13.5,3,1.5L-2.0L,Good
4290,Maruti Suzuki,Baleno,2017,Diesel,Automatic,1830000.0,22.8,1500,5,10500.0,18.3,10.5,7,1.0L-1.5L,Good
4291,Toyota,Fortuner,2022,Electric,Automatic,1980000.0,29.5,2500,4,11100.0,19.8,11.1,2,2.0L-3.0L,Excellent
4292,Honda,City,2016,CNG,Manual,2320000.0,18.6,800,6,16800.0,23.2,16.8,8,Below 1.0L,Average
4293,Honda,Jazz,2018,Electric,Manual,2520000.0,16.3,2000,7,21200.0,25.2,21.2,6,1.5L-2.0L,Average
4294,Toyota,Fortuner,2023,Electric,Manual,2260000.0,16.5,1000,7,10500.0,22.6,10.5,1,Below 1.0L,Average
4295,Honda,Jazz,2015,CNG,Automatic,2130000.0,17.9,1000,6,12200.0,21.3,12.2,9,Below 1.0L,Average
4296,Volkswagen,Vento,2016,Petrol,Manual,2150000.0,19.0,1200,6,16900.0,21.5,16.9,8,1.0L-1.5L,Average
4297,Renault,Duster,2022,Diesel,Manual,2460000.0,25.8,1200,6,25000.0,24.6,25.0,2,1.0L-1.5L,Excellent
4298,Honda,Civic,2021,Diesel,Automatic,2450000.0,28.2,1500,7,16200.0,24.5,16.2,3,1.0L-1.5L,Excellent
4299,Hyundai,i20,2023,Diesel,Automatic,2650000.0,26.4,2000,4,6300.0,26.5,6.3,1,1.5L-2.0L,Excellent
4300,Hyundai,Venue,2020,CNG,Automatic,1850000.0,20.0,800,4,5500.0,18.5,5.5,4,Below 1.0L,Average
4301,Honda,WR-V,2017,Electric,Automatic,440000.0,28.3,1000,6,13800.0,4.4,13.8,7,Below 1.0L,Excellent
4302,Kia,Sonet,2019,Electric,Manual,3090000.0,14.3,2000,7,19500.0,30.9,19.5,5,1.5L-2.0L,Low
4303,Honda,WR-V,2023,CNG,Manual,2780000.0,26.0,2000,4,22000.0,27.8,22.0,1,1.5L-2.0L,Excellent
4304,Renault,Lodgy,2020,Petrol,Manual,2250000.0,27.1,2500,5,5100.0,22.5,5.1,4,2.0L-3.0L,Excellent
4305,Toyota,Innova,2017,Diesel,Manual,1640000.0,11.7,1500,5,5700.0,16.4,5.7,7,1.0L-1.5L,Low
4306,Mahindra,Scorpio,2018,Petrol,Automatic,2590000.0,13.1,1000,4,16300.0,25.9,16.3,6,Below 1.0L,Low
4307,Maruti Suzuki,Dzire,2020,CNG,Manual,2260000.0,16.9,1200,5,14200.0,22.6,14.2,4,1.0L-1.5L,Average
4308,Mahindra,Bolero,2017,Diesel,Manual,2150000.0,13.7,1800,4,8500.0,21.5,8.5,7,1.5L-2.0L,Low
4309,Toyota,Glanza,2022,Petrol,Manual,1220000.0,18.2,1000,6,22600.0,12.2,22.6,2,Below 1.0L,Average
4310,Skoda,Kushaq,2022,Petrol,Automatic,1100000.0,15.1,1500,7,7700.0,11.0,7.7,2,1.0L-1.5L,Average
4311,Skoda,Octavia,2022,CNG,Automatic,2560000.0,28.8,2500,6,11000.0,25.6,11.0,2,2.0L-3.0L,Excellent
4312,Tata Motors,Punch,2024,Diesel,Manual,1880000.0,19.1,1000,5,20400.0,18.8,20.4,0,Below 1.0L,Average
4313,Maruti Suzuki,Baleno,2023,CNG,Manual,2000000.0,13.8,1500,4,17400.0,20.0,17.4,1,1.0L-1.5L,Low
4314,Hyundai,i20,2017,CNG,Automatic,1830000.0,15.2,2000,4,5700.0,18.3,5.7,7,1.5L-2.0L,Average
4315,Renault,Duster,2024,CNG,Manual,1390000.0,28.3,1800,5,23000.0,13.9,23.0,0,1.5L-2.0L,Excellent
4316,Honda,Jazz,2022,Petrol,Automatic,1950000.0,23.7,1500,4,15600.0,19.5,15.6,2,1.0L-1.5L,Good
4317,Renault,Lodgy,2024,Petrol,Automatic,1750000.0,20.1,800,5,22100.0,17.5,22.1,0,Below 1.0L,Good
4318,Mahindra,XUV700,2020,Petrol,Automatic,1210000.0,27.4,1800,5,6800.0,12.1,6.8,4,1.5L-2.0L,Excellent
4319,Honda,Amaze,2016,Electric,Manual,3360000.0,12.1,1800,7,9300.0,33.6,9.3,8,1.5L-2.0L,Low
4320,Renault,Kwid,2024,Diesel,Automatic,1790000.0,14.1,1000,7,13500.0,17.9,13.5,0,Below 1.0L,Low
4321,Hyundai,Verna,2015,CNG,Automatic,3470000.0,13.6,1200,7,9900.0,34.7,9.9,9,1.0L-1.5L,Low
4322,Mahindra,XUV300,2019,Diesel,Automatic,3300000.0,12.6,1800,7,23900.0,33.0,23.9,5,1.5L-2.0L,Low
4323,Kia,Seltos,2020,Diesel,Automatic,590000.0,12.2,1000,6,16100.0,5.9,16.1,4,Below 1.0L,Low
4324,Renault,Duster,2024,CNG,Automatic,2750000.0,15.1,1000,5,22400.0,27.5,22.4,0,Below 1.0L,Average
4325,Renault,Kwid,2019,Electric,Manual,1090000.0,29.1,1800,4,12500.0,10.9,12.5,5,1.5L-2.0L,Excellent
4326,Honda,Amaze,2021,CNG,Automatic,3460000.0,13.2,1800,7,20200.0,34.6,20.2,3,1.5L-2.0L,Low
4327,Skoda,Rapid,2024,Diesel,Manual,2110000.0,14.3,1200,5,13300.0,21.1,13.3,0,1.0L-1.5L,Low
4328,Skoda,Octavia,2015,Electric,Automatic,2950000.0,18.9,1200,5,23300.0,29.5,23.3,9,1.0L-1.5L,Average
4329,Volkswagen,Vento,2024,CNG,Manual,750000.0,15.6,2000,6,9500.0,7.5,9.5,0,1.5L-2.0L,Average
4330,Kia,Sonet,2020,Petrol,Manual,2690000.0,13.0,1500,7,25000.0,26.9,25.0,4,1.0L-1.5L,Low
4331,Tata Motors,Tiago,2019,CNG,Manual,2310000.0,29.4,800,7,16500.0,23.1,16.5,5,Below 1.0L,Excellent
4332,Renault,Kiger,2017,CNG,Manual,2500000.0,26.8,800,4,17800.0,25.0,17.8,7,Below 1.0L,Excellent
4333,Volkswagen,Vento,2021,Electric,Manual,2620000.0,24.2,2500,5,12700.0,26.2,12.7,3,2.0L-3.0L,Good
4334,Honda,City,2021,CNG,Automatic,3300000.0,28.8,2000,5,9700.0,33.0,9.7,3,1.5L-2.0L,Excellent
4335,Maruti Suzuki,Baleno,2019,Diesel,Manual,3420000.0,10.3,1500,5,19700.0,34.2,19.7,5,1.0L-1.5L,Low
4336,Honda,Civic,2015,Electric,Manual,1290000.0,24.1,2500,5,21000.0,12.9,21.0,9,2.0L-3.0L,Good
4337,Volkswagen,Virtus,2022,CNG,Manual,1290000.0,13.2,1000,4,10700.0,12.9,10.7,2,Below 1.0L,Low
4338,Toyota,Innova,2016,Electric,Automatic,2590000.0,15.0,1200,4,11500.0,25.9,11.5,8,1.0L-1.5L,Low
4339,Maruti Suzuki,WagonR,2015,Diesel,Manual,1200000.0,11.0,800,7,22700.0,12.0,22.7,9,Below 1.0L,Low
4340,Renault,Duster,2022,CNG,Automatic,3260000.0,19.5,1200,4,7300.0,32.6,7.3,2,1.0L-1.5L,Average
4341,Hyundai,i20,2019,Electric,Automatic,1710000.0,24.9,800,7,5200.0,17.1,5.2,5,Below 1.0L,Good
4342,Volkswagen,Virtus,2019,CNG,Manual,1610000.0,28.9,2500,4,9100.0,16.1,9.1,5,2.0L-3.0L,Excellent
4343,Volkswagen,Polo,2018,Diesel,Manual,680000.0,12.1,1500,4,20500.0,6.8,20.5,6,1.0L-1.5L,Low
4344,Toyota,Glanza,2023,Electric,Manual,2650000.0,28.7,1000,5,7100.0,26.5,7.1,1,Below 1.0L,Excellent
4345,Skoda,Kushaq,2019,CNG,Automatic,3430000.0,13.9,1800,7,20500.0,34.3,20.5,5,1.5L-2.0L,Low
4346,Tata Motors,Nexon,2022,Petrol,Automatic,520000.0,27.9,2000,7,17500.0,5.2,17.5,2,1.5L-2.0L,Excellent
4347,Mahindra,Thar,2018,Electric,Manual,630000.0,22.4,2000,6,13300.0,6.3,13.3,6,1.5L-2.0L,Good
4348,Mahindra,Scorpio,2016,Diesel,Manual,3380000.0,12.6,1000,6,19900.0,33.8,19.9,8,Below 1.0L,Low
4349,Renault,Triber,2016,CNG,Manual,530000.0,13.4,2500,7,19100.0,5.3,19.1,8,2.0L-3.0L,Low
4350,Skoda,Kushaq,2024,Diesel,Automatic,1230000.0,27.8,1200,6,13400.0,12.3,13.4,0,1.0L-1.5L,Excellent
4351,Skoda,Rapid,2023,Diesel,Automatic,2140000.0,23.8,1000,5,5000.0,21.4,5.0,1,Below 1.0L,Good
4352,Toyota,Innova,2020,CNG,Manual,1960000.0,21.7,1200,6,24700.0,19.6,24.7,4,1.0L-1.5L,Good
4353,Honda,Amaze,2019,Diesel,Automatic,660000.0,24.7,2000,7,22100.0,6.6,22.1,5,1.5L-2.0L,Good
4354,Skoda,Rapid,2018,Petrol,Automatic,740000.0,28.5,2500,7,8500.0,7.4,8.5,6,2.0L-3.0L,Excellent
4355,Renault,Kwid,2023,CNG,Manual,1520000.0,18.0,1800,7,18000.0,15.2,18.0,1,1.5L-2.0L,Average
4356,Honda,Civic,2020,CNG,Automatic,930000.0,17.3,2500,7,17300.0,9.3,17.3,4,2.0L-3.0L,Average
4357,Maruti Suzuki,WagonR,2019,Petrol,Manual,580000.0,23.9,800,4,9900.0,5.8,9.9,5,Below 1.0L,Good
4358,Kia,Sonet,2024,Petrol,Automatic,2200000.0,14.5,1200,7,22300.0,22.0,22.3,0,1.0L-1.5L,Low
4359,Honda,City,2021,CNG,Manual,2990000.0,22.7,2000,7,11400.0,29.9,11.4,3,1.5L-2.0L,Good
4360,Mahindra,XUV300,2023,CNG,Manual,2650000.0,12.4,1800,7,8500.0,26.5,8.5,1,1.5L-2.0L,Low
4361,Mahindra,Thar,2015,Electric,Automatic,990000.0,12.6,1200,5,5800.0,9.9,5.8,9,1.0L-1.5L,Low
4362,Renault,Kwid,2021,Electric,Manual,2780000.0,18.4,1800,5,8700.0,27.8,8.7,3,1.5L-2.0L,Average
4363,Skoda,Rapid,2020,Diesel,Automatic,1310000.0,21.6,2500,6,11700.0,13.1,11.7,4,2.0L-3.0L,Good
4364,Tata Motors,Harrier,2021,Diesel,Manual,3340000.0,22.2,2500,5,7800.0,33.4,7.8,3,2.0L-3.0L,Good
4365,Volkswagen,Taigun,2019,CNG,Automatic,2270000.0,14.3,2000,6,12700.0,22.7,12.7,5,1.5L-2.0L,Low
4366,Renault,Duster,2022,Diesel,Manual,2090000.0,18.8,2000,4,18900.0,20.9,18.9,2,1.5L-2.0L,Average
4367,Tata Motors,Harrier,2020,Diesel,Manual,2210000.0,26.4,1500,5,8200.0,22.1,8.2,4,1.0L-1.5L,Excellent
4368,Tata Motors,Nexon,2019,Diesel,Automatic,3360000.0,18.6,1000,4,7900.0,33.6,7.9,5,Below 1.0L,Average
4369,Renault,Kiger,2023,Petrol,Automatic,2700000.0,29.3,800,5,14300.0,27.0,14.3,1,Below 1.0L,Excellent
4370,Maruti Suzuki,WagonR,2023,Diesel,Manual,1750000.0,18.8,1500,6,14200.0,17.5,14.2,1,1.0L-1.5L,Average
4371,Tata Motors,Altroz,2018,Electric,Manual,1200000.0,15.7,1000,5,7600.0,12.0,7.6,6,Below 1.0L,Average
4372,Maruti Suzuki,Baleno,2017,Diesel,Manual,1070000.0,15.9,2500,6,12100.0,10.7,12.1,7,2.0L-3.0L,Average
4373,Volkswagen,Virtus,2023,CNG,Automatic,1790000.0,29.5,2500,4,7000.0,17.9,7.0,1,2.0L-3.0L,Excellent
4374,Renault,Duster,2017,CNG,Automatic,1760000.0,27.9,2000,5,10400.0,17.6,10.4,7,1.5L-2.0L,Excellent
4375,Maruti Suzuki,Dzire,2020,Electric,Manual,680000.0,10.1,2000,4,10100.0,6.8,10.1,4,1.5L-2.0L,Low
4376,Maruti Suzuki,Ertiga,2018,CNG,Manual,1710000.0,25.6,1800,5,10300.0,17.1,10.3,6,1.5L-2.0L,Excellent
4377,Volkswagen,Tiguan,2021,Diesel,Manual,2180000.0,22.5,1000,6,7400.0,21.8,7.4,3,Below 1.0L,Good
4378,Toyota,Glanza,2023,Petrol,Automatic,3220000.0,25.2,1800,5,10600.0,32.2,10.6,1,1.5L-2.0L,Excellent
4379,Tata Motors,Harrier,2024,CNG,Automatic,960000.0,20.0,1800,5,6800.0,9.6,6.8,0,1.5L-2.0L,Average
4380,Volkswagen,Taigun,2017,Diesel,Automatic,2510000.0,17.8,1800,6,22600.0,25.1,22.6,7,1.5L-2.0L,Average
4381,Skoda,Octavia,2020,Petrol,Automatic,1730000.0,10.4,1000,4,17000.0,17.3,17.0,4,Below 1.0L,Low
4382,Renault,Kiger,2024,CNG,Automatic,840000.0,16.2,2500,7,9800.0,8.4,9.8,0,2.0L-3.0L,Average
4383,Mahindra,Thar,2017,Diesel,Manual,2440000.0,18.3,1800,4,18300.0,24.4,18.3,7,1.5L-2.0L,Average
4384,Kia,EV6,2023,Petrol,Manual,2460000.0,24.1,2000,4,24300.0,24.6,24.3,1,1.5L-2.0L,Good
4385,Kia,EV6,2021,Electric,Manual,450000.0,29.7,2000,5,20100.0,4.5,20.1,3,1.5L-2.0L,Excellent
4386,Volkswagen,Virtus,2023,Electric,Manual,490000.0,25.8,1500,7,6200.0,4.9,6.2,1,1.0L-1.5L,Excellent
4387,Tata Motors,Harrier,2018,CNG,Manual,530000.0,12.0,1500,5,5600.0,5.3,5.6,6,1.0L-1.5L,Low
4388,Hyundai,Verna,2023,Diesel,Automatic,2440000.0,24.3,800,5,11300.0,24.4,11.3,1,Below 1.0L,Good
4389,Renault,Kiger,2017,CNG,Automatic,3230000.0,11.9,2500,7,18600.0,32.3,18.6,7,2.0L-3.0L,Low
4390,Hyundai,i10,2015,Diesel,Manual,2150000.0,22.9,800,4,16800.0,21.5,16.8,9,Below 1.0L,Good
4391,Skoda,Rapid,2020,Diesel,Automatic,2450000.0,15.4,1000,7,5100.0,24.5,5.1,4,Below 1.0L,Average
4392,Kia,Sonet,2023,CNG,Manual,2770000.0,13.0,2500,7,7300.0,27.7,7.3,1,2.0L-3.0L,Low
4393,Volkswagen,Taigun,2024,Electric,Automatic,1480000.0,21.5,2000,7,14800.0,14.8,14.8,0,1.5L-2.0L,Good
4394,Renault,Lodgy,2023,Electric,Automatic,1050000.0,14.4,2000,4,9300.0,10.5,9.3,1,1.5L-2.0L,Low
4395,Toyota,Innova,2016,Diesel,Manual,3380000.0,20.1,2500,5,9200.0,33.8,9.2,8,2.0L-3.0L,Good
4396,Maruti Suzuki,Ertiga,2017,Electric,Automatic,470000.0,22.3,800,4,16100.0,4.7,16.1,7,Below 1.0L,Good
4397,Skoda,Kushaq,2020,Diesel,Automatic,2910000.0,14.2,2500,6,15900.0,29.1,15.9,4,2.0L-3.0L,Low
4398,Hyundai,Verna,2021,Diesel,Automatic,3020000.0,26.3,1500,4,20300.0,30.2,20.3,3,1.0L-1.5L,Excellent
4399,Kia,Sonet,2017,Diesel,Automatic,420000.0,24.7,1500,5,23700.0,4.2,23.7,7,1.0L-1.5L,Good
4400,Maruti Suzuki,Baleno,2017,Electric,Automatic,1890000.0,18.8,2000,5,6600.0,18.9,6.6,7,1.5L-2.0L,Average
4401,Kia,Sonet,2020,CNG,Manual,1650000.0,14.7,2500,7,8900.0,16.5,8.9,4,2.0L-3.0L,Low
4402,Mahindra,XUV300,2020,Electric,Manual,470000.0,26.4,2500,4,21100.0,4.7,21.1,4,2.0L-3.0L,Excellent
4403,Maruti Suzuki,Dzire,2020,Diesel,Automatic,3320000.0,24.6,1200,7,17000.0,33.2,17.0,4,1.0L-1.5L,Good
4404,Mahindra,Thar,2021,Diesel,Manual,2680000.0,23.3,2000,4,10300.0,26.8,10.3,3,1.5L-2.0L,Good
4405,Tata Motors,Altroz,2016,Electric,Manual,2210000.0,16.5,800,7,21400.0,22.1,21.4,8,Below 1.0L,Average
4406,Toyota,Urban Cruiser,2019,Petrol,Manual,1300000.0,26.9,2000,7,11100.0,13.0,11.1,5,1.5L-2.0L,Excellent
4407,Maruti Suzuki,Dzire,2022,CNG,Automatic,2210000.0,11.3,1200,6,7400.0,22.1,7.4,2,1.0L-1.5L,Low
4408,Toyota,Camry,2023,Diesel,Manual,2960000.0,13.3,1800,6,24000.0,29.6,24.0,1,1.5L-2.0L,Low
4409,Kia,Seltos,2023,CNG,Automatic,2020000.0,19.4,1000,7,7700.0,20.2,7.7,1,Below 1.0L,Average
4410,Skoda,Slavia,2016,CNG,Automatic,1680000.0,29.8,2500,6,8800.0,16.8,8.8,8,2.0L-3.0L,Excellent
4411,Mahindra,Scorpio,2020,CNG,Automatic,2510000.0,18.4,2500,5,16900.0,25.1,16.9,4,2.0L-3.0L,Average
4412,Honda,WR-V,2024,Petrol,Automatic,3430000.0,14.9,1800,4,11300.0,34.3,11.3,0,1.5L-2.0L,Low
4413,Hyundai,Creta,2016,Petrol,Automatic,2170000.0,17.4,1200,5,6500.0,21.7,6.5,8,1.0L-1.5L,Average
4414,Volkswagen,Virtus,2023,Electric,Automatic,1340000.0,10.3,2500,7,22100.0,13.4,22.1,1,2.0L-3.0L,Low
4415,Maruti Suzuki,Swift,2020,Diesel,Manual,570000.0,14.9,800,4,19300.0,5.7,19.3,4,Below 1.0L,Low
4416,Maruti Suzuki,Ertiga,2022,Electric,Automatic,1760000.0,13.0,1800,6,9300.0,17.6,9.3,2,1.5L-2.0L,Low
4417,Renault,Kwid,2022,Petrol,Automatic,2270000.0,15.0,1500,4,23100.0,22.7,23.1,2,1.0L-1.5L,Low
4418,Hyundai,Creta,2021,Petrol,Automatic,2180000.0,25.3,1800,7,11400.0,21.8,11.4,3,1.5L-2.0L,Excellent
4419,Volkswagen,Virtus,2023,Electric,Manual,3030000.0,15.3,1800,4,17300.0,30.3,17.3,1,1.5L-2.0L,Average
4420,Renault,Duster,2020,Diesel,Manual,1460000.0,25.6,2500,5,14700.0,14.6,14.7,4,2.0L-3.0L,Excellent
4421,Mahindra,XUV300,2016,Electric,Automatic,3320000.0,27.2,800,7,17800.0,33.2,17.8,8,Below 1.0L,Excellent
4422,Renault,Triber,2022,Diesel,Automatic,1030000.0,14.2,1500,6,11400.0,10.3,11.4,2,1.0L-1.5L,Low
4423,Tata Motors,Nexon,2018,Electric,Automatic,930000.0,17.8,2500,4,16900.0,9.3,16.9,6,2.0L-3.0L,Average
4424,Maruti Suzuki,Dzire,2019,CNG,Automatic,1070000.0,17.4,1500,4,24300.0,10.7,24.3,5,1.0L-1.5L,Average
4425,Kia,EV6,2023,Diesel,Automatic,1130000.0,26.7,1000,6,13600.0,11.3,13.6,1,Below 1.0L,Excellent
4426,Toyota,Fortuner,2018,Diesel,Manual,2820000.0,20.3,800,5,11200.0,28.2,11.2,6,Below 1.0L,Good
4427,Mahindra,XUV700,2020,CNG,Manual,440000.0,17.5,1800,6,14500.0,4.4,14.5,4,1.5L-2.0L,Average
4428,Renault,Lodgy,2015,Electric,Manual,3420000.0,26.9,800,7,24000.0,34.2,24.0,9,Below 1.0L,Excellent
4429,Kia,Sonet,2016,Diesel,Automatic,1360000.0,11.9,1200,6,5600.0,13.6,5.6,8,1.0L-1.5L,Low
4430,Kia,Sonet,2017,Diesel,Automatic,440000.0,27.3,1200,5,12200.0,4.4,12.2,7,1.0L-1.5L,Excellent
4431,Honda,Jazz,2019,Electric,Manual,2920000.0,29.6,2000,4,5700.0,29.2,5.7,5,1.5L-2.0L,Excellent
4432,Kia,Carnival,2018,Diesel,Automatic,1510000.0,24.3,1500,4,24800.0,15.1,24.8,6,1.0L-1.5L,Good
4433,Honda,WR-V,2019,Diesel,Automatic,890000.0,11.9,2000,7,21600.0,8.9,21.6,5,1.5L-2.0L,Low
4434,Maruti Suzuki,WagonR,2020,Electric,Manual,3420000.0,17.9,2000,4,24700.0,34.2,24.7,4,1.5L-2.0L,Average
4435,Renault,Lodgy,2021,Petrol,Manual,1770000.0,24.1,2500,4,20900.0,17.7,20.9,3,2.0L-3.0L,Good
4436,Hyundai,i10,2022,Diesel,Automatic,2860000.0,29.0,1800,5,20700.0,28.6,20.7,2,1.5L-2.0L,Excellent
4437,Mahindra,Thar,2017,CNG,Manual,1020000.0,25.3,1500,7,12600.0,10.2,12.6,7,1.0L-1.5L,Excellent
4438,Maruti Suzuki,WagonR,2019,Electric,Automatic,1790000.0,20.3,1500,6,16000.0,17.9,16.0,5,1.0L-1.5L,Good
4439,Hyundai,i10,2020,CNG,Automatic,3050000.0,28.9,1800,7,9300.0,30.5,9.3,4,1.5L-2.0L,Excellent
4440,Renault,Kiger,2016,Electric,Manual,730000.0,19.3,800,5,7600.0,7.3,7.6,8,Below 1.0L,Average
4441,Honda,Civic,2023,CNG,Manual,2070000.0,19.7,800,6,23700.0,20.7,23.7,1,Below 1.0L,Average
4442,Toyota,Camry,2015,CNG,Manual,1380000.0,24.3,2500,4,5000.0,13.8,5.0,9,2.0L-3.0L,Good
4443,Honda,Amaze,2021,Electric,Automatic,2750000.0,11.1,1800,7,6600.0,27.5,6.6,3,1.5L-2.0L,Low
4444,Renault,Triber,2018,Electric,Manual,2620000.0,11.9,2500,7,23500.0,26.2,23.5,6,2.0L-3.0L,Low
4445,Honda,City,2024,Diesel,Automatic,1760000.0,22.6,1800,7,16500.0,17.6,16.5,0,1.5L-2.0L,Good
4446,Renault,Triber,2015,Petrol,Automatic,1880000.0,17.4,1200,4,16200.0,18.8,16.2,9,1.0L-1.5L,Average
4447,Maruti Suzuki,Swift,2020,Diesel,Automatic,1180000.0,26.0,2000,7,7600.0,11.8,7.6,4,1.5L-2.0L,Excellent
4448,Mahindra,XUV700,2015,Diesel,Automatic,1500000.0,28.7,2000,6,5000.0,15.0,5.0,9,1.5L-2.0L,Excellent
4449,Toyota,Glanza,2020,Petrol,Automatic,1240000.0,19.3,1800,4,8400.0,12.4,8.4,4,1.5L-2.0L,Average
4450,Kia,EV6,2019,Petrol,Manual,2320000.0,26.7,800,6,12500.0,23.2,12.5,5,Below 1.0L,Excellent
4451,Renault,Triber,2021,Electric,Manual,930000.0,10.2,2000,4,24300.0,9.3,24.3,3,1.5L-2.0L,Low
4452,Kia,Sonet,2016,Petrol,Automatic,3330000.0,27.2,2000,6,15700.0,33.3,15.7,8,1.5L-2.0L,Excellent
4453,Mahindra,Thar,2022,Diesel,Manual,2990000.0,27.3,800,6,16300.0,29.9,16.3,2,Below 1.0L,Excellent
4454,Honda,Jazz,2015,Diesel,Manual,2000000.0,15.5,2000,7,14900.0,20.0,14.9,9,1.5L-2.0L,Average
4455,Honda,City,2021,Petrol,Automatic,650000.0,26.3,2500,6,12700.0,6.5,12.7,3,2.0L-3.0L,Excellent
4456,Tata Motors,Tiago,2019,CNG,Manual,2490000.0,22.1,1200,4,11300.0,24.9,11.3,5,1.0L-1.5L,Good
4457,Renault,Lodgy,2016,Petrol,Automatic,3340000.0,21.7,2500,5,21900.0,33.4,21.9,8,2.0L-3.0L,Good
4458,Volkswagen,Taigun,2019,Electric,Manual,1640000.0,11.8,1800,6,10100.0,16.4,10.1,5,1.5L-2.0L,Low
4459,Kia,Carnival,2022,Diesel,Manual,1930000.0,18.9,2000,4,23800.0,19.3,23.8,2,1.5L-2.0L,Average
4460,Tata Motors,Tiago,2020,Electric,Manual,2540000.0,14.9,1200,5,14700.0,25.4,14.7,4,1.0L-1.5L,Low
4461,Volkswagen,Vento,2016,Diesel,Automatic,1880000.0,28.3,800,4,16400.0,18.8,16.4,8,Below 1.0L,Excellent
4462,Toyota,Innova,2019,CNG,Manual,1020000.0,26.6,1500,7,22200.0,10.2,22.2,5,1.0L-1.5L,Excellent
4463,Skoda,Slavia,2017,Petrol,Automatic,640000.0,18.3,1200,5,24300.0,6.4,24.3,7,1.0L-1.5L,Average
4464,Toyota,Camry,2020,Petrol,Manual,2720000.0,28.1,1800,5,14700.0,27.2,14.7,4,1.5L-2.0L,Excellent
4465,Honda,Jazz,2017,Petrol,Manual,2780000.0,20.7,1800,5,5900.0,27.8,5.9,7,1.5L-2.0L,Good
4466,Toyota,Urban Cruiser,2021,Petrol,Manual,910000.0,20.6,2500,5,22200.0,9.1,22.2,3,2.0L-3.0L,Good
4467,Renault,Duster,2021,Electric,Automatic,800000.0,20.6,1800,4,20900.0,8.0,20.9,3,1.5L-2.0L,Good
4468,Skoda,Slavia,2020,CNG,Manual,930000.0,13.8,2500,6,21700.0,9.3,21.7,4,2.0L-3.0L,Low
4469,Hyundai,Venue,2017,Electric,Automatic,750000.0,11.2,1500,7,17000.0,7.5,17.0,7,1.0L-1.5L,Low
4470,Renault,Duster,2021,Diesel,Manual,2350000.0,21.3,1500,5,20700.0,23.5,20.7,3,1.0L-1.5L,Good
4471,Skoda,Octavia,2023,CNG,Manual,3290000.0,14.8,1200,5,9500.0,32.9,9.5,1,1.0L-1.5L,Low
4472,Kia,Seltos,2015,Petrol,Automatic,440000.0,18.1,1000,4,9700.0,4.4,9.7,9,Below 1.0L,Average
4473,Tata Motors,Nexon,2023,Diesel,Automatic,2460000.0,29.7,1800,5,15000.0,24.6,15.0,1,1.5L-2.0L,Excellent
4474,Renault,Duster,2015,CNG,Manual,880000.0,18.2,1500,5,19700.0,8.8,19.7,9,1.0L-1.5L,Average
4475,Toyota,Urban Cruiser,2018,CNG,Automatic,730000.0,22.5,2500,4,22700.0,7.3,22.7,6,2.0L-3.0L,Good
4476,Skoda,Octavia,2023,Petrol,Manual,620000.0,23.4,2500,5,18700.0,6.2,18.7,1,2.0L-3.0L,Good
4477,Mahindra,Bolero,2015,Diesel,Automatic,980000.0,13.5,1000,6,13300.0,9.8,13.3,9,Below 1.0L,Low
4478,Mahindra,Bolero,2021,Petrol,Manual,3280000.0,29.1,1200,6,19800.0,32.8,19.8,3,1.0L-1.5L,Excellent
4479,Mahindra,XUV300,2021,Petrol,Manual,690000.0,16.5,1200,6,6800.0,6.9,6.8,3,1.0L-1.5L,Average
4480,Toyota,Fortuner,2024,Petrol,Manual,2400000.0,24.2,1000,6,6500.0,24.0,6.5,0,Below 1.0L,Good
4481,Volkswagen,Virtus,2015,Petrol,Automatic,2300000.0,21.2,2000,7,9800.0,23.0,9.8,9,1.5L-2.0L,Good
4482,Kia,Carens,2023,Electric,Automatic,710000.0,21.5,1200,5,7400.0,7.1,7.4,1,1.0L-1.5L,Good
4483,Mahindra,XUV700,2022,Petrol,Automatic,2940000.0,25.7,1800,7,6200.0,29.4,6.2,2,1.5L-2.0L,Excellent
4484,Kia,EV6,2017,Diesel,Manual,1700000.0,15.3,1200,4,10400.0,17.0,10.4,7,1.0L-1.5L,Average
4485,Kia,EV6,2022,Petrol,Automatic,2360000.0,14.2,1500,7,19400.0,23.6,19.4,2,1.0L-1.5L,Low
4486,Toyota,Innova,2015,Electric,Manual,2520000.0,16.7,1500,5,17500.0,25.2,17.5,9,1.0L-1.5L,Average
4487,Skoda,Slavia,2016,Petrol,Manual,2820000.0,26.4,1000,5,11900.0,28.2,11.9,8,Below 1.0L,Excellent
4488,Kia,Carens,2019,Electric,Manual,1800000.0,11.4,1500,7,21100.0,18.0,21.1,5,1.0L-1.5L,Low
4489,Hyundai,Creta,2022,Petrol,Manual,730000.0,15.5,1800,6,14300.0,7.3,14.3,2,1.5L-2.0L,Average
4490,Hyundai,i20,2015,Petrol,Automatic,2320000.0,17.3,2000,7,5700.0,23.2,5.7,9,1.5L-2.0L,Average
4491,Kia,Carnival,2022,Electric,Manual,1160000.0,20.3,1000,5,18400.0,11.6,18.4,2,Below 1.0L,Good
4492,Skoda,Rapid,2017,Electric,Automatic,2350000.0,21.5,1800,7,22500.0,23.5,22.5,7,1.5L-2.0L,Good
4493,Maruti Suzuki,Ertiga,2019,Petrol,Automatic,1880000.0,22.6,1500,6,10200.0,18.8,10.2,5,1.0L-1.5L,Good
4494,Toyota,Fortuner,2021,CNG,Automatic,3310000.0,29.2,2500,7,10300.0,33.1,10.3,3,2.0L-3.0L,Excellent
4495,Hyundai,Venue,2018,CNG,Automatic,1250000.0,19.8,1800,5,14000.0,12.5,14.0,6,1.5L-2.0L,Average
4496,Kia,EV6,2018,Diesel,Manual,2430000.0,16.1,1500,5,22800.0,24.3,22.8,6,1.0L-1.5L,Average
4497,Tata Motors,Harrier,2016,Petrol,Automatic,690000.0,21.5,1500,6,21100.0,6.9,21.1,8,1.0L-1.5L,Good
4498,Honda,WR-V,2022,Diesel,Automatic,2090000.0,11.2,2500,5,17100.0,20.9,17.1,2,2.0L-3.0L,Low
4499,Maruti Suzuki,Swift,2020,Petrol,Automatic,2460000.0,15.6,1500,6,7900.0,24.6,7.9,4,1.0L-1.5L,Average
4500,Hyundai,Creta,2015,Diesel,Automatic,850000.0,20.6,2000,6,9700.0,8.5,9.7,9,1.5L-2.0L,Good
4501,Maruti Suzuki,Baleno,2023,Petrol,Automatic,3240000.0,28.3,1200,6,17300.0,32.4,17.3,1,1.0L-1.5L,Excellent
4502,Hyundai,i10,2023,Electric,Automatic,3390000.0,16.0,800,7,24400.0,33.9,24.4,1,Below 1.0L,Average
4503,Skoda,Slavia,2021,CNG,Manual,3130000.0,19.3,2000,6,12400.0,31.3,12.4,3,1.5L-2.0L,Average
4504,Tata Motors,Punch,2024,Electric,Manual,2400000.0,18.1,800,4,6600.0,24.0,6.6,0,Below 1.0L,Average
4505,Honda,Amaze,2016,Petrol,Manual,3020000.0,18.4,1000,6,25000.0,30.2,25.0,8,Below 1.0L,Average
4506,Skoda,Superb,2024,Diesel,Automatic,3430000.0,13.1,1800,4,11000.0,34.3,11.0,0,1.5L-2.0L,Low
4507,Mahindra,XUV700,2019,Diesel,Manual,1540000.0,18.2,800,6,22800.0,15.4,22.8,5,Below 1.0L,Average
4508,Hyundai,Creta,2016,Electric,Manual,2620000.0,21.5,1000,5,11000.0,26.2,11.0,8,Below 1.0L,Good
4509,Renault,Lodgy,2017,Diesel,Automatic,1380000.0,17.7,1500,6,16300.0,13.8,16.3,7,1.0L-1.5L,Average
4510,Mahindra,Scorpio,2021,Petrol,Automatic,2120000.0,19.4,2000,6,23800.0,21.2,23.8,3,1.5L-2.0L,Average
4511,Maruti Suzuki,Baleno,2022,CNG,Automatic,3130000.0,25.8,1000,6,5400.0,31.3,5.4,2,Below 1.0L,Excellent
4512,Tata Motors,Nexon,2023,CNG,Manual,570000.0,12.2,1500,7,24300.0,5.7,24.3,1,1.0L-1.5L,Low
4513,Kia,Carnival,2020,Petrol,Automatic,750000.0,23.2,1200,6,15800.0,7.5,15.8,4,1.0L-1.5L,Good
4514,Tata Motors,Nexon,2023,Electric,Manual,2790000.0,12.7,2000,6,17200.0,27.9,17.2,1,1.5L-2.0L,Low
4515,Tata Motors,Harrier,2022,Petrol,Automatic,3360000.0,22.1,2000,4,17500.0,33.6,17.5,2,1.5L-2.0L,Good
4516,Kia,Carens,2021,Electric,Automatic,2700000.0,22.4,2500,5,17400.0,27.0,17.4,3,2.0L-3.0L,Good
4517,Tata Motors,Harrier,2024,Petrol,Automatic,2140000.0,27.0,1000,6,20800.0,21.4,20.8,0,Below 1.0L,Excellent
4518,Honda,Jazz,2015,Electric,Automatic,680000.0,14.9,1800,4,23200.0,6.8,23.2,9,1.5L-2.0L,Low
4519,Renault,Triber,2021,Petrol,Manual,2990000.0,20.1,2500,5,16900.0,29.9,16.9,3,2.0L-3.0L,Good
4520,Toyota,Innova,2017,Electric,Automatic,3140000.0,25.5,800,4,11800.0,31.4,11.8,7,Below 1.0L,Excellent
4521,Honda,City,2018,Petrol,Manual,2150000.0,13.4,800,6,13800.0,21.5,13.8,6,Below 1.0L,Low
4522,Volkswagen,Vento,2021,CNG,Manual,2980000.0,15.8,1200,6,19300.0,29.8,19.3,3,1.0L-1.5L,Average
4523,Tata Motors,Nexon,2024,Petrol,Automatic,400000.0,23.3,800,7,14800.0,4.0,14.8,0,Below 1.0L,Good
4524,Maruti Suzuki,Ertiga,2023,Petrol,Manual,2300000.0,20.2,1800,5,18900.0,23.0,18.9,1,1.5L-2.0L,Good
4525,Maruti Suzuki,Swift,2021,Petrol,Automatic,810000.0,29.9,1200,4,15500.0,8.1,15.5,3,1.0L-1.5L,Excellent
4526,Renault,Duster,2017,Electric,Automatic,580000.0,23.4,1200,6,11600.0,5.8,11.6,7,1.0L-1.5L,Good
4527,Volkswagen,Polo,2017,CNG,Manual,790000.0,11.2,1200,7,12200.0,7.9,12.2,7,1.0L-1.5L,Low
4528,Toyota,Glanza,2016,Petrol,Automatic,1810000.0,28.9,1200,4,21300.0,18.1,21.3,8,1.0L-1.5L,Excellent
4529,Volkswagen,Vento,2024,Petrol,Automatic,1060000.0,26.5,800,7,10900.0,10.6,10.9,0,Below 1.0L,Excellent
4530,Hyundai,Verna,2023,Diesel,Automatic,2130000.0,15.3,2500,7,6700.0,21.3,6.7,1,2.0L-3.0L,Average
4531,Skoda,Superb,2022,Petrol,Automatic,1550000.0,22.7,1200,6,8500.0,15.5,8.5,2,1.0L-1.5L,Good
4532,Mahindra,Scorpio,2021,Diesel,Automatic,510000.0,11.7,2500,6,15800.0,5.1,15.8,3,2.0L-3.0L,Low
4533,Mahindra,Thar,2020,Electric,Automatic,770000.0,23.6,800,4,12100.0,7.7,12.1,4,Below 1.0L,Good
4534,Renault,Kiger,2016,Diesel,Automatic,2750000.0,22.5,1000,6,19400.0,27.5,19.4,8,Below 1.0L,Good
4535,Mahindra,XUV300,2015,CNG,Manual,670000.0,13.8,1500,5,17400.0,6.7,17.4,9,1.0L-1.5L,Low
4536,Hyundai,Verna,2016,Petrol,Automatic,2350000.0,29.1,1800,4,19600.0,23.5,19.6,8,1.5L-2.0L,Excellent
4537,Honda,Jazz,2015,Petrol,Automatic,1940000.0,16.7,1800,7,13400.0,19.4,13.4,9,1.5L-2.0L,Average
4538,Honda,Jazz,2019,Petrol,Automatic,1320000.0,29.9,1500,5,15300.0,13.2,15.3,5,1.0L-1.5L,Excellent
4539,Toyota,Innova,2016,Electric,Automatic,2780000.0,13.5,1800,5,21400.0,27.8,21.4,8,1.5L-2.0L,Low
4540,Tata Motors,Altroz,2018,CNG,Manual,1090000.0,21.8,1200,4,5000.0,10.9,5.0,6,1.0L-1.5L,Good
4541,Honda,Civic,2018,Petrol,Manual,1920000.0,17.5,2000,6,13100.0,19.2,13.1,6,1.5L-2.0L,Average
4542,Renault,Triber,2018,Petrol,Automatic,470000.0,28.7,1200,4,6200.0,4.7,6.2,6,1.0L-1.5L,Excellent
4543,Mahindra,XUV300,2022,CNG,Manual,2930000.0,12.5,1800,7,19300.0,29.3,19.3,2,1.5L-2.0L,Low
4544,Volkswagen,Polo,2020,CNG,Manual,1130000.0,27.9,800,6,12400.0,11.3,12.4,4,Below 1.0L,Excellent
4545,Renault,Duster,2022,Petrol,Manual,2830000.0,24.0,2000,6,24700.0,28.3,24.7,2,1.5L-2.0L,Good
4546,Volkswagen,Vento,2019,Electric,Manual,1340000.0,25.9,1200,6,15000.0,13.4,15.0,5,1.0L-1.5L,Excellent
4547,Skoda,Slavia,2024,Electric,Automatic,1260000.0,23.7,1200,7,6100.0,12.6,6.1,0,1.0L-1.5L,Good
4548,Skoda,Octavia,2015,Electric,Manual,1180000.0,26.2,1800,5,17300.0,11.8,17.3,9,1.5L-2.0L,Excellent
4549,Hyundai,i20,2020,Diesel,Manual,1730000.0,23.1,2500,5,10500.0,17.3,10.5,4,2.0L-3.0L,Good
4550,Kia,Seltos,2024,Electric,Manual,1660000.0,16.7,1200,7,9300.0,16.6,9.3,0,1.0L-1.5L,Average
4551,Volkswagen,Tiguan,2015,Electric,Manual,3190000.0,23.3,1000,7,21700.0,31.9,21.7,9,Below 1.0L,Good
4552,Toyota,Camry,2019,CNG,Manual,470000.0,29.8,1500,5,20700.0,4.7,20.7,5,1.0L-1.5L,Excellent
4553,Volkswagen,Vento,2017,Diesel,Automatic,2650000.0,21.9,1200,6,11200.0,26.5,11.2,7,1.0L-1.5L,Good
4554,Mahindra,Thar,2022,Petrol,Manual,2940000.0,10.8,1000,5,7800.0,29.4,7.8,2,Below 1.0L,Low
4555,Maruti Suzuki,WagonR,2017,Electric,Manual,3160000.0,17.5,2000,6,9600.0,31.6,9.6,7,1.5L-2.0L,Average
4556,Kia,Sonet,2022,Petrol,Manual,2030000.0,17.6,2000,5,20600.0,20.3,20.6,2,1.5L-2.0L,Average
4557,Toyota,Fortuner,2021,Electric,Manual,2760000.0,19.4,2500,4,20600.0,27.6,20.6,3,2.0L-3.0L,Average
4558,Kia,EV6,2015,Electric,Automatic,620000.0,28.3,800,7,14700.0,6.2,14.7,9,Below 1.0L,Excellent
4559,Skoda,Rapid,2019,Diesel,Manual,1360000.0,13.9,1000,6,20500.0,13.6,20.5,5,Below 1.0L,Low
4560,Honda,City,2021,Petrol,Automatic,490000.0,23.9,1200,6,18300.0,4.9,18.3,3,1.0L-1.5L,Good
4561,Honda,Jazz,2023,Petrol,Manual,3200000.0,19.5,1500,5,24900.0,32.0,24.9,1,1.0L-1.5L,Average
4562,Hyundai,i10,2016,Diesel,Automatic,2740000.0,12.0,1000,5,7500.0,27.4,7.5,8,Below 1.0L,Low
4563,Renault,Lodgy,2019,Electric,Manual,1710000.0,14.6,2000,6,16000.0,17.1,16.0,5,1.5L-2.0L,Low
4564,Volkswagen,Taigun,2020,Petrol,Manual,980000.0,26.4,800,5,17000.0,9.8,17.0,4,Below 1.0L,Excellent
4565,Mahindra,XUV300,2024,CNG,Manual,2040000.0,15.9,1000,5,12200.0,20.4,12.2,0,Below 1.0L,Average
4566,Kia,Carnival,2019,Petrol,Manual,1790000.0,29.6,2500,6,21800.0,17.9,21.8,5,2.0L-3.0L,Excellent
4567,Renault,Lodgy,2017,CNG,Automatic,740000.0,18.0,2000,5,7900.0,7.4,7.9,7,1.5L-2.0L,Average
4568,Skoda,Rapid,2022,CNG,Automatic,2090000.0,22.9,2500,7,5300.0,20.9,5.3,2,2.0L-3.0L,Good
4569,Maruti Suzuki,Dzire,2016,CNG,Manual,1940000.0,16.7,2000,5,6400.0,19.4,6.4,8,1.5L-2.0L,Average
4570,Maruti Suzuki,Dzire,2024,Petrol,Automatic,3330000.0,13.9,1800,6,13800.0,33.3,13.8,0,1.5L-2.0L,Low
4571,Hyundai,i20,2023,Diesel,Manual,2930000.0,23.6,1500,5,24000.0,29.3,24.0,1,1.0L-1.5L,Good
4572,Volkswagen,Taigun,2018,Electric,Manual,1500000.0,20.2,1200,7,13300.0,15.0,13.3,6,1.0L-1.5L,Good
4573,Tata Motors,Nexon,2023,CNG,Manual,3200000.0,11.8,2500,5,13100.0,32.0,13.1,1,2.0L-3.0L,Low
4574,Tata Motors,Harrier,2019,Electric,Automatic,2680000.0,24.8,1500,4,14100.0,26.8,14.1,5,1.0L-1.5L,Good
4575,Hyundai,Venue,2024,Diesel,Manual,3050000.0,16.9,800,6,11800.0,30.5,11.8,0,Below 1.0L,Average
4576,Mahindra,Scorpio,2016,Electric,Manual,2590000.0,19.8,800,4,19400.0,25.9,19.4,8,Below 1.0L,Average
4577,Honda,Jazz,2021,CNG,Automatic,3490000.0,15.3,800,7,9200.0,34.9,9.2,3,Below 1.0L,Average
4578,Mahindra,XUV300,2018,CNG,Manual,1780000.0,11.6,2000,4,22700.0,17.8,22.7,6,1.5L-2.0L,Low
4579,Kia,Sonet,2019,CNG,Automatic,2040000.0,20.0,800,6,17500.0,20.4,17.5,5,Below 1.0L,Average
4580,Tata Motors,Punch,2015,Diesel,Automatic,520000.0,26.8,800,6,7700.0,5.2,7.7,9,Below 1.0L,Excellent
4581,Tata Motors,Punch,2020,Petrol,Manual,1050000.0,23.4,2500,5,6200.0,10.5,6.2,4,2.0L-3.0L,Good
4582,Maruti Suzuki,Swift,2023,Electric,Automatic,3020000.0,10.5,2500,5,22000.0,30.2,22.0,1,2.0L-3.0L,Low
4583,Mahindra,Thar,2015,CNG,Automatic,1800000.0,29.9,1500,6,16400.0,18.0,16.4,9,1.0L-1.5L,Excellent
4584,Kia,Carnival,2023,Electric,Automatic,780000.0,19.3,1200,6,11600.0,7.8,11.6,1,1.0L-1.5L,Average
4585,Hyundai,Venue,2024,CNG,Automatic,3020000.0,20.7,1500,7,24100.0,30.2,24.1,0,1.0L-1.5L,Good
4586,Honda,Jazz,2021,CNG,Manual,2670000.0,20.1,1000,4,24000.0,26.7,24.0,3,Below 1.0L,Good
4587,Toyota,Urban Cruiser,2018,CNG,Manual,510000.0,22.7,1200,6,16100.0,5.1,16.1,6,1.0L-1.5L,Good
4588,Mahindra,XUV300,2022,CNG,Automatic,1920000.0,12.8,800,5,23200.0,19.2,23.2,2,Below 1.0L,Low
4589,Maruti Suzuki,Ertiga,2017,Diesel,Automatic,2190000.0,15.7,1200,4,6700.0,21.9,6.7,7,1.0L-1.5L,Average
4590,Hyundai,i10,2024,Electric,Automatic,2920000.0,21.1,1500,7,6100.0,29.2,6.1,0,1.0L-1.5L,Good
4591,Volkswagen,Polo,2020,Petrol,Manual,2140000.0,13.8,1200,6,5400.0,21.4,5.4,4,1.0L-1.5L,Low
4592,Renault,Kwid,2018,Electric,Manual,2270000.0,20.7,1200,7,5500.0,22.7,5.5,6,1.0L-1.5L,Good
4593,Volkswagen,Tiguan,2017,Petrol,Automatic,3260000.0,19.6,1200,5,14500.0,32.6,14.5,7,1.0L-1.5L,Average
4594,Honda,WR-V,2015,CNG,Manual,1210000.0,23.5,2000,4,20800.0,12.1,20.8,9,1.5L-2.0L,Good
4595,Volkswagen,Tiguan,2024,CNG,Manual,1060000.0,13.6,1800,6,12300.0,10.6,12.3,0,1.5L-2.0L,Low
4596,Skoda,Superb,2019,Petrol,Manual,1480000.0,22.4,1800,6,7200.0,14.8,7.2,5,1.5L-2.0L,Good
4597,Maruti Suzuki,Ertiga,2024,CNG,Manual,1310000.0,22.1,1000,5,24100.0,13.1,24.1,0,Below 1.0L,Good
4598,Volkswagen,Vento,2020,Electric,Automatic,2150000.0,20.7,1000,6,6800.0,21.5,6.8,4,Below 1.0L,Good
4599,Maruti Suzuki,Ertiga,2021,CNG,Manual,3400000.0,26.0,2500,5,15300.0,34.0,15.3,3,2.0L-3.0L,Excellent
4600,Kia,Carens,2019,Electric,Automatic,3130000.0,19.8,2000,5,9900.0,31.3,9.9,5,1.5L-2.0L,Average
4601,Tata Motors,Harrier,2015,CNG,Automatic,2200000.0,11.9,1800,5,19600.0,22.0,19.6,9,1.5L-2.0L,Low
4602,Maruti Suzuki,Dzire,2020,Petrol,Manual,1950000.0,13.8,800,5,23400.0,19.5,23.4,4,Below 1.0L,Low
4603,Hyundai,i20,2024,Electric,Automatic,2360000.0,11.8,1000,7,6400.0,23.6,6.4,0,Below 1.0L,Low
4604,Mahindra,XUV700,2017,Electric,Automatic,470000.0,22.8,800,6,20500.0,4.7,20.5,7,Below 1.0L,Good
4605,Hyundai,Venue,2022,Petrol,Automatic,1110000.0,11.2,1000,7,13300.0,11.1,13.3,2,Below 1.0L,Low
4606,Honda,WR-V,2015,Electric,Automatic,1100000.0,22.0,1500,6,9700.0,11.0,9.7,9,1.0L-1.5L,Good
4607,Honda,Jazz,2018,Petrol,Manual,890000.0,16.4,1800,7,19700.0,8.9,19.7,6,1.5L-2.0L,Average
4608,Honda,City,2016,Electric,Manual,3170000.0,19.6,1200,5,9500.0,31.7,9.5,8,1.0L-1.5L,Average
4609,Volkswagen,Vento,2021,Electric,Manual,3140000.0,24.0,1800,6,5000.0,31.4,5.0,3,1.5L-2.0L,Good
4610,Hyundai,Creta,2020,Diesel,Manual,2130000.0,28.6,2000,5,15400.0,21.3,15.4,4,1.5L-2.0L,Excellent
4611,Tata Motors,Harrier,2019,Petrol,Automatic,820000.0,15.5,2000,5,8200.0,8.2,8.2,5,1.5L-2.0L,Average
4612,Honda,Jazz,2019,CNG,Manual,2550000.0,19.9,800,6,22500.0,25.5,22.5,5,Below 1.0L,Average
4613,Skoda,Kushaq,2019,Electric,Manual,720000.0,14.4,1200,7,5200.0,7.2,5.2,5,1.0L-1.5L,Low
4614,Skoda,Slavia,2023,CNG,Manual,1730000.0,25.5,2000,4,17400.0,17.3,17.4,1,1.5L-2.0L,Excellent
4615,Tata Motors,Nexon,2017,Petrol,Automatic,430000.0,25.6,1000,7,10100.0,4.3,10.1,7,Below 1.0L,Excellent
4616,Tata Motors,Tiago,2018,Petrol,Automatic,2530000.0,14.5,1800,5,17900.0,25.3,17.9,6,1.5L-2.0L,Low
4617,Kia,Carnival,2023,Diesel,Manual,1470000.0,16.4,2000,4,12300.0,14.7,12.3,1,1.5L-2.0L,Average
4618,Renault,Kiger,2015,CNG,Automatic,3410000.0,27.3,1500,4,24600.0,34.1,24.6,9,1.0L-1.5L,Excellent
4619,Tata Motors,Tiago,2020,Petrol,Automatic,2720000.0,28.1,1200,4,11300.0,27.2,11.3,4,1.0L-1.5L,Excellent
4620,Skoda,Slavia,2018,Electric,Automatic,1300000.0,21.5,800,7,14700.0,13.0,14.7,6,Below 1.0L,Good
4621,Tata Motors,Nexon,2019,Electric,Automatic,2970000.0,13.7,800,4,19100.0,29.7,19.1,5,Below 1.0L,Low
4622,Maruti Suzuki,Swift,2015,Diesel,Manual,690000.0,20.3,1800,6,17000.0,6.9,17.0,9,1.5L-2.0L,Good
4623,Mahindra,XUV300,2021,Diesel,Manual,2980000.0,16.0,800,5,6400.0,29.8,6.4,3,Below 1.0L,Average
4624,Renault,Lodgy,2020,Petrol,Manual,2690000.0,18.2,1000,7,17600.0,26.9,17.6,4,Below 1.0L,Average
4625,Mahindra,Bolero,2016,CNG,Manual,990000.0,21.0,2500,4,11100.0,9.9,11.1,8,2.0L-3.0L,Good
4626,Skoda,Superb,2020,Petrol,Automatic,1150000.0,21.6,1500,4,17900.0,11.5,17.9,4,1.0L-1.5L,Good
4627,Skoda,Kushaq,2024,Diesel,Automatic,2020000.0,11.7,2500,7,13500.0,20.2,13.5,0,2.0L-3.0L,Low
4628,Honda,City,2019,Petrol,Manual,1500000.0,11.7,1800,4,23900.0,15.0,23.9,5,1.5L-2.0L,Low
4629,Hyundai,Venue,2016,CNG,Automatic,2560000.0,12.6,1500,7,12400.0,25.6,12.4,8,1.0L-1.5L,Low
4630,Renault,Triber,2022,Petrol,Automatic,2690000.0,25.5,1200,4,5500.0,26.9,5.5,2,1.0L-1.5L,Excellent
4631,Toyota,Fortuner,2016,CNG,Automatic,2110000.0,13.4,1200,7,14600.0,21.1,14.6,8,1.0L-1.5L,Low
4632,Mahindra,Thar,2018,Diesel,Automatic,1700000.0,17.0,800,4,13700.0,17.0,13.7,6,Below 1.0L,Average
4633,Skoda,Kushaq,2024,CNG,Automatic,2540000.0,17.1,1500,6,11500.0,25.4,11.5,0,1.0L-1.5L,Average
4634,Hyundai,Verna,2017,CNG,Manual,480000.0,17.3,800,7,21900.0,4.8,21.9,7,Below 1.0L,Average
4635,Maruti Suzuki,Baleno,2015,Petrol,Manual,2360000.0,24.1,1800,4,22500.0,23.6,22.5,9,1.5L-2.0L,Good
4636,Volkswagen,Polo,2021,Diesel,Automatic,2910000.0,11.5,1000,7,23300.0,29.1,23.3,3,Below 1.0L,Low
4637,Hyundai,i10,2019,Petrol,Automatic,2810000.0,25.4,1500,5,6100.0,28.1,6.1,5,1.0L-1.5L,Excellent
4638,Toyota,Fortuner,2021,Petrol,Manual,2860000.0,19.9,1200,5,17900.0,28.6,17.9,3,1.0L-1.5L,Average
4639,Maruti Suzuki,WagonR,2016,Diesel,Automatic,3410000.0,26.7,1500,7,10500.0,34.1,10.5,8,1.0L-1.5L,Excellent
4640,Toyota,Fortuner,2024,Petrol,Manual,1590000.0,28.4,2000,6,19000.0,15.9,19.0,0,1.5L-2.0L,Excellent
4641,Maruti Suzuki,Ertiga,2019,CNG,Manual,660000.0,10.4,1200,6,19400.0,6.6,19.4,5,1.0L-1.5L,Low
4642,Kia,Carnival,2018,Diesel,Automatic,400000.0,14.7,1800,7,22000.0,4.0,22.0,6,1.5L-2.0L,Low
4643,Toyota,Glanza,2015,CNG,Automatic,860000.0,11.3,1000,4,12300.0,8.6,12.3,9,Below 1.0L,Low
4644,Tata Motors,Tiago,2018,Electric,Automatic,3080000.0,22.0,1500,5,21100.0,30.8,21.1,6,1.0L-1.5L,Good
4645,Skoda,Rapid,2021,Electric,Manual,1300000.0,20.0,2000,7,16500.0,13.0,16.5,3,1.5L-2.0L,Average
4646,Hyundai,Venue,2021,Diesel,Automatic,2180000.0,29.9,800,5,15300.0,21.8,15.3,3,Below 1.0L,Excellent
4647,Mahindra,Scorpio,2017,Diesel,Automatic,2530000.0,28.5,800,4,10700.0,25.3,10.7,7,Below 1.0L,Excellent
4648,Mahindra,Scorpio,2018,Diesel,Automatic,3390000.0,17.1,1800,5,12400.0,33.9,12.4,6,1.5L-2.0L,Average
4649,Tata Motors,Tiago,2022,Electric,Manual,1880000.0,14.9,2000,6,17600.0,18.8,17.6,2,1.5L-2.0L,Low
4650,Mahindra,Thar,2015,Electric,Manual,2200000.0,15.0,800,5,19200.0,22.0,19.2,9,Below 1.0L,Low
4651,Honda,Amaze,2019,Electric,Automatic,680000.0,12.2,2000,6,9400.0,6.8,9.4,5,1.5L-2.0L,Low
4652,Volkswagen,Polo,2023,Diesel,Manual,1200000.0,15.3,1800,7,25000.0,12.0,25.0,1,1.5L-2.0L,Average
4653,Volkswagen,Tiguan,2023,CNG,Automatic,760000.0,27.0,2000,5,17000.0,7.6,17.0,1,1.5L-2.0L,Excellent
4654,Tata Motors,Altroz,2016,CNG,Manual,650000.0,27.6,1000,5,5300.0,6.5,5.3,8,Below 1.0L,Excellent
4655,Honda,Jazz,2019,CNG,Automatic,3340000.0,19.2,1800,5,9500.0,33.4,9.5,5,1.5L-2.0L,Average
4656,Skoda,Octavia,2020,Diesel,Manual,1810000.0,28.8,2000,7,21400.0,18.1,21.4,4,1.5L-2.0L,Excellent
4657,Renault,Kwid,2023,Petrol,Automatic,480000.0,20.4,2500,6,16000.0,4.8,16.0,1,2.0L-3.0L,Good
4658,Honda,Jazz,2019,Electric,Manual,3460000.0,22.9,1000,6,20000.0,34.6,20.0,5,Below 1.0L,Good
4659,Skoda,Kushaq,2021,CNG,Manual,2860000.0,29.0,1500,5,21000.0,28.6,21.0,3,1.0L-1.5L,Excellent
4660,Maruti Suzuki,WagonR,2017,CNG,Manual,1520000.0,26.2,800,6,22200.0,15.2,22.2,7,Below 1.0L,Excellent
4661,Honda,Jazz,2017,CNG,Manual,2170000.0,23.8,1000,6,14500.0,21.7,14.5,7,Below 1.0L,Good
4662,Renault,Kiger,2018,Electric,Manual,2080000.0,21.7,1800,5,9000.0,20.8,9.0,6,1.5L-2.0L,Good
4663,Volkswagen,Virtus,2021,Petrol,Manual,2490000.0,10.8,1200,6,20200.0,24.9,20.2,3,1.0L-1.5L,Low
4664,Volkswagen,Tiguan,2024,Diesel,Automatic,2490000.0,20.4,1200,4,19200.0,24.9,19.2,0,1.0L-1.5L,Good
4665,Maruti Suzuki,Dzire,2023,CNG,Manual,700000.0,18.6,1000,6,12200.0,7.0,12.2,1,Below 1.0L,Average
4666,Toyota,Innova,2021,Electric,Automatic,2920000.0,15.8,800,6,11300.0,29.2,11.3,3,Below 1.0L,Average
4667,Maruti Suzuki,Swift,2020,CNG,Manual,2250000.0,24.3,1000,6,8300.0,22.5,8.3,4,Below 1.0L,Good
4668,Mahindra,Thar,2016,Electric,Manual,2720000.0,28.8,1000,5,10000.0,27.2,10.0,8,Below 1.0L,Excellent
4669,Maruti Suzuki,Dzire,2023,Petrol,Manual,1920000.0,11.9,2000,4,22200.0,19.2,22.2,1,1.5L-2.0L,Low
4670,Honda,Jazz,2015,Electric,Automatic,2980000.0,24.2,1200,7,17800.0,29.8,17.8,9,1.0L-1.5L,Good
4671,Volkswagen,Taigun,2015,Diesel,Automatic,1740000.0,25.7,2000,6,17200.0,17.4,17.2,9,1.5L-2.0L,Excellent
4672,Hyundai,Venue,2015,Petrol,Automatic,1770000.0,12.1,1500,4,6700.0,17.7,6.7,9,1.0L-1.5L,Low
4673,Toyota,Fortuner,2021,Electric,Manual,540000.0,21.2,1200,5,6500.0,5.4,6.5,3,1.0L-1.5L,Good
4674,Hyundai,Venue,2015,Petrol,Automatic,2910000.0,11.1,800,5,21300.0,29.1,21.3,9,Below 1.0L,Low
4675,Kia,Seltos,2022,Petrol,Manual,1880000.0,18.5,1800,6,9000.0,18.8,9.0,2,1.5L-2.0L,Average
4676,Tata Motors,Punch,2015,Diesel,Manual,3340000.0,29.7,2000,5,15500.0,33.4,15.5,9,1.5L-2.0L,Excellent
4677,Renault,Kiger,2018,Electric,Automatic,3200000.0,15.2,1500,4,10900.0,32.0,10.9,6,1.0L-1.5L,Average
4678,Volkswagen,Vento,2021,Electric,Automatic,3180000.0,13.1,2500,4,5900.0,31.8,5.9,3,2.0L-3.0L,Low
4679,Hyundai,Creta,2017,Electric,Automatic,2310000.0,18.3,1200,4,21100.0,23.1,21.1,7,1.0L-1.5L,Average
4680,Honda,Amaze,2018,Diesel,Automatic,2360000.0,13.4,800,5,6600.0,23.6,6.6,6,Below 1.0L,Low
4681,Kia,Carens,2018,Electric,Automatic,1960000.0,16.3,800,7,23300.0,19.6,23.3,6,Below 1.0L,Average
4682,Maruti Suzuki,Ertiga,2015,CNG,Manual,470000.0,16.1,2000,6,21100.0,4.7,21.1,9,1.5L-2.0L,Average
4683,Tata Motors,Punch,2019,Electric,Automatic,2000000.0,21.8,1800,4,10000.0,20.0,10.0,5,1.5L-2.0L,Good
4684,Mahindra,XUV700,2016,CNG,Manual,1760000.0,23.0,2500,4,6900.0,17.6,6.9,8,2.0L-3.0L,Good
4685,Volkswagen,Tiguan,2020,CNG,Manual,430000.0,13.2,2000,4,22300.0,4.3,22.3,4,1.5L-2.0L,Low
4686,Hyundai,i10,2016,Diesel,Manual,770000.0,20.4,2500,7,22600.0,7.7,22.6,8,2.0L-3.0L,Good
4687,Renault,Triber,2023,Diesel,Manual,1340000.0,22.9,800,5,7700.0,13.4,7.7,1,Below 1.0L,Good
4688,Toyota,Fortuner,2022,Petrol,Manual,970000.0,13.6,1500,7,18300.0,9.7,18.3,2,1.0L-1.5L,Low
4689,Hyundai,i20,2015,Diesel,Manual,920000.0,14.5,2000,5,16300.0,9.2,16.3,9,1.5L-2.0L,Low
4690,Tata Motors,Nexon,2019,Diesel,Automatic,2020000.0,19.6,1000,5,13600.0,20.2,13.6,5,Below 1.0L,Average
4691,Kia,Carnival,2022,Electric,Manual,3400000.0,29.4,2000,6,7100.0,34.0,7.1,2,1.5L-2.0L,Excellent
4692,Volkswagen,Polo,2023,Petrol,Manual,2050000.0,15.5,1000,4,18900.0,20.5,18.9,1,Below 1.0L,Average
4693,Toyota,Fortuner,2016,Electric,Manual,2760000.0,26.0,1800,4,11100.0,27.6,11.1,8,1.5L-2.0L,Excellent
4694,Toyota,Glanza,2017,CNG,Manual,2980000.0,15.2,1800,4,14600.0,29.8,14.6,7,1.5L-2.0L,Average
4695,Honda,Civic,2016,Diesel,Manual,550000.0,21.5,800,4,8300.0,5.5,8.3,8,Below 1.0L,Good
4696,Kia,Carnival,2022,Diesel,Manual,490000.0,14.1,2000,6,6600.0,4.9,6.6,2,1.5L-2.0L,Low
4697,Skoda,Octavia,2016,Diesel,Automatic,3220000.0,26.3,1800,6,11500.0,32.2,11.5,8,1.5L-2.0L,Excellent
4698,Honda,City,2018,Petrol,Manual,1030000.0,27.3,1000,5,6300.0,10.3,6.3,6,Below 1.0L,Excellent
4699,Honda,City,2015,Petrol,Manual,3080000.0,19.0,1200,5,6900.0,30.8,6.9,9,1.0L-1.5L,Average
4700,Mahindra,Thar,2016,Petrol,Manual,800000.0,16.3,1800,5,19800.0,8.0,19.8,8,1.5L-2.0L,Average
4701,Skoda,Octavia,2024,Diesel,Manual,1400000.0,23.8,800,4,22300.0,14.0,22.3,0,Below 1.0L,Good
4702,Kia,Seltos,2021,Petrol,Automatic,2590000.0,18.2,800,7,17900.0,25.9,17.9,3,Below 1.0L,Average
4703,Kia,EV6,2023,Electric,Automatic,690000.0,27.2,1200,4,13600.0,6.9,13.6,1,1.0L-1.5L,Excellent
4704,Hyundai,Venue,2021,Electric,Automatic,1280000.0,11.0,2500,5,24700.0,12.8,24.7,3,2.0L-3.0L,Low
4705,Honda,City,2021,Petrol,Automatic,1550000.0,20.3,1200,5,17500.0,15.5,17.5,3,1.0L-1.5L,Good
4706,Kia,Carens,2016,Electric,Automatic,2240000.0,10.0,1800,6,15300.0,22.4,15.3,8,1.5L-2.0L,Low
4707,Volkswagen,Virtus,2023,Petrol,Manual,3000000.0,14.7,2500,4,22500.0,30.0,22.5,1,2.0L-3.0L,Low
4708,Toyota,Glanza,2019,Electric,Automatic,3190000.0,18.0,1500,6,23100.0,31.9,23.1,5,1.0L-1.5L,Average
4709,Renault,Kwid,2022,Diesel,Automatic,2210000.0,23.8,2500,6,15800.0,22.1,15.8,2,2.0L-3.0L,Good
4710,Renault,Kiger,2020,Petrol,Manual,760000.0,22.6,800,4,8000.0,7.6,8.0,4,Below 1.0L,Good
4711,Toyota,Glanza,2019,Petrol,Automatic,540000.0,19.2,1500,4,7300.0,5.4,7.3,5,1.0L-1.5L,Average
4712,Tata Motors,Punch,2016,Diesel,Manual,3140000.0,27.2,1200,4,11100.0,31.4,11.1,8,1.0L-1.5L,Excellent
4713,Toyota,Innova,2017,CNG,Manual,1120000.0,18.3,2500,5,21400.0,11.2,21.4,7,2.0L-3.0L,Average
4714,Kia,Carnival,2021,CNG,Manual,1820000.0,16.3,2500,7,23200.0,18.2,23.2,3,2.0L-3.0L,Average
4715,Kia,Seltos,2023,CNG,Manual,1220000.0,15.7,2500,5,21500.0,12.2,21.5,1,2.0L-3.0L,Average
4716,Mahindra,Thar,2015,Petrol,Manual,800000.0,16.4,1000,7,5000.0,8.0,5.0,9,Below 1.0L,Average
4717,Tata Motors,Tiago,2015,Petrol,Automatic,650000.0,24.8,1500,7,15400.0,6.5,15.4,9,1.0L-1.5L,Good
4718,Hyundai,Verna,2018,Petrol,Manual,470000.0,23.9,1800,6,10200.0,4.7,10.2,6,1.5L-2.0L,Good
4719,Hyundai,Creta,2024,Electric,Manual,830000.0,18.5,2500,6,5400.0,8.3,5.4,0,2.0L-3.0L,Average
4720,Tata Motors,Harrier,2016,Petrol,Automatic,2970000.0,27.1,1200,5,10300.0,29.7,10.3,8,1.0L-1.5L,Excellent
4721,Toyota,Glanza,2023,Petrol,Automatic,1340000.0,12.0,800,6,19100.0,13.4,19.1,1,Below 1.0L,Low
4722,Maruti Suzuki,Baleno,2015,Diesel,Manual,1320000.0,18.9,1200,5,14200.0,13.2,14.2,9,1.0L-1.5L,Average
4723,Volkswagen,Tiguan,2016,CNG,Manual,3280000.0,18.9,2000,7,10200.0,32.8,10.2,8,1.5L-2.0L,Average
4724,Volkswagen,Taigun,2019,CNG,Automatic,980000.0,21.3,1000,4,15200.0,9.8,15.2,5,Below 1.0L,Good
4725,Maruti Suzuki,WagonR,2015,Electric,Manual,1350000.0,11.5,2000,4,20800.0,13.5,20.8,9,1.5L-2.0L,Low
4726,Maruti Suzuki,Swift,2018,Petrol,Manual,1680000.0,25.1,800,5,15400.0,16.8,15.4,6,Below 1.0L,Excellent
4727,Tata Motors,Altroz,2021,Electric,Automatic,2570000.0,13.6,2000,4,5100.0,25.7,5.1,3,1.5L-2.0L,Low
4728,Honda,City,2021,Diesel,Manual,590000.0,23.9,1200,7,11900.0,5.9,11.9,3,1.0L-1.5L,Good
4729,Mahindra,Scorpio,2023,Electric,Manual,920000.0,15.7,1000,6,19800.0,9.2,19.8,1,Below 1.0L,Average
4730,Renault,Duster,2015,CNG,Manual,1330000.0,19.6,2000,7,23000.0,13.3,23.0,9,1.5L-2.0L,Average
4731,Tata Motors,Tiago,2015,Petrol,Manual,940000.0,12.2,2500,4,22900.0,9.4,22.9,9,2.0L-3.0L,Low
4732,Renault,Triber,2024,Diesel,Manual,1920000.0,26.1,1000,5,17400.0,19.2,17.4,0,Below 1.0L,Excellent
4733,Tata Motors,Tiago,2016,Petrol,Automatic,1340000.0,13.9,1800,4,19400.0,13.4,19.4,8,1.5L-2.0L,Low
4734,Renault,Kwid,2016,Diesel,Automatic,3250000.0,20.6,1800,6,13400.0,32.5,13.4,8,1.5L-2.0L,Good
4735,Renault,Lodgy,2023,Electric,Automatic,2500000.0,23.3,800,7,13100.0,25.0,13.1,1,Below 1.0L,Good
4736,Tata Motors,Harrier,2016,CNG,Automatic,1240000.0,28.9,1500,6,24300.0,12.4,24.3,8,1.0L-1.5L,Excellent
4737,Volkswagen,Taigun,2016,Petrol,Manual,2100000.0,28.7,1000,6,23100.0,21.0,23.1,8,Below 1.0L,Excellent
4738,Renault,Lodgy,2017,Electric,Automatic,1180000.0,26.9,2500,4,21200.0,11.8,21.2,7,2.0L-3.0L,Excellent
4739,Maruti Suzuki,Swift,2022,Diesel,Automatic,1190000.0,25.9,1500,7,16900.0,11.9,16.9,2,1.0L-1.5L,Excellent
4740,Toyota,Fortuner,2019,Electric,Automatic,1340000.0,29.0,1500,6,21600.0,13.4,21.6,5,1.0L-1.5L,Excellent
4741,Renault,Kwid,2017,Electric,Automatic,2470000.0,15.9,1200,7,7700.0,24.7,7.7,7,1.0L-1.5L,Average
4742,Maruti Suzuki,Swift,2022,Diesel,Automatic,2580000.0,13.9,1200,7,7000.0,25.8,7.0,2,1.0L-1.5L,Low
4743,Maruti Suzuki,WagonR,2016,Diesel,Automatic,3330000.0,26.0,1800,4,6000.0,33.3,6.0,8,1.5L-2.0L,Excellent
4744,Skoda,Superb,2019,Petrol,Manual,2240000.0,22.0,1000,6,24700.0,22.4,24.7,5,Below 1.0L,Good
4745,Hyundai,i10,2015,CNG,Manual,3120000.0,11.3,1200,7,11100.0,31.2,11.1,9,1.0L-1.5L,Low
4746,Volkswagen,Polo,2016,Petrol,Automatic,1650000.0,21.0,1500,4,7200.0,16.5,7.2,8,1.0L-1.5L,Good
4747,Maruti Suzuki,Baleno,2021,Diesel,Automatic,1540000.0,21.9,1200,6,14100.0,15.4,14.1,3,1.0L-1.5L,Good
4748,Tata Motors,Harrier,2018,Electric,Manual,1860000.0,29.1,1000,6,15000.0,18.6,15.0,6,Below 1.0L,Excellent
4749,Hyundai,Venue,2017,Electric,Automatic,2890000.0,26.6,800,6,21200.0,28.9,21.2,7,Below 1.0L,Excellent
4750,Kia,Seltos,2019,Diesel,Manual,2660000.0,24.4,2500,4,14900.0,26.6,14.9,5,2.0L-3.0L,Good
4751,Toyota,Glanza,2024,CNG,Automatic,1160000.0,10.7,2000,6,5500.0,11.6,5.5,0,1.5L-2.0L,Low
4752,Hyundai,Venue,2015,Electric,Automatic,670000.0,20.9,1200,6,24800.0,6.7,24.8,9,1.0L-1.5L,Good
4753,Mahindra,Scorpio,2022,Diesel,Automatic,3350000.0,12.6,1500,4,18100.0,33.5,18.1,2,1.0L-1.5L,Low
4754,Kia,Seltos,2016,Electric,Manual,2940000.0,15.4,2000,5,17500.0,29.4,17.5,8,1.5L-2.0L,Average
4755,Tata Motors,Nexon,2018,CNG,Manual,860000.0,10.4,1800,5,10200.0,8.6,10.2,6,1.5L-2.0L,Low
4756,Tata Motors,Nexon,2022,CNG,Manual,1280000.0,14.3,1000,5,6100.0,12.8,6.1,2,Below 1.0L,Low
4757,Honda,Amaze,2016,Petrol,Manual,2680000.0,23.9,1000,7,17500.0,26.8,17.5,8,Below 1.0L,Good
4758,Tata Motors,Altroz,2018,CNG,Automatic,990000.0,19.8,1800,7,19000.0,9.9,19.0,6,1.5L-2.0L,Average
4759,Toyota,Urban Cruiser,2017,Petrol,Automatic,2830000.0,19.6,1800,5,8700.0,28.3,8.7,7,1.5L-2.0L,Average
4760,Hyundai,Venue,2023,CNG,Manual,1210000.0,29.8,1200,5,19500.0,12.1,19.5,1,1.0L-1.5L,Excellent
4761,Honda,City,2020,CNG,Automatic,1130000.0,12.8,1800,5,12000.0,11.3,12.0,4,1.5L-2.0L,Low
4762,Tata Motors,Tiago,2015,Petrol,Manual,2050000.0,11.5,800,7,24400.0,20.5,24.4,9,Below 1.0L,Low
4763,Volkswagen,Tiguan,2023,Petrol,Manual,1060000.0,17.1,1500,4,18200.0,10.6,18.2,1,1.0L-1.5L,Average
4764,Mahindra,Scorpio,2020,Petrol,Automatic,790000.0,17.8,2000,5,16700.0,7.9,16.7,4,1.5L-2.0L,Average
4765,Skoda,Rapid,2015,Electric,Manual,1050000.0,29.6,2000,5,5200.0,10.5,5.2,9,1.5L-2.0L,Excellent
4766,Tata Motors,Harrier,2024,Electric,Manual,2960000.0,26.8,2000,4,21400.0,29.6,21.4,0,1.5L-2.0L,Excellent
4767,Kia,Carnival,2015,Electric,Automatic,1170000.0,27.3,1200,5,16200.0,11.7,16.2,9,1.0L-1.5L,Excellent
4768,Volkswagen,Virtus,2023,Electric,Automatic,1880000.0,17.1,2000,6,21900.0,18.8,21.9,1,1.5L-2.0L,Average
4769,Kia,EV6,2019,Diesel,Automatic,1060000.0,28.4,1800,7,10200.0,10.6,10.2,5,1.5L-2.0L,Excellent
4770,Maruti Suzuki,Ertiga,2015,Diesel,Automatic,1230000.0,16.9,1200,5,10700.0,12.3,10.7,9,1.0L-1.5L,Average
4771,Skoda,Slavia,2023,CNG,Manual,1520000.0,14.0,1000,6,18600.0,15.2,18.6,1,Below 1.0L,Low
4772,Hyundai,Creta,2018,CNG,Manual,3220000.0,26.2,2000,7,13900.0,32.2,13.9,6,1.5L-2.0L,Excellent
4773,Kia,Seltos,2015,Diesel,Automatic,1840000.0,23.9,1500,4,12000.0,18.4,12.0,9,1.0L-1.5L,Good
4774,Hyundai,i10,2020,Electric,Manual,1440000.0,29.8,2500,5,24900.0,14.4,24.9,4,2.0L-3.0L,Excellent
4775,Toyota,Glanza,2016,Electric,Automatic,1110000.0,27.9,1500,6,8300.0,11.1,8.3,8,1.0L-1.5L,Excellent
4776,Kia,Sonet,2022,CNG,Manual,2770000.0,14.1,1500,6,13200.0,27.7,13.2,2,1.0L-1.5L,Low
4777,Skoda,Rapid,2018,Petrol,Manual,540000.0,17.5,800,7,6500.0,5.4,6.5,6,Below 1.0L,Average
4778,Kia,Carnival,2021,CNG,Manual,1410000.0,18.9,1800,7,24700.0,14.1,24.7,3,1.5L-2.0L,Average
4779,Tata Motors,Altroz,2024,Petrol,Automatic,2030000.0,24.9,1500,7,14200.0,20.3,14.2,0,1.0L-1.5L,Good
4780,Mahindra,Thar,2016,Diesel,Automatic,2980000.0,16.5,2500,5,16600.0,29.8,16.6,8,2.0L-3.0L,Average
4781,Renault,Kwid,2018,Electric,Automatic,530000.0,10.6,1800,4,20000.0,5.3,20.0,6,1.5L-2.0L,Low
4782,Renault,Kiger,2024,Electric,Manual,470000.0,24.0,2500,4,24500.0,4.7,24.5,0,2.0L-3.0L,Good
4783,Kia,Carnival,2018,CNG,Manual,1450000.0,15.1,1800,7,6900.0,14.5,6.9,6,1.5L-2.0L,Average
4784,Tata Motors,Nexon,2023,Diesel,Manual,1680000.0,13.7,2000,7,6400.0,16.8,6.4,1,1.5L-2.0L,Low
4785,Renault,Triber,2024,Diesel,Automatic,2800000.0,15.5,1000,5,16100.0,28.0,16.1,0,Below 1.0L,Average
4786,Hyundai,Verna,2020,Electric,Manual,910000.0,12.2,1200,5,19000.0,9.1,19.0,4,1.0L-1.5L,Low
4787,Toyota,Camry,2022,Petrol,Manual,3410000.0,12.9,1800,5,14100.0,34.1,14.1,2,1.5L-2.0L,Low
4788,Maruti Suzuki,Ertiga,2024,Diesel,Automatic,3490000.0,21.6,800,4,8700.0,34.9,8.7,0,Below 1.0L,Good
4789,Skoda,Slavia,2019,Petrol,Automatic,2950000.0,20.7,1200,7,15700.0,29.5,15.7,5,1.0L-1.5L,Good
4790,Kia,Seltos,2016,Diesel,Automatic,2880000.0,27.0,2000,6,5700.0,28.8,5.7,8,1.5L-2.0L,Excellent
4791,Mahindra,XUV300,2021,Electric,Manual,2550000.0,16.5,1000,4,8200.0,25.5,8.2,3,Below 1.0L,Average
4792,Volkswagen,Tiguan,2017,Petrol,Automatic,1070000.0,23.8,2500,5,15400.0,10.7,15.4,7,2.0L-3.0L,Good
4793,Mahindra,XUV700,2016,Electric,Manual,990000.0,28.0,2000,4,23000.0,9.9,23.0,8,1.5L-2.0L,Excellent
4794,Volkswagen,Virtus,2024,Diesel,Automatic,1630000.0,17.9,1000,4,22600.0,16.3,22.6,0,Below 1.0L,Average
4795,Volkswagen,Vento,2017,Petrol,Automatic,2000000.0,10.5,2000,5,12600.0,20.0,12.6,7,1.5L-2.0L,Low
4796,Kia,Seltos,2020,Petrol,Manual,3280000.0,26.4,1200,5,23000.0,32.8,23.0,4,1.0L-1.5L,Excellent
4797,Renault,Duster,2021,Diesel,Automatic,1500000.0,21.0,800,6,12800.0,15.0,12.8,3,Below 1.0L,Good
4798,Tata Motors,Harrier,2020,Diesel,Automatic,840000.0,29.7,2500,5,20200.0,8.4,20.2,4,2.0L-3.0L,Excellent
4799,Honda,Amaze,2021,CNG,Manual,2350000.0,22.4,1000,7,6100.0,23.5,6.1,3,Below 1.0L,Good
4800,Skoda,Kushaq,2015,Electric,Automatic,900000.0,17.6,1000,4,22400.0,9.0,22.4,9,Below 1.0L,Average
4801,Renault,Lodgy,2016,Electric,Automatic,530000.0,11.3,2500,7,16800.0,5.3,16.8,8,2.0L-3.0L,Low
4802,Skoda,Superb,2019,Electric,Manual,1750000.0,15.7,1000,5,20900.0,17.5,20.9,5,Below 1.0L,Average
4803,Maruti Suzuki,Dzire,2024,Diesel,Automatic,3490000.0,18.0,2000,5,14800.0,34.9,14.8,0,1.5L-2.0L,Average
4804,Hyundai,i20,2022,Petrol,Automatic,1360000.0,14.4,1500,4,23800.0,13.6,23.8,2,1.0L-1.5L,Low
4805,Skoda,Superb,2018,CNG,Manual,2600000.0,13.2,1500,7,5700.0,26.0,5.7,6,1.0L-1.5L,Low
4806,Renault,Lodgy,2024,Petrol,Manual,3390000.0,27.7,1800,6,22500.0,33.9,22.5,0,1.5L-2.0L,Excellent
4807,Mahindra,Scorpio,2018,CNG,Automatic,3020000.0,15.4,2500,5,10800.0,30.2,10.8,6,2.0L-3.0L,Average
4808,Honda,WR-V,2019,Electric,Manual,2950000.0,12.6,1800,7,11700.0,29.5,11.7,5,1.5L-2.0L,Low
4809,Honda,Civic,2023,CNG,Automatic,2630000.0,28.0,1500,7,24500.0,26.3,24.5,1,1.0L-1.5L,Excellent
4810,Mahindra,XUV300,2018,CNG,Manual,3220000.0,29.6,1500,6,21600.0,32.2,21.6,6,1.0L-1.5L,Excellent
4811,Hyundai,Verna,2021,CNG,Automatic,2560000.0,29.3,1200,7,6000.0,25.6,6.0,3,1.0L-1.5L,Excellent
4812,Renault,Kiger,2018,Electric,Manual,1140000.0,22.2,2000,6,15800.0,11.4,15.8,6,1.5L-2.0L,Good
4813,Skoda,Kushaq,2021,Electric,Automatic,2510000.0,24.5,1200,6,20900.0,25.1,20.9,3,1.0L-1.5L,Good
4814,Maruti Suzuki,Dzire,2018,Petrol,Manual,1830000.0,12.9,1000,5,15800.0,18.3,15.8,6,Below 1.0L,Low
4815,Toyota,Innova,2017,Electric,Manual,2610000.0,22.9,1000,4,18000.0,26.1,18.0,7,Below 1.0L,Good
4816,Hyundai,i20,2018,Petrol,Automatic,3120000.0,29.1,1800,7,7600.0,31.2,7.6,6,1.5L-2.0L,Excellent
4817,Kia,Sonet,2018,Electric,Manual,750000.0,12.2,2500,5,11600.0,7.5,11.6,6,2.0L-3.0L,Low
4818,Kia,EV6,2018,CNG,Manual,3240000.0,22.3,1200,4,16900.0,32.4,16.9,6,1.0L-1.5L,Good
4819,Skoda,Kushaq,2018,CNG,Manual,1880000.0,11.4,2500,7,21700.0,18.8,21.7,6,2.0L-3.0L,Low
4820,Tata Motors,Punch,2020,Diesel,Automatic,3310000.0,19.5,1500,7,10700.0,33.1,10.7,4,1.0L-1.5L,Average
4821,Kia,EV6,2020,Electric,Manual,800000.0,18.1,2500,4,5800.0,8.0,5.8,4,2.0L-3.0L,Average
4822,Skoda,Slavia,2017,Diesel,Manual,1170000.0,22.3,1000,6,15400.0,11.7,15.4,7,Below 1.0L,Good
4823,Mahindra,Thar,2018,CNG,Manual,1760000.0,10.3,1500,4,21500.0,17.6,21.5,6,1.0L-1.5L,Low
4824,Hyundai,i10,2024,Electric,Manual,870000.0,21.0,1800,7,21400.0,8.7,21.4,0,1.5L-2.0L,Good
4825,Skoda,Rapid,2020,Petrol,Automatic,430000.0,16.6,800,5,12900.0,4.3,12.9,4,Below 1.0L,Average
4826,Kia,Carens,2021,Petrol,Manual,2730000.0,17.3,1800,5,9700.0,27.3,9.7,3,1.5L-2.0L,Average
4827,Mahindra,XUV300,2019,CNG,Automatic,1610000.0,29.3,1500,5,21100.0,16.1,21.1,5,1.0L-1.5L,Excellent
4828,Renault,Duster,2019,Petrol,Manual,1930000.0,18.3,1200,6,12600.0,19.3,12.6,5,1.0L-1.5L,Average
4829,Honda,WR-V,2021,CNG,Manual,720000.0,17.5,1800,4,7000.0,7.2,7.0,3,1.5L-2.0L,Average
4830,Mahindra,XUV300,2024,Diesel,Manual,1480000.0,20.7,1200,4,16200.0,14.8,16.2,0,1.0L-1.5L,Good
4831,Toyota,Camry,2019,Electric,Automatic,1560000.0,14.6,1000,6,17300.0,15.6,17.3,5,Below 1.0L,Low
4832,Hyundai,Venue,2022,Petrol,Manual,930000.0,26.3,800,7,23300.0,9.3,23.3,2,Below 1.0L,Excellent
4833,Kia,EV6,2023,CNG,Automatic,2640000.0,22.3,1200,4,14500.0,26.4,14.5,1,1.0L-1.5L,Good
4834,Mahindra,Thar,2019,Electric,Automatic,430000.0,17.0,1200,7,20600.0,4.3,20.6,5,1.0L-1.5L,Average
4835,Skoda,Octavia,2021,CNG,Manual,660000.0,13.3,1000,5,19600.0,6.6,19.6,3,Below 1.0L,Low
4836,Renault,Duster,2019,Diesel,Manual,2630000.0,10.1,2000,4,13200.0,26.3,13.2,5,1.5L-2.0L,Low
4837,Hyundai,Verna,2017,Electric,Manual,2300000.0,15.7,2500,5,20800.0,23.0,20.8,7,2.0L-3.0L,Average
4838,Mahindra,XUV300,2016,Electric,Manual,1360000.0,18.5,1500,7,18500.0,13.6,18.5,8,1.0L-1.5L,Average
4839,Volkswagen,Polo,2019,Diesel,Manual,1560000.0,24.1,1200,5,13900.0,15.6,13.9,5,1.0L-1.5L,Good
4840,Maruti Suzuki,Baleno,2021,Diesel,Automatic,430000.0,13.8,2000,4,10300.0,4.3,10.3,3,1.5L-2.0L,Low
4841,Tata Motors,Altroz,2020,Petrol,Automatic,1250000.0,19.7,1500,4,17700.0,12.5,17.7,4,1.0L-1.5L,Average
4842,Kia,EV6,2017,Diesel,Automatic,1980000.0,18.1,1500,5,7100.0,19.8,7.1,7,1.0L-1.5L,Average
4843,Maruti Suzuki,Baleno,2023,CNG,Automatic,620000.0,27.5,1500,7,10900.0,6.2,10.9,1,1.0L-1.5L,Excellent
4844,Volkswagen,Taigun,2024,Diesel,Automatic,1080000.0,28.0,1200,6,17100.0,10.8,17.1,0,1.0L-1.5L,Excellent
4845,Maruti Suzuki,WagonR,2021,Diesel,Manual,800000.0,20.7,1000,5,14100.0,8.0,14.1,3,Below 1.0L,Good
4846,Maruti Suzuki,Swift,2023,Electric,Manual,2210000.0,23.1,800,4,22200.0,22.1,22.2,1,Below 1.0L,Good
4847,Hyundai,i10,2017,Diesel,Manual,2220000.0,21.8,1200,4,6300.0,22.2,6.3,7,1.0L-1.5L,Good
4848,Skoda,Slavia,2019,Diesel,Automatic,720000.0,19.3,1500,4,14400.0,7.2,14.4,5,1.0L-1.5L,Average
4849,Toyota,Innova,2022,Diesel,Automatic,2620000.0,27.7,1800,5,22400.0,26.2,22.4,2,1.5L-2.0L,Excellent
4850,Tata Motors,Tiago,2016,Electric,Automatic,2360000.0,12.2,2500,6,25000.0,23.6,25.0,8,2.0L-3.0L,Low
4851,Renault,Triber,2024,Petrol,Automatic,1810000.0,28.4,1000,6,10000.0,18.1,10.0,0,Below 1.0L,Excellent
4852,Renault,Lodgy,2022,CNG,Manual,1510000.0,11.1,800,7,5300.0,15.1,5.3,2,Below 1.0L,Low
4853,Kia,Sonet,2020,Petrol,Automatic,1380000.0,27.9,1800,6,9900.0,13.8,9.9,4,1.5L-2.0L,Excellent
4854,Kia,Carens,2021,Electric,Automatic,490000.0,14.9,2500,4,12800.0,4.9,12.8,3,2.0L-3.0L,Low
4855,Honda,Amaze,2022,Diesel,Manual,1710000.0,29.8,2500,6,14600.0,17.1,14.6,2,2.0L-3.0L,Excellent
4856,Kia,Carnival,2017,CNG,Manual,2720000.0,14.8,1200,5,18900.0,27.2,18.9,7,1.0L-1.5L,Low
4857,Kia,EV6,2023,Diesel,Automatic,2420000.0,20.0,1500,7,15900.0,24.2,15.9,1,1.0L-1.5L,Average
4858,Skoda,Octavia,2015,Diesel,Manual,2180000.0,22.0,2000,4,13800.0,21.8,13.8,9,1.5L-2.0L,Good
4859,Skoda,Kushaq,2018,Diesel,Manual,450000.0,29.4,800,5,5200.0,4.5,5.2,6,Below 1.0L,Excellent
4860,Hyundai,Creta,2023,Diesel,Automatic,3080000.0,12.9,2000,5,13900.0,30.8,13.9,1,1.5L-2.0L,Low
4861,Honda,Jazz,2024,Petrol,Manual,710000.0,12.3,1800,5,16100.0,7.1,16.1,0,1.5L-2.0L,Low
4862,Maruti Suzuki,Baleno,2019,Electric,Manual,2120000.0,12.3,1200,7,17700.0,21.2,17.7,5,1.0L-1.5L,Low
4863,Skoda,Superb,2022,Diesel,Manual,2070000.0,13.7,1200,7,8800.0,20.7,8.8,2,1.0L-1.5L,Low
4864,Hyundai,Venue,2016,Electric,Manual,1540000.0,29.8,1000,6,6300.0,15.4,6.3,8,Below 1.0L,Excellent
4865,Renault,Lodgy,2018,Electric,Manual,2400000.0,28.0,1200,7,11200.0,24.0,11.2,6,1.0L-1.5L,Excellent
4866,Kia,Seltos,2020,Diesel,Manual,3080000.0,26.5,2000,5,19900.0,30.8,19.9,4,1.5L-2.0L,Excellent
4867,Honda,Jazz,2017,Petrol,Manual,1680000.0,11.4,1200,4,15000.0,16.8,15.0,7,1.0L-1.5L,Low
4868,Hyundai,Verna,2019,Diesel,Automatic,2430000.0,22.6,1500,6,9800.0,24.3,9.8,5,1.0L-1.5L,Good
4869,Hyundai,Verna,2020,Electric,Manual,1120000.0,24.5,1200,5,11500.0,11.2,11.5,4,1.0L-1.5L,Good
4870,Tata Motors,Harrier,2018,Electric,Automatic,2630000.0,16.8,1200,5,12800.0,26.3,12.8,6,1.0L-1.5L,Average
4871,Toyota,Urban Cruiser,2015,CNG,Automatic,1980000.0,20.7,2000,7,19000.0,19.8,19.0,9,1.5L-2.0L,Good
4872,Mahindra,XUV300,2018,Diesel,Automatic,2740000.0,29.8,1200,4,24400.0,27.4,24.4,6,1.0L-1.5L,Excellent
4873,Mahindra,XUV700,2017,Petrol,Automatic,2750000.0,12.6,2500,6,16300.0,27.5,16.3,7,2.0L-3.0L,Low
4874,Hyundai,i20,2023,Petrol,Manual,3210000.0,16.5,1000,6,11200.0,32.1,11.2,1,Below 1.0L,Average
4875,Skoda,Superb,2020,CNG,Manual,2640000.0,23.3,1500,5,15800.0,26.4,15.8,4,1.0L-1.5L,Good
4876,Hyundai,i10,2022,CNG,Automatic,2890000.0,16.8,1200,5,14900.0,28.9,14.9,2,1.0L-1.5L,Average
4877,Mahindra,XUV700,2015,Diesel,Automatic,1840000.0,24.6,2000,4,11200.0,18.4,11.2,9,1.5L-2.0L,Good
4878,Mahindra,XUV700,2024,Electric,Manual,2990000.0,24.7,2000,6,18200.0,29.9,18.2,0,1.5L-2.0L,Good
4879,Hyundai,i10,2016,Diesel,Automatic,3160000.0,23.1,1500,6,17800.0,31.6,17.8,8,1.0L-1.5L,Good
4880,Mahindra,Scorpio,2016,CNG,Automatic,2560000.0,13.9,1200,5,19700.0,25.6,19.7,8,1.0L-1.5L,Low
4881,Honda,Civic,2015,CNG,Manual,1440000.0,20.3,1000,4,22200.0,14.4,22.2,9,Below 1.0L,Good
4882,Maruti Suzuki,Swift,2018,Petrol,Automatic,1460000.0,27.1,1000,7,17900.0,14.6,17.9,6,Below 1.0L,Excellent
4883,Volkswagen,Polo,2015,Electric,Automatic,3470000.0,19.7,2000,5,19100.0,34.7,19.1,9,1.5L-2.0L,Average
4884,Tata Motors,Altroz,2018,Petrol,Automatic,1740000.0,16.9,1800,6,16200.0,17.4,16.2,6,1.5L-2.0L,Average
4885,Toyota,Camry,2023,Electric,Automatic,2810000.0,22.4,1800,5,20900.0,28.1,20.9,1,1.5L-2.0L,Good
4886,Honda,Jazz,2017,Diesel,Manual,2050000.0,22.0,1200,5,10200.0,20.5,10.2,7,1.0L-1.5L,Good
4887,Hyundai,Venue,2021,CNG,Manual,600000.0,18.7,2000,5,22400.0,6.0,22.4,3,1.5L-2.0L,Average
4888,Honda,Jazz,2024,Diesel,Manual,2700000.0,25.0,1000,5,20200.0,27.0,20.2,0,Below 1.0L,Good
4889,Volkswagen,Vento,2015,CNG,Manual,820000.0,29.0,1000,5,24500.0,8.2,24.5,9,Below 1.0L,Excellent
4890,Hyundai,i20,2017,Diesel,Automatic,1150000.0,15.5,1200,7,24500.0,11.5,24.5,7,1.0L-1.5L,Average
4891,Renault,Triber,2016,Diesel,Automatic,3090000.0,24.9,1800,6,7700.0,30.9,7.7,8,1.5L-2.0L,Good
4892,Hyundai,Venue,2023,Electric,Manual,2240000.0,29.8,1200,6,22800.0,22.4,22.8,1,1.0L-1.5L,Excellent
4893,Honda,Civic,2021,Electric,Manual,1150000.0,18.5,2000,7,15400.0,11.5,15.4,3,1.5L-2.0L,Average
4894,Kia,Sonet,2019,Electric,Manual,2370000.0,16.1,800,5,14700.0,23.7,14.7,5,Below 1.0L,Average
4895,Volkswagen,Polo,2016,CNG,Automatic,520000.0,12.1,2000,5,12900.0,5.2,12.9,8,1.5L-2.0L,Low
4896,Renault,Lodgy,2016,Petrol,Automatic,950000.0,12.5,1200,6,16600.0,9.5,16.6,8,1.0L-1.5L,Low
4897,Honda,Civic,2019,Petrol,Automatic,2870000.0,23.8,1200,7,11600.0,28.7,11.6,5,1.0L-1.5L,Good
4898,Renault,Lodgy,2015,CNG,Manual,2410000.0,19.1,2000,7,10200.0,24.1,10.2,9,1.5L-2.0L,Average
4899,Kia,EV6,2017,Diesel,Manual,1720000.0,19.7,1800,4,13100.0,17.2,13.1,7,1.5L-2.0L,Average
4900,Maruti Suzuki,Ertiga,2024,CNG,Manual,3180000.0,16.9,1200,4,9800.0,31.8,9.8,0,1.0L-1.5L,Average
4901,Renault,Lodgy,2015,Diesel,Manual,1920000.0,27.0,800,4,21000.0,19.2,21.0,9,Below 1.0L,Excellent
4902,Hyundai,Venue,2023,Petrol,Manual,850000.0,15.7,1200,7,21700.0,8.5,21.7,1,1.0L-1.5L,Average
4903,Toyota,Camry,2023,Petrol,Manual,1640000.0,18.0,1800,5,6500.0,16.4,6.5,1,1.5L-2.0L,Average
4904,Mahindra,XUV700,2021,Diesel,Manual,750000.0,16.5,1800,7,10000.0,7.5,10.0,3,1.5L-2.0L,Average
4905,Toyota,Fortuner,2018,CNG,Automatic,870000.0,17.3,2000,6,15000.0,8.7,15.0,6,1.5L-2.0L,Average
4906,Renault,Duster,2015,CNG,Manual,2270000.0,19.7,1200,5,18200.0,22.7,18.2,9,1.0L-1.5L,Average
4907,Maruti Suzuki,Dzire,2024,Diesel,Manual,1130000.0,25.0,1800,5,13000.0,11.3,13.0,0,1.5L-2.0L,Good
4908,Kia,Carens,2022,Diesel,Automatic,3110000.0,29.0,800,4,9300.0,31.1,9.3,2,Below 1.0L,Excellent
4909,Maruti Suzuki,Swift,2015,Petrol,Manual,2910000.0,16.4,1000,6,6400.0,29.1,6.4,9,Below 1.0L,Average
4910,Volkswagen,Polo,2024,Petrol,Manual,1200000.0,15.1,800,6,11700.0,12.0,11.7,0,Below 1.0L,Average
4911,Kia,Carens,2023,Electric,Manual,1100000.0,29.0,1800,5,20200.0,11.0,20.2,1,1.5L-2.0L,Excellent
4912,Skoda,Rapid,2017,Electric,Automatic,2290000.0,24.7,800,6,5200.0,22.9,5.2,7,Below 1.0L,Good
4913,Kia,Carnival,2016,Electric,Automatic,3240000.0,19.2,2500,7,10100.0,32.4,10.1,8,2.0L-3.0L,Average
4914,Kia,Seltos,2017,Diesel,Manual,1390000.0,13.3,800,7,10100.0,13.9,10.1,7,Below 1.0L,Low
4915,Tata Motors,Punch,2016,Diesel,Automatic,1690000.0,22.5,800,7,11400.0,16.9,11.4,8,Below 1.0L,Good
4916,Toyota,Camry,2020,CNG,Automatic,920000.0,27.7,800,4,18700.0,9.2,18.7,4,Below 1.0L,Excellent
4917,Maruti Suzuki,Baleno,2023,Petrol,Automatic,1980000.0,23.4,2500,7,23500.0,19.8,23.5,1,2.0L-3.0L,Good
4918,Volkswagen,Tiguan,2015,Electric,Manual,1070000.0,12.4,1800,7,10800.0,10.7,10.8,9,1.5L-2.0L,Low
4919,Mahindra,XUV700,2020,Electric,Automatic,3410000.0,12.1,1800,4,7300.0,34.1,7.3,4,1.5L-2.0L,Low
4920,Tata Motors,Harrier,2020,Diesel,Automatic,690000.0,13.7,2500,6,12200.0,6.9,12.2,4,2.0L-3.0L,Low
4921,Maruti Suzuki,Dzire,2018,Electric,Automatic,3220000.0,23.7,1500,7,5900.0,32.2,5.9,6,1.0L-1.5L,Good
4922,Renault,Kwid,2018,Diesel,Manual,2310000.0,20.7,1200,6,17200.0,23.1,17.2,6,1.0L-1.5L,Good
4923,Kia,EV6,2017,Petrol,Manual,1690000.0,12.8,1200,4,21200.0,16.9,21.2,7,1.0L-1.5L,Low
4924,Volkswagen,Taigun,2015,CNG,Manual,2140000.0,17.3,2000,4,23200.0,21.4,23.2,9,1.5L-2.0L,Average
4925,Skoda,Superb,2015,Petrol,Automatic,630000.0,11.4,2000,7,23800.0,6.3,23.8,9,1.5L-2.0L,Low
4926,Honda,City,2018,Electric,Automatic,1160000.0,13.3,1800,5,20500.0,11.6,20.5,6,1.5L-2.0L,Low
4927,Mahindra,Scorpio,2021,Electric,Manual,3260000.0,10.6,1800,5,22600.0,32.6,22.6,3,1.5L-2.0L,Low
4928,Mahindra,XUV300,2017,Electric,Automatic,1790000.0,14.7,1000,6,20200.0,17.9,20.2,7,Below 1.0L,Low
4929,Honda,Civic,2021,Diesel,Manual,2600000.0,12.1,1500,4,6000.0,26.0,6.0,3,1.0L-1.5L,Low
4930,Skoda,Rapid,2024,Diesel,Manual,3040000.0,25.7,1800,5,19500.0,30.4,19.5,0,1.5L-2.0L,Excellent
4931,Maruti Suzuki,Ertiga,2023,Petrol,Manual,2280000.0,21.1,2500,7,16600.0,22.8,16.6,1,2.0L-3.0L,Good
4932,Hyundai,Venue,2024,Petrol,Automatic,3380000.0,17.1,1800,7,11600.0,33.8,11.6,0,1.5L-2.0L,Average
4933,Mahindra,XUV300,2021,CNG,Manual,2510000.0,14.5,1200,5,19400.0,25.1,19.4,3,1.0L-1.5L,Low
4934,Renault,Duster,2018,Petrol,Automatic,2030000.0,14.6,1800,4,24500.0,20.3,24.5,6,1.5L-2.0L,Low
4935,Hyundai,Verna,2019,Petrol,Manual,2070000.0,20.7,1800,6,13300.0,20.7,13.3,5,1.5L-2.0L,Good
4936,Volkswagen,Virtus,2022,Electric,Automatic,2030000.0,20.0,1500,4,21400.0,20.3,21.4,2,1.0L-1.5L,Average
4937,Hyundai,Creta,2024,Diesel,Manual,960000.0,25.5,800,5,22200.0,9.6,22.2,0,Below 1.0L,Excellent
4938,Mahindra,Bolero,2016,Diesel,Automatic,500000.0,20.6,1200,7,16200.0,5.0,16.2,8,1.0L-1.5L,Good
4939,Tata Motors,Altroz,2022,Diesel,Manual,3180000.0,12.3,1500,6,9100.0,31.8,9.1,2,1.0L-1.5L,Low
4940,Kia,EV6,2022,Electric,Manual,1220000.0,29.9,1000,5,21200.0,12.2,21.2,2,Below 1.0L,Excellent
4941,Volkswagen,Polo,2022,Diesel,Automatic,2090000.0,11.7,1200,6,20500.0,20.9,20.5,2,1.0L-1.5L,Low
4942,Tata Motors,Nexon,2019,Electric,Automatic,1350000.0,12.5,1500,5,12700.0,13.5,12.7,5,1.0L-1.5L,Low
4943,Maruti Suzuki,Swift,2024,Petrol,Manual,1430000.0,15.4,1200,6,16700.0,14.3,16.7,0,1.0L-1.5L,Average
4944,Kia,Sonet,2018,CNG,Manual,730000.0,28.4,2500,7,13400.0,7.3,13.4,6,2.0L-3.0L,Excellent
4945,Hyundai,Verna,2020,Diesel,Automatic,1640000.0,16.8,1000,7,20100.0,16.4,20.1,4,Below 1.0L,Average
4946,Honda,Amaze,2024,Petrol,Manual,2870000.0,21.8,1200,4,15400.0,28.7,15.4,0,1.0L-1.5L,Good
4947,Toyota,Camry,2024,Diesel,Automatic,1500000.0,14.1,2000,5,15100.0,15.0,15.1,0,1.5L-2.0L,Low
4948,Kia,Seltos,2017,Electric,Automatic,2990000.0,14.3,2000,7,15200.0,29.9,15.2,7,1.5L-2.0L,Low
4949,Hyundai,i10,2022,Diesel,Manual,430000.0,26.8,800,4,16700.0,4.3,16.7,2,Below 1.0L,Excellent
4950,Maruti Suzuki,WagonR,2022,Electric,Manual,1330000.0,16.8,2000,5,6500.0,13.3,6.5,2,1.5L-2.0L,Average
4951,Mahindra,XUV700,2019,CNG,Automatic,580000.0,16.1,2500,7,5100.0,5.8,5.1,5,2.0L-3.0L,Average
4952,Hyundai,i10,2016,Electric,Manual,2420000.0,23.5,800,5,21400.0,24.2,21.4,8,Below 1.0L,Good
4953,Hyundai,Creta,2021,Electric,Automatic,2190000.0,27.0,1800,5,16700.0,21.9,16.7,3,1.5L-2.0L,Excellent
4954,Maruti Suzuki,Baleno,2024,Diesel,Automatic,1190000.0,24.7,1500,5,7200.0,11.9,7.2,0,1.0L-1.5L,Good
4955,Skoda,Octavia,2018,Electric,Automatic,1580000.0,11.6,1000,4,21300.0,15.8,21.3,6,Below 1.0L,Low
4956,Honda,Amaze,2022,Petrol,Manual,2810000.0,25.1,1500,6,11900.0,28.1,11.9,2,1.0L-1.5L,Excellent
4957,Mahindra,Bolero,2020,Electric,Automatic,2920000.0,19.4,1000,4,20300.0,29.2,20.3,4,Below 1.0L,Average
4958,Maruti Suzuki,Ertiga,2021,Petrol,Automatic,2680000.0,17.1,2500,5,18400.0,26.8,18.4,3,2.0L-3.0L,Average
4959,Maruti Suzuki,Dzire,2024,Electric,Automatic,550000.0,22.7,1800,7,10300.0,5.5,10.3,0,1.5L-2.0L,Good
4960,Skoda,Superb,2017,Electric,Manual,2010000.0,15.9,1000,4,22500.0,20.1,22.5,7,Below 1.0L,Average
4961,Kia,Carens,2016,Petrol,Automatic,2840000.0,21.7,800,7,6400.0,28.4,6.4,8,Below 1.0L,Good
4962,Kia,Carnival,2018,Electric,Automatic,2870000.0,11.3,2000,7,20800.0,28.7,20.8,6,1.5L-2.0L,Low
4963,Skoda,Slavia,2017,CNG,Manual,1190000.0,14.3,1500,7,22200.0,11.9,22.2,7,1.0L-1.5L,Low
4964,Skoda,Slavia,2024,CNG,Manual,2350000.0,12.5,1800,6,9400.0,23.5,9.4,0,1.5L-2.0L,Low
4965,Volkswagen,Taigun,2016,Diesel,Manual,1250000.0,14.3,800,6,18400.0,12.5,18.4,8,Below 1.0L,Low
4966,Kia,Carnival,2024,Electric,Automatic,550000.0,10.1,1000,4,22000.0,5.5,22.0,0,Below 1.0L,Low
4967,Honda,Amaze,2024,Petrol,Manual,1480000.0,25.3,1800,4,14200.0,14.8,14.2,0,1.5L-2.0L,Excellent
4968,Volkswagen,Polo,2022,Petrol,Manual,3430000.0,24.1,1800,6,5500.0,34.3,5.5,2,1.5L-2.0L,Good
4969,Renault,Duster,2015,Petrol,Automatic,1910000.0,27.4,2000,4,6200.0,19.1,6.2,9,1.5L-2.0L,Excellent
4970,Hyundai,i20,2015,Diesel,Manual,1380000.0,27.6,800,6,24400.0,13.8,24.4,9,Below 1.0L,Excellent
4971,Toyota,Fortuner,2016,Diesel,Manual,3060000.0,14.0,1000,7,8400.0,30.6,8.4,8,Below 1.0L,Low
4972,Mahindra,XUV300,2022,Petrol,Automatic,3360000.0,17.0,800,5,10600.0,33.6,10.6,2,Below 1.0L,Average
4973,Skoda,Rapid,2016,CNG,Automatic,2760000.0,24.4,1000,7,16800.0,27.6,16.8,8,Below 1.0L,Good
4974,Volkswagen,Vento,2024,CNG,Manual,1240000.0,22.2,1200,5,20600.0,12.4,20.6,0,1.0L-1.5L,Good
4975,Honda,WR-V,2021,Petrol,Manual,1710000.0,19.1,1800,7,13900.0,17.1,13.9,3,1.5L-2.0L,Average
4976,Tata Motors,Nexon,2018,Diesel,Manual,1540000.0,21.5,800,6,22600.0,15.4,22.6,6,Below 1.0L,Good
4977,Volkswagen,Polo,2019,CNG,Automatic,2880000.0,19.4,1200,5,11300.0,28.8,11.3,5,1.0L-1.5L,Average
4978,Skoda,Octavia,2015,Diesel,Automatic,1160000.0,15.8,1800,4,5300.0,11.6,5.3,9,1.5L-2.0L,Average
4979,Honda,Civic,2019,Electric,Manual,2330000.0,23.6,1800,6,6700.0,23.3,6.7,5,1.5L-2.0L,Good
4980,Toyota,Camry,2023,CNG,Automatic,1230000.0,17.5,800,4,19000.0,12.3,19.0,1,Below 1.0L,Average
4981,Kia,EV6,2024,Electric,Manual,3160000.0,29.9,2000,6,6700.0,31.6,6.7,0,1.5L-2.0L,Excellent
4982,Tata Motors,Altroz,2017,Diesel,Manual,2480000.0,26.1,1800,5,24400.0,24.8,24.4,7,1.5L-2.0L,Excellent
4983,Volkswagen,Taigun,2016,CNG,Automatic,3480000.0,17.7,800,5,18100.0,34.8,18.1,8,Below 1.0L,Average
4984,Skoda,Slavia,2022,CNG,Automatic,680000.0,22.4,2000,4,20000.0,6.8,20.0,2,1.5L-2.0L,Good
4985,Mahindra,Thar,2019,Diesel,Automatic,3030000.0,11.0,1800,4,15100.0,30.3,15.1,5,1.5L-2.0L,Low
4986,Skoda,Slavia,2019,Electric,Automatic,2610000.0,28.3,800,4,20900.0,26.1,20.9,5,Below 1.0L,Excellent
4987,Tata Motors,Punch,2017,Diesel,Automatic,1680000.0,23.4,1000,6,6500.0,16.8,6.5,7,Below 1.0L,Good
4988,Honda,Jazz,2019,Electric,Manual,2920000.0,25.6,1800,6,20500.0,29.2,20.5,5,1.5L-2.0L,Excellent
4989,Skoda,Kushaq,2015,Petrol,Manual,1880000.0,12.6,1800,7,19000.0,18.8,19.0,9,1.5L-2.0L,Low
4990,Renault,Triber,2019,Diesel,Automatic,1940000.0,17.1,800,7,6900.0,19.4,6.9,5,Below 1.0L,Average
4991,Skoda,Kushaq,2016,Electric,Manual,2650000.0,17.7,1800,4,15200.0,26.5,15.2,8,1.5L-2.0L,Average
4992,Skoda,Slavia,2018,CNG,Manual,2760000.0,12.9,1000,4,7200.0,27.6,7.2,6,Below 1.0L,Low
4993,Skoda,Slavia,2021,CNG,Manual,3210000.0,27.5,1500,4,14100.0,32.1,14.1,3,1.0L-1.5L,Excellent
4994,Mahindra,Bolero,2022,Electric,Automatic,1350000.0,14.9,1000,5,5600.0,13.5,5.6,2,Below 1.0L,Low
4995,Volkswagen,Vento,2020,Electric,Manual,3320000.0,23.9,2500,7,12400.0,33.2,12.4,4,2.0L-3.0L,Good
4996,Renault,Lodgy,2017,Diesel,Manual,1760000.0,27.9,1800,6,24800.0,17.6,24.8,7,1.5L-2.0L,Excellent
4997,Honda,Civic,2020,Electric,Automatic,2650000.0,27.1,1800,4,9100.0,26.5,9.1,4,1.5L-2.0L,Excellent
4998,Renault,Lodgy,2019,Diesel,Automatic,740000.0,12.3,1800,4,16100.0,7.4,16.1,5,1.5L-2.0L,Low
4999,Honda,WR-V,2023,CNG,Manual,1710000.0,15.8,1200,6,12500.0,17.1,12.5,1,1.0L-1.5L,Average
5000,Honda,Jazz,2019,Electric,Automatic,2030000.0,15.6,1000,7,21400.0,20.3,21.4,5,Below 1.0L,Average
5001,Kia,Carnival,2018,Petrol,Automatic,1330000.0,21.5,1800,4,14000.0,13.3,14.0,6,1.5L-2.0L,Good
5002,Toyota,Glanza,2024,Diesel,Manual,3180000.0,30.0,1000,5,8600.0,31.8,8.6,0,Below 1.0L,Excellent
5003,Renault,Kiger,2017,CNG,Automatic,3060000.0,28.5,800,5,12200.0,30.6,12.2,7,Below 1.0L,Excellent
5004,Mahindra,XUV300,2016,Diesel,Automatic,2980000.0,28.1,1800,5,15300.0,29.8,15.3,8,1.5L-2.0L,Excellent
5005,Skoda,Superb,2017,Petrol,Automatic,1810000.0,19.9,1500,7,8100.0,18.1,8.1,7,1.0L-1.5L,Average
5006,Maruti Suzuki,Baleno,2021,Electric,Automatic,1530000.0,26.1,1500,7,19600.0,15.3,19.6,3,1.0L-1.5L,Excellent
5007,Volkswagen,Tiguan,2018,Electric,Manual,1760000.0,22.3,1200,6,18300.0,17.6,18.3,6,1.0L-1.5L,Good
5008,Toyota,Innova,2024,Diesel,Manual,2870000.0,25.3,800,6,17300.0,28.7,17.3,0,Below 1.0L,Excellent
5009,Renault,Duster,2024,Diesel,Automatic,2720000.0,26.6,1800,5,10000.0,27.2,10.0,0,1.5L-2.0L,Excellent
5010,Renault,Triber,2022,Diesel,Automatic,630000.0,16.2,1200,4,23300.0,6.3,23.3,2,1.0L-1.5L,Average
5011,Skoda,Rapid,2021,CNG,Manual,460000.0,17.6,2500,4,8900.0,4.6,8.9,3,2.0L-3.0L,Average
5012,Renault,Lodgy,2024,Diesel,Automatic,1460000.0,23.9,1200,7,15200.0,14.6,15.2,0,1.0L-1.5L,Good
5013,Renault,Lodgy,2023,Diesel,Automatic,3430000.0,10.0,1200,7,18900.0,34.3,18.9,1,1.0L-1.5L,Low
5014,Maruti Suzuki,Baleno,2019,Petrol,Manual,2120000.0,15.0,1200,6,14400.0,21.2,14.4,5,1.0L-1.5L,Low
5015,Hyundai,i10,2015,Electric,Automatic,510000.0,29.0,1800,5,12300.0,5.1,12.3,9,1.5L-2.0L,Excellent
5016,Toyota,Urban Cruiser,2021,Petrol,Automatic,2010000.0,22.7,1800,7,24700.0,20.1,24.7,3,1.5L-2.0L,Good
5017,Tata Motors,Altroz,2018,Electric,Automatic,2430000.0,12.5,2500,7,7000.0,24.3,7.0,6,2.0L-3.0L,Low
5018,Renault,Lodgy,2016,Electric,Automatic,2360000.0,26.5,2500,4,12000.0,23.6,12.0,8,2.0L-3.0L,Excellent
5019,Hyundai,Creta,2018,Petrol,Automatic,3390000.0,26.0,1200,6,24200.0,33.9,24.2,6,1.0L-1.5L,Excellent
5020,Toyota,Fortuner,2024,Electric,Manual,2910000.0,19.8,1000,6,11800.0,29.1,11.8,0,Below 1.0L,Average
5021,Honda,WR-V,2016,Electric,Manual,2590000.0,27.6,2000,4,9200.0,25.9,9.2,8,1.5L-2.0L,Excellent
5022,Volkswagen,Tiguan,2015,CNG,Manual,2730000.0,16.5,800,5,6200.0,27.3,6.2,9,Below 1.0L,Average
5023,Skoda,Superb,2015,CNG,Automatic,810000.0,23.1,800,4,16000.0,8.1,16.0,9,Below 1.0L,Good
5024,Honda,Amaze,2015,CNG,Manual,2790000.0,26.0,1500,6,22500.0,27.9,22.5,9,1.0L-1.5L,Excellent
5025,Maruti Suzuki,Ertiga,2016,Petrol,Automatic,2690000.0,24.5,800,7,24600.0,26.9,24.6,8,Below 1.0L,Good
5026,Renault,Kwid,2017,Petrol,Manual,3370000.0,19.9,800,7,13800.0,33.7,13.8,7,Below 1.0L,Average
5027,Kia,Sonet,2023,Electric,Automatic,1570000.0,27.7,2000,5,5100.0,15.7,5.1,1,1.5L-2.0L,Excellent
5028,Toyota,Fortuner,2023,Electric,Manual,900000.0,28.4,800,6,14000.0,9.0,14.0,1,Below 1.0L,Excellent
5029,Skoda,Slavia,2015,CNG,Automatic,2820000.0,25.5,2500,4,17400.0,28.2,17.4,9,2.0L-3.0L,Excellent
5030,Maruti Suzuki,Swift,2017,Electric,Automatic,560000.0,10.7,800,6,7100.0,5.6,7.1,7,Below 1.0L,Low
5031,Honda,Amaze,2021,Petrol,Automatic,3290000.0,27.7,800,5,14600.0,32.9,14.6,3,Below 1.0L,Excellent
5032,Honda,City,2020,Petrol,Manual,740000.0,28.3,800,4,7100.0,7.4,7.1,4,Below 1.0L,Excellent
5033,Kia,Carnival,2023,Electric,Manual,610000.0,11.2,1200,7,24400.0,6.1,24.4,1,1.0L-1.5L,Low
5034,Maruti Suzuki,WagonR,2017,Electric,Manual,520000.0,11.8,1800,7,23300.0,5.2,23.3,7,1.5L-2.0L,Low
5035,Toyota,Glanza,2022,Electric,Manual,3350000.0,16.4,1500,7,6800.0,33.5,6.8,2,1.0L-1.5L,Average
5036,Mahindra,Thar,2018,Electric,Automatic,3020000.0,27.5,1800,4,9100.0,30.2,9.1,6,1.5L-2.0L,Excellent
5037,Maruti Suzuki,Dzire,2015,Electric,Automatic,830000.0,13.4,1200,4,7500.0,8.3,7.5,9,1.0L-1.5L,Low
5038,Hyundai,Venue,2016,Diesel,Automatic,2630000.0,21.2,1800,7,11500.0,26.3,11.5,8,1.5L-2.0L,Good
5039,Renault,Triber,2015,CNG,Manual,2430000.0,12.6,1800,4,6500.0,24.3,6.5,9,1.5L-2.0L,Low
5040,Tata Motors,Punch,2023,Diesel,Manual,810000.0,12.0,1000,6,17600.0,8.1,17.6,1,Below 1.0L,Low
5041,Volkswagen,Tiguan,2022,Electric,Automatic,880000.0,19.5,2500,6,17000.0,8.8,17.0,2,2.0L-3.0L,Average
5042,Renault,Kiger,2016,Diesel,Manual,2140000.0,23.6,1800,6,12600.0,21.4,12.6,8,1.5L-2.0L,Good
5043,Hyundai,i20,2023,Electric,Automatic,1140000.0,13.9,1800,6,12500.0,11.4,12.5,1,1.5L-2.0L,Low
5044,Volkswagen,Vento,2024,Diesel,Automatic,1870000.0,20.8,2000,6,23900.0,18.7,23.9,0,1.5L-2.0L,Good
5045,Toyota,Innova,2016,CNG,Manual,1260000.0,19.1,2500,4,13500.0,12.6,13.5,8,2.0L-3.0L,Average
5046,Volkswagen,Tiguan,2022,Diesel,Automatic,2680000.0,13.2,2500,5,6900.0,26.8,6.9,2,2.0L-3.0L,Low
5047,Honda,Amaze,2018,Electric,Automatic,1670000.0,17.3,2500,6,5900.0,16.7,5.9,6,2.0L-3.0L,Average
5048,Maruti Suzuki,WagonR,2017,Electric,Manual,2110000.0,10.4,2000,6,14900.0,21.1,14.9,7,1.5L-2.0L,Low
5049,Mahindra,Scorpio,2017,Electric,Manual,1460000.0,14.9,1500,4,8100.0,14.6,8.1,7,1.0L-1.5L,Low
5050,Tata Motors,Tiago,2020,Diesel,Manual,1560000.0,21.8,2500,7,8500.0,15.6,8.5,4,2.0L-3.0L,Good
5051,Toyota,Fortuner,2024,Diesel,Manual,970000.0,26.0,1000,6,20900.0,9.7,20.9,0,Below 1.0L,Excellent
5052,Mahindra,Thar,2023,Petrol,Automatic,2120000.0,11.3,2500,5,19700.0,21.2,19.7,1,2.0L-3.0L,Low
5053,Hyundai,i20,2023,Diesel,Manual,2820000.0,13.6,1000,4,19500.0,28.2,19.5,1,Below 1.0L,Low
5054,Hyundai,i20,2020,Diesel,Automatic,1490000.0,21.5,1200,6,13600.0,14.9,13.6,4,1.0L-1.5L,Good
5055,Hyundai,Verna,2019,Petrol,Automatic,3210000.0,24.9,1000,6,21800.0,32.1,21.8,5,Below 1.0L,Good
5056,Kia,EV6,2021,Diesel,Manual,1100000.0,19.4,2500,5,17700.0,11.0,17.7,3,2.0L-3.0L,Average
5057,Maruti Suzuki,Dzire,2016,CNG,Automatic,500000.0,13.6,2000,5,10100.0,5.0,10.1,8,1.5L-2.0L,Low
5058,Renault,Lodgy,2015,Petrol,Automatic,670000.0,11.5,2000,4,24100.0,6.7,24.1,9,1.5L-2.0L,Low
5059,Renault,Duster,2021,Electric,Automatic,2630000.0,20.0,1200,6,13000.0,26.3,13.0,3,1.0L-1.5L,Average
5060,Renault,Triber,2021,Diesel,Manual,2720000.0,19.6,1500,4,6400.0,27.2,6.4,3,1.0L-1.5L,Average
5061,Kia,Sonet,2023,Petrol,Automatic,2730000.0,23.8,800,4,18400.0,27.3,18.4,1,Below 1.0L,Good
5062,Volkswagen,Vento,2021,CNG,Manual,540000.0,19.8,2500,7,10800.0,5.4,10.8,3,2.0L-3.0L,Average
5063,Mahindra,XUV700,2015,CNG,Manual,2440000.0,21.2,1200,6,14300.0,24.4,14.3,9,1.0L-1.5L,Good
5064,Toyota,Innova,2023,Diesel,Manual,700000.0,12.5,2500,7,7400.0,7.0,7.4,1,2.0L-3.0L,Low
5065,Skoda,Slavia,2022,CNG,Manual,2410000.0,11.0,1500,4,5200.0,24.1,5.2,2,1.0L-1.5L,Low
5066,Skoda,Octavia,2018,Diesel,Manual,800000.0,14.5,800,6,13200.0,8.0,13.2,6,Below 1.0L,Low
5067,Honda,Civic,2022,Diesel,Manual,2830000.0,27.5,800,7,24000.0,28.3,24.0,2,Below 1.0L,Excellent
5068,Toyota,Urban Cruiser,2016,CNG,Automatic,2290000.0,22.7,1200,6,19100.0,22.9,19.1,8,1.0L-1.5L,Good
5069,Tata Motors,Harrier,2023,CNG,Automatic,1600000.0,20.0,800,7,8500.0,16.0,8.5,1,Below 1.0L,Average
5070,Kia,Seltos,2021,Petrol,Manual,2090000.0,21.2,2000,7,12100.0,20.9,12.1,3,1.5L-2.0L,Good
5071,Kia,Carnival,2023,CNG,Manual,1080000.0,19.2,2500,5,18300.0,10.8,18.3,1,2.0L-3.0L,Average
5072,Maruti Suzuki,Swift,2017,CNG,Automatic,1500000.0,12.9,800,6,18700.0,15.0,18.7,7,Below 1.0L,Low
5073,Renault,Kwid,2018,Electric,Manual,3290000.0,18.5,2500,6,15600.0,32.9,15.6,6,2.0L-3.0L,Average
5074,Skoda,Octavia,2016,Diesel,Automatic,750000.0,17.4,1500,6,21700.0,7.5,21.7,8,1.0L-1.5L,Average
5075,Mahindra,XUV300,2020,CNG,Manual,1520000.0,26.3,2500,7,8200.0,15.2,8.2,4,2.0L-3.0L,Excellent
5076,Tata Motors,Nexon,2021,Petrol,Manual,2150000.0,29.3,1200,6,6800.0,21.5,6.8,3,1.0L-1.5L,Excellent
5077,Hyundai,Verna,2016,CNG,Automatic,2580000.0,29.7,1000,5,21100.0,25.8,21.1,8,Below 1.0L,Excellent
5078,Tata Motors,Tiago,2023,Petrol,Automatic,1560000.0,14.6,1800,6,17100.0,15.6,17.1,1,1.5L-2.0L,Low
5079,Hyundai,Venue,2017,Petrol,Manual,2040000.0,25.2,1200,7,23800.0,20.4,23.8,7,1.0L-1.5L,Excellent
5080,Skoda,Kushaq,2022,Petrol,Manual,3100000.0,10.1,1200,4,10000.0,31.0,10.0,2,1.0L-1.5L,Low
5081,Volkswagen,Vento,2015,Diesel,Manual,970000.0,20.2,2500,6,9600.0,9.7,9.6,9,2.0L-3.0L,Good
5082,Renault,Kwid,2019,Electric,Automatic,2650000.0,15.1,2500,7,15800.0,26.5,15.8,5,2.0L-3.0L,Average
5083,Skoda,Octavia,2016,CNG,Manual,1710000.0,14.2,2000,7,18900.0,17.1,18.9,8,1.5L-2.0L,Low
5084,Toyota,Fortuner,2015,CNG,Automatic,2490000.0,10.6,800,6,10300.0,24.9,10.3,9,Below 1.0L,Low
5085,Toyota,Fortuner,2019,Electric,Manual,1390000.0,26.1,1000,6,17300.0,13.9,17.3,5,Below 1.0L,Excellent
5086,Renault,Kwid,2024,Diesel,Manual,710000.0,26.1,2500,6,16800.0,7.1,16.8,0,2.0L-3.0L,Excellent
5087,Mahindra,XUV700,2016,Diesel,Manual,3420000.0,24.9,1800,4,19400.0,34.2,19.4,8,1.5L-2.0L,Good
5088,Tata Motors,Harrier,2023,Petrol,Automatic,1720000.0,25.1,1000,4,11000.0,17.2,11.0,1,Below 1.0L,Excellent
5089,Kia,EV6,2021,CNG,Manual,1100000.0,16.4,2000,5,9900.0,11.0,9.9,3,1.5L-2.0L,Average
5090,Maruti Suzuki,WagonR,2019,Diesel,Automatic,2920000.0,12.2,800,5,16000.0,29.2,16.0,5,Below 1.0L,Low
5091,Honda,City,2017,Electric,Automatic,2530000.0,27.0,1000,6,22200.0,25.3,22.2,7,Below 1.0L,Excellent
5092,Maruti Suzuki,Ertiga,2021,CNG,Manual,2040000.0,26.2,800,6,10200.0,20.4,10.2,3,Below 1.0L,Excellent
5093,Kia,Seltos,2023,CNG,Automatic,2940000.0,28.3,2000,5,17000.0,29.4,17.0,1,1.5L-2.0L,Excellent
5094,Honda,Amaze,2015,Diesel,Manual,1590000.0,16.1,2500,7,20100.0,15.9,20.1,9,2.0L-3.0L,Average
5095,Kia,Carens,2019,CNG,Automatic,3040000.0,10.1,800,6,13000.0,30.4,13.0,5,Below 1.0L,Low
5096,Tata Motors,Tiago,2023,CNG,Manual,2560000.0,19.8,1800,7,14100.0,25.6,14.1,1,1.5L-2.0L,Average
5097,Mahindra,XUV700,2015,Diesel,Manual,2260000.0,29.2,800,5,23600.0,22.6,23.6,9,Below 1.0L,Excellent
5098,Hyundai,i10,2018,CNG,Manual,1790000.0,15.3,1000,6,25000.0,17.9,25.0,6,Below 1.0L,Average
5099,Maruti Suzuki,Dzire,2020,Petrol,Automatic,1200000.0,26.5,1800,4,20900.0,12.0,20.9,4,1.5L-2.0L,Excellent
5100,Hyundai,Verna,2021,Diesel,Manual,960000.0,18.5,1800,5,19700.0,9.6,19.7,3,1.5L-2.0L,Average
5101,Hyundai,Verna,2024,Petrol,Manual,2230000.0,26.1,1500,5,10500.0,22.3,10.5,0,1.0L-1.5L,Excellent
5102,Honda,WR-V,2016,Petrol,Manual,2130000.0,20.5,2000,5,19600.0,21.3,19.6,8,1.5L-2.0L,Good
5103,Skoda,Slavia,2021,Electric,Automatic,1160000.0,17.2,1200,7,7500.0,11.6,7.5,3,1.0L-1.5L,Average
5104,Toyota,Urban Cruiser,2020,Diesel,Automatic,3420000.0,24.8,2000,7,12800.0,34.2,12.8,4,1.5L-2.0L,Good
5105,Kia,Sonet,2017,Petrol,Manual,2020000.0,16.5,1500,6,6600.0,20.2,6.6,7,1.0L-1.5L,Average
5106,Kia,Seltos,2015,Diesel,Automatic,670000.0,28.5,800,7,13400.0,6.7,13.4,9,Below 1.0L,Excellent
5107,Skoda,Slavia,2022,Petrol,Automatic,2140000.0,17.4,2000,7,14100.0,21.4,14.1,2,1.5L-2.0L,Average
5108,Volkswagen,Taigun,2023,Petrol,Manual,2700000.0,12.1,800,7,12100.0,27.0,12.1,1,Below 1.0L,Low
5109,Maruti Suzuki,WagonR,2016,Electric,Manual,3130000.0,25.5,2000,5,13200.0,31.3,13.2,8,1.5L-2.0L,Excellent
5110,Honda,Jazz,2024,Electric,Automatic,2620000.0,12.8,800,6,9300.0,26.2,9.3,0,Below 1.0L,Low
5111,Mahindra,Thar,2022,Petrol,Automatic,1280000.0,11.9,2000,6,20300.0,12.8,20.3,2,1.5L-2.0L,Low
5112,Honda,Amaze,2021,Petrol,Automatic,1670000.0,16.9,1200,7,22100.0,16.7,22.1,3,1.0L-1.5L,Average
5113,Honda,City,2020,CNG,Manual,1030000.0,29.2,800,4,10300.0,10.3,10.3,4,Below 1.0L,Excellent
5114,Hyundai,i10,2020,CNG,Manual,3380000.0,16.6,1200,5,16000.0,33.8,16.0,4,1.0L-1.5L,Average
5115,Volkswagen,Vento,2017,Petrol,Manual,2830000.0,21.8,1000,7,14800.0,28.3,14.8,7,Below 1.0L,Good
5116,Mahindra,XUV300,2024,Petrol,Automatic,1260000.0,15.7,800,6,23000.0,12.6,23.0,0,Below 1.0L,Average
5117,Kia,Carnival,2022,Electric,Manual,3480000.0,23.4,2500,7,12200.0,34.8,12.2,2,2.0L-3.0L,Good
5118,Hyundai,Verna,2023,CNG,Automatic,2930000.0,13.8,2000,7,15600.0,29.3,15.6,1,1.5L-2.0L,Low
5119,Volkswagen,Taigun,2015,Diesel,Automatic,1660000.0,21.3,1200,7,25000.0,16.6,25.0,9,1.0L-1.5L,Good
5120,Toyota,Glanza,2024,Electric,Manual,2570000.0,18.5,1000,7,11500.0,25.7,11.5,0,Below 1.0L,Average
5121,Volkswagen,Vento,2015,Electric,Automatic,890000.0,20.3,800,7,5200.0,8.9,5.2,9,Below 1.0L,Good
5122,Maruti Suzuki,Swift,2024,Electric,Automatic,1300000.0,17.2,2500,5,17200.0,13.0,17.2,0,2.0L-3.0L,Average
5123,Toyota,Innova,2017,Electric,Automatic,2690000.0,11.0,2000,5,18100.0,26.9,18.1,7,1.5L-2.0L,Low
5124,Tata Motors,Altroz,2020,CNG,Automatic,2050000.0,17.9,2500,6,19000.0,20.5,19.0,4,2.0L-3.0L,Average
5125,Tata Motors,Harrier,2021,CNG,Manual,3270000.0,20.3,2000,4,16800.0,32.7,16.8,3,1.5L-2.0L,Good
5126,Toyota,Glanza,2016,CNG,Automatic,2410000.0,28.3,1000,7,17400.0,24.1,17.4,8,Below 1.0L,Excellent
5127,Kia,Carnival,2016,CNG,Manual,1690000.0,11.9,1200,7,5900.0,16.9,5.9,8,1.0L-1.5L,Low
5128,Maruti Suzuki,Baleno,2017,Diesel,Automatic,1880000.0,13.9,1500,6,14700.0,18.8,14.7,7,1.0L-1.5L,Low
5129,Honda,Jazz,2020,CNG,Manual,3090000.0,13.3,1800,7,12500.0,30.9,12.5,4,1.5L-2.0L,Low
5130,Skoda,Rapid,2023,Diesel,Automatic,1420000.0,13.3,1500,5,10700.0,14.2,10.7,1,1.0L-1.5L,Low
5131,Honda,City,2016,Petrol,Automatic,2370000.0,22.8,1800,7,18900.0,23.7,18.9,8,1.5L-2.0L,Good
5132,Maruti Suzuki,Dzire,2024,Electric,Automatic,1580000.0,11.8,1800,7,17600.0,15.8,17.6,0,1.5L-2.0L,Low
5133,Volkswagen,Taigun,2016,Electric,Automatic,2670000.0,21.7,1000,6,6000.0,26.7,6.0,8,Below 1.0L,Good
5134,Maruti Suzuki,Swift,2017,Electric,Automatic,1260000.0,20.5,1000,4,20600.0,12.6,20.6,7,Below 1.0L,Good
5135,Toyota,Urban Cruiser,2015,CNG,Manual,440000.0,21.8,2000,5,12800.0,4.4,12.8,9,1.5L-2.0L,Good
5136,Tata Motors,Altroz,2015,Petrol,Automatic,1090000.0,23.3,2500,7,21200.0,10.9,21.2,9,2.0L-3.0L,Good
5137,Hyundai,Verna,2018,CNG,Manual,770000.0,17.6,2500,6,14900.0,7.7,14.9,6,2.0L-3.0L,Average
5138,Kia,Carens,2023,Diesel,Manual,2190000.0,29.9,800,4,5900.0,21.9,5.9,1,Below 1.0L,Excellent
5139,Tata Motors,Tiago,2020,Electric,Automatic,1500000.0,28.2,1200,7,5400.0,15.0,5.4,4,1.0L-1.5L,Excellent
5140,Tata Motors,Tiago,2022,Petrol,Automatic,1700000.0,28.2,800,6,20600.0,17.0,20.6,2,Below 1.0L,Excellent
5141,Tata Motors,Tiago,2016,Electric,Automatic,790000.0,22.3,1000,4,18600.0,7.9,18.6,8,Below 1.0L,Good
5142,Renault,Kwid,2022,Diesel,Automatic,2940000.0,29.4,1800,4,21600.0,29.4,21.6,2,1.5L-2.0L,Excellent
5143,Toyota,Glanza,2022,Petrol,Manual,890000.0,13.7,2000,6,6600.0,8.9,6.6,2,1.5L-2.0L,Low
5144,Honda,WR-V,2016,Diesel,Manual,3480000.0,20.5,1200,5,11700.0,34.8,11.7,8,1.0L-1.5L,Good
5145,Volkswagen,Vento,2022,Electric,Automatic,2930000.0,14.2,1200,4,9300.0,29.3,9.3,2,1.0L-1.5L,Low
5146,Skoda,Octavia,2016,Electric,Manual,2070000.0,20.1,1500,4,11100.0,20.7,11.1,8,1.0L-1.5L,Good
5147,Skoda,Rapid,2017,Diesel,Manual,3080000.0,18.4,800,4,24200.0,30.8,24.2,7,Below 1.0L,Average
5148,Kia,EV6,2016,CNG,Automatic,2950000.0,26.7,800,7,12100.0,29.5,12.1,8,Below 1.0L,Excellent
5149,Maruti Suzuki,Ertiga,2022,CNG,Manual,1690000.0,10.4,2500,4,19600.0,16.9,19.6,2,2.0L-3.0L,Low
5150,Honda,Amaze,2021,Petrol,Manual,2220000.0,19.8,800,5,18700.0,22.2,18.7,3,Below 1.0L,Average
5151,Tata Motors,Punch,2015,CNG,Automatic,1330000.0,21.4,800,6,19800.0,13.3,19.8,9,Below 1.0L,Good
5152,Kia,Sonet,2018,Petrol,Manual,1540000.0,11.4,1500,4,14400.0,15.4,14.4,6,1.0L-1.5L,Low
5153,Skoda,Octavia,2023,Electric,Manual,3270000.0,11.2,1500,6,19500.0,32.7,19.5,1,1.0L-1.5L,Low
5154,Honda,Jazz,2024,Diesel,Automatic,2500000.0,23.9,800,7,5800.0,25.0,5.8,0,Below 1.0L,Good
5155,Renault,Kiger,2015,Diesel,Automatic,3490000.0,16.8,2000,7,24200.0,34.9,24.2,9,1.5L-2.0L,Average
5156,Skoda,Slavia,2017,Electric,Automatic,1640000.0,26.6,1200,6,6900.0,16.4,6.9,7,1.0L-1.5L,Excellent
5157,Volkswagen,Taigun,2016,CNG,Manual,2880000.0,25.2,1200,5,19400.0,28.8,19.4,8,1.0L-1.5L,Excellent
5158,Kia,Carnival,2017,Petrol,Automatic,3150000.0,27.9,1800,5,21100.0,31.5,21.1,7,1.5L-2.0L,Excellent
5159,Toyota,Urban Cruiser,2023,Diesel,Manual,570000.0,22.1,1000,5,17600.0,5.7,17.6,1,Below 1.0L,Good
5160,Tata Motors,Harrier,2018,CNG,Automatic,2530000.0,17.3,800,5,8800.0,25.3,8.8,6,Below 1.0L,Average
5161,Hyundai,Verna,2021,CNG,Automatic,1490000.0,21.0,2000,6,14700.0,14.9,14.7,3,1.5L-2.0L,Good
5162,Skoda,Slavia,2018,Electric,Automatic,1700000.0,19.7,1000,7,15500.0,17.0,15.5,6,Below 1.0L,Average
5163,Mahindra,Bolero,2015,Petrol,Automatic,2690000.0,18.8,1000,4,12400.0,26.9,12.4,9,Below 1.0L,Average
5164,Renault,Triber,2016,Petrol,Automatic,1430000.0,25.5,800,6,22300.0,14.3,22.3,8,Below 1.0L,Excellent
5165,Volkswagen,Polo,2023,Petrol,Automatic,2940000.0,29.3,2000,6,20100.0,29.4,20.1,1,1.5L-2.0L,Excellent
5166,Maruti Suzuki,Swift,2022,Petrol,Automatic,1990000.0,11.0,2500,6,18700.0,19.9,18.7,2,2.0L-3.0L,Low
5167,Honda,City,2020,Petrol,Automatic,2450000.0,18.3,1500,4,6800.0,24.5,6.8,4,1.0L-1.5L,Average
5168,Renault,Kiger,2015,CNG,Manual,1890000.0,21.3,1000,6,11300.0,18.9,11.3,9,Below 1.0L,Good
5169,Toyota,Glanza,2018,Petrol,Automatic,1220000.0,17.8,1800,7,23300.0,12.2,23.3,6,1.5L-2.0L,Average
5170,Honda,City,2022,Diesel,Manual,590000.0,24.4,2500,7,23900.0,5.9,23.9,2,2.0L-3.0L,Good
5171,Volkswagen,Vento,2021,CNG,Automatic,870000.0,29.8,2000,5,11200.0,8.7,11.2,3,1.5L-2.0L,Excellent
5172,Skoda,Rapid,2021,Electric,Automatic,2720000.0,24.3,1800,7,13600.0,27.2,13.6,3,1.5L-2.0L,Good
5173,Mahindra,XUV700,2023,Petrol,Automatic,2020000.0,16.4,800,5,11100.0,20.2,11.1,1,Below 1.0L,Average
5174,Hyundai,i10,2016,CNG,Manual,2640000.0,15.1,1200,5,14600.0,26.4,14.6,8,1.0L-1.5L,Average
5175,Honda,Amaze,2018,Petrol,Automatic,2050000.0,26.7,2000,5,19900.0,20.5,19.9,6,1.5L-2.0L,Excellent
5176,Toyota,Urban Cruiser,2020,Electric,Automatic,1340000.0,19.0,2500,7,23200.0,13.4,23.2,4,2.0L-3.0L,Average
5177,Kia,Sonet,2019,CNG,Automatic,1940000.0,12.6,1200,7,6200.0,19.4,6.2,5,1.0L-1.5L,Low
5178,Kia,Seltos,2019,Petrol,Manual,1800000.0,17.0,1200,5,22400.0,18.0,22.4,5,1.0L-1.5L,Average
5179,Honda,Civic,2015,Petrol,Manual,3420000.0,23.3,800,4,7900.0,34.2,7.9,9,Below 1.0L,Good
5180,Renault,Kwid,2016,Electric,Manual,850000.0,22.7,2500,7,5200.0,8.5,5.2,8,2.0L-3.0L,Good
5181,Honda,WR-V,2022,Petrol,Manual,3150000.0,12.3,1200,5,7500.0,31.5,7.5,2,1.0L-1.5L,Low
5182,Maruti Suzuki,Dzire,2016,Petrol,Automatic,1850000.0,16.3,1500,5,13800.0,18.5,13.8,8,1.0L-1.5L,Average
5183,Maruti Suzuki,Baleno,2024,Diesel,Manual,2250000.0,12.0,1800,6,17500.0,22.5,17.5,0,1.5L-2.0L,Low
5184,Toyota,Innova,2020,CNG,Manual,1780000.0,24.8,1000,4,12300.0,17.8,12.3,4,Below 1.0L,Good
5185,Maruti Suzuki,WagonR,2019,Electric,Manual,2320000.0,14.8,1200,4,14700.0,23.2,14.7,5,1.0L-1.5L,Low
5186,Maruti Suzuki,Swift,2021,Electric,Manual,2060000.0,10.3,1800,5,12800.0,20.6,12.8,3,1.5L-2.0L,Low
5187,Skoda,Rapid,2015,Diesel,Manual,3370000.0,12.1,2500,5,15300.0,33.7,15.3,9,2.0L-3.0L,Low
5188,Hyundai,Verna,2017,Electric,Automatic,2090000.0,22.9,1000,7,18700.0,20.9,18.7,7,Below 1.0L,Good
5189,Maruti Suzuki,Ertiga,2017,CNG,Manual,2450000.0,26.8,2500,7,16300.0,24.5,16.3,7,2.0L-3.0L,Excellent
5190,Maruti Suzuki,WagonR,2022,CNG,Manual,3370000.0,19.2,1800,4,19000.0,33.7,19.0,2,1.5L-2.0L,Average
5191,Skoda,Rapid,2024,CNG,Automatic,1940000.0,27.4,2000,4,11900.0,19.4,11.9,0,1.5L-2.0L,Excellent
5192,Mahindra,XUV300,2017,Petrol,Automatic,800000.0,18.3,1500,5,7100.0,8.0,7.1,7,1.0L-1.5L,Average
5193,Kia,Seltos,2024,Diesel,Manual,1530000.0,10.7,1500,6,13300.0,15.3,13.3,0,1.0L-1.5L,Low
5194,Skoda,Octavia,2022,Diesel,Manual,2830000.0,28.2,1500,7,12500.0,28.3,12.5,2,1.0L-1.5L,Excellent
5195,Renault,Duster,2022,CNG,Manual,1670000.0,14.4,1500,7,19200.0,16.7,19.2,2,1.0L-1.5L,Low
5196,Hyundai,i20,2023,Diesel,Automatic,2010000.0,27.4,800,7,24500.0,20.1,24.5,1,Below 1.0L,Excellent
5197,Honda,Civic,2020,Electric,Automatic,580000.0,21.7,1800,4,22600.0,5.8,22.6,4,1.5L-2.0L,Good
5198,Tata Motors,Harrier,2020,Diesel,Manual,2350000.0,26.5,2000,7,11400.0,23.5,11.4,4,1.5L-2.0L,Excellent
5199,Maruti Suzuki,Baleno,2015,CNG,Automatic,2940000.0,21.7,1000,4,5700.0,29.4,5.7,9,Below 1.0L,Good
5200,Toyota,Urban Cruiser,2024,CNG,Manual,620000.0,24.5,1000,4,5700.0,6.2,5.7,0,Below 1.0L,Good
5201,Hyundai,Verna,2022,CNG,Automatic,2550000.0,23.1,1000,6,18700.0,25.5,18.7,2,Below 1.0L,Good
5202,Kia,Carens,2021,Electric,Automatic,550000.0,22.1,2500,4,18400.0,5.5,18.4,3,2.0L-3.0L,Good
5203,Toyota,Glanza,2015,Diesel,Manual,2510000.0,13.6,2000,4,9300.0,25.1,9.3,9,1.5L-2.0L,Low
5204,Toyota,Camry,2020,Petrol,Manual,1180000.0,14.4,1000,7,17200.0,11.8,17.2,4,Below 1.0L,Low
5205,Honda,City,2021,Petrol,Manual,2370000.0,29.1,1800,7,5800.0,23.7,5.8,3,1.5L-2.0L,Excellent
5206,Hyundai,Creta,2024,Petrol,Manual,1360000.0,23.7,1500,6,12900.0,13.6,12.9,0,1.0L-1.5L,Good
5207,Tata Motors,Punch,2021,Electric,Automatic,1760000.0,18.8,2500,7,5600.0,17.6,5.6,3,2.0L-3.0L,Average
5208,Renault,Kwid,2022,Diesel,Automatic,1520000.0,20.9,1500,7,5400.0,15.2,5.4,2,1.0L-1.5L,Good
5209,Renault,Lodgy,2023,Electric,Manual,1360000.0,21.1,1000,4,8000.0,13.6,8.0,1,Below 1.0L,Good
5210,Skoda,Superb,2017,Diesel,Manual,1420000.0,27.6,1800,7,10500.0,14.2,10.5,7,1.5L-2.0L,Excellent
5211,Maruti Suzuki,Swift,2023,Electric,Automatic,3170000.0,12.3,1200,6,18000.0,31.7,18.0,1,1.0L-1.5L,Low
5212,Tata Motors,Nexon,2024,Electric,Automatic,680000.0,14.0,2000,4,18600.0,6.8,18.6,0,1.5L-2.0L,Low
5213,Tata Motors,Harrier,2024,CNG,Manual,3120000.0,23.0,1200,6,20400.0,31.2,20.4,0,1.0L-1.5L,Good
5214,Mahindra,XUV700,2018,CNG,Automatic,3170000.0,27.3,800,6,13800.0,31.7,13.8,6,Below 1.0L,Excellent
5215,Skoda,Rapid,2017,CNG,Manual,1350000.0,27.7,2000,4,24100.0,13.5,24.1,7,1.5L-2.0L,Excellent
5216,Volkswagen,Tiguan,2018,Electric,Manual,670000.0,11.3,1000,6,11000.0,6.7,11.0,6,Below 1.0L,Low
5217,Honda,WR-V,2021,Diesel,Manual,1530000.0,15.1,1200,6,17900.0,15.3,17.9,3,1.0L-1.5L,Average
5218,Mahindra,XUV700,2019,Diesel,Manual,1110000.0,19.4,2000,6,11900.0,11.1,11.9,5,1.5L-2.0L,Average
5219,Renault,Kwid,2019,Diesel,Automatic,2960000.0,26.7,1500,7,7400.0,29.6,7.4,5,1.0L-1.5L,Excellent
5220,Kia,EV6,2018,Electric,Automatic,3370000.0,25.3,1500,7,22700.0,33.7,22.7,6,1.0L-1.5L,Excellent
5221,Mahindra,XUV300,2019,CNG,Automatic,1450000.0,22.8,1000,5,9800.0,14.5,9.8,5,Below 1.0L,Good
5222,Hyundai,i20,2015,CNG,Manual,670000.0,20.0,800,5,23700.0,6.7,23.7,9,Below 1.0L,Average
5223,Renault,Kwid,2023,Electric,Manual,780000.0,13.9,800,7,20200.0,7.8,20.2,1,Below 1.0L,Low
5224,Kia,Carens,2019,Electric,Manual,2760000.0,16.1,800,5,9200.0,27.6,9.2,5,Below 1.0L,Average
5225,Maruti Suzuki,Dzire,2023,CNG,Automatic,3490000.0,12.9,1200,6,19100.0,34.9,19.1,1,1.0L-1.5L,Low
5226,Maruti Suzuki,Baleno,2022,CNG,Automatic,1890000.0,23.8,1800,7,22500.0,18.9,22.5,2,1.5L-2.0L,Good
5227,Volkswagen,Vento,2016,Diesel,Automatic,1600000.0,25.5,800,7,10500.0,16.0,10.5,8,Below 1.0L,Excellent
5228,Tata Motors,Tiago,2015,Electric,Manual,3230000.0,18.9,1200,4,19600.0,32.3,19.6,9,1.0L-1.5L,Average
5229,Skoda,Rapid,2021,Petrol,Manual,1510000.0,14.6,1200,4,22500.0,15.1,22.5,3,1.0L-1.5L,Low
5230,Hyundai,Venue,2019,Petrol,Automatic,2350000.0,28.0,1500,4,23500.0,23.5,23.5,5,1.0L-1.5L,Excellent
5231,Maruti Suzuki,Swift,2015,CNG,Automatic,1870000.0,22.8,1500,5,13100.0,18.7,13.1,9,1.0L-1.5L,Good
5232,Honda,WR-V,2017,Diesel,Manual,840000.0,19.3,2000,6,24500.0,8.4,24.5,7,1.5L-2.0L,Average
5233,Maruti Suzuki,Dzire,2016,Diesel,Manual,2530000.0,29.7,1500,6,16000.0,25.3,16.0,8,1.0L-1.5L,Excellent
5234,Skoda,Octavia,2016,CNG,Manual,2300000.0,12.5,1500,5,13900.0,23.0,13.9,8,1.0L-1.5L,Low
5235,Kia,Seltos,2024,Petrol,Automatic,780000.0,29.2,2000,5,7600.0,7.8,7.6,0,1.5L-2.0L,Excellent
5236,Volkswagen,Tiguan,2024,Diesel,Manual,2080000.0,18.4,2000,5,22300.0,20.8,22.3,0,1.5L-2.0L,Average
5237,Kia,Carnival,2017,CNG,Manual,1320000.0,17.4,1200,6,23000.0,13.2,23.0,7,1.0L-1.5L,Average
5238,Tata Motors,Tiago,2023,CNG,Automatic,1080000.0,12.5,1500,5,20200.0,10.8,20.2,1,1.0L-1.5L,Low
5239,Maruti Suzuki,Swift,2023,Petrol,Manual,1930000.0,28.5,2500,5,14200.0,19.3,14.2,1,2.0L-3.0L,Excellent
5240,Tata Motors,Harrier,2022,Diesel,Automatic,3170000.0,18.4,1000,4,12600.0,31.7,12.6,2,Below 1.0L,Average
5241,Renault,Kiger,2022,Electric,Manual,3200000.0,17.6,1500,4,19000.0,32.0,19.0,2,1.0L-1.5L,Average
5242,Honda,City,2020,CNG,Automatic,3140000.0,16.8,1500,6,12100.0,31.4,12.1,4,1.0L-1.5L,Average
5243,Maruti Suzuki,Swift,2023,Diesel,Automatic,2300000.0,19.5,2500,4,24100.0,23.0,24.1,1,2.0L-3.0L,Average
5244,Toyota,Camry,2024,Petrol,Manual,2070000.0,18.0,1500,4,20100.0,20.7,20.1,0,1.0L-1.5L,Average
5245,Volkswagen,Taigun,2019,Electric,Automatic,710000.0,20.5,1000,4,9200.0,7.1,9.2,5,Below 1.0L,Good
5246,Kia,Seltos,2024,Diesel,Automatic,3480000.0,12.9,1500,4,9000.0,34.8,9.0,0,1.0L-1.5L,Low
5247,Kia,Carnival,2016,CNG,Automatic,1630000.0,14.5,800,6,12400.0,16.3,12.4,8,Below 1.0L,Low
5248,Volkswagen,Tiguan,2016,Petrol,Automatic,3390000.0,23.6,1500,5,8400.0,33.9,8.4,8,1.0L-1.5L,Good
5249,Toyota,Innova,2019,CNG,Automatic,2810000.0,22.6,2500,6,13200.0,28.1,13.2,5,2.0L-3.0L,Good
5250,Kia,Sonet,2020,Electric,Automatic,650000.0,18.0,800,4,9500.0,6.5,9.5,4,Below 1.0L,Average
5251,Tata Motors,Harrier,2022,CNG,Manual,2630000.0,14.4,800,7,23600.0,26.3,23.6,2,Below 1.0L,Low
5252,Maruti Suzuki,Ertiga,2016,Petrol,Manual,3290000.0,24.8,800,4,5600.0,32.9,5.6,8,Below 1.0L,Good
5253,Toyota,Urban Cruiser,2024,Electric,Manual,1120000.0,15.6,800,4,23000.0,11.2,23.0,0,Below 1.0L,Average
5254,Mahindra,Thar,2015,Diesel,Automatic,2170000.0,21.4,2500,4,21800.0,21.7,21.8,9,2.0L-3.0L,Good
5255,Honda,Jazz,2015,CNG,Manual,1690000.0,23.3,800,5,20700.0,16.9,20.7,9,Below 1.0L,Good
5256,Kia,Carens,2022,Electric,Automatic,1340000.0,29.6,1000,7,18600.0,13.4,18.6,2,Below 1.0L,Excellent
5257,Honda,Amaze,2024,Diesel,Automatic,1020000.0,27.8,1000,5,24600.0,10.2,24.6,0,Below 1.0L,Excellent
5258,Tata Motors,Nexon,2018,Petrol,Manual,1350000.0,20.5,2000,7,10000.0,13.5,10.0,6,1.5L-2.0L,Good
5259,Maruti Suzuki,WagonR,2024,Petrol,Manual,910000.0,16.2,1800,6,24000.0,9.1,24.0,0,1.5L-2.0L,Average
5260,Kia,Seltos,2018,Electric,Manual,520000.0,17.8,1800,5,24900.0,5.2,24.9,6,1.5L-2.0L,Average
5261,Kia,Sonet,2023,Diesel,Manual,420000.0,24.5,1800,7,14700.0,4.2,14.7,1,1.5L-2.0L,Good
5262,Renault,Lodgy,2017,Petrol,Automatic,1650000.0,15.8,2500,5,13400.0,16.5,13.4,7,2.0L-3.0L,Average
5263,Hyundai,Venue,2015,Electric,Automatic,1440000.0,27.0,800,5,23400.0,14.4,23.4,9,Below 1.0L,Excellent
5264,Tata Motors,Altroz,2016,Petrol,Automatic,1400000.0,29.6,1000,7,23400.0,14.0,23.4,8,Below 1.0L,Excellent
5265,Skoda,Octavia,2023,Diesel,Manual,3320000.0,20.3,1200,7,16500.0,33.2,16.5,1,1.0L-1.5L,Good
5266,Renault,Kiger,2015,Petrol,Manual,2630000.0,24.4,1000,5,19600.0,26.3,19.6,9,Below 1.0L,Good
5267,Kia,Carens,2022,Diesel,Automatic,3250000.0,25.3,1200,7,16900.0,32.5,16.9,2,1.0L-1.5L,Excellent
5268,Maruti Suzuki,Dzire,2018,Petrol,Automatic,630000.0,21.6,1200,6,24000.0,6.3,24.0,6,1.0L-1.5L,Good
5269,Honda,Amaze,2020,Petrol,Manual,2950000.0,10.3,1000,7,14800.0,29.5,14.8,4,Below 1.0L,Low
5270,Volkswagen,Virtus,2024,CNG,Manual,870000.0,28.6,800,6,7800.0,8.7,7.8,0,Below 1.0L,Excellent
5271,Maruti Suzuki,WagonR,2019,CNG,Automatic,2870000.0,25.6,800,6,13000.0,28.7,13.0,5,Below 1.0L,Excellent
5272,Volkswagen,Tiguan,2021,Electric,Manual,2370000.0,17.7,800,5,20500.0,23.7,20.5,3,Below 1.0L,Average
5273,Kia,EV6,2019,Diesel,Manual,1100000.0,16.9,1000,7,22600.0,11.0,22.6,5,Below 1.0L,Average
5274,Kia,Carens,2023,Diesel,Manual,1270000.0,16.7,2500,4,14100.0,12.7,14.1,1,2.0L-3.0L,Average
5275,Tata Motors,Punch,2020,CNG,Automatic,2760000.0,13.6,1500,4,23700.0,27.6,23.7,4,1.0L-1.5L,Low
5276,Hyundai,i10,2021,Petrol,Manual,1550000.0,21.4,2000,4,17200.0,15.5,17.2,3,1.5L-2.0L,Good
5277,Toyota,Glanza,2020,Electric,Automatic,1740000.0,28.2,2000,5,15100.0,17.4,15.1,4,1.5L-2.0L,Excellent
5278,Skoda,Kushaq,2021,Diesel,Automatic,2520000.0,21.9,800,7,14200.0,25.2,14.2,3,Below 1.0L,Good
5279,Toyota,Urban Cruiser,2018,Petrol,Manual,3150000.0,16.9,1000,6,16200.0,31.5,16.2,6,Below 1.0L,Average
5280,Mahindra,XUV700,2016,Diesel,Manual,2030000.0,21.9,1800,5,23400.0,20.3,23.4,8,1.5L-2.0L,Good
5281,Hyundai,Verna,2022,Electric,Manual,980000.0,12.4,2500,4,21100.0,9.8,21.1,2,2.0L-3.0L,Low
5282,Skoda,Kushaq,2024,Petrol,Manual,3230000.0,12.5,2000,4,6400.0,32.3,6.4,0,1.5L-2.0L,Low
5283,Tata Motors,Punch,2015,CNG,Automatic,880000.0,24.3,2500,6,23400.0,8.8,23.4,9,2.0L-3.0L,Good
5284,Volkswagen,Polo,2015,Electric,Manual,2500000.0,28.3,1800,6,16900.0,25.0,16.9,9,1.5L-2.0L,Excellent
5285,Mahindra,Scorpio,2017,CNG,Manual,2370000.0,16.8,1500,7,23300.0,23.7,23.3,7,1.0L-1.5L,Average
5286,Tata Motors,Harrier,2016,CNG,Manual,3000000.0,25.1,1000,4,6300.0,30.0,6.3,8,Below 1.0L,Excellent
5287,Hyundai,Creta,2018,CNG,Automatic,450000.0,11.8,2500,5,9400.0,4.5,9.4,6,2.0L-3.0L,Low
5288,Kia,EV6,2023,Electric,Manual,3200000.0,24.1,1800,6,8300.0,32.0,8.3,1,1.5L-2.0L,Good
5289,Skoda,Slavia,2021,Petrol,Manual,1740000.0,13.8,800,6,11700.0,17.4,11.7,3,Below 1.0L,Low
5290,Mahindra,XUV700,2019,CNG,Automatic,930000.0,20.1,1500,7,6400.0,9.3,6.4,5,1.0L-1.5L,Good
5291,Volkswagen,Vento,2020,Petrol,Automatic,3170000.0,27.3,1800,6,19600.0,31.7,19.6,4,1.5L-2.0L,Excellent
5292,Honda,Jazz,2021,Diesel,Manual,910000.0,23.1,2000,6,19200.0,9.1,19.2,3,1.5L-2.0L,Good
5293,Renault,Kwid,2023,Petrol,Automatic,1350000.0,14.1,2500,4,7600.0,13.5,7.6,1,2.0L-3.0L,Low
5294,Volkswagen,Polo,2015,CNG,Manual,580000.0,19.1,2500,5,24300.0,5.8,24.3,9,2.0L-3.0L,Average
5295,Renault,Lodgy,2022,CNG,Automatic,3070000.0,27.3,800,4,19900.0,30.7,19.9,2,Below 1.0L,Excellent
5296,Volkswagen,Virtus,2019,Electric,Automatic,590000.0,19.1,2000,6,10000.0,5.9,10.0,5,1.5L-2.0L,Average
5297,Kia,EV6,2023,Diesel,Manual,3300000.0,26.0,1000,4,11300.0,33.0,11.3,1,Below 1.0L,Excellent
5298,Maruti Suzuki,Baleno,2017,Diesel,Manual,730000.0,27.6,1800,7,8300.0,7.3,8.3,7,1.5L-2.0L,Excellent
5299,Mahindra,Scorpio,2021,Diesel,Automatic,2990000.0,25.5,1200,4,7700.0,29.9,7.7,3,1.0L-1.5L,Excellent
5300,Renault,Kiger,2018,Petrol,Manual,1880000.0,25.9,1000,4,22000.0,18.8,22.0,6,Below 1.0L,Excellent
5301,Toyota,Innova,2017,Petrol,Automatic,2680000.0,10.4,1800,5,8200.0,26.8,8.2,7,1.5L-2.0L,Low
5302,Skoda,Kushaq,2024,Electric,Manual,2650000.0,20.5,2500,4,7100.0,26.5,7.1,0,2.0L-3.0L,Good
5303,Toyota,Innova,2022,Diesel,Automatic,2770000.0,26.6,1200,6,21200.0,27.7,21.2,2,1.0L-1.5L,Excellent
5304,Volkswagen,Polo,2016,Petrol,Manual,3440000.0,27.5,2000,6,21100.0,34.4,21.1,8,1.5L-2.0L,Excellent
5305,Kia,Sonet,2022,Electric,Automatic,3370000.0,19.4,2500,7,21800.0,33.7,21.8,2,2.0L-3.0L,Average
5306,Maruti Suzuki,Swift,2016,Electric,Manual,2150000.0,13.3,1800,7,13900.0,21.5,13.9,8,1.5L-2.0L,Low
5307,Maruti Suzuki,Ertiga,2015,CNG,Automatic,3250000.0,13.6,1500,7,17300.0,32.5,17.3,9,1.0L-1.5L,Low
5308,Toyota,Fortuner,2019,Electric,Manual,400000.0,23.2,800,7,11200.0,4.0,11.2,5,Below 1.0L,Good
5309,Honda,WR-V,2024,Electric,Manual,2430000.0,24.6,2000,4,10100.0,24.3,10.1,0,1.5L-2.0L,Good
5310,Honda,WR-V,2023,Petrol,Manual,450000.0,19.8,1800,5,12700.0,4.5,12.7,1,1.5L-2.0L,Average
5311,Tata Motors,Tiago,2024,CNG,Automatic,2520000.0,18.0,1800,4,7800.0,25.2,7.8,0,1.5L-2.0L,Average
5312,Mahindra,Bolero,2015,Electric,Manual,2170000.0,18.6,2000,6,14000.0,21.7,14.0,9,1.5L-2.0L,Average
5313,Volkswagen,Tiguan,2024,Electric,Automatic,1090000.0,16.1,800,7,8500.0,10.9,8.5,0,Below 1.0L,Average
5314,Hyundai,Creta,2022,CNG,Automatic,2590000.0,10.9,1200,7,5000.0,25.9,5.0,2,1.0L-1.5L,Low
5315,Hyundai,i10,2021,Diesel,Automatic,3280000.0,29.0,2000,7,17300.0,32.8,17.3,3,1.5L-2.0L,Excellent
5316,Mahindra,Scorpio,2022,CNG,Manual,1240000.0,16.7,2000,4,7400.0,12.4,7.4,2,1.5L-2.0L,Average
5317,Mahindra,Scorpio,2018,Petrol,Manual,1330000.0,12.9,800,4,10100.0,13.3,10.1,6,Below 1.0L,Low
5318,Maruti Suzuki,Ertiga,2021,CNG,Automatic,2070000.0,11.9,800,6,9900.0,20.7,9.9,3,Below 1.0L,Low
5319,Renault,Kiger,2023,Petrol,Automatic,1540000.0,25.4,2500,7,18400.0,15.4,18.4,1,2.0L-3.0L,Excellent
5320,Hyundai,Creta,2018,Diesel,Automatic,1080000.0,29.6,1800,4,20100.0,10.8,20.1,6,1.5L-2.0L,Excellent
5321,Honda,WR-V,2021,CNG,Automatic,3000000.0,12.1,1800,5,6300.0,30.0,6.3,3,1.5L-2.0L,Low
5322,Maruti Suzuki,WagonR,2020,CNG,Automatic,1310000.0,22.3,1800,7,6200.0,13.1,6.2,4,1.5L-2.0L,Good
5323,Renault,Kiger,2015,CNG,Manual,420000.0,24.5,2500,7,24400.0,4.2,24.4,9,2.0L-3.0L,Good
5324,Hyundai,Venue,2017,Electric,Automatic,1980000.0,16.3,1800,7,20100.0,19.8,20.1,7,1.5L-2.0L,Average
5325,Maruti Suzuki,WagonR,2017,Petrol,Automatic,1940000.0,17.4,2500,7,18600.0,19.4,18.6,7,2.0L-3.0L,Average
5326,Maruti Suzuki,Swift,2016,Diesel,Automatic,2130000.0,13.8,1000,6,13600.0,21.3,13.6,8,Below 1.0L,Low
5327,Kia,Carens,2016,Diesel,Manual,1210000.0,14.0,800,6,8700.0,12.1,8.7,8,Below 1.0L,Low
5328,Tata Motors,Harrier,2016,Petrol,Manual,2330000.0,22.1,2000,5,24200.0,23.3,24.2,8,1.5L-2.0L,Good
5329,Tata Motors,Altroz,2020,Electric,Manual,890000.0,25.5,1000,7,16200.0,8.9,16.2,4,Below 1.0L,Excellent
5330,Kia,Carens,2021,Petrol,Manual,2830000.0,13.5,1200,6,9400.0,28.3,9.4,3,1.0L-1.5L,Low
5331,Volkswagen,Vento,2018,CNG,Automatic,2320000.0,22.2,1000,5,8100.0,23.2,8.1,6,Below 1.0L,Good
5332,Volkswagen,Polo,2020,CNG,Manual,3110000.0,21.4,800,6,12900.0,31.1,12.9,4,Below 1.0L,Good
5333,Tata Motors,Harrier,2023,Diesel,Automatic,3220000.0,28.4,1500,6,18500.0,32.2,18.5,1,1.0L-1.5L,Excellent
5334,Renault,Lodgy,2021,CNG,Manual,2300000.0,27.5,800,4,15600.0,23.0,15.6,3,Below 1.0L,Excellent
5335,Maruti Suzuki,Ertiga,2019,Petrol,Manual,920000.0,27.7,1800,6,23700.0,9.2,23.7,5,1.5L-2.0L,Excellent
5336,Tata Motors,Nexon,2022,Electric,Manual,2180000.0,20.5,1500,5,13600.0,21.8,13.6,2,1.0L-1.5L,Good
5337,Renault,Duster,2023,Diesel,Manual,2810000.0,18.9,2500,6,23900.0,28.1,23.9,1,2.0L-3.0L,Average
5338,Volkswagen,Taigun,2018,Diesel,Automatic,2150000.0,12.3,800,7,10800.0,21.5,10.8,6,Below 1.0L,Low
5339,Tata Motors,Punch,2020,CNG,Manual,2500000.0,10.8,2000,5,7200.0,25.0,7.2,4,1.5L-2.0L,Low
5340,Hyundai,i20,2024,CNG,Automatic,3070000.0,12.7,2000,7,24100.0,30.7,24.1,0,1.5L-2.0L,Low
5341,Renault,Lodgy,2018,Petrol,Automatic,2430000.0,13.7,800,6,20700.0,24.3,20.7,6,Below 1.0L,Low
5342,Skoda,Superb,2017,Electric,Automatic,1720000.0,12.6,2500,7,14700.0,17.2,14.7,7,2.0L-3.0L,Low
5343,Mahindra,Bolero,2024,Petrol,Manual,3490000.0,23.8,2500,7,21500.0,34.9,21.5,0,2.0L-3.0L,Good
5344,Honda,Civic,2016,Diesel,Manual,3490000.0,29.7,1800,4,18800.0,34.9,18.8,8,1.5L-2.0L,Excellent
5345,Volkswagen,Polo,2020,Electric,Automatic,2530000.0,28.2,800,6,8800.0,25.3,8.8,4,Below 1.0L,Excellent
5346,Tata Motors,Altroz,2024,CNG,Manual,1020000.0,11.7,1800,6,16800.0,10.2,16.8,0,1.5L-2.0L,Low
5347,Kia,Carens,2017,Electric,Manual,980000.0,27.5,2500,7,21500.0,9.8,21.5,7,2.0L-3.0L,Excellent
5348,Toyota,Fortuner,2021,CNG,Manual,730000.0,13.9,1200,4,20300.0,7.3,20.3,3,1.0L-1.5L,Low
5349,Volkswagen,Tiguan,2021,Diesel,Manual,2220000.0,26.9,1500,5,21700.0,22.2,21.7,3,1.0L-1.5L,Excellent
5350,Renault,Lodgy,2024,CNG,Manual,1620000.0,25.5,1000,7,8000.0,16.2,8.0,0,Below 1.0L,Excellent
5351,Toyota,Urban Cruiser,2017,Petrol,Manual,740000.0,28.6,800,6,19300.0,7.4,19.3,7,Below 1.0L,Excellent
5352,Skoda,Kushaq,2016,Electric,Automatic,1050000.0,26.0,1200,6,5500.0,10.5,5.5,8,1.0L-1.5L,Excellent
5353,Maruti Suzuki,Baleno,2020,Petrol,Manual,1850000.0,20.0,1000,4,9400.0,18.5,9.4,4,Below 1.0L,Average
5354,Skoda,Kushaq,2015,CNG,Automatic,2800000.0,21.9,1500,6,23100.0,28.0,23.1,9,1.0L-1.5L,Good
5355,Renault,Lodgy,2019,Electric,Manual,1670000.0,27.3,2500,7,20700.0,16.7,20.7,5,2.0L-3.0L,Excellent
5356,Kia,Seltos,2016,CNG,Automatic,3090000.0,13.5,2500,4,5100.0,30.9,5.1,8,2.0L-3.0L,Low
5357,Tata Motors,Altroz,2017,Electric,Manual,3050000.0,12.9,1500,5,11900.0,30.5,11.9,7,1.0L-1.5L,Low
5358,Hyundai,Creta,2017,Electric,Manual,2900000.0,21.7,1500,4,5100.0,29.0,5.1,7,1.0L-1.5L,Good
5359,Honda,Amaze,2018,Electric,Manual,1890000.0,18.8,1200,5,14300.0,18.9,14.3,6,1.0L-1.5L,Average
5360,Toyota,Fortuner,2022,Electric,Automatic,2450000.0,17.7,2500,5,11200.0,24.5,11.2,2,2.0L-3.0L,Average
5361,Hyundai,Creta,2024,Electric,Manual,1230000.0,24.7,1800,5,19700.0,12.3,19.7,0,1.5L-2.0L,Good
5362,Mahindra,XUV300,2015,Petrol,Manual,930000.0,18.4,2000,6,21400.0,9.3,21.4,9,1.5L-2.0L,Average
5363,Renault,Duster,2016,CNG,Automatic,2080000.0,15.7,1500,5,6400.0,20.8,6.4,8,1.0L-1.5L,Average
5364,Renault,Triber,2024,Diesel,Manual,540000.0,11.3,2500,7,13200.0,5.4,13.2,0,2.0L-3.0L,Low
5365,Tata Motors,Tiago,2019,Electric,Manual,1420000.0,18.5,1000,7,18200.0,14.2,18.2,5,Below 1.0L,Average
5366,Volkswagen,Virtus,2021,Diesel,Manual,2890000.0,28.9,1200,7,23100.0,28.9,23.1,3,1.0L-1.5L,Excellent
5367,Toyota,Urban Cruiser,2023,Electric,Manual,2090000.0,15.4,1000,7,23300.0,20.9,23.3,1,Below 1.0L,Average
5368,Skoda,Superb,2019,Petrol,Manual,1900000.0,13.5,2500,5,5600.0,19.0,5.6,5,2.0L-3.0L,Low
5369,Maruti Suzuki,WagonR,2022,Diesel,Automatic,2070000.0,20.7,2500,5,10600.0,20.7,10.6,2,2.0L-3.0L,Good
5370,Honda,WR-V,2019,Diesel,Automatic,2910000.0,26.3,1000,4,13200.0,29.1,13.2,5,Below 1.0L,Excellent
5371,Mahindra,XUV300,2021,Diesel,Manual,2170000.0,28.7,1500,5,15100.0,21.7,15.1,3,1.0L-1.5L,Excellent
5372,Maruti Suzuki,Swift,2015,Diesel,Manual,2210000.0,15.1,1000,7,24600.0,22.1,24.6,9,Below 1.0L,Average
5373,Mahindra,XUV700,2019,Petrol,Manual,1810000.0,26.2,2000,5,12700.0,18.1,12.7,5,1.5L-2.0L,Excellent
5374,Toyota,Camry,2016,Diesel,Manual,2750000.0,14.5,2500,4,10800.0,27.5,10.8,8,2.0L-3.0L,Low
5375,Renault,Duster,2018,Diesel,Automatic,1870000.0,23.3,800,5,19900.0,18.7,19.9,6,Below 1.0L,Good
5376,Maruti Suzuki,Baleno,2018,Diesel,Automatic,420000.0,14.2,1800,6,22900.0,4.2,22.9,6,1.5L-2.0L,Low
5377,Mahindra,Bolero,2022,Petrol,Automatic,1720000.0,11.3,1000,4,21200.0,17.2,21.2,2,Below 1.0L,Low
5378,Honda,Jazz,2024,Electric,Automatic,1990000.0,29.5,1800,4,20500.0,19.9,20.5,0,1.5L-2.0L,Excellent
5379,Toyota,Urban Cruiser,2015,Electric,Manual,2140000.0,29.5,2500,7,12200.0,21.4,12.2,9,2.0L-3.0L,Excellent
5380,Tata Motors,Altroz,2021,Electric,Manual,2380000.0,22.9,800,5,16000.0,23.8,16.0,3,Below 1.0L,Good
5381,Honda,Jazz,2023,Electric,Automatic,2100000.0,19.4,1800,6,11800.0,21.0,11.8,1,1.5L-2.0L,Average
5382,Honda,Civic,2016,Petrol,Automatic,1090000.0,25.7,1500,6,12900.0,10.9,12.9,8,1.0L-1.5L,Excellent
5383,Honda,Amaze,2024,CNG,Manual,1330000.0,10.9,1500,7,9900.0,13.3,9.9,0,1.0L-1.5L,Low
5384,Mahindra,Thar,2024,CNG,Automatic,3170000.0,21.2,1000,5,13900.0,31.7,13.9,0,Below 1.0L,Good
5385,Skoda,Slavia,2024,Electric,Manual,1640000.0,13.9,1200,5,8500.0,16.4,8.5,0,1.0L-1.5L,Low
5386,Volkswagen,Virtus,2020,CNG,Automatic,2360000.0,22.4,2500,7,10500.0,23.6,10.5,4,2.0L-3.0L,Good
5387,Mahindra,XUV700,2021,Electric,Automatic,790000.0,28.4,1800,6,5500.0,7.9,5.5,3,1.5L-2.0L,Excellent
5388,Skoda,Slavia,2021,Petrol,Manual,3390000.0,20.8,800,7,16100.0,33.9,16.1,3,Below 1.0L,Good
5389,Kia,Carnival,2016,CNG,Manual,2590000.0,13.0,1200,7,15800.0,25.9,15.8,8,1.0L-1.5L,Low
5390,Kia,Carens,2018,Electric,Manual,2110000.0,24.7,2500,4,23900.0,21.1,23.9,6,2.0L-3.0L,Good
5391,Hyundai,Creta,2018,Electric,Automatic,3190000.0,22.0,1500,6,16700.0,31.9,16.7,6,1.0L-1.5L,Good
5392,Skoda,Superb,2023,Electric,Manual,410000.0,28.8,1000,4,8800.0,4.1,8.8,1,Below 1.0L,Excellent
5393,Skoda,Rapid,2023,CNG,Automatic,580000.0,11.5,2500,4,21400.0,5.8,21.4,1,2.0L-3.0L,Low
5394,Mahindra,Thar,2017,CNG,Manual,2720000.0,18.0,1200,4,8600.0,27.2,8.6,7,1.0L-1.5L,Average
5395,Tata Motors,Nexon,2017,Diesel,Manual,1000000.0,29.9,2000,5,10900.0,10.0,10.9,7,1.5L-2.0L,Excellent
5396,Kia,Sonet,2024,CNG,Automatic,3080000.0,25.6,2000,5,21100.0,30.8,21.1,0,1.5L-2.0L,Excellent
5397,Renault,Kwid,2016,Petrol,Manual,990000.0,18.5,800,4,10700.0,9.9,10.7,8,Below 1.0L,Average
5398,Honda,City,2016,CNG,Automatic,930000.0,23.7,1000,7,13700.0,9.3,13.7,8,Below 1.0L,Good
5399,Hyundai,i20,2019,Diesel,Manual,1920000.0,24.6,2000,4,11700.0,19.2,11.7,5,1.5L-2.0L,Good
5400,Maruti Suzuki,WagonR,2022,Electric,Manual,1200000.0,20.8,1800,7,5300.0,12.0,5.3,2,1.5L-2.0L,Good
5401,Hyundai,i10,2021,CNG,Manual,1040000.0,11.6,1500,5,14800.0,10.4,14.8,3,1.0L-1.5L,Low
5402,Renault,Triber,2024,Electric,Automatic,1460000.0,11.3,1200,7,18100.0,14.6,18.1,0,1.0L-1.5L,Low
5403,Tata Motors,Punch,2024,Diesel,Automatic,3020000.0,29.8,800,4,17800.0,30.2,17.8,0,Below 1.0L,Excellent
5404,Mahindra,Scorpio,2024,Diesel,Manual,2320000.0,16.1,2500,4,22500.0,23.2,22.5,0,2.0L-3.0L,Average
5405,Skoda,Octavia,2022,CNG,Automatic,1620000.0,13.5,1200,6,23300.0,16.2,23.3,2,1.0L-1.5L,Low
5406,Mahindra,XUV300,2017,Electric,Manual,1040000.0,21.3,1800,5,7700.0,10.4,7.7,7,1.5L-2.0L,Good
5407,Skoda,Kushaq,2016,Petrol,Automatic,2740000.0,28.3,1000,4,16900.0,27.4,16.9,8,Below 1.0L,Excellent
5408,Volkswagen,Taigun,2017,Electric,Automatic,1800000.0,18.3,2000,4,16200.0,18.0,16.2,7,1.5L-2.0L,Average
5409,Skoda,Kushaq,2024,Petrol,Automatic,3240000.0,10.2,1500,6,11600.0,32.4,11.6,0,1.0L-1.5L,Low
5410,Renault,Lodgy,2021,Electric,Automatic,2090000.0,27.7,2500,4,19200.0,20.9,19.2,3,2.0L-3.0L,Excellent
5411,Honda,Amaze,2017,Electric,Automatic,1620000.0,25.8,1800,4,23000.0,16.2,23.0,7,1.5L-2.0L,Excellent
5412,Volkswagen,Tiguan,2021,Electric,Automatic,650000.0,18.6,1000,7,17700.0,6.5,17.7,3,Below 1.0L,Average
5413,Honda,WR-V,2018,Petrol,Manual,3010000.0,20.0,2500,5,11000.0,30.1,11.0,6,2.0L-3.0L,Average
5414,Hyundai,i10,2023,Diesel,Manual,3060000.0,19.2,1500,5,18300.0,30.6,18.3,1,1.0L-1.5L,Average
5415,Skoda,Superb,2015,Petrol,Automatic,430000.0,10.8,1800,7,6300.0,4.3,6.3,9,1.5L-2.0L,Low
5416,Mahindra,Bolero,2024,Electric,Manual,1860000.0,27.7,1000,7,19700.0,18.6,19.7,0,Below 1.0L,Excellent
5417,Renault,Duster,2024,CNG,Manual,2540000.0,23.5,1500,7,21200.0,25.4,21.2,0,1.0L-1.5L,Good
5418,Honda,City,2015,Petrol,Automatic,1340000.0,20.1,800,7,10400.0,13.4,10.4,9,Below 1.0L,Good
5419,Toyota,Urban Cruiser,2016,Electric,Manual,1280000.0,29.3,2000,7,8400.0,12.8,8.4,8,1.5L-2.0L,Excellent
5420,Volkswagen,Tiguan,2016,Petrol,Manual,940000.0,14.1,1200,4,8600.0,9.4,8.6,8,1.0L-1.5L,Low
5421,Skoda,Superb,2017,Diesel,Manual,2870000.0,14.8,1800,5,6100.0,28.7,6.1,7,1.5L-2.0L,Low
5422,Hyundai,Creta,2024,Petrol,Automatic,3220000.0,18.2,1000,7,14400.0,32.2,14.4,0,Below 1.0L,Average
5423,Mahindra,XUV700,2019,Diesel,Manual,2250000.0,25.3,2000,6,21700.0,22.5,21.7,5,1.5L-2.0L,Excellent
5424,Skoda,Slavia,2020,Electric,Manual,1490000.0,18.3,1500,4,19600.0,14.9,19.6,4,1.0L-1.5L,Average
5425,Tata Motors,Nexon,2024,Diesel,Automatic,1890000.0,17.5,800,4,6900.0,18.9,6.9,0,Below 1.0L,Average
5426,Toyota,Glanza,2018,Electric,Manual,1500000.0,14.8,2500,7,22100.0,15.0,22.1,6,2.0L-3.0L,Low
5427,Renault,Kiger,2021,Electric,Manual,3210000.0,11.5,1000,5,24900.0,32.1,24.9,3,Below 1.0L,Low
5428,Volkswagen,Tiguan,2019,Electric,Automatic,3410000.0,12.4,800,4,22300.0,34.1,22.3,5,Below 1.0L,Low
5429,Maruti Suzuki,Swift,2021,Petrol,Automatic,3020000.0,18.9,800,7,16200.0,30.2,16.2,3,Below 1.0L,Average
5430,Maruti Suzuki,Ertiga,2019,Electric,Manual,770000.0,26.5,1200,7,14900.0,7.7,14.9,5,1.0L-1.5L,Excellent
5431,Maruti Suzuki,WagonR,2023,Diesel,Manual,1060000.0,13.5,1200,4,10800.0,10.6,10.8,1,1.0L-1.5L,Low
5432,Honda,Jazz,2019,Electric,Automatic,3020000.0,19.2,1800,7,23600.0,30.2,23.6,5,1.5L-2.0L,Average
5433,Hyundai,i10,2022,CNG,Manual,1690000.0,29.8,2000,4,13700.0,16.9,13.7,2,1.5L-2.0L,Excellent
5434,Renault,Kiger,2023,Diesel,Manual,920000.0,23.1,2000,5,15400.0,9.2,15.4,1,1.5L-2.0L,Good
5435,Renault,Kiger,2015,CNG,Manual,1490000.0,22.8,1800,7,16400.0,14.9,16.4,9,1.5L-2.0L,Good
5436,Volkswagen,Polo,2024,CNG,Automatic,1350000.0,16.9,1800,7,20000.0,13.5,20.0,0,1.5L-2.0L,Average
5437,Hyundai,Verna,2024,CNG,Manual,720000.0,16.1,1500,7,8900.0,7.2,8.9,0,1.0L-1.5L,Average
5438,Kia,Sonet,2022,CNG,Automatic,3380000.0,25.4,1500,6,19800.0,33.8,19.8,2,1.0L-1.5L,Excellent
5439,Renault,Triber,2022,Diesel,Automatic,2220000.0,29.0,2500,5,7800.0,22.2,7.8,2,2.0L-3.0L,Excellent
5440,Renault,Triber,2019,Petrol,Automatic,680000.0,20.1,2000,5,19000.0,6.8,19.0,5,1.5L-2.0L,Good
5441,Toyota,Fortuner,2017,Electric,Automatic,690000.0,12.5,1500,7,15000.0,6.9,15.0,7,1.0L-1.5L,Low
5442,Hyundai,Venue,2022,Diesel,Automatic,1240000.0,13.5,2000,4,8000.0,12.4,8.0,2,1.5L-2.0L,Low
5443,Volkswagen,Polo,2015,Diesel,Manual,2610000.0,28.8,1000,4,16600.0,26.1,16.6,9,Below 1.0L,Excellent
5444,Toyota,Fortuner,2023,Petrol,Automatic,1790000.0,19.6,1200,6,15500.0,17.9,15.5,1,1.0L-1.5L,Average
5445,Mahindra,Bolero,2016,CNG,Automatic,2050000.0,11.8,1500,4,22100.0,20.5,22.1,8,1.0L-1.5L,Low
5446,Toyota,Innova,2017,CNG,Automatic,2530000.0,11.1,800,7,21200.0,25.3,21.2,7,Below 1.0L,Low
5447,Renault,Kiger,2022,Petrol,Automatic,3180000.0,11.4,800,4,20100.0,31.8,20.1,2,Below 1.0L,Low
5448,Maruti Suzuki,Ertiga,2023,Electric,Automatic,3040000.0,22.2,1200,6,10000.0,30.4,10.0,1,1.0L-1.5L,Good
5449,Renault,Triber,2023,Diesel,Manual,2390000.0,20.1,1500,7,23000.0,23.9,23.0,1,1.0L-1.5L,Good
5450,Hyundai,Creta,2018,Electric,Manual,2500000.0,16.9,2000,7,7200.0,25.0,7.2,6,1.5L-2.0L,Average
5451,Skoda,Rapid,2022,Diesel,Manual,2240000.0,25.8,1000,6,8200.0,22.4,8.2,2,Below 1.0L,Excellent
5452,Skoda,Superb,2018,Electric,Manual,2160000.0,11.7,2500,6,9500.0,21.6,9.5,6,2.0L-3.0L,Low
5453,Honda,Jazz,2020,Electric,Automatic,1070000.0,27.7,1200,7,16300.0,10.7,16.3,4,1.0L-1.5L,Excellent
5454,Toyota,Innova,2024,Diesel,Manual,2220000.0,20.3,2500,5,6500.0,22.2,6.5,0,2.0L-3.0L,Good
5455,Toyota,Camry,2017,Diesel,Manual,1080000.0,17.0,1800,4,20900.0,10.8,20.9,7,1.5L-2.0L,Average
5456,Skoda,Octavia,2019,Electric,Automatic,880000.0,16.9,1200,7,10500.0,8.8,10.5,5,1.0L-1.5L,Average
5457,Renault,Kwid,2019,CNG,Automatic,530000.0,28.3,800,5,20700.0,5.3,20.7,5,Below 1.0L,Excellent
5458,Volkswagen,Vento,2019,Diesel,Manual,1250000.0,28.8,1500,5,24200.0,12.5,24.2,5,1.0L-1.5L,Excellent
5459,Kia,EV6,2016,CNG,Manual,2280000.0,23.1,2000,5,23400.0,22.8,23.4,8,1.5L-2.0L,Good
5460,Kia,EV6,2021,Electric,Automatic,2680000.0,25.5,1800,5,20800.0,26.8,20.8,3,1.5L-2.0L,Excellent
5461,Maruti Suzuki,WagonR,2017,CNG,Manual,2570000.0,25.4,2500,6,23700.0,25.7,23.7,7,2.0L-3.0L,Excellent
5462,Honda,Jazz,2024,Electric,Manual,2680000.0,19.6,2000,7,20000.0,26.8,20.0,0,1.5L-2.0L,Average
5463,Renault,Lodgy,2024,Petrol,Automatic,1990000.0,12.9,2500,4,19700.0,19.9,19.7,0,2.0L-3.0L,Low
5464,Honda,Jazz,2018,Petrol,Manual,420000.0,11.8,800,5,13000.0,4.2,13.0,6,Below 1.0L,Low
5465,Kia,Carens,2017,Diesel,Automatic,1730000.0,28.6,1000,7,14900.0,17.3,14.9,7,Below 1.0L,Excellent
5466,Maruti Suzuki,Swift,2024,Electric,Automatic,2180000.0,29.5,1800,4,9800.0,21.8,9.8,0,1.5L-2.0L,Excellent
5467,Honda,Amaze,2022,Diesel,Manual,3310000.0,13.3,2000,5,11000.0,33.1,11.0,2,1.5L-2.0L,Low
5468,Renault,Triber,2016,Diesel,Manual,610000.0,28.9,1500,4,10500.0,6.1,10.5,8,1.0L-1.5L,Excellent
5469,Volkswagen,Tiguan,2021,CNG,Automatic,2120000.0,12.1,800,4,22800.0,21.2,22.8,3,Below 1.0L,Low
5470,Skoda,Rapid,2019,CNG,Manual,2170000.0,19.8,1200,4,17000.0,21.7,17.0,5,1.0L-1.5L,Average
5471,Honda,WR-V,2023,Electric,Automatic,590000.0,24.1,1000,4,20900.0,5.9,20.9,1,Below 1.0L,Good
5472,Volkswagen,Polo,2022,CNG,Manual,3230000.0,24.6,2500,4,18300.0,32.3,18.3,2,2.0L-3.0L,Good
5473,Toyota,Camry,2020,Electric,Automatic,1110000.0,27.4,800,5,14300.0,11.1,14.3,4,Below 1.0L,Excellent
5474,Volkswagen,Taigun,2023,Electric,Automatic,2330000.0,12.0,800,6,17300.0,23.3,17.3,1,Below 1.0L,Low
5475,Skoda,Superb,2018,Electric,Automatic,820000.0,23.4,1200,7,21800.0,8.2,21.8,6,1.0L-1.5L,Good
5476,Hyundai,Creta,2018,Electric,Automatic,3150000.0,27.0,1800,5,15800.0,31.5,15.8,6,1.5L-2.0L,Excellent
5477,Hyundai,i20,2024,Electric,Automatic,520000.0,17.5,800,4,13800.0,5.2,13.8,0,Below 1.0L,Average
5478,Maruti Suzuki,Dzire,2024,Petrol,Automatic,740000.0,27.1,1500,4,5700.0,7.4,5.7,0,1.0L-1.5L,Excellent
5479,Hyundai,i10,2015,Electric,Automatic,500000.0,17.5,2500,4,19400.0,5.0,19.4,9,2.0L-3.0L,Average
5480,Skoda,Superb,2022,Electric,Manual,2640000.0,23.2,1200,5,9400.0,26.4,9.4,2,1.0L-1.5L,Good
5481,Volkswagen,Tiguan,2024,Electric,Automatic,560000.0,13.0,2000,5,22200.0,5.6,22.2,0,1.5L-2.0L,Low
5482,Toyota,Urban Cruiser,2021,CNG,Manual,1810000.0,24.9,1000,6,8900.0,18.1,8.9,3,Below 1.0L,Good
5483,Toyota,Glanza,2024,Electric,Manual,1950000.0,28.4,1200,6,18700.0,19.5,18.7,0,1.0L-1.5L,Excellent
5484,Honda,Jazz,2020,Petrol,Manual,1880000.0,10.6,800,4,12000.0,18.8,12.0,4,Below 1.0L,Low
5485,Maruti Suzuki,Dzire,2017,Diesel,Manual,1850000.0,29.9,1500,7,22900.0,18.5,22.9,7,1.0L-1.5L,Excellent
5486,Honda,Civic,2015,CNG,Automatic,2540000.0,16.6,2500,4,14900.0,25.4,14.9,9,2.0L-3.0L,Average
5487,Skoda,Rapid,2022,CNG,Manual,3010000.0,24.5,2500,4,22400.0,30.1,22.4,2,2.0L-3.0L,Good
5488,Maruti Suzuki,Swift,2021,Electric,Manual,1680000.0,12.2,1500,7,23300.0,16.8,23.3,3,1.0L-1.5L,Low
5489,Mahindra,Scorpio,2020,Petrol,Automatic,3400000.0,22.3,1200,4,24200.0,34.0,24.2,4,1.0L-1.5L,Good
5490,Mahindra,XUV700,2022,CNG,Manual,3240000.0,26.6,2000,6,6200.0,32.4,6.2,2,1.5L-2.0L,Excellent
5491,Honda,City,2015,Petrol,Manual,2870000.0,12.5,1500,5,13900.0,28.7,13.9,9,1.0L-1.5L,Low
5492,Toyota,Innova,2018,Diesel,Manual,1710000.0,18.0,1800,7,18100.0,17.1,18.1,6,1.5L-2.0L,Average
5493,Mahindra,Thar,2018,Electric,Manual,3110000.0,20.2,2000,6,22300.0,31.1,22.3,6,1.5L-2.0L,Good
5494,Tata Motors,Nexon,2015,Diesel,Manual,2360000.0,10.0,1000,6,11300.0,23.6,11.3,9,Below 1.0L,Low
5495,Volkswagen,Tiguan,2016,Electric,Automatic,3400000.0,10.3,1000,5,19400.0,34.0,19.4,8,Below 1.0L,Low
5496,Mahindra,XUV300,2019,Electric,Manual,2950000.0,27.2,1200,6,22500.0,29.5,22.5,5,1.0L-1.5L,Excellent
5497,Tata Motors,Altroz,2016,Electric,Manual,3450000.0,27.5,1800,6,7100.0,34.5,7.1,8,1.5L-2.0L,Excellent
5498,Mahindra,Scorpio,2024,Electric,Manual,2900000.0,23.1,1000,7,12700.0,29.0,12.7,0,Below 1.0L,Good
5499,Renault,Kwid,2019,CNG,Manual,2580000.0,27.8,2500,5,11000.0,25.8,11.0,5,2.0L-3.0L,Excellent
5500,Honda,City,2024,Electric,Automatic,2470000.0,29.9,2500,7,17000.0,24.7,17.0,0,2.0L-3.0L,Excellent
5501,Toyota,Fortuner,2022,Electric,Automatic,860000.0,17.7,1200,4,22200.0,8.6,22.2,2,1.0L-1.5L,Average
5502,Toyota,Fortuner,2022,Petrol,Automatic,1750000.0,25.2,1200,5,17400.0,17.5,17.4,2,1.0L-1.5L,Excellent
5503,Honda,Amaze,2021,Electric,Automatic,1590000.0,21.2,1200,4,19600.0,15.9,19.6,3,1.0L-1.5L,Good
5504,Maruti Suzuki,Dzire,2022,Electric,Manual,1440000.0,15.9,2000,4,14900.0,14.4,14.9,2,1.5L-2.0L,Average
5505,Renault,Duster,2022,Petrol,Automatic,1310000.0,20.3,800,5,5200.0,13.1,5.2,2,Below 1.0L,Good
5506,Maruti Suzuki,WagonR,2017,Petrol,Automatic,690000.0,28.2,800,4,19800.0,6.9,19.8,7,Below 1.0L,Excellent
5507,Skoda,Slavia,2019,Electric,Manual,1300000.0,24.7,2500,6,13900.0,13.0,13.9,5,2.0L-3.0L,Good
5508,Maruti Suzuki,Dzire,2023,CNG,Automatic,540000.0,24.5,2500,7,19500.0,5.4,19.5,1,2.0L-3.0L,Good
5509,Renault,Duster,2016,Petrol,Automatic,2890000.0,27.7,1000,6,18900.0,28.9,18.9,8,Below 1.0L,Excellent
5510,Hyundai,i10,2018,Electric,Manual,1700000.0,10.8,1800,5,11000.0,17.0,11.0,6,1.5L-2.0L,Low
5511,Maruti Suzuki,Baleno,2020,CNG,Manual,470000.0,12.9,1800,5,16700.0,4.7,16.7,4,1.5L-2.0L,Low
5512,Renault,Triber,2022,Petrol,Automatic,760000.0,18.2,1000,5,15600.0,7.6,15.6,2,Below 1.0L,Average
5513,Hyundai,Verna,2018,Diesel,Manual,2090000.0,13.5,1800,5,12400.0,20.9,12.4,6,1.5L-2.0L,Low
5514,Renault,Triber,2019,Petrol,Manual,1940000.0,18.4,1000,6,12400.0,19.4,12.4,5,Below 1.0L,Average
5515,Mahindra,XUV300,2023,Electric,Automatic,2630000.0,11.2,2500,4,9600.0,26.3,9.6,1,2.0L-3.0L,Low
5516,Kia,Carens,2022,Electric,Manual,1880000.0,19.3,1000,6,15700.0,18.8,15.7,2,Below 1.0L,Average
5517,Honda,City,2021,Electric,Manual,820000.0,18.4,2000,6,15300.0,8.2,15.3,3,1.5L-2.0L,Average
5518,Tata Motors,Harrier,2015,Petrol,Manual,1780000.0,27.8,800,5,6500.0,17.8,6.5,9,Below 1.0L,Excellent
5519,Honda,Jazz,2022,Diesel,Manual,1130000.0,28.3,2000,7,7400.0,11.3,7.4,2,1.5L-2.0L,Excellent
5520,Tata Motors,Punch,2018,Petrol,Automatic,2200000.0,19.9,2500,5,10300.0,22.0,10.3,6,2.0L-3.0L,Average
5521,Mahindra,Bolero,2022,CNG,Automatic,2630000.0,25.6,800,6,17500.0,26.3,17.5,2,Below 1.0L,Excellent
5522,Kia,Sonet,2022,Electric,Automatic,1910000.0,17.5,1000,4,19600.0,19.1,19.6,2,Below 1.0L,Average
5523,Renault,Lodgy,2020,Diesel,Automatic,2770000.0,26.1,800,5,11100.0,27.7,11.1,4,Below 1.0L,Excellent
5524,Tata Motors,Punch,2020,Petrol,Manual,1380000.0,15.9,1200,4,9300.0,13.8,9.3,4,1.0L-1.5L,Average
5525,Skoda,Kushaq,2023,Petrol,Manual,1050000.0,10.4,1200,6,10000.0,10.5,10.0,1,1.0L-1.5L,Low
5526,Kia,EV6,2016,Electric,Manual,1050000.0,25.3,1800,6,22800.0,10.5,22.8,8,1.5L-2.0L,Excellent
5527,Kia,Carnival,2019,Electric,Manual,590000.0,28.1,2000,7,14900.0,5.9,14.9,5,1.5L-2.0L,Excellent
5528,Hyundai,i20,2021,Electric,Manual,2090000.0,15.5,1000,4,18700.0,20.9,18.7,3,Below 1.0L,Average
5529,Renault,Kwid,2020,Petrol,Manual,3430000.0,26.7,1800,6,15500.0,34.3,15.5,4,1.5L-2.0L,Excellent
5530,Volkswagen,Polo,2024,Electric,Automatic,2280000.0,28.6,2500,4,16500.0,22.8,16.5,0,2.0L-3.0L,Excellent
5531,Hyundai,Creta,2019,CNG,Manual,1460000.0,14.5,1800,5,13500.0,14.6,13.5,5,1.5L-2.0L,Low
5532,Kia,Carnival,2015,Petrol,Manual,1060000.0,21.7,1800,5,18700.0,10.6,18.7,9,1.5L-2.0L,Good
5533,Toyota,Innova,2024,Petrol,Automatic,740000.0,21.3,1000,4,5100.0,7.4,5.1,0,Below 1.0L,Good
5534,Mahindra,XUV300,2017,Petrol,Automatic,1740000.0,21.3,1500,6,14700.0,17.4,14.7,7,1.0L-1.5L,Good
5535,Renault,Kiger,2021,CNG,Manual,2560000.0,19.2,2500,6,23800.0,25.6,23.8,3,2.0L-3.0L,Average
5536,Mahindra,Scorpio,2024,Diesel,Manual,1730000.0,26.4,1200,6,13300.0,17.3,13.3,0,1.0L-1.5L,Excellent
5537,Hyundai,Verna,2016,Electric,Automatic,720000.0,10.2,1200,5,8300.0,7.2,8.3,8,1.0L-1.5L,Low
5538,Honda,WR-V,2017,Electric,Manual,3030000.0,19.6,2000,7,16300.0,30.3,16.3,7,1.5L-2.0L,Average
5539,Renault,Triber,2020,Diesel,Manual,2330000.0,23.3,2000,4,24600.0,23.3,24.6,4,1.5L-2.0L,Good
5540,Honda,Civic,2017,CNG,Manual,2550000.0,19.6,2000,6,7700.0,25.5,7.7,7,1.5L-2.0L,Average
5541,Volkswagen,Taigun,2022,Diesel,Automatic,1360000.0,16.8,1800,4,13900.0,13.6,13.9,2,1.5L-2.0L,Average
5542,Maruti Suzuki,WagonR,2019,Electric,Manual,1560000.0,24.9,800,6,19000.0,15.6,19.0,5,Below 1.0L,Good
5543,Volkswagen,Virtus,2020,Petrol,Manual,1950000.0,26.8,1000,4,6400.0,19.5,6.4,4,Below 1.0L,Excellent
5544,Maruti Suzuki,Dzire,2018,CNG,Automatic,2370000.0,25.5,2500,5,10700.0,23.7,10.7,6,2.0L-3.0L,Excellent
5545,Mahindra,Scorpio,2017,Petrol,Manual,2710000.0,12.0,1000,7,15700.0,27.1,15.7,7,Below 1.0L,Low
5546,Mahindra,Thar,2019,Electric,Automatic,2480000.0,28.6,1200,6,23900.0,24.8,23.9,5,1.0L-1.5L,Excellent
5547,Hyundai,i20,2021,Electric,Automatic,2810000.0,16.1,1000,7,12700.0,28.1,12.7,3,Below 1.0L,Average
5548,Skoda,Octavia,2019,CNG,Manual,2200000.0,20.9,800,7,10200.0,22.0,10.2,5,Below 1.0L,Good
5549,Maruti Suzuki,Ertiga,2018,CNG,Manual,1350000.0,27.9,1000,5,12200.0,13.5,12.2,6,Below 1.0L,Excellent
5550,Hyundai,i20,2024,Petrol,Manual,820000.0,13.3,800,4,18000.0,8.2,18.0,0,Below 1.0L,Low
5551,Hyundai,Creta,2015,Diesel,Automatic,630000.0,22.6,1200,7,15700.0,6.3,15.7,9,1.0L-1.5L,Good
5552,Kia,Sonet,2023,Diesel,Manual,2020000.0,24.2,1800,4,16700.0,20.2,16.7,1,1.5L-2.0L,Good
5553,Volkswagen,Polo,2020,Petrol,Automatic,2360000.0,27.3,1000,4,20300.0,23.6,20.3,4,Below 1.0L,Excellent
5554,Kia,Carnival,2020,Petrol,Automatic,1780000.0,11.5,1800,6,16500.0,17.8,16.5,4,1.5L-2.0L,Low
5555,Renault,Triber,2023,Diesel,Automatic,1030000.0,15.6,2000,7,9500.0,10.3,9.5,1,1.5L-2.0L,Average
5556,Kia,Sonet,2019,CNG,Manual,2750000.0,11.8,800,6,21100.0,27.5,21.1,5,Below 1.0L,Low
5557,Mahindra,Scorpio,2020,Electric,Automatic,3030000.0,21.0,1200,4,20400.0,30.3,20.4,4,1.0L-1.5L,Good
5558,Mahindra,XUV300,2017,CNG,Manual,3030000.0,19.4,2500,4,11800.0,30.3,11.8,7,2.0L-3.0L,Average
5559,Volkswagen,Taigun,2021,Diesel,Manual,1160000.0,15.9,1500,6,22100.0,11.6,22.1,3,1.0L-1.5L,Average
5560,Tata Motors,Harrier,2015,Petrol,Automatic,2440000.0,13.8,800,4,20600.0,24.4,20.6,9,Below 1.0L,Low
5561,Skoda,Octavia,2021,Petrol,Manual,3130000.0,24.1,1000,6,22200.0,31.3,22.2,3,Below 1.0L,Good
5562,Toyota,Glanza,2024,Electric,Manual,1140000.0,12.5,1000,5,14400.0,11.4,14.4,0,Below 1.0L,Low
5563,Hyundai,Creta,2017,Diesel,Automatic,2760000.0,17.3,800,4,24800.0,27.6,24.8,7,Below 1.0L,Average
5564,Volkswagen,Tiguan,2015,Petrol,Manual,2170000.0,15.2,1800,4,18500.0,21.7,18.5,9,1.5L-2.0L,Average
5565,Tata Motors,Punch,2019,Petrol,Automatic,1520000.0,20.8,1800,7,7800.0,15.2,7.8,5,1.5L-2.0L,Good
5566,Kia,EV6,2015,Electric,Manual,1010000.0,25.0,1000,6,24300.0,10.1,24.3,9,Below 1.0L,Good
5567,Maruti Suzuki,Ertiga,2016,Petrol,Automatic,1040000.0,21.9,2000,7,7000.0,10.4,7.0,8,1.5L-2.0L,Good
5568,Mahindra,XUV700,2023,Electric,Manual,3170000.0,12.1,2000,5,23700.0,31.7,23.7,1,1.5L-2.0L,Low
5569,Toyota,Camry,2018,Electric,Manual,2490000.0,23.3,800,6,20200.0,24.9,20.2,6,Below 1.0L,Good
5570,Renault,Kiger,2017,Petrol,Manual,520000.0,13.8,800,5,8500.0,5.2,8.5,7,Below 1.0L,Low
5571,Mahindra,Bolero,2019,CNG,Manual,1560000.0,27.8,1800,4,20100.0,15.6,20.1,5,1.5L-2.0L,Excellent
5572,Honda,City,2015,Diesel,Automatic,830000.0,23.4,1500,7,9700.0,8.3,9.7,9,1.0L-1.5L,Good
5573,Kia,Seltos,2021,Petrol,Manual,2640000.0,15.3,1000,4,20700.0,26.4,20.7,3,Below 1.0L,Average
5574,Maruti Suzuki,Dzire,2020,Electric,Manual,3220000.0,18.5,1000,5,17100.0,32.2,17.1,4,Below 1.0L,Average
5575,Volkswagen,Vento,2017,Electric,Automatic,2570000.0,12.8,1000,6,20500.0,25.7,20.5,7,Below 1.0L,Low
5576,Maruti Suzuki,Dzire,2022,Electric,Automatic,2240000.0,15.2,1000,5,19200.0,22.4,19.2,2,Below 1.0L,Average
5577,Mahindra,Thar,2016,Diesel,Automatic,1460000.0,20.3,2500,7,6800.0,14.6,6.8,8,2.0L-3.0L,Good
5578,Hyundai,Verna,2015,Electric,Manual,2020000.0,19.3,800,5,24200.0,20.2,24.2,9,Below 1.0L,Average
5579,Hyundai,Venue,2017,Petrol,Manual,2550000.0,25.4,800,7,13900.0,25.5,13.9,7,Below 1.0L,Excellent
5580,Honda,Civic,2019,CNG,Manual,1880000.0,14.5,1500,5,9100.0,18.8,9.1,5,1.0L-1.5L,Low
5581,Maruti Suzuki,Dzire,2018,Electric,Automatic,730000.0,10.3,1800,6,19300.0,7.3,19.3,6,1.5L-2.0L,Low
5582,Kia,Sonet,2021,Electric,Manual,3210000.0,14.2,2000,4,14000.0,32.1,14.0,3,1.5L-2.0L,Low
5583,Renault,Duster,2016,CNG,Automatic,1110000.0,29.2,1500,7,5800.0,11.1,5.8,8,1.0L-1.5L,Excellent
5584,Renault,Duster,2020,CNG,Manual,3190000.0,10.6,1800,5,6800.0,31.9,6.8,4,1.5L-2.0L,Low
5585,Toyota,Camry,2024,Electric,Automatic,2720000.0,16.2,1500,5,13900.0,27.2,13.9,0,1.0L-1.5L,Average
5586,Kia,Sonet,2021,Diesel,Manual,2470000.0,15.2,1200,4,23500.0,24.7,23.5,3,1.0L-1.5L,Average
5587,Mahindra,XUV300,2019,Electric,Manual,1910000.0,17.7,1000,7,8300.0,19.1,8.3,5,Below 1.0L,Average
5588,Honda,City,2016,Petrol,Manual,600000.0,21.2,2500,7,24300.0,6.0,24.3,8,2.0L-3.0L,Good
5589,Tata Motors,Altroz,2015,Electric,Automatic,2090000.0,20.6,1800,7,23600.0,20.9,23.6,9,1.5L-2.0L,Good
5590,Hyundai,i20,2017,CNG,Automatic,3320000.0,22.6,1200,5,21800.0,33.2,21.8,7,1.0L-1.5L,Good
5591,Volkswagen,Vento,2017,CNG,Automatic,2900000.0,23.5,2000,6,13800.0,29.0,13.8,7,1.5L-2.0L,Good
5592,Hyundai,i10,2017,Diesel,Manual,720000.0,10.7,2500,6,11100.0,7.2,11.1,7,2.0L-3.0L,Low
5593,Kia,Carens,2023,Electric,Manual,2780000.0,10.1,800,4,6300.0,27.8,6.3,1,Below 1.0L,Low
5594,Volkswagen,Vento,2018,Diesel,Manual,3320000.0,16.2,2500,5,17300.0,33.2,17.3,6,2.0L-3.0L,Average
5595,Honda,Amaze,2023,CNG,Manual,2150000.0,17.0,800,4,7900.0,21.5,7.9,1,Below 1.0L,Average
5596,Mahindra,Scorpio,2020,Diesel,Manual,3140000.0,10.8,1800,5,9700.0,31.4,9.7,4,1.5L-2.0L,Low
5597,Hyundai,i10,2023,Electric,Manual,1260000.0,27.3,1800,5,12000.0,12.6,12.0,1,1.5L-2.0L,Excellent
5598,Volkswagen,Taigun,2019,CNG,Automatic,2830000.0,22.2,1800,7,9600.0,28.3,9.6,5,1.5L-2.0L,Good
5599,Volkswagen,Taigun,2019,Petrol,Manual,2050000.0,11.6,1500,4,12800.0,20.5,12.8,5,1.0L-1.5L,Low
5600,Honda,Civic,2023,CNG,Manual,500000.0,22.2,2000,4,15100.0,5.0,15.1,1,1.5L-2.0L,Good
5601,Renault,Kwid,2016,CNG,Manual,1000000.0,26.7,2500,5,22300.0,10.0,22.3,8,2.0L-3.0L,Excellent
5602,Toyota,Camry,2020,CNG,Manual,2880000.0,24.0,1800,7,10100.0,28.8,10.1,4,1.5L-2.0L,Good
5603,Hyundai,Venue,2023,Electric,Manual,1580000.0,23.5,1800,7,15400.0,15.8,15.4,1,1.5L-2.0L,Good
5604,Toyota,Fortuner,2021,Petrol,Automatic,2950000.0,24.9,800,7,6100.0,29.5,6.1,3,Below 1.0L,Good
5605,Toyota,Innova,2022,Electric,Automatic,590000.0,18.5,1000,7,5300.0,5.9,5.3,2,Below 1.0L,Average
5606,Toyota,Innova,2023,Electric,Automatic,2990000.0,28.2,2000,7,6900.0,29.9,6.9,1,1.5L-2.0L,Excellent
5607,Mahindra,XUV300,2022,Diesel,Manual,550000.0,22.0,1200,7,7300.0,5.5,7.3,2,1.0L-1.5L,Good
5608,Renault,Kwid,2015,Diesel,Automatic,3360000.0,17.2,1200,5,23000.0,33.6,23.0,9,1.0L-1.5L,Average
5609,Skoda,Kushaq,2024,Diesel,Manual,2410000.0,14.7,800,6,18100.0,24.1,18.1,0,Below 1.0L,Low
5610,Mahindra,XUV700,2020,Electric,Manual,1180000.0,10.1,800,5,13900.0,11.8,13.9,4,Below 1.0L,Low
5611,Tata Motors,Altroz,2016,Petrol,Manual,2780000.0,20.3,1200,4,6900.0,27.8,6.9,8,1.0L-1.5L,Good
5612,Renault,Kiger,2020,Diesel,Automatic,2540000.0,22.6,1500,4,21300.0,25.4,21.3,4,1.0L-1.5L,Good
5613,Hyundai,Creta,2021,Electric,Manual,2790000.0,11.0,800,7,24100.0,27.9,24.1,3,Below 1.0L,Low
5614,Mahindra,Scorpio,2016,Petrol,Manual,2870000.0,10.5,2000,7,17900.0,28.7,17.9,8,1.5L-2.0L,Low
5615,Mahindra,Thar,2024,Petrol,Manual,1330000.0,19.0,2500,4,10600.0,13.3,10.6,0,2.0L-3.0L,Average
5616,Kia,Sonet,2024,CNG,Automatic,740000.0,12.7,2000,6,9100.0,7.4,9.1,0,1.5L-2.0L,Low
5617,Volkswagen,Taigun,2018,Electric,Manual,3470000.0,29.8,1500,7,16200.0,34.7,16.2,6,1.0L-1.5L,Excellent
5618,Hyundai,i20,2019,Electric,Manual,820000.0,22.5,2500,5,23900.0,8.2,23.9,5,2.0L-3.0L,Good
5619,Renault,Duster,2019,Diesel,Manual,1030000.0,23.0,1000,5,5400.0,10.3,5.4,5,Below 1.0L,Good
5620,Hyundai,Venue,2017,Electric,Automatic,640000.0,17.9,1800,4,7100.0,6.4,7.1,7,1.5L-2.0L,Average
5621,Maruti Suzuki,Dzire,2019,Electric,Manual,1670000.0,28.5,2000,4,22400.0,16.7,22.4,5,1.5L-2.0L,Excellent
5622,Honda,Jazz,2016,Petrol,Manual,2910000.0,12.0,1200,7,7800.0,29.1,7.8,8,1.0L-1.5L,Low
5623,Mahindra,Scorpio,2019,Diesel,Automatic,1200000.0,15.5,800,5,13500.0,12.0,13.5,5,Below 1.0L,Average
5624,Skoda,Superb,2021,Diesel,Automatic,1020000.0,26.5,1200,7,22800.0,10.2,22.8,3,1.0L-1.5L,Excellent
5625,Toyota,Fortuner,2021,CNG,Manual,450000.0,14.6,800,6,6200.0,4.5,6.2,3,Below 1.0L,Low
5626,Tata Motors,Punch,2017,Electric,Manual,3070000.0,20.1,1000,5,6000.0,30.7,6.0,7,Below 1.0L,Good
5627,Toyota,Glanza,2020,CNG,Automatic,1210000.0,27.2,2500,5,6800.0,12.1,6.8,4,2.0L-3.0L,Excellent
5628,Toyota,Camry,2023,CNG,Manual,1530000.0,23.4,1800,7,7600.0,15.3,7.6,1,1.5L-2.0L,Good
5629,Honda,WR-V,2017,Electric,Automatic,1530000.0,11.5,2000,7,8500.0,15.3,8.5,7,1.5L-2.0L,Low
5630,Skoda,Rapid,2023,Diesel,Manual,1820000.0,15.9,1000,4,12400.0,18.2,12.4,1,Below 1.0L,Average
5631,Renault,Duster,2018,CNG,Manual,1680000.0,15.4,2000,6,22700.0,16.8,22.7,6,1.5L-2.0L,Average
5632,Toyota,Fortuner,2016,Petrol,Manual,2210000.0,20.4,800,6,7200.0,22.1,7.2,8,Below 1.0L,Good
5633,Volkswagen,Polo,2018,CNG,Automatic,730000.0,10.3,2500,6,12700.0,7.3,12.7,6,2.0L-3.0L,Low
5634,Volkswagen,Polo,2016,Petrol,Manual,1800000.0,26.4,1800,6,5400.0,18.0,5.4,8,1.5L-2.0L,Excellent
5635,Renault,Duster,2023,Diesel,Automatic,2260000.0,16.1,1500,5,19600.0,22.6,19.6,1,1.0L-1.5L,Average
5636,Toyota,Glanza,2019,Diesel,Automatic,1760000.0,24.2,2000,6,24900.0,17.6,24.9,5,1.5L-2.0L,Good
5637,Volkswagen,Polo,2019,CNG,Automatic,1730000.0,20.2,1800,7,13600.0,17.3,13.6,5,1.5L-2.0L,Good
5638,Tata Motors,Nexon,2023,Petrol,Manual,2340000.0,14.6,800,6,19900.0,23.4,19.9,1,Below 1.0L,Low
5639,Volkswagen,Vento,2020,Diesel,Automatic,910000.0,27.3,1500,6,14200.0,9.1,14.2,4,1.0L-1.5L,Excellent
5640,Honda,Jazz,2017,Petrol,Automatic,3140000.0,10.1,800,6,11900.0,31.4,11.9,7,Below 1.0L,Low
5641,Toyota,Innova,2019,CNG,Manual,2960000.0,10.3,1000,7,9700.0,29.6,9.7,5,Below 1.0L,Low
5642,Maruti Suzuki,Swift,2019,CNG,Automatic,730000.0,29.1,2500,6,17100.0,7.3,17.1,5,2.0L-3.0L,Excellent
5643,Skoda,Rapid,2017,Diesel,Automatic,2730000.0,14.5,1200,5,21100.0,27.3,21.1,7,1.0L-1.5L,Low
5644,Maruti Suzuki,Baleno,2019,CNG,Automatic,1210000.0,14.3,1200,5,20900.0,12.1,20.9,5,1.0L-1.5L,Low
5645,Renault,Lodgy,2022,Petrol,Manual,2100000.0,28.4,1500,7,9100.0,21.0,9.1,2,1.0L-1.5L,Excellent
5646,Kia,EV6,2017,Diesel,Automatic,3440000.0,10.6,2000,5,20900.0,34.4,20.9,7,1.5L-2.0L,Low
5647,Hyundai,i20,2022,Diesel,Automatic,3320000.0,13.7,1000,5,8500.0,33.2,8.5,2,Below 1.0L,Low
5648,Mahindra,Bolero,2019,Electric,Manual,2470000.0,26.4,2500,7,19400.0,24.7,19.4,5,2.0L-3.0L,Excellent
5649,Skoda,Superb,2017,Electric,Automatic,2270000.0,12.8,800,6,23700.0,22.7,23.7,7,Below 1.0L,Low
5650,Toyota,Fortuner,2020,CNG,Automatic,2990000.0,22.8,800,7,15500.0,29.9,15.5,4,Below 1.0L,Good
5651,Skoda,Slavia,2016,Petrol,Automatic,1280000.0,12.7,1200,5,12100.0,12.8,12.1,8,1.0L-1.5L,Low
5652,Honda,Civic,2017,Petrol,Manual,2630000.0,28.9,1800,7,12700.0,26.3,12.7,7,1.5L-2.0L,Excellent
5653,Mahindra,XUV300,2019,Electric,Automatic,2780000.0,19.4,2000,7,13200.0,27.8,13.2,5,1.5L-2.0L,Average
5654,Tata Motors,Harrier,2020,Diesel,Automatic,2980000.0,19.8,2000,4,16200.0,29.8,16.2,4,1.5L-2.0L,Average
5655,Toyota,Glanza,2020,Diesel,Manual,720000.0,14.1,2500,7,13800.0,7.2,13.8,4,2.0L-3.0L,Low
5656,Toyota,Glanza,2024,Petrol,Manual,2060000.0,12.3,2000,7,15700.0,20.6,15.7,0,1.5L-2.0L,Low
5657,Tata Motors,Punch,2015,CNG,Automatic,2190000.0,28.1,1200,6,9600.0,21.9,9.6,9,1.0L-1.5L,Excellent
5658,Toyota,Camry,2024,Electric,Manual,3300000.0,11.3,2000,5,11900.0,33.0,11.9,0,1.5L-2.0L,Low
5659,Kia,Carnival,2020,CNG,Automatic,740000.0,23.2,2000,4,5700.0,7.4,5.7,4,1.5L-2.0L,Good
5660,Mahindra,Scorpio,2020,CNG,Automatic,3060000.0,11.6,1800,7,18000.0,30.6,18.0,4,1.5L-2.0L,Low
5661,Volkswagen,Polo,2018,Diesel,Automatic,1930000.0,20.4,1500,7,18800.0,19.3,18.8,6,1.0L-1.5L,Good
5662,Tata Motors,Tiago,2024,Diesel,Automatic,1120000.0,12.9,2500,4,21200.0,11.2,21.2,0,2.0L-3.0L,Low
5663,Toyota,Glanza,2019,CNG,Manual,3420000.0,28.9,800,6,24800.0,34.2,24.8,5,Below 1.0L,Excellent
5664,Kia,Sonet,2022,Petrol,Automatic,1260000.0,29.7,2500,7,18900.0,12.6,18.9,2,2.0L-3.0L,Excellent
5665,Maruti Suzuki,Swift,2018,CNG,Automatic,1920000.0,24.0,1800,6,23900.0,19.2,23.9,6,1.5L-2.0L,Good
5666,Kia,Sonet,2019,CNG,Automatic,1680000.0,21.1,1500,6,14700.0,16.8,14.7,5,1.0L-1.5L,Good
5667,Hyundai,Verna,2020,CNG,Manual,790000.0,11.6,1200,6,19600.0,7.9,19.6,4,1.0L-1.5L,Low
5668,Kia,Sonet,2022,CNG,Manual,2300000.0,26.5,1800,5,18000.0,23.0,18.0,2,1.5L-2.0L,Excellent
5669,Volkswagen,Polo,2017,Diesel,Manual,1670000.0,22.6,1200,4,19700.0,16.7,19.7,7,1.0L-1.5L,Good
5670,Tata Motors,Punch,2019,CNG,Manual,1330000.0,22.5,800,5,10300.0,13.3,10.3,5,Below 1.0L,Good
5671,Maruti Suzuki,Swift,2017,CNG,Automatic,2670000.0,24.8,800,6,22800.0,26.7,22.8,7,Below 1.0L,Good
5672,Skoda,Superb,2019,Diesel,Manual,860000.0,16.7,1000,5,5900.0,8.6,5.9,5,Below 1.0L,Average
5673,Kia,Carens,2017,Electric,Manual,1400000.0,14.8,1200,7,8200.0,14.0,8.2,7,1.0L-1.5L,Low
5674,Skoda,Rapid,2020,Petrol,Manual,420000.0,26.4,1000,7,12300.0,4.2,12.3,4,Below 1.0L,Excellent
5675,Maruti Suzuki,Dzire,2024,Diesel,Automatic,2100000.0,11.0,800,6,14700.0,21.0,14.7,0,Below 1.0L,Low
5676,Mahindra,XUV300,2024,CNG,Automatic,1530000.0,26.5,800,4,9000.0,15.3,9.0,0,Below 1.0L,Excellent
5677,Skoda,Rapid,2015,CNG,Automatic,2200000.0,17.6,1500,4,16900.0,22.0,16.9,9,1.0L-1.5L,Average
5678,Renault,Duster,2020,Petrol,Automatic,1650000.0,23.8,2500,7,12700.0,16.5,12.7,4,2.0L-3.0L,Good
5679,Renault,Lodgy,2022,Electric,Manual,2820000.0,15.9,2500,7,5200.0,28.2,5.2,2,2.0L-3.0L,Average
5680,Volkswagen,Vento,2016,Petrol,Manual,2890000.0,16.6,1800,7,6900.0,28.9,6.9,8,1.5L-2.0L,Average
5681,Volkswagen,Virtus,2016,Diesel,Manual,1610000.0,14.5,2000,4,22600.0,16.1,22.6,8,1.5L-2.0L,Low
5682,Hyundai,Verna,2015,Electric,Automatic,2640000.0,15.3,1800,4,18300.0,26.4,18.3,9,1.5L-2.0L,Average
5683,Skoda,Octavia,2016,Electric,Automatic,1890000.0,28.0,1200,5,13100.0,18.9,13.1,8,1.0L-1.5L,Excellent
5684,Mahindra,Thar,2020,Electric,Manual,490000.0,24.2,1500,6,21300.0,4.9,21.3,4,1.0L-1.5L,Good
5685,Kia,Carens,2024,Diesel,Manual,2600000.0,28.2,800,5,21600.0,26.0,21.6,0,Below 1.0L,Excellent
5686,Mahindra,XUV300,2017,Diesel,Manual,2200000.0,20.7,1200,7,15000.0,22.0,15.0,7,1.0L-1.5L,Good
5687,Renault,Kwid,2021,Petrol,Manual,2540000.0,25.6,2500,4,17500.0,25.4,17.5,3,2.0L-3.0L,Excellent
5688,Honda,City,2016,Diesel,Automatic,840000.0,27.2,2000,4,12200.0,8.4,12.2,8,1.5L-2.0L,Excellent
5689,Honda,Jazz,2016,Electric,Automatic,1560000.0,20.7,1500,7,23400.0,15.6,23.4,8,1.0L-1.5L,Good
5690,Toyota,Innova,2021,Electric,Manual,2210000.0,19.7,1200,7,12800.0,22.1,12.8,3,1.0L-1.5L,Average
5691,Renault,Kwid,2020,Petrol,Manual,1480000.0,22.5,2500,6,16900.0,14.8,16.9,4,2.0L-3.0L,Good
5692,Tata Motors,Harrier,2017,Diesel,Automatic,2130000.0,29.5,800,4,11000.0,21.3,11.0,7,Below 1.0L,Excellent
5693,Renault,Kiger,2015,Petrol,Manual,2990000.0,12.2,1500,7,7000.0,29.9,7.0,9,1.0L-1.5L,Low
5694,Skoda,Kushaq,2017,CNG,Automatic,1580000.0,25.1,1500,6,8000.0,15.8,8.0,7,1.0L-1.5L,Excellent
5695,Honda,City,2023,Petrol,Manual,1330000.0,14.9,800,5,21100.0,13.3,21.1,1,Below 1.0L,Low
5696,Kia,Seltos,2023,Petrol,Automatic,1180000.0,14.6,1000,5,24700.0,11.8,24.7,1,Below 1.0L,Low
5697,Hyundai,i20,2024,Petrol,Automatic,3270000.0,28.1,800,6,24500.0,32.7,24.5,0,Below 1.0L,Excellent
5698,Tata Motors,Altroz,2019,Diesel,Manual,2480000.0,11.9,1000,7,21600.0,24.8,21.6,5,Below 1.0L,Low
5699,Toyota,Camry,2018,Petrol,Automatic,980000.0,25.4,800,7,10000.0,9.8,10.0,6,Below 1.0L,Excellent
5700,Hyundai,i20,2021,CNG,Manual,1020000.0,20.4,1500,5,14400.0,10.2,14.4,3,1.0L-1.5L,Good
5701,Maruti Suzuki,Dzire,2017,Diesel,Automatic,1620000.0,16.3,1200,7,8500.0,16.2,8.5,7,1.0L-1.5L,Average
5702,Volkswagen,Taigun,2017,CNG,Manual,2460000.0,27.1,800,6,19400.0,24.6,19.4,7,Below 1.0L,Excellent
5703,Mahindra,Bolero,2015,Electric,Automatic,3060000.0,15.3,2000,5,10600.0,30.6,10.6,9,1.5L-2.0L,Average
5704,Skoda,Rapid,2019,Diesel,Automatic,1880000.0,24.8,1000,7,11800.0,18.8,11.8,5,Below 1.0L,Good
5705,Volkswagen,Taigun,2020,Diesel,Manual,2280000.0,29.6,1500,7,20000.0,22.8,20.0,4,1.0L-1.5L,Excellent
5706,Volkswagen,Vento,2020,Diesel,Manual,500000.0,15.3,1000,7,19300.0,5.0,19.3,4,Below 1.0L,Average
5707,Skoda,Kushaq,2016,Petrol,Automatic,580000.0,21.4,1200,5,14400.0,5.8,14.4,8,1.0L-1.5L,Good
5708,Mahindra,XUV700,2017,CNG,Manual,2270000.0,22.2,800,6,5400.0,22.7,5.4,7,Below 1.0L,Good
5709,Tata Motors,Tiago,2020,Diesel,Manual,2650000.0,18.0,1800,4,7000.0,26.5,7.0,4,1.5L-2.0L,Average
5710,Volkswagen,Tiguan,2015,Diesel,Manual,1780000.0,27.4,1200,6,6000.0,17.8,6.0,9,1.0L-1.5L,Excellent
5711,Skoda,Slavia,2015,Petrol,Automatic,3160000.0,23.7,1500,6,12700.0,31.6,12.7,9,1.0L-1.5L,Good
5712,Toyota,Camry,2017,CNG,Automatic,2900000.0,22.6,2500,6,7300.0,29.0,7.3,7,2.0L-3.0L,Good
5713,Toyota,Camry,2019,Petrol,Automatic,590000.0,22.7,1800,5,8800.0,5.9,8.8,5,1.5L-2.0L,Good
5714,Mahindra,XUV700,2021,Electric,Automatic,3180000.0,25.5,1200,5,15100.0,31.8,15.1,3,1.0L-1.5L,Excellent
5715,Honda,City,2015,Electric,Manual,650000.0,10.4,1500,4,23500.0,6.5,23.5,9,1.0L-1.5L,Low
5716,Honda,Jazz,2016,Petrol,Manual,3340000.0,18.2,2000,4,18200.0,33.4,18.2,8,1.5L-2.0L,Average
5717,Renault,Duster,2022,Electric,Automatic,3310000.0,28.6,1800,5,10600.0,33.1,10.6,2,1.5L-2.0L,Excellent
5718,Volkswagen,Vento,2020,Electric,Automatic,1880000.0,17.4,1000,6,13800.0,18.8,13.8,4,Below 1.0L,Average
5719,Skoda,Octavia,2023,Electric,Manual,1170000.0,28.1,1500,7,12000.0,11.7,12.0,1,1.0L-1.5L,Excellent
5720,Toyota,Camry,2018,Petrol,Automatic,3250000.0,10.5,2000,5,15700.0,32.5,15.7,6,1.5L-2.0L,Low
5721,Skoda,Superb,2020,CNG,Automatic,1510000.0,14.2,2500,4,17600.0,15.1,17.6,4,2.0L-3.0L,Low
5722,Renault,Triber,2016,Petrol,Automatic,3170000.0,10.6,1000,5,11300.0,31.7,11.3,8,Below 1.0L,Low
5723,Renault,Duster,2016,Petrol,Automatic,2240000.0,28.4,1800,5,24700.0,22.4,24.7,8,1.5L-2.0L,Excellent
5724,Maruti Suzuki,Dzire,2024,CNG,Automatic,1860000.0,27.6,1200,7,23900.0,18.6,23.9,0,1.0L-1.5L,Excellent
5725,Tata Motors,Punch,2020,Petrol,Automatic,1960000.0,25.3,800,5,23400.0,19.6,23.4,4,Below 1.0L,Excellent
5726,Volkswagen,Tiguan,2018,Diesel,Manual,1270000.0,18.5,1000,5,20500.0,12.7,20.5,6,Below 1.0L,Average
5727,Honda,City,2022,Petrol,Automatic,1890000.0,26.8,1500,4,8600.0,18.9,8.6,2,1.0L-1.5L,Excellent
5728,Kia,Carens,2019,CNG,Manual,2590000.0,22.6,2000,5,22700.0,25.9,22.7,5,1.5L-2.0L,Good
5729,Skoda,Octavia,2020,CNG,Manual,1120000.0,19.7,1000,6,7200.0,11.2,7.2,4,Below 1.0L,Average
5730,Honda,Civic,2024,Diesel,Automatic,980000.0,27.5,2500,6,13400.0,9.8,13.4,0,2.0L-3.0L,Excellent
5731,Mahindra,Scorpio,2016,CNG,Manual,1560000.0,24.8,1500,5,19500.0,15.6,19.5,8,1.0L-1.5L,Good
5732,Tata Motors,Punch,2015,Diesel,Manual,1810000.0,26.1,1000,4,18400.0,18.1,18.4,9,Below 1.0L,Excellent
5733,Volkswagen,Tiguan,2017,CNG,Automatic,2750000.0,16.8,1200,5,16900.0,27.5,16.9,7,1.0L-1.5L,Average
5734,Toyota,Innova,2015,Electric,Automatic,2110000.0,29.2,1800,4,13700.0,21.1,13.7,9,1.5L-2.0L,Excellent
5735,Tata Motors,Altroz,2022,CNG,Automatic,2020000.0,17.7,1200,4,11500.0,20.2,11.5,2,1.0L-1.5L,Average
5736,Maruti Suzuki,Ertiga,2018,Diesel,Automatic,2400000.0,17.1,1500,4,22900.0,24.0,22.9,6,1.0L-1.5L,Average
5737,Kia,EV6,2023,Diesel,Manual,2410000.0,15.5,2500,5,21500.0,24.1,21.5,1,2.0L-3.0L,Average
5738,Mahindra,Bolero,2016,CNG,Manual,2030000.0,27.3,1000,6,11000.0,20.3,11.0,8,Below 1.0L,Excellent
5739,Kia,Carens,2017,CNG,Automatic,460000.0,16.7,1000,6,10400.0,4.6,10.4,7,Below 1.0L,Average
5740,Skoda,Octavia,2018,Petrol,Manual,3390000.0,12.5,1200,5,18500.0,33.9,18.5,6,1.0L-1.5L,Low
5741,Honda,Amaze,2020,CNG,Manual,2220000.0,18.6,1800,7,8300.0,22.2,8.3,4,1.5L-2.0L,Average
5742,Renault,Kwid,2023,Electric,Manual,650000.0,16.4,2000,5,16500.0,6.5,16.5,1,1.5L-2.0L,Average
5743,Volkswagen,Taigun,2017,Diesel,Manual,690000.0,14.9,2500,6,17600.0,6.9,17.6,7,2.0L-3.0L,Low
5744,Volkswagen,Polo,2016,CNG,Manual,2890000.0,11.5,800,5,17400.0,28.9,17.4,8,Below 1.0L,Low
5745,Mahindra,XUV300,2018,Petrol,Manual,3090000.0,24.1,800,5,24000.0,30.9,24.0,6,Below 1.0L,Good
5746,Mahindra,XUV300,2021,Diesel,Automatic,2440000.0,26.9,1000,7,15300.0,24.4,15.3,3,Below 1.0L,Excellent
5747,Renault,Lodgy,2022,Diesel,Automatic,440000.0,29.6,1000,5,17700.0,4.4,17.7,2,Below 1.0L,Excellent
5748,Renault,Lodgy,2023,Petrol,Manual,2710000.0,17.7,1000,7,9400.0,27.1,9.4,1,Below 1.0L,Average
5749,Mahindra,Scorpio,2022,Electric,Manual,1340000.0,27.6,1800,6,12700.0,13.4,12.7,2,1.5L-2.0L,Excellent
5750,Skoda,Octavia,2023,Diesel,Automatic,1020000.0,18.4,2000,7,14600.0,10.2,14.6,1,1.5L-2.0L,Average
5751,Renault,Kiger,2018,CNG,Manual,2850000.0,10.9,2500,7,16300.0,28.5,16.3,6,2.0L-3.0L,Low
5752,Hyundai,i20,2022,Electric,Automatic,1950000.0,17.9,1200,6,21700.0,19.5,21.7,2,1.0L-1.5L,Average
5753,Hyundai,i10,2016,Petrol,Manual,1760000.0,14.4,2000,4,24500.0,17.6,24.5,8,1.5L-2.0L,Low
5754,Hyundai,Creta,2017,Diesel,Automatic,3180000.0,22.0,800,4,8800.0,31.8,8.8,7,Below 1.0L,Good
5755,Toyota,Fortuner,2023,Electric,Manual,680000.0,13.0,800,6,24600.0,6.8,24.6,1,Below 1.0L,Low
5756,Toyota,Innova,2024,Electric,Automatic,3090000.0,27.8,1500,5,24100.0,30.9,24.1,0,1.0L-1.5L,Excellent
5757,Maruti Suzuki,Dzire,2019,Electric,Automatic,880000.0,10.3,800,5,7100.0,8.8,7.1,5,Below 1.0L,Low
5758,Hyundai,i10,2020,CNG,Manual,2380000.0,20.0,1800,6,25000.0,23.8,25.0,4,1.5L-2.0L,Average
5759,Toyota,Urban Cruiser,2017,CNG,Automatic,840000.0,10.5,1800,7,11200.0,8.4,11.2,7,1.5L-2.0L,Low
5760,Volkswagen,Virtus,2017,Electric,Manual,3030000.0,25.4,1200,6,19800.0,30.3,19.8,7,1.0L-1.5L,Excellent
5761,Toyota,Urban Cruiser,2024,Electric,Automatic,1980000.0,28.3,2500,5,13400.0,19.8,13.4,0,2.0L-3.0L,Excellent
5762,Renault,Kwid,2017,Electric,Manual,1340000.0,18.1,2500,6,17800.0,13.4,17.8,7,2.0L-3.0L,Average
5763,Renault,Lodgy,2018,Diesel,Automatic,1770000.0,17.9,1000,5,20600.0,17.7,20.6,6,Below 1.0L,Average
5764,Hyundai,Venue,2015,Petrol,Manual,420000.0,11.1,2000,6,12000.0,4.2,12.0,9,1.5L-2.0L,Low
5765,Tata Motors,Harrier,2019,Diesel,Automatic,2170000.0,16.9,2500,6,12200.0,21.7,12.2,5,2.0L-3.0L,Average
5766,Toyota,Glanza,2017,Diesel,Manual,1260000.0,18.9,1000,7,15700.0,12.6,15.7,7,Below 1.0L,Average
5767,Tata Motors,Tiago,2021,Electric,Automatic,2870000.0,26.2,2500,6,16100.0,28.7,16.1,3,2.0L-3.0L,Excellent
5768,Honda,Civic,2016,Petrol,Automatic,2260000.0,28.9,1000,5,9900.0,22.6,9.9,8,Below 1.0L,Excellent
5769,Skoda,Kushaq,2015,Petrol,Manual,1040000.0,13.6,1800,6,16600.0,10.4,16.6,9,1.5L-2.0L,Low
5770,Honda,Jazz,2015,Diesel,Manual,2510000.0,25.4,2000,6,23200.0,25.1,23.2,9,1.5L-2.0L,Excellent
5771,Renault,Triber,2015,Electric,Manual,2900000.0,20.3,1800,4,20500.0,29.0,20.5,9,1.5L-2.0L,Good
5772,Renault,Duster,2020,Diesel,Automatic,490000.0,10.6,1500,5,12800.0,4.9,12.8,4,1.0L-1.5L,Low
5773,Volkswagen,Polo,2018,CNG,Automatic,1790000.0,14.8,1500,5,10200.0,17.9,10.2,6,1.0L-1.5L,Low
5774,Kia,EV6,2020,Petrol,Automatic,2510000.0,24.4,2500,4,6500.0,25.1,6.5,4,2.0L-3.0L,Good
5775,Skoda,Kushaq,2016,Diesel,Manual,2850000.0,17.8,1200,5,13900.0,28.5,13.9,8,1.0L-1.5L,Average
5776,Mahindra,Scorpio,2017,CNG,Manual,2400000.0,15.0,1000,6,22100.0,24.0,22.1,7,Below 1.0L,Low
5777,Mahindra,Scorpio,2020,Diesel,Manual,670000.0,20.0,1200,7,14400.0,6.7,14.4,4,1.0L-1.5L,Average
5778,Tata Motors,Altroz,2019,CNG,Automatic,1960000.0,10.5,1200,6,20200.0,19.6,20.2,5,1.0L-1.5L,Low
5779,Volkswagen,Tiguan,2020,Diesel,Automatic,650000.0,13.1,1200,6,12100.0,6.5,12.1,4,1.0L-1.5L,Low
5780,Volkswagen,Vento,2023,Electric,Automatic,710000.0,20.6,2000,5,24300.0,7.1,24.3,1,1.5L-2.0L,Good
5781,Volkswagen,Virtus,2017,Electric,Manual,1390000.0,18.2,1000,7,20800.0,13.9,20.8,7,Below 1.0L,Average
5782,Tata Motors,Punch,2021,Electric,Manual,2830000.0,27.5,2500,7,9100.0,28.3,9.1,3,2.0L-3.0L,Excellent
5783,Kia,Carens,2015,Diesel,Automatic,850000.0,10.3,1500,4,18500.0,8.5,18.5,9,1.0L-1.5L,Low
5784,Honda,City,2016,Electric,Manual,1070000.0,10.2,2000,7,6100.0,10.7,6.1,8,1.5L-2.0L,Low
5785,Mahindra,Thar,2019,Petrol,Automatic,1750000.0,15.7,1500,7,13500.0,17.5,13.5,5,1.0L-1.5L,Average
5786,Kia,Sonet,2024,Petrol,Manual,3350000.0,26.4,1000,5,17100.0,33.5,17.1,0,Below 1.0L,Excellent
5787,Skoda,Kushaq,2021,Diesel,Manual,2860000.0,17.8,800,7,18700.0,28.6,18.7,3,Below 1.0L,Average
5788,Kia,EV6,2020,Electric,Manual,2800000.0,11.3,1800,4,11500.0,28.0,11.5,4,1.5L-2.0L,Low
5789,Hyundai,i10,2022,Diesel,Automatic,1910000.0,28.8,2000,7,20000.0,19.1,20.0,2,1.5L-2.0L,Excellent
5790,Volkswagen,Taigun,2023,CNG,Manual,3140000.0,22.0,1200,7,16000.0,31.4,16.0,1,1.0L-1.5L,Good
5791,Honda,City,2015,Diesel,Manual,2820000.0,27.5,800,6,11200.0,28.2,11.2,9,Below 1.0L,Excellent
5792,Tata Motors,Tiago,2021,Diesel,Automatic,1680000.0,11.1,800,7,9800.0,16.8,9.8,3,Below 1.0L,Low
5793,Mahindra,XUV300,2022,Electric,Automatic,790000.0,12.7,1000,7,13300.0,7.9,13.3,2,Below 1.0L,Low
5794,Kia,Carens,2022,Diesel,Manual,820000.0,23.4,1000,4,21600.0,8.2,21.6,2,Below 1.0L,Good
5795,Kia,Carnival,2019,Electric,Automatic,1770000.0,26.1,1500,4,7800.0,17.7,7.8,5,1.0L-1.5L,Excellent
5796,Renault,Kwid,2019,CNG,Automatic,1640000.0,27.1,2500,7,21700.0,16.4,21.7,5,2.0L-3.0L,Excellent
5797,Toyota,Camry,2016,Electric,Automatic,500000.0,12.9,1800,7,20700.0,5.0,20.7,8,1.5L-2.0L,Low
5798,Mahindra,Bolero,2018,Diesel,Automatic,580000.0,23.1,1500,4,17200.0,5.8,17.2,6,1.0L-1.5L,Good
5799,Hyundai,Creta,2020,Diesel,Automatic,810000.0,22.1,1500,4,9200.0,8.1,9.2,4,1.0L-1.5L,Good
5800,Renault,Duster,2015,Diesel,Manual,2280000.0,28.0,1000,5,7500.0,22.8,7.5,9,Below 1.0L,Excellent
5801,Mahindra,Thar,2022,CNG,Manual,3160000.0,14.6,1800,4,22400.0,31.6,22.4,2,1.5L-2.0L,Low
5802,Tata Motors,Nexon,2023,Petrol,Automatic,2510000.0,21.5,1200,4,9900.0,25.1,9.9,1,1.0L-1.5L,Good
5803,Honda,City,2024,Petrol,Manual,3340000.0,27.6,1200,4,11800.0,33.4,11.8,0,1.0L-1.5L,Excellent
5804,Volkswagen,Polo,2019,CNG,Automatic,1670000.0,22.1,2500,6,11700.0,16.7,11.7,5,2.0L-3.0L,Good
5805,Mahindra,XUV700,2019,Electric,Automatic,2660000.0,10.7,2500,5,5500.0,26.6,5.5,5,2.0L-3.0L,Low
5806,Honda,Civic,2019,Diesel,Automatic,1690000.0,18.9,2500,5,9400.0,16.9,9.4,5,2.0L-3.0L,Average
5807,Honda,Civic,2018,CNG,Manual,1860000.0,14.7,1800,4,13100.0,18.6,13.1,6,1.5L-2.0L,Low
5808,Maruti Suzuki,Baleno,2016,Diesel,Automatic,1320000.0,14.4,1000,7,12100.0,13.2,12.1,8,Below 1.0L,Low
5809,Renault,Kwid,2022,Petrol,Automatic,1660000.0,19.5,1500,5,6000.0,16.6,6.0,2,1.0L-1.5L,Average
5810,Mahindra,Scorpio,2020,Petrol,Manual,510000.0,16.2,1000,6,24900.0,5.1,24.9,4,Below 1.0L,Average
5811,Volkswagen,Taigun,2023,Diesel,Automatic,1180000.0,21.6,1500,7,11400.0,11.8,11.4,1,1.0L-1.5L,Good
5812,Skoda,Slavia,2021,Diesel,Manual,490000.0,14.3,2500,7,15000.0,4.9,15.0,3,2.0L-3.0L,Low
5813,Volkswagen,Tiguan,2017,Petrol,Manual,510000.0,12.6,2500,6,15800.0,5.1,15.8,7,2.0L-3.0L,Low
5814,Volkswagen,Polo,2020,Petrol,Manual,2230000.0,17.3,1200,5,20800.0,22.3,20.8,4,1.0L-1.5L,Average
5815,Toyota,Fortuner,2018,CNG,Manual,3110000.0,19.5,2500,5,23100.0,31.1,23.1,6,2.0L-3.0L,Average
5816,Maruti Suzuki,WagonR,2024,CNG,Manual,760000.0,11.5,800,7,24300.0,7.6,24.3,0,Below 1.0L,Low
5817,Maruti Suzuki,Baleno,2024,Diesel,Manual,1640000.0,28.1,2500,6,16900.0,16.4,16.9,0,2.0L-3.0L,Excellent
5818,Renault,Duster,2018,CNG,Manual,1560000.0,24.5,1500,7,12400.0,15.6,12.4,6,1.0L-1.5L,Good
5819,Tata Motors,Harrier,2022,Diesel,Manual,1240000.0,13.5,2000,4,22500.0,12.4,22.5,2,1.5L-2.0L,Low
5820,Skoda,Octavia,2022,Electric,Manual,2400000.0,25.4,1500,7,6300.0,24.0,6.3,2,1.0L-1.5L,Excellent
5821,Toyota,Camry,2023,Diesel,Manual,2310000.0,11.9,1800,4,18800.0,23.1,18.8,1,1.5L-2.0L,Low
5822,Skoda,Kushaq,2024,CNG,Automatic,950000.0,26.2,1200,7,23000.0,9.5,23.0,0,1.0L-1.5L,Excellent
5823,Skoda,Kushaq,2021,Petrol,Automatic,3500000.0,16.9,2000,6,21100.0,35.0,21.1,3,1.5L-2.0L,Average
5824,Mahindra,Bolero,2015,Petrol,Automatic,850000.0,15.3,2000,6,24200.0,8.5,24.2,9,1.5L-2.0L,Average
5825,Toyota,Innova,2016,CNG,Manual,2980000.0,25.5,800,4,15700.0,29.8,15.7,8,Below 1.0L,Excellent
5826,Mahindra,Scorpio,2015,Diesel,Manual,1080000.0,28.8,1200,7,9900.0,10.8,9.9,9,1.0L-1.5L,Excellent
5827,Honda,Jazz,2023,Petrol,Manual,1290000.0,25.0,800,5,15300.0,12.9,15.3,1,Below 1.0L,Good
5828,Maruti Suzuki,Baleno,2021,CNG,Automatic,2800000.0,23.7,1500,6,10700.0,28.0,10.7,3,1.0L-1.5L,Good
5829,Volkswagen,Taigun,2017,Electric,Manual,2360000.0,20.6,1200,4,7200.0,23.6,7.2,7,1.0L-1.5L,Good
5830,Renault,Lodgy,2016,Electric,Manual,2870000.0,22.6,1500,5,16300.0,28.7,16.3,8,1.0L-1.5L,Good
5831,Toyota,Fortuner,2016,CNG,Automatic,660000.0,15.3,1000,5,15700.0,6.6,15.7,8,Below 1.0L,Average
5832,Toyota,Camry,2015,Diesel,Automatic,1900000.0,18.7,1500,6,12300.0,19.0,12.3,9,1.0L-1.5L,Average
5833,Toyota,Urban Cruiser,2016,Petrol,Automatic,1430000.0,14.1,1000,4,15400.0,14.3,15.4,8,Below 1.0L,Low
5834,Maruti Suzuki,Swift,2016,CNG,Manual,1200000.0,19.4,1000,5,23100.0,12.0,23.1,8,Below 1.0L,Average
5835,Mahindra,Thar,2019,Petrol,Automatic,2080000.0,10.3,2000,5,22000.0,20.8,22.0,5,1.5L-2.0L,Low
5836,Volkswagen,Tiguan,2022,Diesel,Manual,3490000.0,26.7,1000,6,7200.0,34.9,7.2,2,Below 1.0L,Excellent
5837,Renault,Kiger,2024,CNG,Manual,3040000.0,12.9,2500,6,22700.0,30.4,22.7,0,2.0L-3.0L,Low
5838,Volkswagen,Taigun,2019,Electric,Manual,1620000.0,27.9,1800,5,19000.0,16.2,19.0,5,1.5L-2.0L,Excellent
5839,Volkswagen,Vento,2023,Diesel,Automatic,2100000.0,14.4,2000,4,23400.0,21.0,23.4,1,1.5L-2.0L,Low
5840,Mahindra,XUV700,2015,Petrol,Manual,3310000.0,12.7,1200,4,14700.0,33.1,14.7,9,1.0L-1.5L,Low
5841,Kia,Seltos,2017,Electric,Manual,820000.0,16.8,1200,6,23100.0,8.2,23.1,7,1.0L-1.5L,Average
5842,Honda,Jazz,2023,CNG,Manual,2430000.0,25.9,1800,7,18200.0,24.3,18.2,1,1.5L-2.0L,Excellent
5843,Kia,Sonet,2021,CNG,Automatic,1350000.0,25.8,2000,7,12700.0,13.5,12.7,3,1.5L-2.0L,Excellent
5844,Skoda,Superb,2015,Diesel,Automatic,3290000.0,27.2,1200,5,11100.0,32.9,11.1,9,1.0L-1.5L,Excellent
5845,Volkswagen,Polo,2021,Electric,Manual,1240000.0,26.5,2000,7,10800.0,12.4,10.8,3,1.5L-2.0L,Excellent
5846,Tata Motors,Nexon,2021,CNG,Manual,2100000.0,26.3,1000,4,11400.0,21.0,11.4,3,Below 1.0L,Excellent
5847,Toyota,Innova,2023,Electric,Manual,1980000.0,12.5,1800,4,16400.0,19.8,16.4,1,1.5L-2.0L,Low
5848,Mahindra,XUV300,2022,Electric,Manual,2110000.0,15.1,1000,5,22700.0,21.1,22.7,2,Below 1.0L,Average
5849,Volkswagen,Taigun,2023,CNG,Manual,3060000.0,10.5,2000,4,10200.0,30.6,10.2,1,1.5L-2.0L,Low
5850,Renault,Kiger,2022,CNG,Automatic,570000.0,17.6,2000,7,19600.0,5.7,19.6,2,1.5L-2.0L,Average
5851,Volkswagen,Vento,2019,Electric,Manual,860000.0,11.4,1800,5,14200.0,8.6,14.2,5,1.5L-2.0L,Low
5852,Honda,Amaze,2020,CNG,Manual,1160000.0,13.2,800,5,8800.0,11.6,8.8,4,Below 1.0L,Low
5853,Honda,Jazz,2024,CNG,Automatic,3250000.0,22.4,2500,6,16800.0,32.5,16.8,0,2.0L-3.0L,Good
5854,Skoda,Superb,2021,Petrol,Manual,2700000.0,23.6,1500,6,11700.0,27.0,11.7,3,1.0L-1.5L,Good
5855,Renault,Kiger,2020,CNG,Automatic,3320000.0,22.3,1500,7,9300.0,33.2,9.3,4,1.0L-1.5L,Good
5856,Kia,Seltos,2017,Electric,Automatic,1840000.0,18.5,1500,7,19000.0,18.4,19.0,7,1.0L-1.5L,Average
5857,Honda,Jazz,2021,Diesel,Automatic,1670000.0,16.9,2500,7,7700.0,16.7,7.7,3,2.0L-3.0L,Average
5858,Honda,City,2020,Diesel,Automatic,1270000.0,27.9,1000,4,23900.0,12.7,23.9,4,Below 1.0L,Excellent
5859,Maruti Suzuki,Swift,2016,Electric,Automatic,1330000.0,12.6,2000,7,21000.0,13.3,21.0,8,1.5L-2.0L,Low
5860,Kia,Sonet,2022,Diesel,Manual,2580000.0,14.1,1500,6,9600.0,25.8,9.6,2,1.0L-1.5L,Low
5861,Toyota,Glanza,2023,Diesel,Manual,2320000.0,10.9,1500,6,11600.0,23.2,11.6,1,1.0L-1.5L,Low
5862,Honda,Civic,2021,Petrol,Manual,1670000.0,20.6,800,5,7500.0,16.7,7.5,3,Below 1.0L,Good
5863,Toyota,Urban Cruiser,2017,Diesel,Manual,2030000.0,15.2,2500,4,24900.0,20.3,24.9,7,2.0L-3.0L,Average
5864,Renault,Kwid,2024,Diesel,Automatic,2590000.0,21.9,2500,7,17200.0,25.9,17.2,0,2.0L-3.0L,Good
5865,Toyota,Urban Cruiser,2023,Electric,Automatic,560000.0,18.2,1200,4,13800.0,5.6,13.8,1,1.0L-1.5L,Average
5866,Tata Motors,Tiago,2019,Petrol,Automatic,460000.0,10.4,2500,6,22500.0,4.6,22.5,5,2.0L-3.0L,Low
5867,Toyota,Innova,2018,Electric,Manual,3100000.0,14.5,2000,4,8500.0,31.0,8.5,6,1.5L-2.0L,Low
5868,Maruti Suzuki,Swift,2017,CNG,Manual,3390000.0,13.0,2000,5,21000.0,33.9,21.0,7,1.5L-2.0L,Low
5869,Skoda,Rapid,2020,CNG,Manual,2080000.0,14.5,800,5,8500.0,20.8,8.5,4,Below 1.0L,Low
5870,Tata Motors,Nexon,2016,CNG,Automatic,1210000.0,19.0,1000,6,10100.0,12.1,10.1,8,Below 1.0L,Average
5871,Hyundai,Creta,2019,CNG,Automatic,870000.0,19.9,800,4,16500.0,8.7,16.5,5,Below 1.0L,Average
5872,Honda,Amaze,2024,Diesel,Automatic,640000.0,19.0,800,6,13300.0,6.4,13.3,0,Below 1.0L,Average
5873,Kia,Seltos,2019,Diesel,Manual,480000.0,22.0,800,5,9100.0,4.8,9.1,5,Below 1.0L,Good
5874,Hyundai,Venue,2018,CNG,Automatic,3450000.0,24.7,1500,7,6900.0,34.5,6.9,6,1.0L-1.5L,Good
5875,Honda,City,2015,CNG,Manual,2250000.0,25.9,1500,5,23000.0,22.5,23.0,9,1.0L-1.5L,Excellent
5876,Maruti Suzuki,Swift,2015,Electric,Automatic,3350000.0,13.1,800,7,21600.0,33.5,21.6,9,Below 1.0L,Low
5877,Tata Motors,Punch,2020,CNG,Automatic,1670000.0,13.5,1200,7,9700.0,16.7,9.7,4,1.0L-1.5L,Low
5878,Kia,Seltos,2017,Diesel,Automatic,930000.0,10.8,1200,5,5100.0,9.3,5.1,7,1.0L-1.5L,Low
5879,Maruti Suzuki,Baleno,2017,Electric,Automatic,3170000.0,21.3,1200,6,13900.0,31.7,13.9,7,1.0L-1.5L,Good
5880,Volkswagen,Polo,2016,CNG,Automatic,2480000.0,14.7,1500,6,10900.0,24.8,10.9,8,1.0L-1.5L,Low
5881,Mahindra,Thar,2019,Diesel,Manual,1500000.0,18.0,2000,7,10200.0,15.0,10.2,5,1.5L-2.0L,Average
5882,Maruti Suzuki,Swift,2015,Diesel,Manual,770000.0,19.8,2500,7,17600.0,7.7,17.6,9,2.0L-3.0L,Average
5883,Tata Motors,Nexon,2020,Petrol,Automatic,2890000.0,29.8,1200,4,6900.0,28.9,6.9,4,1.0L-1.5L,Excellent
5884,Maruti Suzuki,Baleno,2018,Electric,Automatic,3240000.0,11.4,2000,4,15300.0,32.4,15.3,6,1.5L-2.0L,Low
5885,Tata Motors,Altroz,2024,CNG,Automatic,1970000.0,28.5,1200,6,7500.0,19.7,7.5,0,1.0L-1.5L,Excellent
5886,Kia,Carnival,2016,Diesel,Manual,650000.0,12.0,1200,7,21700.0,6.5,21.7,8,1.0L-1.5L,Low
5887,Renault,Lodgy,2015,Petrol,Automatic,3230000.0,21.9,800,4,9600.0,32.3,9.6,9,Below 1.0L,Good
5888,Mahindra,XUV300,2017,Diesel,Automatic,1630000.0,29.4,800,7,11700.0,16.3,11.7,7,Below 1.0L,Excellent
5889,Tata Motors,Altroz,2018,Diesel,Manual,3170000.0,21.8,1500,4,17300.0,31.7,17.3,6,1.0L-1.5L,Good
5890,Mahindra,XUV300,2023,Diesel,Automatic,3380000.0,13.1,1000,6,24800.0,33.8,24.8,1,Below 1.0L,Low
5891,Renault,Lodgy,2017,CNG,Automatic,2200000.0,19.8,1500,7,17900.0,22.0,17.9,7,1.0L-1.5L,Average
5892,Kia,Carens,2020,Petrol,Manual,2390000.0,13.2,1000,4,5300.0,23.9,5.3,4,Below 1.0L,Low
5893,Skoda,Superb,2017,Electric,Manual,2430000.0,26.8,1200,6,7800.0,24.3,7.8,7,1.0L-1.5L,Excellent
5894,Skoda,Slavia,2023,Diesel,Automatic,3220000.0,19.3,1000,7,20300.0,32.2,20.3,1,Below 1.0L,Average
5895,Renault,Duster,2020,Petrol,Automatic,540000.0,19.3,800,5,23500.0,5.4,23.5,4,Below 1.0L,Average
5896,Renault,Triber,2017,Petrol,Manual,1470000.0,12.3,1200,5,13500.0,14.7,13.5,7,1.0L-1.5L,Low
5897,Toyota,Camry,2016,Electric,Manual,2450000.0,17.4,1800,5,24700.0,24.5,24.7,8,1.5L-2.0L,Average
5898,Tata Motors,Nexon,2019,CNG,Automatic,2490000.0,16.6,2500,6,6400.0,24.9,6.4,5,2.0L-3.0L,Average
5899,Skoda,Superb,2022,Diesel,Manual,2850000.0,12.0,1000,4,20200.0,28.5,20.2,2,Below 1.0L,Low
5900,Maruti Suzuki,Dzire,2020,Petrol,Automatic,2900000.0,24.9,1500,6,10000.0,29.0,10.0,4,1.0L-1.5L,Good
5901,Volkswagen,Virtus,2016,Petrol,Manual,2800000.0,26.2,800,4,6600.0,28.0,6.6,8,Below 1.0L,Excellent
5902,Renault,Duster,2021,CNG,Manual,3330000.0,23.6,2500,6,10500.0,33.3,10.5,3,2.0L-3.0L,Good
5903,Volkswagen,Polo,2018,Electric,Automatic,3350000.0,14.8,800,4,21400.0,33.5,21.4,6,Below 1.0L,Low
5904,Tata Motors,Nexon,2023,CNG,Manual,440000.0,21.3,1500,5,13700.0,4.4,13.7,1,1.0L-1.5L,Good
5905,Skoda,Superb,2018,Electric,Automatic,3410000.0,15.6,1500,5,17500.0,34.1,17.5,6,1.0L-1.5L,Average
5906,Tata Motors,Nexon,2019,Diesel,Manual,2860000.0,11.3,1200,4,21600.0,28.6,21.6,5,1.0L-1.5L,Low
5907,Tata Motors,Punch,2019,Electric,Automatic,3300000.0,24.4,1000,6,8400.0,33.0,8.4,5,Below 1.0L,Good
5908,Renault,Triber,2023,Petrol,Manual,660000.0,24.4,2500,7,7400.0,6.6,7.4,1,2.0L-3.0L,Good
5909,Toyota,Innova,2022,Petrol,Automatic,790000.0,19.8,2000,6,8300.0,7.9,8.3,2,1.5L-2.0L,Average
5910,Skoda,Rapid,2016,Petrol,Automatic,1520000.0,20.0,1500,4,6700.0,15.2,6.7,8,1.0L-1.5L,Average
5911,Renault,Kiger,2021,Diesel,Automatic,1630000.0,15.2,1800,4,24200.0,16.3,24.2,3,1.5L-2.0L,Average
5912,Mahindra,XUV300,2015,CNG,Automatic,1150000.0,26.1,1200,7,15300.0,11.5,15.3,9,1.0L-1.5L,Excellent
5913,Mahindra,XUV300,2023,Electric,Manual,1250000.0,27.9,2000,5,11700.0,12.5,11.7,1,1.5L-2.0L,Excellent
5914,Skoda,Slavia,2024,Diesel,Automatic,540000.0,18.4,800,4,8900.0,5.4,8.9,0,Below 1.0L,Average
5915,Toyota,Innova,2020,Electric,Automatic,1960000.0,23.0,800,4,12400.0,19.6,12.4,4,Below 1.0L,Good
5916,Maruti Suzuki,Swift,2022,Diesel,Manual,480000.0,23.5,1000,7,13400.0,4.8,13.4,2,Below 1.0L,Good
5917,Volkswagen,Virtus,2020,CNG,Automatic,1340000.0,21.8,1800,4,25000.0,13.4,25.0,4,1.5L-2.0L,Good
5918,Renault,Kiger,2023,Diesel,Manual,720000.0,21.5,1500,4,18300.0,7.2,18.3,1,1.0L-1.5L,Good
5919,Honda,WR-V,2018,Diesel,Manual,3020000.0,28.0,1800,6,10100.0,30.2,10.1,6,1.5L-2.0L,Excellent
5920,Mahindra,XUV300,2019,Diesel,Automatic,1010000.0,22.2,1500,7,18800.0,10.1,18.8,5,1.0L-1.5L,Good
5921,Kia,Carens,2022,Electric,Automatic,3370000.0,22.0,1500,7,11800.0,33.7,11.8,2,1.0L-1.5L,Good
5922,Renault,Triber,2023,Electric,Manual,1980000.0,16.8,1200,6,24100.0,19.8,24.1,1,1.0L-1.5L,Average
5923,Volkswagen,Virtus,2020,Electric,Automatic,2560000.0,20.5,2000,7,7100.0,25.6,7.1,4,1.5L-2.0L,Good
5924,Toyota,Fortuner,2015,Petrol,Manual,2470000.0,24.7,800,5,8500.0,24.7,8.5,9,Below 1.0L,Good
5925,Tata Motors,Nexon,2023,Electric,Automatic,2340000.0,10.4,1800,4,12100.0,23.4,12.1,1,1.5L-2.0L,Low
5926,Mahindra,Thar,2024,Diesel,Automatic,2930000.0,17.1,1500,5,10300.0,29.3,10.3,0,1.0L-1.5L,Average
5927,Kia,Carens,2023,Petrol,Automatic,900000.0,16.4,2500,6,23000.0,9.0,23.0,1,2.0L-3.0L,Average
5928,Kia,Sonet,2024,CNG,Automatic,1840000.0,19.1,1500,5,16200.0,18.4,16.2,0,1.0L-1.5L,Average
5929,Skoda,Rapid,2018,Diesel,Automatic,3230000.0,25.6,1500,5,13700.0,32.3,13.7,6,1.0L-1.5L,Excellent
5930,Volkswagen,Polo,2016,Petrol,Manual,460000.0,18.8,1000,4,13600.0,4.6,13.6,8,Below 1.0L,Average
5931,Toyota,Innova,2019,Diesel,Automatic,1320000.0,20.3,1200,4,22400.0,13.2,22.4,5,1.0L-1.5L,Good
5932,Kia,Carnival,2016,CNG,Automatic,990000.0,21.8,2000,7,9200.0,9.9,9.2,8,1.5L-2.0L,Good
5933,Volkswagen,Polo,2016,Diesel,Manual,750000.0,18.9,1800,5,13700.0,7.5,13.7,8,1.5L-2.0L,Average
5934,Honda,Civic,2021,Diesel,Manual,1080000.0,27.3,2000,6,19600.0,10.8,19.6,3,1.5L-2.0L,Excellent
5935,Hyundai,i20,2017,Petrol,Manual,2730000.0,24.8,2000,6,16300.0,27.3,16.3,7,1.5L-2.0L,Good
5936,Honda,Jazz,2023,CNG,Automatic,2300000.0,11.5,1500,5,9800.0,23.0,9.8,1,1.0L-1.5L,Low
5937,Honda,City,2019,Electric,Manual,2080000.0,27.4,1800,7,14900.0,20.8,14.9,5,1.5L-2.0L,Excellent
5938,Skoda,Rapid,2024,Petrol,Automatic,1440000.0,12.7,1000,4,14800.0,14.4,14.8,0,Below 1.0L,Low
5939,Maruti Suzuki,Baleno,2024,Petrol,Manual,1980000.0,29.1,1200,5,21500.0,19.8,21.5,0,1.0L-1.5L,Excellent
5940,Skoda,Kushaq,2019,Electric,Automatic,1370000.0,26.9,800,4,14300.0,13.7,14.3,5,Below 1.0L,Excellent
5941,Volkswagen,Virtus,2019,Diesel,Automatic,770000.0,16.6,1800,4,15000.0,7.7,15.0,5,1.5L-2.0L,Average
5942,Volkswagen,Vento,2020,Diesel,Manual,2770000.0,24.1,800,5,22500.0,27.7,22.5,4,Below 1.0L,Good
5943,Skoda,Rapid,2020,Petrol,Automatic,1390000.0,20.0,1800,5,6600.0,13.9,6.6,4,1.5L-2.0L,Average
5944,Honda,WR-V,2021,Diesel,Automatic,2830000.0,21.9,1200,4,18800.0,28.3,18.8,3,1.0L-1.5L,Good
5945,Tata Motors,Harrier,2019,CNG,Manual,2840000.0,15.3,1200,5,18500.0,28.4,18.5,5,1.0L-1.5L,Average
5946,Kia,Carnival,2021,Diesel,Manual,2400000.0,22.5,1800,7,9900.0,24.0,9.9,3,1.5L-2.0L,Good
5947,Skoda,Kushaq,2024,CNG,Manual,1460000.0,20.2,1500,7,6300.0,14.6,6.3,0,1.0L-1.5L,Good
5948,Honda,City,2018,Petrol,Automatic,2510000.0,24.6,800,7,18400.0,25.1,18.4,6,Below 1.0L,Good
5949,Maruti Suzuki,Swift,2015,CNG,Automatic,1230000.0,21.5,1000,7,15400.0,12.3,15.4,9,Below 1.0L,Good
5950,Honda,City,2015,CNG,Automatic,3230000.0,10.6,1200,4,22500.0,32.3,22.5,9,1.0L-1.5L,Low
5951,Volkswagen,Virtus,2015,Electric,Automatic,3400000.0,15.2,2500,7,20300.0,34.0,20.3,9,2.0L-3.0L,Average
5952,Toyota,Fortuner,2016,Diesel,Automatic,1430000.0,29.4,1500,6,9000.0,14.3,9.0,8,1.0L-1.5L,Excellent
5953,Mahindra,Scorpio,2023,CNG,Manual,1650000.0,25.0,1500,7,5000.0,16.5,5.0,1,1.0L-1.5L,Good
5954,Tata Motors,Nexon,2023,Electric,Manual,1560000.0,22.0,800,4,7500.0,15.6,7.5,1,Below 1.0L,Good
5955,Maruti Suzuki,Swift,2023,Diesel,Automatic,760000.0,23.8,1800,6,20200.0,7.6,20.2,1,1.5L-2.0L,Good
5956,Skoda,Slavia,2020,Petrol,Automatic,1310000.0,23.4,800,5,16600.0,13.1,16.6,4,Below 1.0L,Good
5957,Renault,Kiger,2018,Electric,Manual,2340000.0,17.6,1800,6,22800.0,23.4,22.8,6,1.5L-2.0L,Average
5958,Toyota,Innova,2019,Petrol,Automatic,630000.0,27.1,1500,7,12300.0,6.3,12.3,5,1.0L-1.5L,Excellent
5959,Renault,Duster,2017,Electric,Automatic,2810000.0,10.3,2500,6,5900.0,28.1,5.9,7,2.0L-3.0L,Low
5960,Mahindra,Thar,2023,Electric,Automatic,2150000.0,24.7,800,7,23800.0,21.5,23.8,1,Below 1.0L,Good
5961,Hyundai,Verna,2023,Diesel,Automatic,720000.0,10.5,1000,6,22200.0,7.2,22.2,1,Below 1.0L,Low
5962,Tata Motors,Nexon,2021,Electric,Manual,3470000.0,15.0,1500,5,8600.0,34.7,8.6,3,1.0L-1.5L,Low
5963,Volkswagen,Vento,2024,Petrol,Manual,450000.0,12.2,1800,6,12600.0,4.5,12.6,0,1.5L-2.0L,Low
5964,Toyota,Innova,2018,Electric,Manual,1410000.0,10.3,800,7,14400.0,14.1,14.4,6,Below 1.0L,Low
5965,Volkswagen,Taigun,2020,Electric,Automatic,870000.0,13.4,1800,4,16100.0,8.7,16.1,4,1.5L-2.0L,Low
5966,Mahindra,Bolero,2022,CNG,Automatic,2510000.0,26.6,2500,5,7200.0,25.1,7.2,2,2.0L-3.0L,Excellent
5967,Hyundai,Venue,2022,CNG,Automatic,1710000.0,21.6,800,5,22900.0,17.1,22.9,2,Below 1.0L,Good
5968,Maruti Suzuki,Dzire,2021,Electric,Manual,1170000.0,26.1,800,7,17600.0,11.7,17.6,3,Below 1.0L,Excellent
5969,Hyundai,Venue,2017,Petrol,Manual,3390000.0,16.2,1000,7,19600.0,33.9,19.6,7,Below 1.0L,Average
5970,Mahindra,Thar,2024,CNG,Manual,2260000.0,11.0,1200,5,13500.0,22.6,13.5,0,1.0L-1.5L,Low
5971,Maruti Suzuki,WagonR,2024,CNG,Automatic,940000.0,29.8,1200,7,22100.0,9.4,22.1,0,1.0L-1.5L,Excellent
5972,Hyundai,Venue,2018,Electric,Automatic,1520000.0,12.5,800,5,20300.0,15.2,20.3,6,Below 1.0L,Low
5973,Volkswagen,Virtus,2020,CNG,Manual,1090000.0,23.9,800,7,18300.0,10.9,18.3,4,Below 1.0L,Good
5974,Maruti Suzuki,Baleno,2023,Petrol,Manual,2580000.0,22.2,2000,6,5300.0,25.8,5.3,1,1.5L-2.0L,Good
5975,Skoda,Kushaq,2021,Diesel,Automatic,1360000.0,13.0,1200,7,19000.0,13.6,19.0,3,1.0L-1.5L,Low
5976,Renault,Triber,2022,Electric,Automatic,510000.0,20.9,1800,4,8100.0,5.1,8.1,2,1.5L-2.0L,Good
5977,Hyundai,Verna,2023,Petrol,Manual,690000.0,21.0,1800,5,23700.0,6.9,23.7,1,1.5L-2.0L,Good
5978,Kia,Seltos,2024,Electric,Manual,1810000.0,25.8,1000,6,11700.0,18.1,11.7,0,Below 1.0L,Excellent
5979,Mahindra,Scorpio,2021,CNG,Manual,2360000.0,25.9,1200,6,18100.0,23.6,18.1,3,1.0L-1.5L,Excellent
5980,Volkswagen,Virtus,2020,Diesel,Manual,3120000.0,22.1,800,7,7400.0,31.2,7.4,4,Below 1.0L,Good
5981,Volkswagen,Taigun,2023,Petrol,Automatic,590000.0,13.5,800,6,11900.0,5.9,11.9,1,Below 1.0L,Low
5982,Volkswagen,Polo,2023,Petrol,Automatic,3430000.0,23.7,1200,4,7600.0,34.3,7.6,1,1.0L-1.5L,Good
5983,Toyota,Fortuner,2018,Petrol,Manual,1010000.0,24.3,1200,5,21300.0,10.1,21.3,6,1.0L-1.5L,Good
5984,Renault,Kwid,2024,Electric,Manual,2890000.0,10.2,1500,5,14200.0,28.9,14.2,0,1.0L-1.5L,Low
5985,Skoda,Slavia,2019,Petrol,Automatic,820000.0,20.6,1200,5,13800.0,8.2,13.8,5,1.0L-1.5L,Good
5986,Honda,Amaze,2016,CNG,Automatic,2780000.0,18.2,1000,6,11600.0,27.8,11.6,8,Below 1.0L,Average
5987,Mahindra,Bolero,2020,Diesel,Automatic,3470000.0,27.6,2000,6,5100.0,34.7,5.1,4,1.5L-2.0L,Excellent
5988,Renault,Duster,2018,Petrol,Automatic,1610000.0,18.1,1800,6,15800.0,16.1,15.8,6,1.5L-2.0L,Average
5989,Kia,Sonet,2016,Petrol,Automatic,3360000.0,12.2,1200,4,19500.0,33.6,19.5,8,1.0L-1.5L,Low
5990,Hyundai,Creta,2023,Petrol,Manual,1000000.0,20.9,1200,6,8300.0,10.0,8.3,1,1.0L-1.5L,Good
5991,Maruti Suzuki,Dzire,2019,Petrol,Manual,2570000.0,18.9,800,4,19000.0,25.7,19.0,5,Below 1.0L,Average
5992,Tata Motors,Harrier,2015,CNG,Automatic,980000.0,15.0,800,7,11600.0,9.8,11.6,9,Below 1.0L,Low
5993,Skoda,Octavia,2022,Diesel,Automatic,2670000.0,24.8,1000,4,12800.0,26.7,12.8,2,Below 1.0L,Good
5994,Renault,Triber,2018,Petrol,Manual,2370000.0,28.0,1500,5,17500.0,23.7,17.5,6,1.0L-1.5L,Excellent
5995,Tata Motors,Nexon,2016,Petrol,Manual,1050000.0,27.2,1200,4,6900.0,10.5,6.9,8,1.0L-1.5L,Excellent
5996,Volkswagen,Polo,2020,Diesel,Manual,2210000.0,21.6,2500,4,21600.0,22.1,21.6,4,2.0L-3.0L,Good
5997,Mahindra,XUV300,2021,Diesel,Automatic,3030000.0,13.5,1800,7,20100.0,30.3,20.1,3,1.5L-2.0L,Low
5998,Renault,Triber,2019,CNG,Manual,1380000.0,29.0,800,5,16600.0,13.8,16.6,5,Below 1.0L,Excellent
5999,Mahindra,XUV700,2022,Petrol,Automatic,2020000.0,17.6,1000,7,13600.0,20.2,13.6,2,Below 1.0L,Average
6000,Hyundai,i10,2016,Petrol,Manual,1690000.0,16.7,1500,6,15200.0,16.9,15.2,8,1.0L-1.5L,Average
6001,Tata Motors,Tiago,2015,Electric,Manual,830000.0,25.9,800,7,11200.0,8.3,11.2,9,Below 1.0L,Excellent
6002,Toyota,Urban Cruiser,2017,Electric,Automatic,2110000.0,27.9,2500,7,21600.0,21.1,21.6,7,2.0L-3.0L,Excellent
6003,Mahindra,XUV700,2024,Diesel,Manual,2990000.0,26.4,1000,6,5200.0,29.9,5.2,0,Below 1.0L,Excellent
6004,Maruti Suzuki,Dzire,2019,Petrol,Automatic,2860000.0,26.2,800,7,17700.0,28.6,17.7,5,Below 1.0L,Excellent
6005,Volkswagen,Taigun,2015,Petrol,Manual,3120000.0,27.1,2500,5,5700.0,31.2,5.7,9,2.0L-3.0L,Excellent
6006,Maruti Suzuki,Dzire,2020,CNG,Manual,3190000.0,26.3,800,4,24100.0,31.9,24.1,4,Below 1.0L,Excellent
6007,Volkswagen,Polo,2017,Electric,Automatic,720000.0,24.1,1500,4,10500.0,7.2,10.5,7,1.0L-1.5L,Good
6008,Mahindra,Thar,2023,Petrol,Manual,690000.0,23.8,1000,6,18400.0,6.9,18.4,1,Below 1.0L,Good
6009,Honda,Amaze,2020,Petrol,Manual,2740000.0,15.4,800,6,8500.0,27.4,8.5,4,Below 1.0L,Average
6010,Mahindra,Bolero,2023,CNG,Manual,3100000.0,12.9,800,7,19200.0,31.0,19.2,1,Below 1.0L,Low
6011,Skoda,Slavia,2023,Petrol,Automatic,590000.0,26.9,1500,7,11500.0,5.9,11.5,1,1.0L-1.5L,Excellent
6012,Kia,Carnival,2016,CNG,Manual,2120000.0,24.8,1200,6,17400.0,21.2,17.4,8,1.0L-1.5L,Good
6013,Honda,Civic,2021,Electric,Manual,2450000.0,16.3,1200,5,21400.0,24.5,21.4,3,1.0L-1.5L,Average
6014,Kia,Carens,2020,Diesel,Manual,2000000.0,18.6,2500,5,9300.0,20.0,9.3,4,2.0L-3.0L,Average
6015,Kia,Seltos,2018,CNG,Automatic,2970000.0,30.0,2500,7,20500.0,29.7,20.5,6,2.0L-3.0L,Excellent
6016,Renault,Kwid,2023,Diesel,Manual,2490000.0,20.4,1000,7,18400.0,24.9,18.4,1,Below 1.0L,Good
6017,Toyota,Glanza,2016,Petrol,Automatic,730000.0,29.3,1800,4,15500.0,7.3,15.5,8,1.5L-2.0L,Excellent
6018,Hyundai,Verna,2017,Petrol,Automatic,700000.0,26.1,800,6,10600.0,7.0,10.6,7,Below 1.0L,Excellent
6019,Maruti Suzuki,Ertiga,2015,Petrol,Manual,1120000.0,14.7,800,6,15900.0,11.2,15.9,9,Below 1.0L,Low
6020,Honda,Civic,2021,CNG,Manual,860000.0,22.8,1200,7,18700.0,8.6,18.7,3,1.0L-1.5L,Good
6021,Volkswagen,Vento,2019,Petrol,Manual,1660000.0,26.2,2500,4,8700.0,16.6,8.7,5,2.0L-3.0L,Excellent
6022,Skoda,Rapid,2020,Petrol,Automatic,3220000.0,17.2,800,4,11600.0,32.2,11.6,4,Below 1.0L,Average
6023,Renault,Triber,2020,Petrol,Manual,820000.0,26.5,1200,4,23000.0,8.2,23.0,4,1.0L-1.5L,Excellent
6024,Tata Motors,Altroz,2023,Diesel,Automatic,2260000.0,18.1,2500,5,23000.0,22.6,23.0,1,2.0L-3.0L,Average
6025,Honda,City,2020,Electric,Manual,3030000.0,20.7,1800,6,19100.0,30.3,19.1,4,1.5L-2.0L,Good
6026,Honda,Civic,2023,CNG,Automatic,1240000.0,14.3,2500,4,11700.0,12.4,11.7,1,2.0L-3.0L,Low
6027,Hyundai,i10,2023,Diesel,Automatic,1850000.0,23.5,2500,6,14800.0,18.5,14.8,1,2.0L-3.0L,Good
6028,Kia,Carnival,2015,Petrol,Manual,2690000.0,12.9,1500,7,9700.0,26.9,9.7,9,1.0L-1.5L,Low
6029,Volkswagen,Vento,2018,Petrol,Automatic,2820000.0,18.6,2000,4,21900.0,28.2,21.9,6,1.5L-2.0L,Average
6030,Skoda,Rapid,2020,Electric,Manual,2750000.0,21.1,1200,5,15300.0,27.5,15.3,4,1.0L-1.5L,Good
6031,Mahindra,Bolero,2018,CNG,Manual,1290000.0,18.8,1000,6,15100.0,12.9,15.1,6,Below 1.0L,Average
6032,Maruti Suzuki,Dzire,2019,Diesel,Automatic,1520000.0,30.0,1200,7,13800.0,15.2,13.8,5,1.0L-1.5L,Excellent
6033,Skoda,Octavia,2024,CNG,Manual,2100000.0,27.4,2000,4,24200.0,21.0,24.2,0,1.5L-2.0L,Excellent
6034,Renault,Kwid,2022,Diesel,Automatic,3310000.0,20.0,800,6,16800.0,33.1,16.8,2,Below 1.0L,Average
6035,Honda,WR-V,2019,Diesel,Manual,3110000.0,16.3,1200,5,15000.0,31.1,15.0,5,1.0L-1.5L,Average
6036,Hyundai,Venue,2022,Diesel,Manual,2980000.0,23.2,1200,6,18700.0,29.8,18.7,2,1.0L-1.5L,Good
6037,Maruti Suzuki,Ertiga,2019,Petrol,Automatic,3400000.0,24.1,2000,6,7000.0,34.0,7.0,5,1.5L-2.0L,Good
6038,Maruti Suzuki,Baleno,2019,Electric,Manual,1630000.0,19.8,1500,4,24900.0,16.3,24.9,5,1.0L-1.5L,Average
6039,Volkswagen,Vento,2020,Petrol,Automatic,3390000.0,10.0,2000,4,17800.0,33.9,17.8,4,1.5L-2.0L,Low
6040,Honda,WR-V,2020,Petrol,Automatic,1500000.0,20.3,2000,6,17600.0,15.0,17.6,4,1.5L-2.0L,Good
6041,Renault,Duster,2017,Diesel,Automatic,2160000.0,26.1,1000,5,20200.0,21.6,20.2,7,Below 1.0L,Excellent
6042,Toyota,Innova,2017,Petrol,Automatic,750000.0,13.6,1500,4,16400.0,7.5,16.4,7,1.0L-1.5L,Low
6043,Renault,Lodgy,2016,Diesel,Automatic,1810000.0,10.2,800,7,13600.0,18.1,13.6,8,Below 1.0L,Low
6044,Renault,Triber,2015,CNG,Manual,2510000.0,29.0,2500,5,16600.0,25.1,16.6,9,2.0L-3.0L,Excellent
6045,Mahindra,XUV300,2016,Petrol,Automatic,2110000.0,23.9,800,5,6300.0,21.1,6.3,8,Below 1.0L,Good
6046,Toyota,Innova,2015,CNG,Automatic,580000.0,12.4,1200,4,7600.0,5.8,7.6,9,1.0L-1.5L,Low
6047,Volkswagen,Vento,2024,Electric,Automatic,1990000.0,10.7,1800,4,10400.0,19.9,10.4,0,1.5L-2.0L,Low
6048,Toyota,Urban Cruiser,2016,Petrol,Manual,3000000.0,17.3,1500,4,6200.0,30.0,6.2,8,1.0L-1.5L,Average
6049,Maruti Suzuki,WagonR,2015,Diesel,Automatic,1870000.0,28.9,1500,4,12100.0,18.7,12.1,9,1.0L-1.5L,Excellent
6050,Mahindra,XUV700,2018,Electric,Manual,2330000.0,18.7,1800,5,13700.0,23.3,13.7,6,1.5L-2.0L,Average
6051,Skoda,Superb,2018,Diesel,Manual,1890000.0,11.8,1000,7,15100.0,18.9,15.1,6,Below 1.0L,Low
6052,Maruti Suzuki,WagonR,2016,CNG,Manual,720000.0,26.8,800,7,9800.0,7.2,9.8,8,Below 1.0L,Excellent
6053,Tata Motors,Harrier,2020,CNG,Manual,1730000.0,22.1,2000,5,11700.0,17.3,11.7,4,1.5L-2.0L,Good
6054,Honda,Civic,2015,Electric,Manual,1670000.0,28.2,2000,7,21700.0,16.7,21.7,9,1.5L-2.0L,Excellent
6055,Maruti Suzuki,Ertiga,2023,Electric,Automatic,920000.0,12.2,2000,5,17600.0,9.2,17.6,1,1.5L-2.0L,Low
6056,Skoda,Superb,2020,Electric,Automatic,600000.0,17.1,1800,7,21000.0,6.0,21.0,4,1.5L-2.0L,Average
6057,Mahindra,Scorpio,2023,Diesel,Automatic,1820000.0,27.6,1800,7,7400.0,18.2,7.4,1,1.5L-2.0L,Excellent
6058,Tata Motors,Nexon,2023,Diesel,Manual,2510000.0,23.9,800,5,6500.0,25.1,6.5,1,Below 1.0L,Good
6059,Hyundai,Verna,2019,CNG,Manual,2550000.0,16.6,1800,6,23000.0,25.5,23.0,5,1.5L-2.0L,Average
6060,Mahindra,Thar,2022,Petrol,Manual,900000.0,10.7,1800,6,23900.0,9.0,23.9,2,1.5L-2.0L,Low
6061,Honda,Jazz,2019,CNG,Automatic,450000.0,26.8,1800,7,5100.0,4.5,5.1,5,1.5L-2.0L,Excellent
6062,Tata Motors,Harrier,2019,Petrol,Manual,1030000.0,22.3,800,7,13500.0,10.3,13.5,5,Below 1.0L,Good
6063,Hyundai,Verna,2017,Petrol,Manual,530000.0,15.8,800,4,8300.0,5.3,8.3,7,Below 1.0L,Average
6064,Maruti Suzuki,Baleno,2021,CNG,Manual,1330000.0,21.1,1500,4,16100.0,13.3,16.1,3,1.0L-1.5L,Good
6065,Toyota,Glanza,2024,Petrol,Manual,2710000.0,10.9,1000,5,21700.0,27.1,21.7,0,Below 1.0L,Low
6066,Tata Motors,Punch,2015,Electric,Manual,2970000.0,20.0,1200,7,6100.0,29.7,6.1,9,1.0L-1.5L,Average
6067,Kia,Sonet,2021,Petrol,Automatic,1360000.0,11.2,2000,6,12500.0,13.6,12.5,3,1.5L-2.0L,Low
6068,Renault,Lodgy,2017,Diesel,Automatic,3100000.0,29.8,1000,4,12100.0,31.0,12.1,7,Below 1.0L,Excellent
6069,Kia,Seltos,2021,Diesel,Manual,2000000.0,11.2,2000,4,20100.0,20.0,20.1,3,1.5L-2.0L,Low
6070,Renault,Kwid,2017,CNG,Automatic,2400000.0,12.7,2500,4,16900.0,24.0,16.9,7,2.0L-3.0L,Low
6071,Hyundai,Creta,2017,Diesel,Automatic,1080000.0,19.4,1200,6,7700.0,10.8,7.7,7,1.0L-1.5L,Average
6072,Maruti Suzuki,Swift,2019,CNG,Automatic,1810000.0,14.9,1200,4,22600.0,18.1,22.6,5,1.0L-1.5L,Low
6073,Renault,Kiger,2023,Petrol,Automatic,550000.0,21.5,2000,4,18700.0,5.5,18.7,1,1.5L-2.0L,Good
6074,Volkswagen,Vento,2015,Electric,Automatic,810000.0,12.0,1200,5,15800.0,8.1,15.8,9,1.0L-1.5L,Low
6075,Volkswagen,Taigun,2023,CNG,Manual,2230000.0,16.1,800,6,8500.0,22.3,8.5,1,Below 1.0L,Average
6076,Renault,Kwid,2020,Diesel,Manual,1380000.0,19.0,1500,7,23400.0,13.8,23.4,4,1.0L-1.5L,Average
6077,Mahindra,Scorpio,2018,Electric,Automatic,2730000.0,28.0,1500,6,22500.0,27.3,22.5,6,1.0L-1.5L,Excellent
6078,Kia,Seltos,2019,Petrol,Automatic,3320000.0,17.7,2500,6,22000.0,33.2,22.0,5,2.0L-3.0L,Average
6079,Toyota,Innova,2016,Diesel,Manual,520000.0,20.2,1200,5,20200.0,5.2,20.2,8,1.0L-1.5L,Good
6080,Tata Motors,Punch,2017,Diesel,Automatic,2310000.0,18.4,1800,6,10400.0,23.1,10.4,7,1.5L-2.0L,Average
6081,Mahindra,XUV700,2023,CNG,Manual,3140000.0,29.2,1800,7,14300.0,31.4,14.3,1,1.5L-2.0L,Excellent
6082,Toyota,Innova,2020,Electric,Automatic,2180000.0,24.8,1500,4,20200.0,21.8,20.2,4,1.0L-1.5L,Good
6083,Volkswagen,Polo,2016,CNG,Manual,1920000.0,19.4,1000,6,17500.0,19.2,17.5,8,Below 1.0L,Average
6084,Hyundai,i10,2024,CNG,Manual,1270000.0,13.0,2000,5,7800.0,12.7,7.8,0,1.5L-2.0L,Low
6085,Renault,Lodgy,2019,Petrol,Manual,2500000.0,23.0,1200,6,15900.0,25.0,15.9,5,1.0L-1.5L,Good
6086,Skoda,Kushaq,2018,Petrol,Manual,2040000.0,11.2,2500,6,8500.0,20.4,8.5,6,2.0L-3.0L,Low
6087,Toyota,Camry,2023,Electric,Manual,830000.0,22.4,1000,7,10300.0,8.3,10.3,1,Below 1.0L,Good
6088,Renault,Kwid,2018,Electric,Manual,3200000.0,21.1,1000,6,10100.0,32.0,10.1,6,Below 1.0L,Good
6089,Mahindra,Scorpio,2016,Petrol,Manual,2100000.0,29.1,800,7,18000.0,21.0,18.0,8,Below 1.0L,Excellent
6090,Kia,Seltos,2020,Petrol,Automatic,1930000.0,12.7,1200,4,11800.0,19.3,11.8,4,1.0L-1.5L,Low
6091,Honda,Jazz,2023,Petrol,Automatic,3240000.0,29.4,2000,5,17200.0,32.4,17.2,1,1.5L-2.0L,Excellent
6092,Renault,Lodgy,2021,CNG,Manual,2220000.0,18.8,2000,4,23500.0,22.2,23.5,3,1.5L-2.0L,Average
6093,Kia,Carnival,2020,CNG,Manual,3240000.0,21.4,2000,5,23300.0,32.4,23.3,4,1.5L-2.0L,Good
6094,Maruti Suzuki,Swift,2019,Diesel,Manual,2660000.0,25.4,2500,6,24600.0,26.6,24.6,5,2.0L-3.0L,Excellent
6095,Toyota,Camry,2018,Diesel,Automatic,1600000.0,26.7,2500,5,7500.0,16.0,7.5,6,2.0L-3.0L,Excellent
6096,Maruti Suzuki,Dzire,2016,Diesel,Manual,1050000.0,17.6,1000,6,8000.0,10.5,8.0,8,Below 1.0L,Average
6097,Honda,Civic,2016,CNG,Automatic,1640000.0,16.1,2500,7,9200.0,16.4,9.2,8,2.0L-3.0L,Average
6098,Mahindra,Bolero,2015,Electric,Manual,2170000.0,10.8,1800,5,16500.0,21.7,16.5,9,1.5L-2.0L,Low
6099,Maruti Suzuki,Baleno,2023,CNG,Automatic,2250000.0,22.1,2000,5,17700.0,22.5,17.7,1,1.5L-2.0L,Good
6100,Tata Motors,Harrier,2015,CNG,Manual,740000.0,26.7,1000,6,20300.0,7.4,20.3,9,Below 1.0L,Excellent
6101,Renault,Kwid,2019,Electric,Automatic,1390000.0,23.0,1500,5,7700.0,13.9,7.7,5,1.0L-1.5L,Good
6102,Hyundai,Creta,2021,CNG,Manual,2510000.0,15.9,1500,4,8900.0,25.1,8.9,3,1.0L-1.5L,Average
6103,Volkswagen,Vento,2015,Diesel,Automatic,1010000.0,15.6,2500,7,7000.0,10.1,7.0,9,2.0L-3.0L,Average
6104,Toyota,Fortuner,2023,Electric,Manual,3390000.0,13.0,2500,7,5700.0,33.9,5.7,1,2.0L-3.0L,Low
6105,Tata Motors,Punch,2020,Petrol,Manual,3390000.0,10.0,1000,6,6200.0,33.9,6.2,4,Below 1.0L,Low
6106,Renault,Lodgy,2024,Petrol,Automatic,1030000.0,19.9,1500,6,24300.0,10.3,24.3,0,1.0L-1.5L,Average
6107,Kia,Carnival,2015,CNG,Automatic,2640000.0,14.1,2000,6,8500.0,26.4,8.5,9,1.5L-2.0L,Low
6108,Kia,Seltos,2018,Diesel,Manual,1080000.0,17.6,2000,7,6700.0,10.8,6.7,6,1.5L-2.0L,Average
6109,Tata Motors,Harrier,2022,Diesel,Manual,2980000.0,16.2,2500,4,6900.0,29.8,6.9,2,2.0L-3.0L,Average
6110,Kia,Carens,2016,Petrol,Manual,3160000.0,24.0,1000,7,7700.0,31.6,7.7,8,Below 1.0L,Good
6111,Renault,Duster,2023,Electric,Manual,2130000.0,10.5,1200,5,11100.0,21.3,11.1,1,1.0L-1.5L,Low
6112,Toyota,Glanza,2019,Diesel,Automatic,3150000.0,25.4,800,4,9300.0,31.5,9.3,5,Below 1.0L,Excellent
6113,Tata Motors,Punch,2016,CNG,Automatic,510000.0,22.2,2000,5,18900.0,5.1,18.9,8,1.5L-2.0L,Good
6114,Volkswagen,Virtus,2022,Electric,Manual,3430000.0,14.0,1000,5,9900.0,34.3,9.9,2,Below 1.0L,Low
6115,Honda,Civic,2022,Electric,Manual,540000.0,11.2,2500,7,21200.0,5.4,21.2,2,2.0L-3.0L,Low
6116,Renault,Lodgy,2018,Petrol,Automatic,1680000.0,28.3,2000,4,13800.0,16.8,13.8,6,1.5L-2.0L,Excellent
6117,Mahindra,XUV300,2019,CNG,Automatic,3060000.0,18.6,800,7,19800.0,30.6,19.8,5,Below 1.0L,Average
6118,Mahindra,Thar,2023,Petrol,Manual,1820000.0,11.9,800,7,22200.0,18.2,22.2,1,Below 1.0L,Low
6119,Honda,Amaze,2024,Electric,Manual,1270000.0,14.4,1200,6,7600.0,12.7,7.6,0,1.0L-1.5L,Low
6120,Skoda,Superb,2020,Electric,Manual,3350000.0,26.4,1200,6,9700.0,33.5,9.7,4,1.0L-1.5L,Excellent
6121,Honda,City,2021,Petrol,Automatic,2280000.0,18.2,800,4,5000.0,22.8,5.0,3,Below 1.0L,Average
6122,Mahindra,Scorpio,2019,CNG,Manual,3350000.0,19.9,1200,5,16100.0,33.5,16.1,5,1.0L-1.5L,Average
6123,Mahindra,Thar,2020,Electric,Manual,460000.0,29.8,1200,7,12300.0,4.6,12.3,4,1.0L-1.5L,Excellent
6124,Renault,Kwid,2020,Diesel,Manual,670000.0,22.2,1000,5,8300.0,6.7,8.3,4,Below 1.0L,Good
6125,Kia,Seltos,2019,Petrol,Automatic,780000.0,24.3,1800,4,20800.0,7.8,20.8,5,1.5L-2.0L,Good
6126,Volkswagen,Tiguan,2021,Petrol,Manual,870000.0,23.6,1800,5,10000.0,8.7,10.0,3,1.5L-2.0L,Good
6127,Maruti Suzuki,Dzire,2021,CNG,Automatic,540000.0,14.7,2500,7,13800.0,5.4,13.8,3,2.0L-3.0L,Low
6128,Toyota,Urban Cruiser,2023,Diesel,Manual,400000.0,21.7,2000,4,11600.0,4.0,11.6,1,1.5L-2.0L,Good
6129,Kia,Carens,2018,Petrol,Automatic,1320000.0,29.1,800,6,7300.0,13.2,7.3,6,Below 1.0L,Excellent
6130,Honda,City,2015,CNG,Automatic,420000.0,28.8,1500,5,14100.0,4.2,14.1,9,1.0L-1.5L,Excellent
6131,Renault,Kiger,2019,CNG,Automatic,590000.0,10.8,1500,7,14500.0,5.9,14.5,5,1.0L-1.5L,Low
6132,Toyota,Camry,2017,Electric,Automatic,680000.0,28.2,1500,7,9000.0,6.8,9.0,7,1.0L-1.5L,Excellent
6133,Tata Motors,Punch,2015,Electric,Manual,3380000.0,10.9,1800,4,8300.0,33.8,8.3,9,1.5L-2.0L,Low
6134,Maruti Suzuki,Dzire,2020,Petrol,Automatic,1540000.0,22.6,1800,5,5100.0,15.4,5.1,4,1.5L-2.0L,Good
6135,Hyundai,Creta,2020,Petrol,Automatic,400000.0,25.5,800,6,20000.0,4.0,20.0,4,Below 1.0L,Excellent
6136,Kia,Sonet,2024,Diesel,Manual,1420000.0,14.7,800,4,7000.0,14.2,7.0,0,Below 1.0L,Low
6137,Hyundai,Creta,2016,Diesel,Automatic,3450000.0,10.1,1000,7,10000.0,34.5,10.0,8,Below 1.0L,Low
6138,Hyundai,i20,2018,Petrol,Manual,720000.0,11.3,800,5,11700.0,7.2,11.7,6,Below 1.0L,Low
6139,Toyota,Innova,2018,Petrol,Automatic,1570000.0,21.9,1000,6,21200.0,15.7,21.2,6,Below 1.0L,Good
6140,Maruti Suzuki,Swift,2020,CNG,Manual,1180000.0,24.0,1800,5,20800.0,11.8,20.8,4,1.5L-2.0L,Good
6141,Honda,Amaze,2020,Petrol,Manual,2820000.0,29.6,2500,4,14100.0,28.2,14.1,4,2.0L-3.0L,Excellent
6142,Toyota,Urban Cruiser,2017,CNG,Manual,970000.0,15.4,1200,6,21400.0,9.7,21.4,7,1.0L-1.5L,Average
6143,Mahindra,Scorpio,2024,Electric,Automatic,2520000.0,12.2,800,6,17300.0,25.2,17.3,0,Below 1.0L,Low
6144,Volkswagen,Tiguan,2022,Petrol,Automatic,2940000.0,22.0,1000,4,14900.0,29.4,14.9,2,Below 1.0L,Good
6145,Kia,Carnival,2018,Diesel,Automatic,520000.0,15.2,1500,4,20600.0,5.2,20.6,6,1.0L-1.5L,Average
6146,Skoda,Kushaq,2016,Electric,Manual,2850000.0,11.1,1500,6,10300.0,28.5,10.3,8,1.0L-1.5L,Low
6147,Skoda,Superb,2023,Diesel,Automatic,1340000.0,18.0,2000,7,6200.0,13.4,6.2,1,1.5L-2.0L,Average
6148,Tata Motors,Altroz,2018,CNG,Manual,3260000.0,28.1,2500,6,11300.0,32.6,11.3,6,2.0L-3.0L,Excellent
6149,Mahindra,Bolero,2020,Electric,Manual,3430000.0,20.1,1800,5,16500.0,34.3,16.5,4,1.5L-2.0L,Good
6150,Skoda,Kushaq,2020,CNG,Automatic,910000.0,22.0,1000,7,8000.0,9.1,8.0,4,Below 1.0L,Good
6151,Mahindra,XUV300,2015,Electric,Manual,2300000.0,20.6,1500,5,8800.0,23.0,8.8,9,1.0L-1.5L,Good
6152,Renault,Kwid,2016,Petrol,Manual,1690000.0,29.0,2500,7,24900.0,16.9,24.9,8,2.0L-3.0L,Excellent
6153,Renault,Triber,2018,Petrol,Automatic,1520000.0,11.4,2000,7,19500.0,15.2,19.5,6,1.5L-2.0L,Low
6154,Renault,Lodgy,2023,CNG,Manual,3070000.0,21.1,1800,7,13700.0,30.7,13.7,1,1.5L-2.0L,Good
6155,Honda,WR-V,2017,Electric,Automatic,1480000.0,13.6,1500,7,10000.0,14.8,10.0,7,1.0L-1.5L,Low
6156,Kia,Sonet,2018,Diesel,Manual,1730000.0,18.3,1200,5,8400.0,17.3,8.4,6,1.0L-1.5L,Average
6157,Mahindra,Thar,2023,CNG,Automatic,1450000.0,17.6,1800,7,17300.0,14.5,17.3,1,1.5L-2.0L,Average
6158,Hyundai,Creta,2016,Diesel,Automatic,1830000.0,24.5,1800,6,22100.0,18.3,22.1,8,1.5L-2.0L,Good
6159,Toyota,Urban Cruiser,2020,Electric,Manual,2960000.0,25.7,2500,5,5700.0,29.6,5.7,4,2.0L-3.0L,Excellent
6160,Hyundai,i20,2024,Electric,Automatic,3010000.0,16.0,2500,7,11100.0,30.1,11.1,0,2.0L-3.0L,Average
6161,Mahindra,Bolero,2015,Petrol,Manual,2370000.0,29.7,1200,7,14200.0,23.7,14.2,9,1.0L-1.5L,Excellent
6162,Hyundai,Verna,2021,CNG,Manual,1230000.0,18.6,2500,4,24000.0,12.3,24.0,3,2.0L-3.0L,Average
6163,Honda,Jazz,2020,Petrol,Manual,2460000.0,18.1,1000,4,16700.0,24.6,16.7,4,Below 1.0L,Average
6164,Mahindra,Bolero,2018,Petrol,Automatic,2840000.0,13.1,2000,5,12300.0,28.4,12.3,6,1.5L-2.0L,Low
6165,Tata Motors,Harrier,2018,CNG,Automatic,1690000.0,16.1,2000,6,18500.0,16.9,18.5,6,1.5L-2.0L,Average
6166,Maruti Suzuki,Swift,2020,Diesel,Manual,1270000.0,16.7,1200,6,6800.0,12.7,6.8,4,1.0L-1.5L,Average
6167,Skoda,Rapid,2017,Petrol,Automatic,1480000.0,10.6,2500,5,9100.0,14.8,9.1,7,2.0L-3.0L,Low
6168,Maruti Suzuki,Swift,2016,Petrol,Manual,1820000.0,25.8,2500,7,19700.0,18.2,19.7,8,2.0L-3.0L,Excellent
6169,Volkswagen,Tiguan,2021,Electric,Manual,1830000.0,21.9,1500,5,10100.0,18.3,10.1,3,1.0L-1.5L,Good
6170,Toyota,Camry,2020,Diesel,Automatic,2830000.0,23.9,1800,5,7000.0,28.3,7.0,4,1.5L-2.0L,Good
6171,Tata Motors,Harrier,2023,Electric,Automatic,540000.0,23.9,2500,5,12300.0,5.4,12.3,1,2.0L-3.0L,Good
6172,Maruti Suzuki,WagonR,2024,Petrol,Automatic,2950000.0,19.5,800,6,14600.0,29.5,14.6,0,Below 1.0L,Average
6173,Skoda,Superb,2024,Petrol,Automatic,3470000.0,25.9,1800,6,8200.0,34.7,8.2,0,1.5L-2.0L,Excellent
6174,Skoda,Superb,2024,Diesel,Automatic,3500000.0,29.2,2500,4,21900.0,35.0,21.9,0,2.0L-3.0L,Excellent
6175,Mahindra,Thar,2020,Electric,Automatic,3250000.0,28.8,800,5,21900.0,32.5,21.9,4,Below 1.0L,Excellent
6176,Skoda,Kushaq,2015,Electric,Automatic,2710000.0,24.1,2000,7,8200.0,27.1,8.2,9,1.5L-2.0L,Good
6177,Toyota,Innova,2016,Diesel,Automatic,1980000.0,29.4,2500,7,10100.0,19.8,10.1,8,2.0L-3.0L,Excellent
6178,Tata Motors,Altroz,2020,CNG,Manual,3040000.0,24.7,1500,4,24100.0,30.4,24.1,4,1.0L-1.5L,Good
6179,Maruti Suzuki,WagonR,2022,Electric,Automatic,3210000.0,17.1,1800,6,7200.0,32.1,7.2,2,1.5L-2.0L,Average
6180,Toyota,Innova,2019,CNG,Manual,3290000.0,11.1,1500,5,8000.0,32.9,8.0,5,1.0L-1.5L,Low
6181,Tata Motors,Harrier,2016,Diesel,Automatic,720000.0,26.0,1500,6,17000.0,7.2,17.0,8,1.0L-1.5L,Excellent
6182,Volkswagen,Virtus,2020,Petrol,Automatic,1500000.0,16.2,1200,7,19000.0,15.0,19.0,4,1.0L-1.5L,Average
6183,Honda,City,2019,Petrol,Automatic,440000.0,28.0,1000,4,17300.0,4.4,17.3,5,Below 1.0L,Excellent
6184,Renault,Kiger,2019,Diesel,Manual,1190000.0,28.7,2000,4,8100.0,11.9,8.1,5,1.5L-2.0L,Excellent
6185,Mahindra,Scorpio,2019,CNG,Manual,2750000.0,25.6,2000,4,7700.0,27.5,7.7,5,1.5L-2.0L,Excellent
6186,Kia,Seltos,2015,Electric,Manual,3490000.0,17.6,800,7,10400.0,34.9,10.4,9,Below 1.0L,Average
6187,Toyota,Glanza,2023,Electric,Automatic,2670000.0,25.4,1200,6,17400.0,26.7,17.4,1,1.0L-1.5L,Excellent
6188,Mahindra,Thar,2015,CNG,Manual,3090000.0,19.7,2000,4,16000.0,30.9,16.0,9,1.5L-2.0L,Average
6189,Volkswagen,Taigun,2018,Electric,Manual,1440000.0,16.7,2000,6,6400.0,14.4,6.4,6,1.5L-2.0L,Average
6190,Kia,Seltos,2022,Diesel,Automatic,1740000.0,28.5,1500,6,12500.0,17.4,12.5,2,1.0L-1.5L,Excellent
6191,Renault,Kwid,2019,Diesel,Automatic,1600000.0,27.0,800,6,16300.0,16.0,16.3,5,Below 1.0L,Excellent
6192,Tata Motors,Nexon,2016,CNG,Manual,3140000.0,14.9,1200,5,7800.0,31.4,7.8,8,1.0L-1.5L,Low
6193,Tata Motors,Nexon,2017,Electric,Manual,1190000.0,19.3,2000,6,19500.0,11.9,19.5,7,1.5L-2.0L,Average
6194,Renault,Kiger,2020,Electric,Automatic,1170000.0,13.4,1500,5,21700.0,11.7,21.7,4,1.0L-1.5L,Low
6195,Tata Motors,Punch,2017,Petrol,Manual,2380000.0,24.3,800,6,17100.0,23.8,17.1,7,Below 1.0L,Good
6196,Tata Motors,Punch,2017,Electric,Manual,1160000.0,13.7,1800,5,23300.0,11.6,23.3,7,1.5L-2.0L,Low
6197,Mahindra,Bolero,2017,CNG,Manual,1850000.0,23.1,800,7,20800.0,18.5,20.8,7,Below 1.0L,Good
6198,Toyota,Fortuner,2019,CNG,Manual,1840000.0,18.2,1500,7,22600.0,18.4,22.6,5,1.0L-1.5L,Average
6199,Volkswagen,Tiguan,2022,Diesel,Automatic,2640000.0,28.4,2500,4,18000.0,26.4,18.0,2,2.0L-3.0L,Excellent
6200,Maruti Suzuki,Swift,2021,Electric,Automatic,2140000.0,25.0,1200,6,24600.0,21.4,24.6,3,1.0L-1.5L,Good
6201,Maruti Suzuki,Ertiga,2022,Petrol,Automatic,2790000.0,14.7,2000,4,18500.0,27.9,18.5,2,1.5L-2.0L,Low
6202,Mahindra,Thar,2021,Electric,Manual,3230000.0,19.1,2000,5,8700.0,32.3,8.7,3,1.5L-2.0L,Average
6203,Hyundai,i20,2020,Diesel,Automatic,1850000.0,22.5,1200,5,13300.0,18.5,13.3,4,1.0L-1.5L,Good
6204,Honda,WR-V,2022,CNG,Automatic,2170000.0,25.1,1800,4,17400.0,21.7,17.4,2,1.5L-2.0L,Excellent
6205,Toyota,Camry,2017,Diesel,Automatic,710000.0,21.5,1500,5,6000.0,7.1,6.0,7,1.0L-1.5L,Good
6206,Skoda,Slavia,2016,Diesel,Automatic,980000.0,15.5,800,7,9800.0,9.8,9.8,8,Below 1.0L,Average
6207,Mahindra,Bolero,2021,Diesel,Automatic,3090000.0,10.1,1200,5,13200.0,30.9,13.2,3,1.0L-1.5L,Low
6208,Renault,Kwid,2023,Electric,Manual,2740000.0,27.3,2000,6,21700.0,27.4,21.7,1,1.5L-2.0L,Excellent
6209,Maruti Suzuki,WagonR,2016,CNG,Automatic,3490000.0,16.6,2000,5,22600.0,34.9,22.6,8,1.5L-2.0L,Average
6210,Toyota,Innova,2017,Diesel,Automatic,1160000.0,26.7,1200,6,11700.0,11.6,11.7,7,1.0L-1.5L,Excellent
6211,Honda,Amaze,2017,CNG,Manual,2000000.0,10.4,1200,7,17500.0,20.0,17.5,7,1.0L-1.5L,Low
6212,Skoda,Octavia,2021,Petrol,Manual,1280000.0,14.7,2000,6,6500.0,12.8,6.5,3,1.5L-2.0L,Low
6213,Kia,Sonet,2024,CNG,Automatic,3280000.0,13.9,2500,4,13700.0,32.8,13.7,0,2.0L-3.0L,Low
6214,Kia,EV6,2020,Diesel,Automatic,2210000.0,28.5,1200,4,16400.0,22.1,16.4,4,1.0L-1.5L,Excellent
6215,Renault,Duster,2021,Diesel,Automatic,2940000.0,20.6,2500,6,5900.0,29.4,5.9,3,2.0L-3.0L,Good
6216,Hyundai,Creta,2016,CNG,Manual,3340000.0,11.8,1500,5,24100.0,33.4,24.1,8,1.0L-1.5L,Low
6217,Volkswagen,Polo,2022,Electric,Manual,1390000.0,21.9,800,5,6000.0,13.9,6.0,2,Below 1.0L,Good
6218,Kia,Sonet,2017,Electric,Manual,2080000.0,16.0,1800,7,11700.0,20.8,11.7,7,1.5L-2.0L,Average
6219,Kia,Carnival,2018,Electric,Automatic,2890000.0,13.9,1000,6,6600.0,28.9,6.6,6,Below 1.0L,Low
6220,Skoda,Octavia,2016,Electric,Manual,2650000.0,24.2,1800,5,8900.0,26.5,8.9,8,1.5L-2.0L,Good
6221,Mahindra,Scorpio,2024,Petrol,Automatic,3130000.0,27.0,800,7,22800.0,31.3,22.8,0,Below 1.0L,Excellent
6222,Renault,Duster,2019,Petrol,Manual,760000.0,19.4,800,6,9200.0,7.6,9.2,5,Below 1.0L,Average
6223,Volkswagen,Taigun,2018,Petrol,Manual,1970000.0,19.3,1500,4,23400.0,19.7,23.4,6,1.0L-1.5L,Average
6224,Skoda,Octavia,2017,Petrol,Manual,2360000.0,11.1,2000,6,17900.0,23.6,17.9,7,1.5L-2.0L,Low
6225,Honda,Jazz,2022,Electric,Automatic,1600000.0,26.2,2000,5,22900.0,16.0,22.9,2,1.5L-2.0L,Excellent
6226,Hyundai,i10,2019,CNG,Manual,570000.0,22.3,2000,5,9000.0,5.7,9.0,5,1.5L-2.0L,Good
6227,Honda,Civic,2015,CNG,Manual,1290000.0,24.8,1200,5,17900.0,12.9,17.9,9,1.0L-1.5L,Good
6228,Kia,EV6,2017,CNG,Automatic,3170000.0,22.0,1800,6,21700.0,31.7,21.7,7,1.5L-2.0L,Good
6229,Toyota,Camry,2018,Diesel,Automatic,1880000.0,24.7,800,5,14600.0,18.8,14.6,6,Below 1.0L,Good
6230,Mahindra,XUV300,2018,CNG,Manual,1960000.0,17.4,1000,7,23400.0,19.6,23.4,6,Below 1.0L,Average
6231,Maruti Suzuki,Dzire,2017,Diesel,Manual,1160000.0,25.7,1000,7,22500.0,11.6,22.5,7,Below 1.0L,Excellent
6232,Hyundai,i10,2024,Diesel,Manual,2050000.0,20.2,1200,7,14000.0,20.5,14.0,0,1.0L-1.5L,Good
6233,Honda,City,2019,CNG,Manual,1650000.0,10.7,1200,4,5500.0,16.5,5.5,5,1.0L-1.5L,Low
6234,Honda,Amaze,2020,Petrol,Automatic,920000.0,13.0,1000,5,23000.0,9.2,23.0,4,Below 1.0L,Low
6235,Renault,Duster,2021,Electric,Automatic,2610000.0,16.2,2000,7,24600.0,26.1,24.6,3,1.5L-2.0L,Average
6236,Kia,Carens,2021,CNG,Manual,3460000.0,27.2,1000,7,19800.0,34.6,19.8,3,Below 1.0L,Excellent
6237,Volkswagen,Virtus,2023,CNG,Automatic,1590000.0,15.2,2000,6,15700.0,15.9,15.7,1,1.5L-2.0L,Average
6238,Hyundai,Verna,2016,CNG,Manual,970000.0,28.4,800,7,10000.0,9.7,10.0,8,Below 1.0L,Excellent
6239,Renault,Kiger,2022,Diesel,Manual,2890000.0,11.8,2500,5,11900.0,28.9,11.9,2,2.0L-3.0L,Low
6240,Honda,Amaze,2019,Petrol,Automatic,2500000.0,27.8,2000,5,21200.0,25.0,21.2,5,1.5L-2.0L,Excellent
6241,Volkswagen,Virtus,2019,Electric,Automatic,1050000.0,26.9,1500,6,10200.0,10.5,10.2,5,1.0L-1.5L,Excellent
6242,Honda,City,2019,Electric,Automatic,920000.0,17.0,2000,4,23100.0,9.2,23.1,5,1.5L-2.0L,Average
6243,Toyota,Innova,2016,CNG,Manual,1640000.0,26.3,2000,5,20700.0,16.4,20.7,8,1.5L-2.0L,Excellent
6244,Renault,Duster,2020,Electric,Manual,3430000.0,17.0,800,7,16700.0,34.3,16.7,4,Below 1.0L,Average
6245,Skoda,Superb,2023,Electric,Automatic,1780000.0,28.6,1500,5,10200.0,17.8,10.2,1,1.0L-1.5L,Excellent
6246,Tata Motors,Punch,2022,CNG,Manual,3280000.0,20.8,1000,6,17800.0,32.8,17.8,2,Below 1.0L,Good
6247,Tata Motors,Tiago,2020,Diesel,Automatic,1760000.0,22.0,800,6,18400.0,17.6,18.4,4,Below 1.0L,Good
6248,Honda,Amaze,2015,Electric,Manual,2870000.0,15.6,2500,4,9000.0,28.7,9.0,9,2.0L-3.0L,Average
6249,Toyota,Glanza,2021,CNG,Manual,1090000.0,19.6,2000,4,17500.0,10.9,17.5,3,1.5L-2.0L,Average
6250,Hyundai,Creta,2019,Diesel,Automatic,2810000.0,16.2,2500,4,12500.0,28.1,12.5,5,2.0L-3.0L,Average
6251,Hyundai,i20,2024,Electric,Automatic,840000.0,18.4,1800,7,23200.0,8.4,23.2,0,1.5L-2.0L,Average
6252,Kia,EV6,2020,CNG,Manual,1160000.0,12.5,1000,7,15300.0,11.6,15.3,4,Below 1.0L,Low
6253,Skoda,Kushaq,2024,CNG,Automatic,760000.0,12.5,1000,4,20800.0,7.6,20.8,0,Below 1.0L,Low
6254,Skoda,Octavia,2019,Petrol,Automatic,930000.0,24.3,2500,6,13700.0,9.3,13.7,5,2.0L-3.0L,Good
6255,Skoda,Slavia,2021,Petrol,Manual,2020000.0,21.0,2500,7,12600.0,20.2,12.6,3,2.0L-3.0L,Good
6256,Tata Motors,Harrier,2018,CNG,Manual,480000.0,11.9,2500,4,23300.0,4.8,23.3,6,2.0L-3.0L,Low
6257,Hyundai,Verna,2022,Petrol,Automatic,2730000.0,27.0,1500,5,20900.0,27.3,20.9,2,1.0L-1.5L,Excellent
6258,Renault,Kiger,2020,Diesel,Automatic,710000.0,10.3,1800,6,21400.0,7.1,21.4,4,1.5L-2.0L,Low
6259,Honda,WR-V,2023,Electric,Automatic,2050000.0,26.0,1200,6,11600.0,20.5,11.6,1,1.0L-1.5L,Excellent
6260,Tata Motors,Nexon,2018,Petrol,Manual,3260000.0,28.5,1000,5,10200.0,32.6,10.2,6,Below 1.0L,Excellent
6261,Honda,WR-V,2020,CNG,Automatic,3060000.0,16.4,1200,5,8600.0,30.6,8.6,4,1.0L-1.5L,Average
6262,Renault,Triber,2020,Diesel,Manual,1890000.0,21.5,2000,6,5400.0,18.9,5.4,4,1.5L-2.0L,Good
6263,Toyota,Fortuner,2023,Petrol,Manual,1300000.0,22.3,800,6,5500.0,13.0,5.5,1,Below 1.0L,Good
6264,Maruti Suzuki,Baleno,2020,Diesel,Automatic,2320000.0,24.8,1800,4,18800.0,23.2,18.8,4,1.5L-2.0L,Good
6265,Maruti Suzuki,WagonR,2016,CNG,Automatic,3380000.0,25.1,2500,5,24000.0,33.8,24.0,8,2.0L-3.0L,Excellent
6266,Hyundai,Venue,2015,Diesel,Automatic,1830000.0,27.2,1200,6,14900.0,18.3,14.9,9,1.0L-1.5L,Excellent
6267,Renault,Kwid,2023,CNG,Automatic,1130000.0,25.0,800,6,20700.0,11.3,20.7,1,Below 1.0L,Good
6268,Renault,Kiger,2021,Electric,Automatic,480000.0,26.3,2000,6,9100.0,4.8,9.1,3,1.5L-2.0L,Excellent
6269,Mahindra,XUV300,2020,Electric,Automatic,2310000.0,19.8,1000,7,14500.0,23.1,14.5,4,Below 1.0L,Average
6270,Toyota,Camry,2015,Electric,Manual,1640000.0,10.8,2000,4,15300.0,16.4,15.3,9,1.5L-2.0L,Low
6271,Skoda,Superb,2024,Petrol,Manual,1630000.0,15.3,1000,5,10300.0,16.3,10.3,0,Below 1.0L,Average
6272,Kia,Carens,2017,CNG,Manual,1450000.0,29.2,2500,6,21100.0,14.5,21.1,7,2.0L-3.0L,Excellent
6273,Honda,WR-V,2023,Diesel,Manual,2750000.0,28.6,800,6,5400.0,27.5,5.4,1,Below 1.0L,Excellent
6274,Kia,EV6,2019,Diesel,Manual,2150000.0,23.0,1200,6,23100.0,21.5,23.1,5,1.0L-1.5L,Good
6275,Renault,Lodgy,2023,Diesel,Automatic,1900000.0,18.2,800,4,23200.0,19.0,23.2,1,Below 1.0L,Average
6276,Skoda,Octavia,2023,Electric,Automatic,1730000.0,27.6,2500,4,11200.0,17.3,11.2,1,2.0L-3.0L,Excellent
6277,Hyundai,i20,2024,CNG,Manual,2780000.0,17.3,1200,4,15500.0,27.8,15.5,0,1.0L-1.5L,Average
6278,Honda,Civic,2017,Electric,Automatic,1390000.0,18.8,1800,6,23800.0,13.9,23.8,7,1.5L-2.0L,Average
6279,Renault,Kwid,2022,Diesel,Manual,550000.0,19.8,2500,4,11900.0,5.5,11.9,2,2.0L-3.0L,Average
6280,Skoda,Kushaq,2021,CNG,Manual,750000.0,19.5,1200,4,8600.0,7.5,8.6,3,1.0L-1.5L,Average
6281,Honda,Amaze,2018,Diesel,Automatic,2520000.0,12.7,2000,5,6100.0,25.2,6.1,6,1.5L-2.0L,Low
6282,Kia,Carnival,2024,Petrol,Automatic,1420000.0,29.6,2000,6,9200.0,14.2,9.2,0,1.5L-2.0L,Excellent
6283,Mahindra,XUV300,2018,Diesel,Manual,3240000.0,20.4,2500,5,6000.0,32.4,6.0,6,2.0L-3.0L,Good
6284,Honda,Civic,2019,Petrol,Manual,1570000.0,14.8,1000,5,7900.0,15.7,7.9,5,Below 1.0L,Low
6285,Hyundai,i10,2022,Petrol,Automatic,870000.0,17.3,2000,7,10200.0,8.7,10.2,2,1.5L-2.0L,Average
6286,Kia,Carnival,2018,Electric,Automatic,2330000.0,23.1,1000,4,23700.0,23.3,23.7,6,Below 1.0L,Good
6287,Volkswagen,Virtus,2015,CNG,Automatic,930000.0,20.2,1000,7,9900.0,9.3,9.9,9,Below 1.0L,Good
6288,Tata Motors,Nexon,2022,Petrol,Automatic,1990000.0,19.7,800,6,8300.0,19.9,8.3,2,Below 1.0L,Average
6289,Volkswagen,Polo,2019,Petrol,Manual,820000.0,14.1,2500,6,24000.0,8.2,24.0,5,2.0L-3.0L,Low
6290,Kia,EV6,2019,Diesel,Manual,1610000.0,12.0,1500,7,20300.0,16.1,20.3,5,1.0L-1.5L,Low
6291,Mahindra,Scorpio,2019,CNG,Automatic,2430000.0,29.9,800,7,13600.0,24.3,13.6,5,Below 1.0L,Excellent
6292,Volkswagen,Polo,2022,CNG,Automatic,840000.0,11.5,1800,5,21100.0,8.4,21.1,2,1.5L-2.0L,Low
6293,Kia,EV6,2024,CNG,Manual,2820000.0,20.8,1800,7,13200.0,28.2,13.2,0,1.5L-2.0L,Good
6294,Honda,Civic,2019,Electric,Automatic,2630000.0,13.6,1800,4,22300.0,26.3,22.3,5,1.5L-2.0L,Low
6295,Maruti Suzuki,Swift,2017,Electric,Manual,610000.0,21.6,1800,5,22700.0,6.1,22.7,7,1.5L-2.0L,Good
6296,Renault,Triber,2017,Diesel,Manual,3240000.0,12.3,1200,5,10100.0,32.4,10.1,7,1.0L-1.5L,Low
6297,Honda,Jazz,2018,CNG,Automatic,620000.0,15.3,2500,5,16600.0,6.2,16.6,6,2.0L-3.0L,Average
6298,Honda,WR-V,2022,Electric,Manual,1200000.0,18.8,1800,5,5900.0,12.0,5.9,2,1.5L-2.0L,Average
6299,Mahindra,Thar,2018,CNG,Automatic,3070000.0,28.3,1200,4,10800.0,30.7,10.8,6,1.0L-1.5L,Excellent
6300,Toyota,Fortuner,2015,CNG,Manual,2590000.0,23.6,2500,7,16400.0,25.9,16.4,9,2.0L-3.0L,Good
6301,Honda,Jazz,2020,Petrol,Automatic,2750000.0,10.8,1000,7,14900.0,27.5,14.9,4,Below 1.0L,Low
6302,Hyundai,i20,2024,Electric,Manual,2190000.0,22.1,2000,5,15500.0,21.9,15.5,0,1.5L-2.0L,Good
6303,Skoda,Rapid,2022,Petrol,Manual,3150000.0,14.1,2500,6,13700.0,31.5,13.7,2,2.0L-3.0L,Low
6304,Renault,Kwid,2020,Diesel,Automatic,1970000.0,15.6,1800,7,12300.0,19.7,12.3,4,1.5L-2.0L,Average
6305,Mahindra,XUV300,2020,Electric,Automatic,2150000.0,23.2,800,6,15500.0,21.5,15.5,4,Below 1.0L,Good
6306,Honda,Jazz,2022,Electric,Manual,3050000.0,19.7,1200,6,23900.0,30.5,23.9,2,1.0L-1.5L,Average
6307,Tata Motors,Punch,2018,Diesel,Automatic,3290000.0,26.1,1200,7,6300.0,32.9,6.3,6,1.0L-1.5L,Excellent
6308,Renault,Duster,2020,Diesel,Automatic,1370000.0,24.7,2500,5,8100.0,13.7,8.1,4,2.0L-3.0L,Good
6309,Renault,Duster,2023,CNG,Manual,1890000.0,12.5,1800,6,9000.0,18.9,9.0,1,1.5L-2.0L,Low
6310,Honda,Amaze,2020,CNG,Automatic,2070000.0,24.6,1000,5,11300.0,20.7,11.3,4,Below 1.0L,Good
6311,Tata Motors,Tiago,2017,Electric,Manual,1890000.0,19.7,1000,7,17100.0,18.9,17.1,7,Below 1.0L,Average
6312,Renault,Kiger,2018,Diesel,Manual,2660000.0,20.4,1800,5,12400.0,26.6,12.4,6,1.5L-2.0L,Good
6313,Volkswagen,Taigun,2015,Petrol,Manual,3430000.0,16.1,1800,5,8700.0,34.3,8.7,9,1.5L-2.0L,Average
6314,Kia,Seltos,2022,Petrol,Manual,1220000.0,17.6,1800,4,17600.0,12.2,17.6,2,1.5L-2.0L,Average
6315,Maruti Suzuki,Baleno,2022,Petrol,Manual,3120000.0,18.6,1500,5,10600.0,31.2,10.6,2,1.0L-1.5L,Average
6316,Volkswagen,Polo,2017,Petrol,Manual,1080000.0,27.7,1200,6,5700.0,10.8,5.7,7,1.0L-1.5L,Excellent
6317,Skoda,Rapid,2016,Electric,Automatic,1520000.0,12.3,2500,5,23000.0,15.2,23.0,8,2.0L-3.0L,Low
6318,Volkswagen,Polo,2016,Petrol,Automatic,2250000.0,28.7,2000,5,18900.0,22.5,18.9,8,1.5L-2.0L,Excellent
6319,Renault,Kwid,2024,Electric,Manual,2150000.0,22.8,1800,4,10900.0,21.5,10.9,0,1.5L-2.0L,Good
6320,Hyundai,i10,2019,CNG,Automatic,3380000.0,23.4,2000,4,9400.0,33.8,9.4,5,1.5L-2.0L,Good
6321,Toyota,Innova,2016,Diesel,Automatic,1480000.0,10.0,2000,5,8000.0,14.8,8.0,8,1.5L-2.0L,Low
6322,Tata Motors,Tiago,2018,CNG,Manual,2380000.0,12.3,1800,4,14800.0,23.8,14.8,6,1.5L-2.0L,Low
6323,Kia,Carnival,2015,Diesel,Manual,1100000.0,22.5,2500,5,9000.0,11.0,9.0,9,2.0L-3.0L,Good
6324,Toyota,Innova,2018,Diesel,Manual,2200000.0,13.5,1200,5,13800.0,22.0,13.8,6,1.0L-1.5L,Low
6325,Kia,Sonet,2015,Diesel,Manual,660000.0,12.3,2000,6,15800.0,6.6,15.8,9,1.5L-2.0L,Low
6326,Maruti Suzuki,Dzire,2016,Petrol,Automatic,590000.0,28.8,800,5,7300.0,5.9,7.3,8,Below 1.0L,Excellent
6327,Volkswagen,Taigun,2018,Petrol,Manual,2980000.0,19.4,1800,7,14800.0,29.8,14.8,6,1.5L-2.0L,Average
6328,Maruti Suzuki,Swift,2024,Diesel,Manual,2010000.0,13.3,800,5,18800.0,20.1,18.8,0,Below 1.0L,Low
6329,Kia,Seltos,2022,CNG,Manual,3130000.0,26.9,1000,4,6100.0,31.3,6.1,2,Below 1.0L,Excellent
6330,Hyundai,i10,2021,Electric,Automatic,2390000.0,29.5,1000,7,15600.0,23.9,15.6,3,Below 1.0L,Excellent
6331,Honda,Amaze,2020,Petrol,Manual,1680000.0,17.6,1000,6,16200.0,16.8,16.2,4,Below 1.0L,Average
6332,Skoda,Kushaq,2020,CNG,Automatic,930000.0,12.0,800,5,10200.0,9.3,10.2,4,Below 1.0L,Low
6333,Kia,Carens,2018,CNG,Manual,2750000.0,25.4,1000,4,10700.0,27.5,10.7,6,Below 1.0L,Excellent
6334,Honda,Civic,2020,Electric,Manual,1530000.0,18.0,1800,6,24400.0,15.3,24.4,4,1.5L-2.0L,Average
6335,Renault,Lodgy,2021,Petrol,Automatic,2120000.0,22.2,800,5,19700.0,21.2,19.7,3,Below 1.0L,Good
6336,Hyundai,Creta,2019,CNG,Manual,3080000.0,13.7,2000,7,15700.0,30.8,15.7,5,1.5L-2.0L,Low
6337,Honda,Amaze,2022,CNG,Manual,510000.0,29.1,1500,6,21600.0,5.1,21.6,2,1.0L-1.5L,Excellent
6338,Mahindra,Thar,2022,Diesel,Manual,440000.0,16.1,1500,7,14900.0,4.4,14.9,2,1.0L-1.5L,Average
6339,Hyundai,Venue,2015,Electric,Manual,2630000.0,20.4,1500,6,7600.0,26.3,7.6,9,1.0L-1.5L,Good
6340,Toyota,Urban Cruiser,2022,Electric,Automatic,2070000.0,19.8,800,7,10600.0,20.7,10.6,2,Below 1.0L,Average
6341,Kia,Carens,2022,Electric,Automatic,650000.0,26.1,1000,6,22200.0,6.5,22.2,2,Below 1.0L,Excellent
6342,Maruti Suzuki,WagonR,2018,Electric,Automatic,3030000.0,15.5,2500,7,12900.0,30.3,12.9,6,2.0L-3.0L,Average
6343,Skoda,Slavia,2022,Electric,Automatic,660000.0,16.9,800,4,6300.0,6.6,6.3,2,Below 1.0L,Average
6344,Honda,WR-V,2020,Petrol,Automatic,2700000.0,26.1,1200,6,11500.0,27.0,11.5,4,1.0L-1.5L,Excellent
6345,Skoda,Slavia,2024,Diesel,Automatic,2080000.0,27.5,800,5,6700.0,20.8,6.7,0,Below 1.0L,Excellent
6346,Toyota,Glanza,2015,Petrol,Automatic,2240000.0,17.9,1500,4,14400.0,22.4,14.4,9,1.0L-1.5L,Average
6347,Mahindra,XUV300,2021,Petrol,Automatic,2450000.0,28.5,2500,7,7900.0,24.5,7.9,3,2.0L-3.0L,Excellent
6348,Hyundai,Venue,2015,Petrol,Manual,470000.0,12.1,1800,6,22300.0,4.7,22.3,9,1.5L-2.0L,Low
6349,Tata Motors,Nexon,2019,CNG,Automatic,1170000.0,21.9,1200,7,18000.0,11.7,18.0,5,1.0L-1.5L,Good
6350,Kia,Seltos,2024,Diesel,Automatic,1030000.0,12.4,2000,7,21000.0,10.3,21.0,0,1.5L-2.0L,Low
6351,Volkswagen,Vento,2023,Electric,Automatic,1770000.0,18.5,1800,6,22200.0,17.7,22.2,1,1.5L-2.0L,Average
6352,Kia,Sonet,2023,Electric,Automatic,2950000.0,18.1,2500,4,20800.0,29.5,20.8,1,2.0L-3.0L,Average
6353,Renault,Lodgy,2024,Petrol,Automatic,1260000.0,14.6,1500,7,15400.0,12.6,15.4,0,1.0L-1.5L,Low
6354,Skoda,Octavia,2016,Diesel,Manual,1590000.0,14.8,2000,7,23600.0,15.9,23.6,8,1.5L-2.0L,Low
6355,Kia,Seltos,2019,Electric,Manual,1700000.0,12.4,1500,7,9100.0,17.0,9.1,5,1.0L-1.5L,Low
6356,Mahindra,Thar,2016,Diesel,Manual,750000.0,26.7,2000,5,24100.0,7.5,24.1,8,1.5L-2.0L,Excellent
6357,Volkswagen,Polo,2022,Petrol,Automatic,2480000.0,24.1,2500,5,9100.0,24.8,9.1,2,2.0L-3.0L,Good
6358,Volkswagen,Virtus,2017,Diesel,Automatic,2580000.0,15.8,2000,6,17100.0,25.8,17.1,7,1.5L-2.0L,Average
6359,Hyundai,Venue,2016,CNG,Manual,1800000.0,24.2,1500,4,24100.0,18.0,24.1,8,1.0L-1.5L,Good
6360,Kia,Carnival,2024,CNG,Automatic,1070000.0,12.7,2500,6,14200.0,10.7,14.2,0,2.0L-3.0L,Low
6361,Kia,Carnival,2015,Electric,Manual,510000.0,21.3,2000,5,18200.0,5.1,18.2,9,1.5L-2.0L,Good
6362,Mahindra,XUV700,2018,Diesel,Manual,610000.0,10.9,1800,6,15700.0,6.1,15.7,6,1.5L-2.0L,Low
6363,Mahindra,Bolero,2017,Diesel,Automatic,3350000.0,19.9,2000,6,23100.0,33.5,23.1,7,1.5L-2.0L,Average
6364,Maruti Suzuki,Swift,2022,Petrol,Manual,2700000.0,22.1,1500,4,5500.0,27.0,5.5,2,1.0L-1.5L,Good
6365,Toyota,Fortuner,2017,Electric,Automatic,870000.0,13.1,2500,6,24300.0,8.7,24.3,7,2.0L-3.0L,Low
6366,Mahindra,Scorpio,2017,Electric,Manual,2550000.0,16.4,2000,5,14600.0,25.5,14.6,7,1.5L-2.0L,Average
6367,Renault,Duster,2021,Petrol,Automatic,3200000.0,25.5,800,6,24600.0,32.0,24.6,3,Below 1.0L,Excellent
6368,Maruti Suzuki,Baleno,2019,Diesel,Automatic,1480000.0,27.6,2000,5,6100.0,14.8,6.1,5,1.5L-2.0L,Excellent
6369,Honda,Civic,2017,Petrol,Manual,2250000.0,20.8,800,6,23700.0,22.5,23.7,7,Below 1.0L,Good
6370,Volkswagen,Polo,2018,Diesel,Automatic,570000.0,29.9,2500,5,20600.0,5.7,20.6,6,2.0L-3.0L,Excellent
6371,Toyota,Urban Cruiser,2022,Diesel,Automatic,2700000.0,24.7,1800,4,21000.0,27.0,21.0,2,1.5L-2.0L,Good
6372,Mahindra,Thar,2024,CNG,Automatic,500000.0,28.2,1200,7,11700.0,5.0,11.7,0,1.0L-1.5L,Excellent
6373,Hyundai,i20,2016,Diesel,Automatic,1900000.0,23.7,1500,6,17200.0,19.0,17.2,8,1.0L-1.5L,Good
6374,Maruti Suzuki,Ertiga,2017,Diesel,Manual,1100000.0,10.8,1500,7,16400.0,11.0,16.4,7,1.0L-1.5L,Low
6375,Maruti Suzuki,Ertiga,2021,Diesel,Manual,2530000.0,24.9,2500,7,7700.0,25.3,7.7,3,2.0L-3.0L,Good
6376,Skoda,Octavia,2024,Petrol,Automatic,1020000.0,15.5,2500,7,14600.0,10.2,14.6,0,2.0L-3.0L,Average
6377,Tata Motors,Harrier,2019,Electric,Manual,1720000.0,14.3,1000,6,7100.0,17.2,7.1,5,Below 1.0L,Low
6378,Hyundai,i10,2022,Diesel,Automatic,1150000.0,28.6,1200,7,12100.0,11.5,12.1,2,1.0L-1.5L,Excellent
6379,Mahindra,XUV700,2017,Diesel,Manual,790000.0,11.4,1800,5,21400.0,7.9,21.4,7,1.5L-2.0L,Low
6380,Tata Motors,Nexon,2017,CNG,Automatic,970000.0,12.0,800,6,20600.0,9.7,20.6,7,Below 1.0L,Low
6381,Renault,Triber,2017,Diesel,Manual,1710000.0,16.8,1000,7,20800.0,17.1,20.8,7,Below 1.0L,Average
6382,Honda,Civic,2023,CNG,Manual,1620000.0,20.9,1500,4,8900.0,16.2,8.9,1,1.0L-1.5L,Good
6383,Volkswagen,Virtus,2017,CNG,Manual,1310000.0,28.9,1200,6,5800.0,13.1,5.8,7,1.0L-1.5L,Excellent
6384,Mahindra,Thar,2019,CNG,Automatic,2420000.0,11.1,1500,4,15500.0,24.2,15.5,5,1.0L-1.5L,Low
6385,Honda,Civic,2022,Electric,Automatic,1750000.0,12.4,2500,5,18100.0,17.5,18.1,2,2.0L-3.0L,Low
6386,Volkswagen,Tiguan,2017,Diesel,Automatic,3330000.0,24.8,1800,4,9900.0,33.3,9.9,7,1.5L-2.0L,Good
6387,Mahindra,XUV300,2018,CNG,Manual,2610000.0,15.0,1500,6,24100.0,26.1,24.1,6,1.0L-1.5L,Low
6388,Maruti Suzuki,Dzire,2019,Petrol,Automatic,2520000.0,13.4,800,4,15100.0,25.2,15.1,5,Below 1.0L,Low
6389,Toyota,Urban Cruiser,2018,Diesel,Manual,2340000.0,28.4,800,6,20300.0,23.4,20.3,6,Below 1.0L,Excellent
6390,Tata Motors,Tiago,2015,Electric,Manual,1110000.0,13.2,1000,4,19000.0,11.1,19.0,9,Below 1.0L,Low
6391,Honda,Jazz,2022,CNG,Automatic,2970000.0,18.9,800,6,18300.0,29.7,18.3,2,Below 1.0L,Average
6392,Hyundai,Venue,2024,CNG,Manual,1470000.0,17.3,1800,6,10500.0,14.7,10.5,0,1.5L-2.0L,Average
6393,Skoda,Superb,2015,Electric,Automatic,3270000.0,14.5,800,7,21800.0,32.7,21.8,9,Below 1.0L,Low
6394,Renault,Duster,2020,Diesel,Automatic,1700000.0,20.6,2500,5,7600.0,17.0,7.6,4,2.0L-3.0L,Good
6395,Honda,Amaze,2020,Diesel,Manual,1210000.0,13.9,1800,4,17900.0,12.1,17.9,4,1.5L-2.0L,Low
6396,Toyota,Urban Cruiser,2018,Petrol,Automatic,1860000.0,12.4,1000,7,11400.0,18.6,11.4,6,Below 1.0L,Low
6397,Tata Motors,Tiago,2018,Petrol,Automatic,520000.0,16.3,1000,7,16400.0,5.2,16.4,6,Below 1.0L,Average
6398,Toyota,Urban Cruiser,2015,Diesel,Automatic,3120000.0,22.9,2500,5,16600.0,31.2,16.6,9,2.0L-3.0L,Good
6399,Hyundai,i10,2023,CNG,Automatic,1470000.0,23.3,2000,6,24700.0,14.7,24.7,1,1.5L-2.0L,Good
6400,Tata Motors,Tiago,2018,Diesel,Manual,1450000.0,14.6,2500,6,8400.0,14.5,8.4,6,2.0L-3.0L,Low
6401,Skoda,Kushaq,2020,Petrol,Manual,1700000.0,19.9,800,6,15000.0,17.0,15.0,4,Below 1.0L,Average
6402,Hyundai,Verna,2024,Diesel,Automatic,2020000.0,24.1,1800,6,22100.0,20.2,22.1,0,1.5L-2.0L,Good
6403,Toyota,Glanza,2020,Petrol,Manual,1010000.0,13.5,1800,5,20300.0,10.1,20.3,4,1.5L-2.0L,Low
6404,Volkswagen,Polo,2021,Diesel,Automatic,1320000.0,15.1,2500,6,10700.0,13.2,10.7,3,2.0L-3.0L,Average
6405,Tata Motors,Tiago,2023,CNG,Manual,2280000.0,25.9,2000,5,8500.0,22.8,8.5,1,1.5L-2.0L,Excellent
6406,Hyundai,i20,2016,Petrol,Automatic,1690000.0,14.5,1200,5,21100.0,16.9,21.1,8,1.0L-1.5L,Low
6407,Maruti Suzuki,Swift,2024,Diesel,Manual,2740000.0,12.2,1200,7,22300.0,27.4,22.3,0,1.0L-1.5L,Low
6408,Mahindra,Scorpio,2022,CNG,Manual,1690000.0,24.3,2500,6,17700.0,16.9,17.7,2,2.0L-3.0L,Good
6409,Skoda,Rapid,2017,CNG,Manual,570000.0,22.3,1800,4,20900.0,5.7,20.9,7,1.5L-2.0L,Good
6410,Volkswagen,Tiguan,2021,Petrol,Manual,2530000.0,19.4,2500,7,22000.0,25.3,22.0,3,2.0L-3.0L,Average
6411,Hyundai,Creta,2019,Electric,Manual,2600000.0,11.4,1000,6,24400.0,26.0,24.4,5,Below 1.0L,Low
6412,Hyundai,i10,2022,Electric,Automatic,1610000.0,14.7,2500,6,5100.0,16.1,5.1,2,2.0L-3.0L,Low
6413,Mahindra,Thar,2016,Diesel,Automatic,2530000.0,20.7,1800,7,9600.0,25.3,9.6,8,1.5L-2.0L,Good
6414,Kia,Seltos,2023,CNG,Manual,2700000.0,24.6,2000,5,7900.0,27.0,7.9,1,1.5L-2.0L,Good
6415,Maruti Suzuki,Dzire,2020,Electric,Manual,880000.0,22.4,1800,6,13800.0,8.8,13.8,4,1.5L-2.0L,Good
6416,Maruti Suzuki,Baleno,2015,CNG,Manual,860000.0,13.1,1200,7,20000.0,8.6,20.0,9,1.0L-1.5L,Low
6417,Kia,Carnival,2020,Diesel,Automatic,410000.0,17.5,2000,5,9600.0,4.1,9.6,4,1.5L-2.0L,Average
6418,Mahindra,Thar,2017,Electric,Automatic,2510000.0,13.7,2500,6,14800.0,25.1,14.8,7,2.0L-3.0L,Low
6419,Honda,Amaze,2018,Diesel,Automatic,2280000.0,14.1,1000,4,11700.0,22.8,11.7,6,Below 1.0L,Low
6420,Renault,Triber,2024,Electric,Automatic,1890000.0,12.1,2000,5,15500.0,18.9,15.5,0,1.5L-2.0L,Low
6421,Kia,Carens,2018,Diesel,Manual,490000.0,15.6,1000,5,17100.0,4.9,17.1,6,Below 1.0L,Average
6422,Honda,City,2020,Electric,Manual,1750000.0,17.9,2000,4,7400.0,17.5,7.4,4,1.5L-2.0L,Average
6423,Honda,Jazz,2024,Petrol,Automatic,910000.0,12.9,1000,7,15100.0,9.1,15.1,0,Below 1.0L,Low
6424,Toyota,Fortuner,2022,Diesel,Automatic,3080000.0,27.4,1000,5,5900.0,30.8,5.9,2,Below 1.0L,Excellent
6425,Toyota,Fortuner,2023,Petrol,Manual,1610000.0,10.3,1800,4,17100.0,16.1,17.1,1,1.5L-2.0L,Low
6426,Skoda,Slavia,2016,Diesel,Automatic,1090000.0,19.7,2500,6,24400.0,10.9,24.4,8,2.0L-3.0L,Average
6427,Hyundai,Creta,2021,Petrol,Manual,1930000.0,21.1,2000,7,22800.0,19.3,22.8,3,1.5L-2.0L,Good
6428,Tata Motors,Punch,2021,Petrol,Manual,1230000.0,13.7,800,6,10500.0,12.3,10.5,3,Below 1.0L,Low
6429,Skoda,Rapid,2020,CNG,Automatic,2020000.0,26.6,1800,6,9500.0,20.2,9.5,4,1.5L-2.0L,Excellent
6430,Renault,Triber,2021,CNG,Manual,840000.0,20.3,1500,5,20700.0,8.4,20.7,3,1.0L-1.5L,Good
6431,Volkswagen,Taigun,2023,Petrol,Automatic,1540000.0,11.1,1800,6,21500.0,15.4,21.5,1,1.5L-2.0L,Low
6432,Kia,Sonet,2020,Diesel,Automatic,2770000.0,10.8,1000,7,11700.0,27.7,11.7,4,Below 1.0L,Low
6433,Kia,Sonet,2022,Diesel,Manual,2000000.0,18.5,2000,6,20800.0,20.0,20.8,2,1.5L-2.0L,Average
6434,Maruti Suzuki,Baleno,2020,Diesel,Manual,2340000.0,14.6,1800,7,9000.0,23.4,9.0,4,1.5L-2.0L,Low
6435,Skoda,Slavia,2016,Electric,Manual,2880000.0,28.2,1200,7,10300.0,28.8,10.3,8,1.0L-1.5L,Excellent
6436,Toyota,Camry,2018,Diesel,Manual,1800000.0,23.6,1200,4,23400.0,18.0,23.4,6,1.0L-1.5L,Good
6437,Volkswagen,Taigun,2016,Petrol,Manual,2580000.0,25.3,800,7,11700.0,25.8,11.7,8,Below 1.0L,Excellent
6438,Mahindra,XUV700,2022,Petrol,Automatic,2670000.0,23.4,1000,5,24100.0,26.7,24.1,2,Below 1.0L,Good
6439,Honda,Jazz,2015,CNG,Automatic,1280000.0,27.1,1800,7,24400.0,12.8,24.4,9,1.5L-2.0L,Excellent
6440,Kia,Seltos,2022,Diesel,Automatic,2690000.0,27.7,1000,7,9100.0,26.9,9.1,2,Below 1.0L,Excellent
6441,Skoda,Rapid,2020,Electric,Manual,1190000.0,25.2,1500,6,18100.0,11.9,18.1,4,1.0L-1.5L,Excellent
6442,Tata Motors,Harrier,2021,Petrol,Manual,3310000.0,29.3,1500,4,22500.0,33.1,22.5,3,1.0L-1.5L,Excellent
6443,Renault,Kiger,2020,Electric,Manual,1350000.0,29.7,1200,7,7300.0,13.5,7.3,4,1.0L-1.5L,Excellent
6444,Hyundai,Venue,2019,CNG,Manual,1790000.0,20.5,1500,7,10200.0,17.9,10.2,5,1.0L-1.5L,Good
6445,Skoda,Rapid,2016,Petrol,Automatic,2900000.0,28.2,800,4,19400.0,29.0,19.4,8,Below 1.0L,Excellent
6446,Kia,Seltos,2018,Diesel,Manual,3470000.0,24.0,1500,6,6600.0,34.7,6.6,6,1.0L-1.5L,Good
6447,Honda,Civic,2018,Electric,Automatic,3170000.0,28.1,2000,4,21000.0,31.7,21.0,6,1.5L-2.0L,Excellent
6448,Skoda,Slavia,2021,Diesel,Automatic,2880000.0,26.9,1500,5,16000.0,28.8,16.0,3,1.0L-1.5L,Excellent
6449,Maruti Suzuki,Ertiga,2016,Electric,Manual,1040000.0,14.6,1500,4,11700.0,10.4,11.7,8,1.0L-1.5L,Low
6450,Mahindra,XUV300,2021,Electric,Manual,2520000.0,23.9,1800,6,5200.0,25.2,5.2,3,1.5L-2.0L,Good
6451,Renault,Triber,2024,CNG,Manual,2840000.0,25.8,800,6,19600.0,28.4,19.6,0,Below 1.0L,Excellent
6452,Toyota,Glanza,2015,Electric,Automatic,3180000.0,22.6,1500,6,18800.0,31.8,18.8,9,1.0L-1.5L,Good
6453,Renault,Duster,2016,CNG,Manual,670000.0,25.5,2500,4,15900.0,6.7,15.9,8,2.0L-3.0L,Excellent
6454,Renault,Kwid,2019,Electric,Manual,920000.0,24.6,800,4,5100.0,9.2,5.1,5,Below 1.0L,Good
6455,Hyundai,Creta,2018,CNG,Automatic,2650000.0,29.2,1800,4,19500.0,26.5,19.5,6,1.5L-2.0L,Excellent
6456,Volkswagen,Tiguan,2017,CNG,Manual,3050000.0,28.7,1800,5,9100.0,30.5,9.1,7,1.5L-2.0L,Excellent
6457,Renault,Triber,2024,Diesel,Automatic,850000.0,17.8,1800,6,15000.0,8.5,15.0,0,1.5L-2.0L,Average
6458,Honda,Amaze,2024,Diesel,Automatic,1580000.0,29.7,2000,4,22000.0,15.8,22.0,0,1.5L-2.0L,Excellent
6459,Honda,Civic,2020,Diesel,Automatic,2130000.0,27.8,2000,4,13100.0,21.3,13.1,4,1.5L-2.0L,Excellent
6460,Renault,Kiger,2015,Diesel,Manual,1700000.0,20.0,1200,5,7500.0,17.0,7.5,9,1.0L-1.5L,Average
6461,Maruti Suzuki,Dzire,2022,Electric,Automatic,640000.0,16.5,1200,4,23900.0,6.4,23.9,2,1.0L-1.5L,Average
6462,Tata Motors,Tiago,2022,Petrol,Manual,2780000.0,20.1,2000,7,6500.0,27.8,6.5,2,1.5L-2.0L,Good
6463,Honda,Civic,2019,Electric,Automatic,3170000.0,25.7,2000,5,14100.0,31.7,14.1,5,1.5L-2.0L,Excellent
6464,Volkswagen,Virtus,2020,Electric,Manual,970000.0,16.0,800,7,16500.0,9.7,16.5,4,Below 1.0L,Average
6465,Tata Motors,Tiago,2022,Diesel,Automatic,3140000.0,13.2,1800,4,8600.0,31.4,8.6,2,1.5L-2.0L,Low
6466,Maruti Suzuki,WagonR,2021,Diesel,Manual,2870000.0,14.0,1800,7,21300.0,28.7,21.3,3,1.5L-2.0L,Low
6467,Tata Motors,Tiago,2021,Electric,Automatic,600000.0,23.2,2000,6,11100.0,6.0,11.1,3,1.5L-2.0L,Good
6468,Maruti Suzuki,WagonR,2015,CNG,Manual,1600000.0,21.5,2000,6,24300.0,16.0,24.3,9,1.5L-2.0L,Good
6469,Renault,Duster,2022,Diesel,Automatic,800000.0,17.3,1800,4,10500.0,8.0,10.5,2,1.5L-2.0L,Average
6470,Maruti Suzuki,Baleno,2021,Petrol,Manual,2680000.0,11.0,2500,4,9800.0,26.8,9.8,3,2.0L-3.0L,Low
6471,Volkswagen,Taigun,2022,Diesel,Automatic,3490000.0,10.0,800,6,22700.0,34.9,22.7,2,Below 1.0L,Low
6472,Volkswagen,Virtus,2019,Diesel,Automatic,2790000.0,14.7,2500,5,10500.0,27.9,10.5,5,2.0L-3.0L,Low
6473,Skoda,Kushaq,2023,Petrol,Manual,2860000.0,15.8,1000,5,18400.0,28.6,18.4,1,Below 1.0L,Average
6474,Mahindra,XUV300,2022,Petrol,Automatic,2670000.0,24.0,800,6,18700.0,26.7,18.7,2,Below 1.0L,Good
6475,Renault,Triber,2017,Petrol,Automatic,2040000.0,10.3,1200,5,5600.0,20.4,5.6,7,1.0L-1.5L,Low
6476,Mahindra,XUV700,2024,Electric,Manual,440000.0,23.2,2500,7,6400.0,4.4,6.4,0,2.0L-3.0L,Good
6477,Maruti Suzuki,Swift,2022,CNG,Automatic,930000.0,19.5,1500,4,14600.0,9.3,14.6,2,1.0L-1.5L,Average
6478,Hyundai,i20,2019,CNG,Manual,3110000.0,15.7,1800,5,23300.0,31.1,23.3,5,1.5L-2.0L,Average
6479,Mahindra,Bolero,2019,Diesel,Automatic,1110000.0,10.8,800,7,15000.0,11.1,15.0,5,Below 1.0L,Low
6480,Mahindra,XUV700,2022,Diesel,Manual,2680000.0,26.0,2000,7,10900.0,26.8,10.9,2,1.5L-2.0L,Excellent
6481,Kia,EV6,2024,Electric,Manual,450000.0,27.9,800,5,18400.0,4.5,18.4,0,Below 1.0L,Excellent
6482,Kia,Carens,2020,Petrol,Manual,2180000.0,15.0,800,6,22400.0,21.8,22.4,4,Below 1.0L,Low
6483,Toyota,Camry,2023,Petrol,Automatic,2640000.0,22.8,1500,7,18800.0,26.4,18.8,1,1.0L-1.5L,Good
6484,Renault,Duster,2017,Petrol,Manual,3050000.0,13.3,2000,6,6500.0,30.5,6.5,7,1.5L-2.0L,Low
6485,Kia,Seltos,2018,Diesel,Manual,2190000.0,14.5,2000,6,23600.0,21.9,23.6,6,1.5L-2.0L,Low
6486,Maruti Suzuki,Dzire,2019,Diesel,Manual,1590000.0,29.0,1000,5,23600.0,15.9,23.6,5,Below 1.0L,Excellent
6487,Volkswagen,Polo,2019,Petrol,Automatic,680000.0,10.3,1800,6,7900.0,6.8,7.9,5,1.5L-2.0L,Low
6488,Volkswagen,Taigun,2015,Electric,Manual,920000.0,23.4,800,4,13000.0,9.2,13.0,9,Below 1.0L,Good
6489,Maruti Suzuki,Swift,2018,Diesel,Manual,1790000.0,24.6,2500,5,7200.0,17.9,7.2,6,2.0L-3.0L,Good
6490,Honda,Amaze,2016,Electric,Manual,2730000.0,11.2,1000,4,5100.0,27.3,5.1,8,Below 1.0L,Low
6491,Volkswagen,Virtus,2021,Petrol,Manual,410000.0,12.1,1000,4,11200.0,4.1,11.2,3,Below 1.0L,Low
6492,Volkswagen,Taigun,2018,Petrol,Manual,820000.0,28.8,2000,4,19600.0,8.2,19.6,6,1.5L-2.0L,Excellent
6493,Honda,City,2020,Diesel,Manual,1140000.0,16.5,1800,4,15900.0,11.4,15.9,4,1.5L-2.0L,Average
6494,Renault,Duster,2021,Petrol,Automatic,1400000.0,22.1,1200,6,10300.0,14.0,10.3,3,1.0L-1.5L,Good
6495,Maruti Suzuki,Dzire,2016,CNG,Automatic,1970000.0,29.7,1200,5,17400.0,19.7,17.4,8,1.0L-1.5L,Excellent
6496,Mahindra,Scorpio,2024,Diesel,Automatic,2980000.0,15.2,1500,5,21600.0,29.8,21.6,0,1.0L-1.5L,Average
6497,Tata Motors,Tiago,2023,CNG,Manual,1390000.0,13.0,2000,6,20000.0,13.9,20.0,1,1.5L-2.0L,Low
6498,Maruti Suzuki,Swift,2023,Electric,Manual,2160000.0,24.4,1000,7,11100.0,21.6,11.1,1,Below 1.0L,Good
6499,Kia,EV6,2023,Electric,Manual,2280000.0,24.0,2500,4,9400.0,22.8,9.4,1,2.0L-3.0L,Good
6500,Toyota,Fortuner,2024,Electric,Automatic,2480000.0,17.3,1200,4,9700.0,24.8,9.7,0,1.0L-1.5L,Average
6501,Mahindra,Bolero,2020,Diesel,Manual,1630000.0,14.3,2000,7,23100.0,16.3,23.1,4,1.5L-2.0L,Low
6502,Renault,Duster,2021,Diesel,Manual,870000.0,26.5,2000,4,20300.0,8.7,20.3,3,1.5L-2.0L,Excellent
6503,Volkswagen,Polo,2016,Electric,Manual,1000000.0,18.3,1500,6,5700.0,10.0,5.7,8,1.0L-1.5L,Average
6504,Mahindra,XUV700,2018,Electric,Automatic,1030000.0,17.3,2000,7,17300.0,10.3,17.3,6,1.5L-2.0L,Average
6505,Tata Motors,Punch,2024,Diesel,Manual,2020000.0,13.2,1200,6,10100.0,20.2,10.1,0,1.0L-1.5L,Low
6506,Hyundai,Creta,2019,Electric,Automatic,2240000.0,25.2,1200,5,21800.0,22.4,21.8,5,1.0L-1.5L,Excellent
6507,Renault,Duster,2021,Electric,Manual,2780000.0,23.1,1800,4,23600.0,27.8,23.6,3,1.5L-2.0L,Good
6508,Toyota,Glanza,2016,Petrol,Manual,2050000.0,24.2,1000,7,12000.0,20.5,12.0,8,Below 1.0L,Good
6509,Honda,Civic,2017,CNG,Manual,2080000.0,13.6,2000,4,15700.0,20.8,15.7,7,1.5L-2.0L,Low
6510,Honda,WR-V,2023,Diesel,Automatic,1960000.0,19.5,1000,6,10200.0,19.6,10.2,1,Below 1.0L,Average
6511,Renault,Kiger,2016,Diesel,Automatic,2870000.0,27.0,1000,4,5200.0,28.7,5.2,8,Below 1.0L,Excellent
6512,Volkswagen,Virtus,2022,Petrol,Manual,2340000.0,16.9,1800,6,5300.0,23.4,5.3,2,1.5L-2.0L,Average
6513,Volkswagen,Tiguan,2015,Electric,Manual,630000.0,20.2,800,4,19000.0,6.3,19.0,9,Below 1.0L,Good
6514,Maruti Suzuki,WagonR,2018,CNG,Manual,740000.0,11.7,1800,6,8000.0,7.4,8.0,6,1.5L-2.0L,Low
6515,Toyota,Camry,2017,CNG,Manual,3420000.0,22.3,2000,6,15500.0,34.2,15.5,7,1.5L-2.0L,Good
6516,Volkswagen,Virtus,2020,Diesel,Manual,3280000.0,18.3,800,6,22000.0,32.8,22.0,4,Below 1.0L,Average
6517,Volkswagen,Virtus,2016,Petrol,Manual,1650000.0,14.4,1000,5,14800.0,16.5,14.8,8,Below 1.0L,Low
6518,Hyundai,Venue,2021,Petrol,Automatic,2640000.0,29.1,2000,5,18400.0,26.4,18.4,3,1.5L-2.0L,Excellent
6519,Toyota,Urban Cruiser,2017,Diesel,Automatic,710000.0,25.4,2500,4,15600.0,7.1,15.6,7,2.0L-3.0L,Excellent
6520,Hyundai,Venue,2019,CNG,Automatic,1860000.0,27.7,1800,4,9500.0,18.6,9.5,5,1.5L-2.0L,Excellent
6521,Volkswagen,Vento,2015,CNG,Automatic,700000.0,15.4,2000,7,11000.0,7.0,11.0,9,1.5L-2.0L,Average
6522,Skoda,Kushaq,2024,Petrol,Automatic,3410000.0,20.8,1500,7,23200.0,34.1,23.2,0,1.0L-1.5L,Good
6523,Honda,City,2024,Petrol,Automatic,2230000.0,13.4,2500,6,9100.0,22.3,9.1,0,2.0L-3.0L,Low
6524,Honda,Jazz,2023,CNG,Automatic,1820000.0,22.3,1800,7,16600.0,18.2,16.6,1,1.5L-2.0L,Good
6525,Mahindra,Thar,2023,Electric,Automatic,1470000.0,16.3,1200,4,7100.0,14.7,7.1,1,1.0L-1.5L,Average
6526,Hyundai,Creta,2017,Diesel,Manual,1420000.0,10.7,1200,6,12600.0,14.2,12.6,7,1.0L-1.5L,Low
6527,Skoda,Superb,2018,Electric,Automatic,1500000.0,17.1,1200,4,12200.0,15.0,12.2,6,1.0L-1.5L,Average
6528,Hyundai,i20,2021,Diesel,Manual,1060000.0,29.1,1200,7,6000.0,10.6,6.0,3,1.0L-1.5L,Excellent
6529,Volkswagen,Virtus,2022,Electric,Manual,2400000.0,25.0,1800,7,11600.0,24.0,11.6,2,1.5L-2.0L,Good
6530,Kia,Sonet,2021,CNG,Automatic,2990000.0,20.4,1800,5,14800.0,29.9,14.8,3,1.5L-2.0L,Good
6531,Toyota,Fortuner,2023,Electric,Automatic,1940000.0,26.8,1800,6,19100.0,19.4,19.1,1,1.5L-2.0L,Excellent
6532,Kia,Seltos,2018,CNG,Automatic,640000.0,16.8,1500,5,17000.0,6.4,17.0,6,1.0L-1.5L,Average
6533,Skoda,Superb,2022,Petrol,Manual,3120000.0,25.3,2500,6,24600.0,31.2,24.6,2,2.0L-3.0L,Excellent
6534,Honda,Civic,2020,Petrol,Automatic,1700000.0,14.2,1000,7,22400.0,17.0,22.4,4,Below 1.0L,Low
6535,Maruti Suzuki,Swift,2023,Electric,Manual,1180000.0,20.2,2000,5,19800.0,11.8,19.8,1,1.5L-2.0L,Good
6536,Honda,Civic,2015,Electric,Automatic,1410000.0,28.5,2000,6,18900.0,14.1,18.9,9,1.5L-2.0L,Excellent
6537,Volkswagen,Virtus,2022,Petrol,Manual,3070000.0,28.0,1500,6,9000.0,30.7,9.0,2,1.0L-1.5L,Excellent
6538,Maruti Suzuki,Baleno,2021,Electric,Manual,2910000.0,18.3,800,6,23300.0,29.1,23.3,3,Below 1.0L,Average
6539,Toyota,Glanza,2017,Petrol,Manual,560000.0,21.4,1500,7,10600.0,5.6,10.6,7,1.0L-1.5L,Good
6540,Renault,Kiger,2017,Petrol,Manual,410000.0,26.0,2500,6,21000.0,4.1,21.0,7,2.0L-3.0L,Excellent
6541,Honda,WR-V,2020,Diesel,Automatic,2790000.0,29.5,1200,7,15200.0,27.9,15.2,4,1.0L-1.5L,Excellent
6542,Tata Motors,Altroz,2023,Electric,Automatic,700000.0,18.5,800,5,7900.0,7.0,7.9,1,Below 1.0L,Average
6543,Kia,Carnival,2020,CNG,Automatic,2230000.0,10.2,2500,4,16500.0,22.3,16.5,4,2.0L-3.0L,Low
6544,Renault,Triber,2024,Electric,Manual,3420000.0,10.0,800,7,11900.0,34.2,11.9,0,Below 1.0L,Low
6545,Mahindra,XUV300,2016,Diesel,Manual,1380000.0,15.0,2500,6,12500.0,13.8,12.5,8,2.0L-3.0L,Low
6546,Mahindra,Scorpio,2019,Electric,Automatic,1090000.0,29.7,1500,5,15100.0,10.9,15.1,5,1.0L-1.5L,Excellent
6547,Volkswagen,Vento,2017,CNG,Manual,1980000.0,23.1,1000,5,13500.0,19.8,13.5,7,Below 1.0L,Good
6548,Maruti Suzuki,Swift,2015,Petrol,Manual,420000.0,25.5,1500,4,13800.0,4.2,13.8,9,1.0L-1.5L,Excellent
6549,Renault,Duster,2020,CNG,Automatic,1810000.0,28.7,1800,6,17500.0,18.1,17.5,4,1.5L-2.0L,Excellent
6550,Kia,Sonet,2019,Diesel,Manual,1040000.0,27.6,1500,6,9300.0,10.4,9.3,5,1.0L-1.5L,Excellent
6551,Hyundai,Creta,2023,Petrol,Automatic,490000.0,19.1,1200,5,15300.0,4.9,15.3,1,1.0L-1.5L,Average
6552,Honda,Civic,2021,Electric,Automatic,2480000.0,27.7,1000,4,24300.0,24.8,24.3,3,Below 1.0L,Excellent
6553,Skoda,Octavia,2019,Petrol,Automatic,3490000.0,22.8,1200,5,12800.0,34.9,12.8,5,1.0L-1.5L,Good
6554,Toyota,Innova,2015,Petrol,Manual,1920000.0,19.3,1800,4,6200.0,19.2,6.2,9,1.5L-2.0L,Average
6555,Renault,Triber,2020,Electric,Automatic,1440000.0,18.2,1500,5,11500.0,14.4,11.5,4,1.0L-1.5L,Average
6556,Renault,Kwid,2021,Petrol,Manual,750000.0,15.9,2500,7,12900.0,7.5,12.9,3,2.0L-3.0L,Average
6557,Renault,Kiger,2016,Diesel,Automatic,1910000.0,23.0,1200,5,23900.0,19.1,23.9,8,1.0L-1.5L,Good
6558,Renault,Kiger,2017,Diesel,Automatic,3330000.0,20.8,2500,7,14600.0,33.3,14.6,7,2.0L-3.0L,Good
6559,Toyota,Innova,2016,Petrol,Manual,890000.0,25.7,1800,6,24400.0,8.9,24.4,8,1.5L-2.0L,Excellent
6560,Mahindra,Thar,2017,Diesel,Manual,2180000.0,21.9,2000,4,21400.0,21.8,21.4,7,1.5L-2.0L,Good
6561,Renault,Kwid,2017,Petrol,Automatic,810000.0,22.9,2500,4,13600.0,8.1,13.6,7,2.0L-3.0L,Good
6562,Tata Motors,Punch,2022,CNG,Manual,1300000.0,14.2,2000,7,24900.0,13.0,24.9,2,1.5L-2.0L,Low
6563,Maruti Suzuki,Swift,2024,Electric,Manual,2050000.0,21.7,1800,7,9900.0,20.5,9.9,0,1.5L-2.0L,Good
6564,Volkswagen,Vento,2022,CNG,Manual,2140000.0,21.7,1200,5,22000.0,21.4,22.0,2,1.0L-1.5L,Good
6565,Toyota,Glanza,2015,CNG,Automatic,2180000.0,19.3,1500,4,18000.0,21.8,18.0,9,1.0L-1.5L,Average
6566,Skoda,Superb,2021,Petrol,Manual,650000.0,13.3,1000,6,17800.0,6.5,17.8,3,Below 1.0L,Low
6567,Volkswagen,Polo,2024,Electric,Automatic,890000.0,23.2,1500,7,20000.0,8.9,20.0,0,1.0L-1.5L,Good
6568,Skoda,Superb,2021,Petrol,Manual,2240000.0,12.0,1000,5,22200.0,22.4,22.2,3,Below 1.0L,Low
6569,Tata Motors,Nexon,2018,CNG,Manual,2870000.0,18.8,2000,7,14300.0,28.7,14.3,6,1.5L-2.0L,Average
6570,Renault,Duster,2016,CNG,Manual,2250000.0,19.1,1200,6,14900.0,22.5,14.9,8,1.0L-1.5L,Average
6571,Mahindra,Bolero,2015,Electric,Manual,2080000.0,13.7,1000,7,22600.0,20.8,22.6,9,Below 1.0L,Low
6572,Toyota,Glanza,2024,CNG,Automatic,720000.0,23.2,1500,5,24200.0,7.2,24.2,0,1.0L-1.5L,Good
6573,Kia,Sonet,2022,Electric,Manual,3070000.0,10.8,800,5,10300.0,30.7,10.3,2,Below 1.0L,Low
6574,Kia,Sonet,2022,CNG,Manual,830000.0,27.2,1500,6,8500.0,8.3,8.5,2,1.0L-1.5L,Excellent
6575,Toyota,Fortuner,2023,Petrol,Manual,2550000.0,29.9,2500,7,7200.0,25.5,7.2,1,2.0L-3.0L,Excellent
6576,Volkswagen,Taigun,2020,Petrol,Manual,2580000.0,28.2,1200,6,12900.0,25.8,12.9,4,1.0L-1.5L,Excellent
6577,Honda,Civic,2019,Electric,Automatic,2070000.0,22.2,1000,7,6300.0,20.7,6.3,5,Below 1.0L,Good
6578,Tata Motors,Punch,2021,Diesel,Manual,1710000.0,14.3,1500,4,17800.0,17.1,17.8,3,1.0L-1.5L,Low
6579,Skoda,Rapid,2017,CNG,Manual,3190000.0,18.8,2500,5,16700.0,31.9,16.7,7,2.0L-3.0L,Average
6580,Skoda,Rapid,2019,Electric,Manual,920000.0,11.5,2500,4,24500.0,9.2,24.5,5,2.0L-3.0L,Low
6581,Honda,Amaze,2024,CNG,Automatic,1570000.0,25.9,1800,4,7600.0,15.7,7.6,0,1.5L-2.0L,Excellent
6582,Volkswagen,Polo,2023,Petrol,Manual,1200000.0,12.6,2500,5,7000.0,12.0,7.0,1,2.0L-3.0L,Low
6583,Skoda,Kushaq,2017,Petrol,Automatic,3290000.0,26.9,800,7,12000.0,32.9,12.0,7,Below 1.0L,Excellent
6584,Hyundai,Verna,2017,Diesel,Manual,1900000.0,10.6,1000,7,21200.0,19.0,21.2,7,Below 1.0L,Low
6585,Kia,Carens,2019,Electric,Manual,3030000.0,10.3,1000,4,12500.0,30.3,12.5,5,Below 1.0L,Low
6586,Hyundai,Venue,2020,Petrol,Manual,1620000.0,20.0,2500,5,11400.0,16.2,11.4,4,2.0L-3.0L,Average
6587,Toyota,Urban Cruiser,2020,CNG,Manual,2170000.0,16.2,1000,4,16200.0,21.7,16.2,4,Below 1.0L,Average
6588,Hyundai,Creta,2015,Diesel,Manual,930000.0,13.2,1800,5,5300.0,9.3,5.3,9,1.5L-2.0L,Low
6589,Volkswagen,Vento,2022,Petrol,Manual,2220000.0,26.5,1500,7,23700.0,22.2,23.7,2,1.0L-1.5L,Excellent
6590,Renault,Duster,2022,Diesel,Automatic,1100000.0,11.0,800,4,9100.0,11.0,9.1,2,Below 1.0L,Low
6591,Tata Motors,Punch,2023,Diesel,Automatic,3320000.0,15.6,1800,4,7400.0,33.2,7.4,1,1.5L-2.0L,Average
6592,Skoda,Octavia,2019,CNG,Automatic,1380000.0,28.3,1800,6,9700.0,13.8,9.7,5,1.5L-2.0L,Excellent
6593,Honda,WR-V,2015,Petrol,Manual,1570000.0,21.8,1200,6,5400.0,15.7,5.4,9,1.0L-1.5L,Good
6594,Maruti Suzuki,WagonR,2022,CNG,Automatic,1030000.0,21.8,1000,6,21300.0,10.3,21.3,2,Below 1.0L,Good
6595,Volkswagen,Vento,2021,CNG,Manual,2050000.0,28.1,2000,6,6000.0,20.5,6.0,3,1.5L-2.0L,Excellent
6596,Toyota,Urban Cruiser,2017,Diesel,Automatic,1600000.0,21.5,1500,5,22200.0,16.0,22.2,7,1.0L-1.5L,Good
6597,Honda,Jazz,2021,Petrol,Automatic,870000.0,29.6,800,6,8000.0,8.7,8.0,3,Below 1.0L,Excellent
6598,Maruti Suzuki,Swift,2015,CNG,Automatic,1550000.0,17.7,2500,6,14400.0,15.5,14.4,9,2.0L-3.0L,Average
6599,Renault,Lodgy,2019,Diesel,Manual,410000.0,13.9,1200,6,13700.0,4.1,13.7,5,1.0L-1.5L,Low
6600,Kia,Seltos,2020,Petrol,Manual,2410000.0,18.7,1500,6,24900.0,24.1,24.9,4,1.0L-1.5L,Average
6601,Maruti Suzuki,Ertiga,2017,Electric,Manual,3310000.0,29.1,2000,7,21300.0,33.1,21.3,7,1.5L-2.0L,Excellent
6602,Kia,EV6,2015,Petrol,Manual,1610000.0,17.4,2500,4,16200.0,16.1,16.2,9,2.0L-3.0L,Average
6603,Hyundai,Venue,2023,CNG,Manual,720000.0,13.7,2500,5,24700.0,7.2,24.7,1,2.0L-3.0L,Low
6604,Volkswagen,Polo,2019,Electric,Automatic,3160000.0,23.2,800,6,10500.0,31.6,10.5,5,Below 1.0L,Good
6605,Hyundai,Venue,2017,Diesel,Automatic,620000.0,23.1,2500,7,21100.0,6.2,21.1,7,2.0L-3.0L,Good
6606,Volkswagen,Tiguan,2020,Diesel,Automatic,2020000.0,21.9,1000,5,10400.0,20.2,10.4,4,Below 1.0L,Good
6607,Hyundai,i20,2020,CNG,Automatic,690000.0,15.1,2500,4,16300.0,6.9,16.3,4,2.0L-3.0L,Average
6608,Tata Motors,Tiago,2023,Petrol,Automatic,2150000.0,21.9,1000,6,20400.0,21.5,20.4,1,Below 1.0L,Good
6609,Mahindra,Thar,2015,Diesel,Manual,1540000.0,18.4,2000,6,5800.0,15.4,5.8,9,1.5L-2.0L,Average
6610,Volkswagen,Tiguan,2017,Electric,Manual,1040000.0,22.9,800,5,8900.0,10.4,8.9,7,Below 1.0L,Good
6611,Skoda,Slavia,2015,Diesel,Manual,3450000.0,14.8,1800,7,6700.0,34.5,6.7,9,1.5L-2.0L,Low
6612,Maruti Suzuki,WagonR,2019,Electric,Manual,2590000.0,27.9,1500,6,10600.0,25.9,10.6,5,1.0L-1.5L,Excellent
6613,Toyota,Fortuner,2015,Petrol,Automatic,2060000.0,14.2,1500,4,12600.0,20.6,12.6,9,1.0L-1.5L,Low
6614,Maruti Suzuki,Baleno,2021,Electric,Manual,2370000.0,28.7,1800,7,17800.0,23.7,17.8,3,1.5L-2.0L,Excellent
6615,Volkswagen,Virtus,2023,CNG,Automatic,2620000.0,19.5,2500,4,6500.0,26.2,6.5,1,2.0L-3.0L,Average
6616,Honda,Jazz,2024,Diesel,Manual,1670000.0,29.2,800,6,6400.0,16.7,6.4,0,Below 1.0L,Excellent
6617,Maruti Suzuki,Ertiga,2022,Electric,Automatic,1210000.0,14.7,800,7,22500.0,12.1,22.5,2,Below 1.0L,Low
6618,Volkswagen,Taigun,2017,Diesel,Manual,1200000.0,15.1,2500,4,17100.0,12.0,17.1,7,2.0L-3.0L,Average
6619,Mahindra,XUV300,2019,Electric,Manual,1890000.0,20.6,2500,7,20200.0,18.9,20.2,5,2.0L-3.0L,Good
6620,Toyota,Urban Cruiser,2016,Diesel,Automatic,770000.0,16.6,800,4,8800.0,7.7,8.8,8,Below 1.0L,Average
6621,Mahindra,Bolero,2024,Diesel,Manual,710000.0,11.5,1000,6,11000.0,7.1,11.0,0,Below 1.0L,Low
6622,Mahindra,XUV700,2020,Petrol,Manual,3270000.0,17.1,1500,5,6300.0,32.7,6.3,4,1.0L-1.5L,Average
6623,Skoda,Octavia,2015,CNG,Automatic,2340000.0,17.3,1200,5,21400.0,23.4,21.4,9,1.0L-1.5L,Average
6624,Kia,Carnival,2017,Diesel,Manual,2710000.0,17.4,1500,5,8700.0,27.1,8.7,7,1.0L-1.5L,Average
6625,Skoda,Superb,2020,Petrol,Manual,1030000.0,21.8,800,6,8500.0,10.3,8.5,4,Below 1.0L,Good
6626,Volkswagen,Virtus,2019,Diesel,Automatic,1700000.0,11.6,1500,4,11100.0,17.0,11.1,5,1.0L-1.5L,Low
6627,Volkswagen,Vento,2017,Diesel,Manual,480000.0,10.2,2500,7,16500.0,4.8,16.5,7,2.0L-3.0L,Low
6628,Mahindra,Thar,2016,Petrol,Automatic,2110000.0,16.0,1200,5,24800.0,21.1,24.8,8,1.0L-1.5L,Average
6629,Tata Motors,Punch,2016,CNG,Automatic,470000.0,16.0,800,6,7300.0,4.7,7.3,8,Below 1.0L,Average
6630,Mahindra,Bolero,2017,Petrol,Automatic,1700000.0,25.2,1000,4,12500.0,17.0,12.5,7,Below 1.0L,Excellent
6631,Toyota,Urban Cruiser,2017,Diesel,Automatic,2420000.0,11.8,1200,7,16400.0,24.2,16.4,7,1.0L-1.5L,Low
6632,Skoda,Slavia,2023,Petrol,Manual,1000000.0,11.2,2000,4,17700.0,10.0,17.7,1,1.5L-2.0L,Low
6633,Mahindra,Thar,2017,Diesel,Automatic,2530000.0,27.0,2500,5,14200.0,25.3,14.2,7,2.0L-3.0L,Excellent
6634,Hyundai,i20,2019,Diesel,Automatic,2560000.0,22.4,1800,4,11700.0,25.6,11.7,5,1.5L-2.0L,Good
6635,Skoda,Octavia,2021,Electric,Manual,990000.0,13.2,1800,6,11100.0,9.9,11.1,3,1.5L-2.0L,Low
6636,Renault,Lodgy,2022,Petrol,Manual,3470000.0,19.3,1800,5,9600.0,34.7,9.6,2,1.5L-2.0L,Average
6637,Maruti Suzuki,Swift,2024,Petrol,Automatic,3400000.0,20.9,1200,6,5500.0,34.0,5.5,0,1.0L-1.5L,Good
6638,Skoda,Octavia,2020,CNG,Manual,840000.0,13.1,1800,7,21100.0,8.4,21.1,4,1.5L-2.0L,Low
6639,Skoda,Slavia,2021,CNG,Automatic,940000.0,14.8,1800,4,12300.0,9.4,12.3,3,1.5L-2.0L,Low
6640,Renault,Kiger,2016,Diesel,Automatic,1690000.0,15.8,800,6,23100.0,16.9,23.1,8,Below 1.0L,Average
6641,Kia,EV6,2016,CNG,Automatic,1460000.0,15.8,2500,7,23500.0,14.6,23.5,8,2.0L-3.0L,Average
6642,Toyota,Camry,2015,Electric,Manual,740000.0,12.4,2500,7,24500.0,7.4,24.5,9,2.0L-3.0L,Low
6643,Toyota,Glanza,2019,Diesel,Automatic,1720000.0,19.1,2000,4,9000.0,17.2,9.0,5,1.5L-2.0L,Average
6644,Hyundai,Creta,2024,Diesel,Automatic,2780000.0,12.6,1000,6,18600.0,27.8,18.6,0,Below 1.0L,Low
6645,Renault,Triber,2018,Diesel,Automatic,1600000.0,13.5,2500,7,13100.0,16.0,13.1,6,2.0L-3.0L,Low
6646,Toyota,Fortuner,2015,Electric,Automatic,2000000.0,21.1,1800,4,9600.0,20.0,9.6,9,1.5L-2.0L,Good
6647,Hyundai,i20,2022,Petrol,Manual,420000.0,25.3,2500,7,6200.0,4.2,6.2,2,2.0L-3.0L,Excellent
6648,Toyota,Fortuner,2024,Petrol,Automatic,2630000.0,24.1,1500,4,11000.0,26.3,11.0,0,1.0L-1.5L,Good
6649,Renault,Kwid,2017,Electric,Automatic,1580000.0,23.1,2000,5,6800.0,15.8,6.8,7,1.5L-2.0L,Good
6650,Kia,Carens,2015,Electric,Manual,2440000.0,21.3,1200,7,17300.0,24.4,17.3,9,1.0L-1.5L,Good
6651,Renault,Lodgy,2017,Electric,Automatic,2420000.0,21.4,1200,4,15200.0,24.2,15.2,7,1.0L-1.5L,Good
6652,Mahindra,Thar,2019,Petrol,Automatic,1740000.0,29.1,1500,6,6400.0,17.4,6.4,5,1.0L-1.5L,Excellent
6653,Volkswagen,Tiguan,2021,Petrol,Manual,3370000.0,27.7,1500,7,15200.0,33.7,15.2,3,1.0L-1.5L,Excellent
6654,Mahindra,Thar,2022,Petrol,Manual,2840000.0,28.8,2500,7,23800.0,28.4,23.8,2,2.0L-3.0L,Excellent
6655,Tata Motors,Harrier,2022,Petrol,Automatic,1650000.0,23.9,2000,5,8900.0,16.5,8.9,2,1.5L-2.0L,Good
6656,Tata Motors,Harrier,2022,Diesel,Manual,1690000.0,20.8,1500,4,18100.0,16.9,18.1,2,1.0L-1.5L,Good
6657,Kia,EV6,2015,Diesel,Manual,2250000.0,24.9,1500,6,11000.0,22.5,11.0,9,1.0L-1.5L,Good
6658,Honda,City,2017,Electric,Automatic,2110000.0,26.5,1200,5,20800.0,21.1,20.8,7,1.0L-1.5L,Excellent
6659,Toyota,Glanza,2016,Electric,Manual,3280000.0,27.4,2500,5,22800.0,32.8,22.8,8,2.0L-3.0L,Excellent
6660,Tata Motors,Altroz,2016,CNG,Automatic,3470000.0,17.7,800,6,10300.0,34.7,10.3,8,Below 1.0L,Average
6661,Kia,Sonet,2015,Electric,Manual,2760000.0,15.8,800,6,20500.0,27.6,20.5,9,Below 1.0L,Average
6662,Maruti Suzuki,Ertiga,2021,Electric,Manual,2400000.0,22.8,2000,6,11200.0,24.0,11.2,3,1.5L-2.0L,Good
6663,Kia,Carens,2018,Electric,Manual,2590000.0,13.2,1200,7,5700.0,25.9,5.7,6,1.0L-1.5L,Low
6664,Toyota,Urban Cruiser,2024,Petrol,Manual,3130000.0,22.2,1000,7,10000.0,31.3,10.0,0,Below 1.0L,Good
6665,Maruti Suzuki,Swift,2022,Diesel,Manual,2390000.0,12.4,2000,5,10200.0,23.9,10.2,2,1.5L-2.0L,Low
6666,Toyota,Camry,2020,Petrol,Manual,3330000.0,22.2,2500,6,21700.0,33.3,21.7,4,2.0L-3.0L,Good
6667,Mahindra,Thar,2017,Diesel,Manual,570000.0,19.7,800,4,5700.0,5.7,5.7,7,Below 1.0L,Average
6668,Toyota,Urban Cruiser,2022,Electric,Manual,1070000.0,24.5,800,5,19000.0,10.7,19.0,2,Below 1.0L,Good
6669,Honda,Jazz,2022,Electric,Manual,2880000.0,13.2,1000,4,20300.0,28.8,20.3,2,Below 1.0L,Low
6670,Renault,Triber,2022,CNG,Automatic,930000.0,10.7,800,5,5700.0,9.3,5.7,2,Below 1.0L,Low
6671,Renault,Triber,2022,Diesel,Automatic,2350000.0,25.8,800,4,13900.0,23.5,13.9,2,Below 1.0L,Excellent
6672,Renault,Triber,2020,Petrol,Automatic,470000.0,26.0,1800,6,19200.0,4.7,19.2,4,1.5L-2.0L,Excellent
6673,Hyundai,i10,2022,Petrol,Manual,3460000.0,11.0,1500,7,24000.0,34.6,24.0,2,1.0L-1.5L,Low
6674,Toyota,Fortuner,2023,Diesel,Automatic,2600000.0,10.0,2500,7,17200.0,26.0,17.2,1,2.0L-3.0L,Low
6675,Skoda,Kushaq,2019,CNG,Manual,560000.0,29.7,1500,4,6900.0,5.6,6.9,5,1.0L-1.5L,Excellent
6676,Mahindra,Thar,2024,Diesel,Automatic,480000.0,14.1,1500,7,8800.0,4.8,8.8,0,1.0L-1.5L,Low
6677,Honda,Jazz,2021,Electric,Automatic,2090000.0,14.0,2500,7,12100.0,20.9,12.1,3,2.0L-3.0L,Low
6678,Volkswagen,Tiguan,2020,Petrol,Manual,3350000.0,18.7,2500,4,7800.0,33.5,7.8,4,2.0L-3.0L,Average
6679,Toyota,Camry,2015,CNG,Manual,2320000.0,16.0,800,4,19000.0,23.2,19.0,9,Below 1.0L,Average
6680,Maruti Suzuki,Ertiga,2017,Electric,Automatic,1780000.0,28.0,1000,7,8800.0,17.8,8.8,7,Below 1.0L,Excellent
6681,Toyota,Innova,2024,CNG,Manual,600000.0,20.7,2000,5,9000.0,6.0,9.0,0,1.5L-2.0L,Good
6682,Kia,Carnival,2015,Diesel,Manual,1840000.0,24.8,800,6,19500.0,18.4,19.5,9,Below 1.0L,Good
6683,Toyota,Camry,2015,Petrol,Automatic,520000.0,28.7,2000,6,16400.0,5.2,16.4,9,1.5L-2.0L,Excellent
6684,Renault,Triber,2023,Petrol,Manual,3140000.0,22.3,2000,4,15300.0,31.4,15.3,1,1.5L-2.0L,Good
6685,Skoda,Kushaq,2016,CNG,Manual,1770000.0,22.8,1000,7,15400.0,17.7,15.4,8,Below 1.0L,Good
6686,Hyundai,Verna,2017,Petrol,Automatic,1670000.0,10.5,1200,5,9200.0,16.7,9.2,7,1.0L-1.5L,Low
6687,Volkswagen,Taigun,2017,Diesel,Manual,1180000.0,10.7,1800,7,16300.0,11.8,16.3,7,1.5L-2.0L,Low
6688,Tata Motors,Punch,2021,Petrol,Manual,1600000.0,26.9,1800,7,24400.0,16.0,24.4,3,1.5L-2.0L,Excellent
6689,Renault,Kiger,2024,Petrol,Automatic,1560000.0,21.1,1200,6,10900.0,15.6,10.9,0,1.0L-1.5L,Good
6690,Volkswagen,Taigun,2018,CNG,Automatic,1380000.0,26.9,2000,4,20900.0,13.8,20.9,6,1.5L-2.0L,Excellent
6691,Toyota,Urban Cruiser,2021,Diesel,Manual,2900000.0,21.9,1800,4,7800.0,29.0,7.8,3,1.5L-2.0L,Good
6692,Skoda,Rapid,2024,Diesel,Automatic,2220000.0,19.6,2000,6,5600.0,22.2,5.6,0,1.5L-2.0L,Average
6693,Skoda,Kushaq,2023,CNG,Manual,570000.0,19.1,1800,4,6000.0,5.7,6.0,1,1.5L-2.0L,Average
6694,Tata Motors,Tiago,2022,Petrol,Automatic,3300000.0,22.9,1200,7,6700.0,33.0,6.7,2,1.0L-1.5L,Good
6695,Volkswagen,Tiguan,2023,CNG,Manual,1700000.0,24.0,2000,7,17100.0,17.0,17.1,1,1.5L-2.0L,Good
6696,Maruti Suzuki,Dzire,2024,Petrol,Manual,1510000.0,15.6,1000,6,13300.0,15.1,13.3,0,Below 1.0L,Average
6697,Maruti Suzuki,WagonR,2016,CNG,Automatic,1110000.0,15.7,1500,4,5100.0,11.1,5.1,8,1.0L-1.5L,Average
6698,Skoda,Kushaq,2021,Electric,Automatic,1990000.0,23.8,2000,7,7800.0,19.9,7.8,3,1.5L-2.0L,Good
6699,Skoda,Superb,2021,CNG,Manual,2930000.0,20.0,1000,6,16800.0,29.3,16.8,3,Below 1.0L,Average
6700,Renault,Kwid,2016,Petrol,Automatic,2360000.0,18.7,2500,4,21200.0,23.6,21.2,8,2.0L-3.0L,Average
6701,Hyundai,Venue,2016,Petrol,Automatic,1740000.0,21.4,800,7,19000.0,17.4,19.0,8,Below 1.0L,Good
6702,Skoda,Kushaq,2016,CNG,Manual,640000.0,29.7,800,5,8700.0,6.4,8.7,8,Below 1.0L,Excellent
6703,Tata Motors,Altroz,2016,Diesel,Manual,2260000.0,18.8,800,4,22600.0,22.6,22.6,8,Below 1.0L,Average
6704,Renault,Kiger,2017,CNG,Automatic,1880000.0,16.1,2500,4,22800.0,18.8,22.8,7,2.0L-3.0L,Average
6705,Kia,Seltos,2015,Electric,Automatic,1620000.0,18.8,2000,6,5700.0,16.2,5.7,9,1.5L-2.0L,Average
6706,Volkswagen,Taigun,2015,Diesel,Manual,940000.0,10.6,1000,6,11900.0,9.4,11.9,9,Below 1.0L,Low
6707,Kia,Seltos,2019,CNG,Automatic,1000000.0,19.7,800,4,21200.0,10.0,21.2,5,Below 1.0L,Average
6708,Toyota,Urban Cruiser,2018,Petrol,Manual,1590000.0,15.7,1500,6,10600.0,15.9,10.6,6,1.0L-1.5L,Average
6709,Toyota,Glanza,2023,Petrol,Automatic,2030000.0,21.1,2500,6,20900.0,20.3,20.9,1,2.0L-3.0L,Good
6710,Hyundai,Creta,2019,CNG,Automatic,2980000.0,23.5,1000,7,9100.0,29.8,9.1,5,Below 1.0L,Good
6711,Hyundai,i20,2023,Diesel,Automatic,1040000.0,12.2,2000,5,7200.0,10.4,7.2,1,1.5L-2.0L,Low
6712,Mahindra,Bolero,2020,Petrol,Automatic,930000.0,29.9,1800,7,18700.0,9.3,18.7,4,1.5L-2.0L,Excellent
6713,Mahindra,Scorpio,2020,CNG,Manual,1310000.0,26.3,800,7,16800.0,13.1,16.8,4,Below 1.0L,Excellent
6714,Honda,Amaze,2020,CNG,Manual,2330000.0,20.3,2000,5,5400.0,23.3,5.4,4,1.5L-2.0L,Good
6715,Skoda,Slavia,2018,CNG,Manual,1580000.0,10.1,2000,6,16900.0,15.8,16.9,6,1.5L-2.0L,Low
6716,Mahindra,Scorpio,2023,Electric,Manual,2210000.0,12.1,1500,7,22100.0,22.1,22.1,1,1.0L-1.5L,Low
6717,Renault,Duster,2015,Diesel,Automatic,1180000.0,25.6,1000,7,22400.0,11.8,22.4,9,Below 1.0L,Excellent
6718,Tata Motors,Punch,2017,Diesel,Automatic,2460000.0,25.7,1000,5,6800.0,24.6,6.8,7,Below 1.0L,Excellent
6719,Volkswagen,Taigun,2021,Petrol,Automatic,790000.0,25.9,1200,7,8000.0,7.9,8.0,3,1.0L-1.5L,Excellent
6720,Kia,Seltos,2021,Electric,Manual,980000.0,23.8,800,5,14000.0,9.8,14.0,3,Below 1.0L,Good
6721,Maruti Suzuki,Baleno,2015,Electric,Automatic,2550000.0,11.6,1500,4,15400.0,25.5,15.4,9,1.0L-1.5L,Low
6722,Honda,Amaze,2024,Electric,Manual,3090000.0,11.6,2500,4,7100.0,30.9,7.1,0,2.0L-3.0L,Low
6723,Volkswagen,Virtus,2023,CNG,Manual,2190000.0,19.8,2000,5,20400.0,21.9,20.4,1,1.5L-2.0L,Average
6724,Skoda,Slavia,2021,CNG,Manual,3070000.0,26.0,800,5,20900.0,30.7,20.9,3,Below 1.0L,Excellent
6725,Skoda,Superb,2020,CNG,Automatic,2060000.0,24.6,1000,7,17600.0,20.6,17.6,4,Below 1.0L,Good
6726,Renault,Lodgy,2017,Diesel,Automatic,1190000.0,16.5,1200,6,12600.0,11.9,12.6,7,1.0L-1.5L,Average
6727,Mahindra,XUV300,2023,Petrol,Automatic,1500000.0,21.1,1500,6,8000.0,15.0,8.0,1,1.0L-1.5L,Good
6728,Volkswagen,Virtus,2020,Petrol,Automatic,2650000.0,14.9,1000,7,5200.0,26.5,5.2,4,Below 1.0L,Low
6729,Kia,EV6,2021,Petrol,Manual,2980000.0,29.5,2500,6,24200.0,29.8,24.2,3,2.0L-3.0L,Excellent
6730,Renault,Kwid,2015,Petrol,Automatic,2620000.0,20.0,1500,7,11900.0,26.2,11.9,9,1.0L-1.5L,Average
6731,Maruti Suzuki,Ertiga,2022,Electric,Automatic,2120000.0,29.8,1800,7,22900.0,21.2,22.9,2,1.5L-2.0L,Excellent
6732,Tata Motors,Harrier,2015,Petrol,Manual,3490000.0,11.9,2000,7,10000.0,34.9,10.0,9,1.5L-2.0L,Low
6733,Renault,Triber,2023,Electric,Manual,2700000.0,23.3,2000,5,13700.0,27.0,13.7,1,1.5L-2.0L,Good
6734,Volkswagen,Taigun,2024,Diesel,Automatic,1810000.0,12.3,2500,5,10100.0,18.1,10.1,0,2.0L-3.0L,Low
6735,Honda,City,2020,CNG,Automatic,1560000.0,12.4,2500,4,6300.0,15.6,6.3,4,2.0L-3.0L,Low
6736,Renault,Duster,2019,Petrol,Manual,1670000.0,16.0,2000,6,7400.0,16.7,7.4,5,1.5L-2.0L,Average
6737,Mahindra,Thar,2023,Diesel,Automatic,1260000.0,29.6,800,4,11000.0,12.6,11.0,1,Below 1.0L,Excellent
6738,Volkswagen,Tiguan,2019,Electric,Manual,1370000.0,26.5,2500,7,5100.0,13.7,5.1,5,2.0L-3.0L,Excellent
6739,Honda,Civic,2020,Diesel,Automatic,1350000.0,26.6,1500,7,19100.0,13.5,19.1,4,1.0L-1.5L,Excellent
6740,Volkswagen,Taigun,2018,Diesel,Manual,2700000.0,25.7,1800,6,24800.0,27.0,24.8,6,1.5L-2.0L,Excellent
6741,Tata Motors,Punch,2017,Diesel,Automatic,3170000.0,24.0,1800,5,13600.0,31.7,13.6,7,1.5L-2.0L,Good
6742,Volkswagen,Vento,2015,Petrol,Manual,450000.0,25.8,2000,7,20700.0,4.5,20.7,9,1.5L-2.0L,Excellent
6743,Kia,EV6,2019,Electric,Manual,2370000.0,17.6,2500,6,19800.0,23.7,19.8,5,2.0L-3.0L,Average
6744,Honda,Jazz,2023,Petrol,Automatic,1080000.0,21.4,800,4,21300.0,10.8,21.3,1,Below 1.0L,Good
6745,Skoda,Slavia,2017,Diesel,Manual,1520000.0,26.4,2000,4,14000.0,15.2,14.0,7,1.5L-2.0L,Excellent
6746,Kia,EV6,2024,Diesel,Manual,1760000.0,12.5,800,6,13900.0,17.6,13.9,0,Below 1.0L,Low
6747,Tata Motors,Tiago,2016,CNG,Manual,1410000.0,26.4,1000,7,7500.0,14.1,7.5,8,Below 1.0L,Excellent
6748,Hyundai,i20,2022,CNG,Manual,2990000.0,28.4,1800,4,22500.0,29.9,22.5,2,1.5L-2.0L,Excellent
6749,Kia,Carnival,2021,CNG,Automatic,2480000.0,17.0,1000,4,11600.0,24.8,11.6,3,Below 1.0L,Average
6750,Hyundai,i10,2024,Petrol,Manual,2030000.0,18.6,1000,4,16400.0,20.3,16.4,0,Below 1.0L,Average
6751,Honda,Civic,2020,Electric,Automatic,1210000.0,14.6,1500,7,5900.0,12.1,5.9,4,1.0L-1.5L,Low
6752,Mahindra,Bolero,2018,Diesel,Manual,3050000.0,23.6,800,4,17600.0,30.5,17.6,6,Below 1.0L,Good
6753,Skoda,Kushaq,2016,Electric,Automatic,2520000.0,14.3,2500,4,8000.0,25.2,8.0,8,2.0L-3.0L,Low
6754,Mahindra,Bolero,2018,Diesel,Automatic,3110000.0,14.9,1500,4,23100.0,31.1,23.1,6,1.0L-1.5L,Low
6755,Volkswagen,Tiguan,2023,CNG,Manual,2210000.0,27.2,1800,4,25000.0,22.1,25.0,1,1.5L-2.0L,Excellent
6756,Honda,WR-V,2019,Diesel,Automatic,450000.0,26.3,2000,7,22900.0,4.5,22.9,5,1.5L-2.0L,Excellent
6757,Kia,Carnival,2017,Diesel,Automatic,1720000.0,25.8,800,6,19800.0,17.2,19.8,7,Below 1.0L,Excellent
6758,Tata Motors,Punch,2016,Petrol,Manual,1290000.0,16.9,1800,5,15000.0,12.9,15.0,8,1.5L-2.0L,Average
6759,Honda,City,2015,Diesel,Manual,1690000.0,20.9,1800,5,6600.0,16.9,6.6,9,1.5L-2.0L,Good
6760,Tata Motors,Harrier,2021,CNG,Automatic,880000.0,13.6,2000,7,10700.0,8.8,10.7,3,1.5L-2.0L,Low
6761,Toyota,Glanza,2020,Diesel,Manual,1620000.0,20.1,1500,4,18300.0,16.2,18.3,4,1.0L-1.5L,Good
6762,Hyundai,i20,2023,CNG,Manual,1850000.0,28.1,2000,6,8600.0,18.5,8.6,1,1.5L-2.0L,Excellent
6763,Hyundai,i20,2023,Electric,Manual,2390000.0,12.2,800,4,11900.0,23.9,11.9,1,Below 1.0L,Low
6764,Hyundai,Verna,2021,CNG,Manual,600000.0,12.7,1800,7,12900.0,6.0,12.9,3,1.5L-2.0L,Low
6765,Volkswagen,Polo,2016,CNG,Manual,2220000.0,13.5,1800,5,7500.0,22.2,7.5,8,1.5L-2.0L,Low
6766,Skoda,Superb,2017,Diesel,Automatic,2570000.0,22.7,1000,5,21200.0,25.7,21.2,7,Below 1.0L,Good
6767,Mahindra,Bolero,2023,Diesel,Automatic,3480000.0,22.0,2000,7,13700.0,34.8,13.7,1,1.5L-2.0L,Good
6768,Kia,Seltos,2018,Petrol,Automatic,2720000.0,12.1,2500,6,18100.0,27.2,18.1,6,2.0L-3.0L,Low
6769,Honda,WR-V,2021,CNG,Manual,1660000.0,29.7,1000,4,10200.0,16.6,10.2,3,Below 1.0L,Excellent
6770,Honda,Amaze,2015,Diesel,Automatic,1760000.0,23.4,1000,7,19300.0,17.6,19.3,9,Below 1.0L,Good
6771,Renault,Triber,2023,CNG,Automatic,1140000.0,24.0,800,5,7000.0,11.4,7.0,1,Below 1.0L,Good
6772,Honda,Jazz,2024,Electric,Manual,1650000.0,21.3,1200,4,16400.0,16.5,16.4,0,1.0L-1.5L,Good
6773,Kia,EV6,2020,Electric,Manual,1350000.0,12.0,1800,6,16100.0,13.5,16.1,4,1.5L-2.0L,Low
6774,Volkswagen,Tiguan,2024,Diesel,Automatic,1650000.0,23.8,1200,5,23200.0,16.5,23.2,0,1.0L-1.5L,Good
6775,Maruti Suzuki,WagonR,2021,Electric,Manual,2900000.0,17.6,2000,7,7900.0,29.0,7.9,3,1.5L-2.0L,Average
6776,Hyundai,Verna,2024,CNG,Manual,2010000.0,18.2,1000,6,5800.0,20.1,5.8,0,Below 1.0L,Average
6777,Tata Motors,Harrier,2022,CNG,Automatic,1290000.0,21.6,1000,4,19800.0,12.9,19.8,2,Below 1.0L,Good
6778,Mahindra,Thar,2020,Diesel,Manual,1300000.0,17.0,800,4,19900.0,13.0,19.9,4,Below 1.0L,Average
6779,Honda,Civic,2017,CNG,Manual,2790000.0,19.3,2000,7,22100.0,27.9,22.1,7,1.5L-2.0L,Average
6780,Renault,Triber,2021,Electric,Automatic,2630000.0,18.6,1200,5,8300.0,26.3,8.3,3,1.0L-1.5L,Average
6781,Honda,Jazz,2023,Diesel,Automatic,1790000.0,23.0,800,6,15600.0,17.9,15.6,1,Below 1.0L,Good
6782,Mahindra,XUV700,2015,Diesel,Automatic,1180000.0,25.3,1500,7,17000.0,11.8,17.0,9,1.0L-1.5L,Excellent
6783,Hyundai,Venue,2019,Electric,Manual,2490000.0,25.0,1500,7,6100.0,24.9,6.1,5,1.0L-1.5L,Good
6784,Hyundai,Creta,2018,Petrol,Manual,1310000.0,15.9,2000,4,5500.0,13.1,5.5,6,1.5L-2.0L,Average
6785,Volkswagen,Polo,2015,Diesel,Automatic,660000.0,28.0,2500,7,21200.0,6.6,21.2,9,2.0L-3.0L,Excellent
6786,Maruti Suzuki,Swift,2017,Electric,Manual,1260000.0,15.9,2500,5,13900.0,12.6,13.9,7,2.0L-3.0L,Average
6787,Skoda,Superb,2023,Petrol,Manual,3170000.0,20.8,2000,7,19400.0,31.7,19.4,1,1.5L-2.0L,Good
6788,Renault,Kiger,2023,CNG,Manual,650000.0,16.3,800,4,5100.0,6.5,5.1,1,Below 1.0L,Average
6789,Tata Motors,Punch,2017,Electric,Manual,1350000.0,26.0,1800,7,7200.0,13.5,7.2,7,1.5L-2.0L,Excellent
6790,Hyundai,i10,2015,Diesel,Automatic,1070000.0,20.9,1200,5,23900.0,10.7,23.9,9,1.0L-1.5L,Good
6791,Honda,Jazz,2019,Electric,Automatic,1100000.0,10.2,2500,6,15000.0,11.0,15.0,5,2.0L-3.0L,Low
6792,Renault,Kwid,2018,CNG,Automatic,580000.0,15.5,2000,7,8400.0,5.8,8.4,6,1.5L-2.0L,Average
6793,Hyundai,i10,2022,CNG,Automatic,3160000.0,21.1,2000,5,22500.0,31.6,22.5,2,1.5L-2.0L,Good
6794,Tata Motors,Nexon,2018,CNG,Manual,2290000.0,20.1,2000,4,10200.0,22.9,10.2,6,1.5L-2.0L,Good
6795,Kia,Sonet,2019,Diesel,Automatic,840000.0,20.8,1000,5,22100.0,8.4,22.1,5,Below 1.0L,Good
6796,Mahindra,Bolero,2023,Electric,Manual,1050000.0,23.2,1000,4,5200.0,10.5,5.2,1,Below 1.0L,Good
6797,Maruti Suzuki,Baleno,2024,CNG,Manual,1720000.0,30.0,1200,6,5200.0,17.2,5.2,0,1.0L-1.5L,Excellent
6798,Tata Motors,Altroz,2020,CNG,Automatic,750000.0,26.0,1500,4,6600.0,7.5,6.6,4,1.0L-1.5L,Excellent
6799,Tata Motors,Punch,2020,CNG,Manual,1490000.0,17.2,1500,6,16800.0,14.9,16.8,4,1.0L-1.5L,Average
6800,Hyundai,i10,2016,Petrol,Automatic,1680000.0,27.7,1000,7,21100.0,16.8,21.1,8,Below 1.0L,Excellent
6801,Volkswagen,Virtus,2023,CNG,Manual,870000.0,20.2,1000,6,10600.0,8.7,10.6,1,Below 1.0L,Good
6802,Hyundai,Venue,2019,Petrol,Manual,3150000.0,16.3,2500,5,8700.0,31.5,8.7,5,2.0L-3.0L,Average
6803,Tata Motors,Altroz,2022,Diesel,Manual,1620000.0,22.7,1200,4,21900.0,16.2,21.9,2,1.0L-1.5L,Good
6804,Kia,Seltos,2023,CNG,Manual,2710000.0,25.6,2500,4,11400.0,27.1,11.4,1,2.0L-3.0L,Excellent
6805,Tata Motors,Nexon,2017,Electric,Automatic,1990000.0,23.6,1200,4,17900.0,19.9,17.9,7,1.0L-1.5L,Good
6806,Toyota,Urban Cruiser,2016,CNG,Automatic,1590000.0,23.0,1800,7,11500.0,15.9,11.5,8,1.5L-2.0L,Good
6807,Hyundai,i10,2022,CNG,Automatic,2190000.0,24.5,800,7,5300.0,21.9,5.3,2,Below 1.0L,Good
6808,Mahindra,XUV700,2024,CNG,Manual,2710000.0,24.0,1500,7,20200.0,27.1,20.2,0,1.0L-1.5L,Good
6809,Maruti Suzuki,Baleno,2016,CNG,Manual,3310000.0,18.2,1800,6,22000.0,33.1,22.0,8,1.5L-2.0L,Average
6810,Renault,Triber,2021,Diesel,Manual,1200000.0,14.1,800,5,16700.0,12.0,16.7,3,Below 1.0L,Low
6811,Volkswagen,Tiguan,2020,Petrol,Manual,2690000.0,30.0,2500,7,23500.0,26.9,23.5,4,2.0L-3.0L,Excellent
6812,Kia,Carnival,2017,CNG,Automatic,2400000.0,24.1,1800,5,19800.0,24.0,19.8,7,1.5L-2.0L,Good
6813,Mahindra,XUV300,2018,Diesel,Automatic,2430000.0,25.6,1500,7,6600.0,24.3,6.6,6,1.0L-1.5L,Excellent
6814,Volkswagen,Tiguan,2016,Electric,Manual,2950000.0,30.0,1500,5,6800.0,29.5,6.8,8,1.0L-1.5L,Excellent
6815,Hyundai,i20,2023,CNG,Automatic,3000000.0,14.3,1500,5,15600.0,30.0,15.6,1,1.0L-1.5L,Low
6816,Tata Motors,Punch,2023,Diesel,Automatic,3000000.0,10.5,2000,5,23400.0,30.0,23.4,1,1.5L-2.0L,Low
6817,Hyundai,Creta,2023,Diesel,Manual,2470000.0,11.0,1500,5,6100.0,24.7,6.1,1,1.0L-1.5L,Low
6818,Renault,Duster,2019,CNG,Automatic,1200000.0,16.3,2500,4,15900.0,12.0,15.9,5,2.0L-3.0L,Average
6819,Mahindra,Thar,2015,Diesel,Manual,560000.0,17.9,2500,4,5400.0,5.6,5.4,9,2.0L-3.0L,Average
6820,Toyota,Fortuner,2018,Electric,Manual,1900000.0,14.0,1000,4,21700.0,19.0,21.7,6,Below 1.0L,Low
6821,Kia,Seltos,2024,Petrol,Automatic,760000.0,22.3,1500,6,16800.0,7.6,16.8,0,1.0L-1.5L,Good
6822,Mahindra,Thar,2022,CNG,Automatic,1650000.0,28.9,2500,5,20300.0,16.5,20.3,2,2.0L-3.0L,Excellent
6823,Tata Motors,Harrier,2018,Electric,Manual,1920000.0,14.2,1200,6,14000.0,19.2,14.0,6,1.0L-1.5L,Low
6824,Mahindra,XUV700,2023,CNG,Manual,2730000.0,21.5,2000,5,13900.0,27.3,13.9,1,1.5L-2.0L,Good
6825,Honda,Amaze,2020,Petrol,Automatic,590000.0,11.2,1500,6,6900.0,5.9,6.9,4,1.0L-1.5L,Low
6826,Hyundai,Venue,2024,Electric,Automatic,2680000.0,20.0,800,5,7800.0,26.8,7.8,0,Below 1.0L,Average
6827,Mahindra,Scorpio,2022,Petrol,Manual,2870000.0,12.1,1000,6,16200.0,28.7,16.2,2,Below 1.0L,Low
6828,Skoda,Kushaq,2015,Electric,Manual,2050000.0,22.2,1800,4,12300.0,20.5,12.3,9,1.5L-2.0L,Good
6829,Renault,Lodgy,2016,Diesel,Automatic,1950000.0,26.9,1800,6,16000.0,19.5,16.0,8,1.5L-2.0L,Excellent
6830,Maruti Suzuki,Ertiga,2015,Electric,Automatic,670000.0,17.9,1800,7,9100.0,6.7,9.1,9,1.5L-2.0L,Average
6831,Renault,Kiger,2019,Electric,Manual,2440000.0,13.0,1200,7,9800.0,24.4,9.8,5,1.0L-1.5L,Low
6832,Hyundai,i20,2023,CNG,Automatic,2260000.0,20.3,800,7,5100.0,22.6,5.1,1,Below 1.0L,Good
6833,Toyota,Urban Cruiser,2021,Diesel,Manual,2250000.0,27.4,2000,6,17400.0,22.5,17.4,3,1.5L-2.0L,Excellent
6834,Tata Motors,Tiago,2018,Petrol,Automatic,1650000.0,13.6,800,7,21100.0,16.5,21.1,6,Below 1.0L,Low
6835,Tata Motors,Altroz,2022,Electric,Manual,3030000.0,21.1,2000,5,24200.0,30.3,24.2,2,1.5L-2.0L,Good
6836,Toyota,Fortuner,2024,Diesel,Manual,490000.0,12.6,800,4,21300.0,4.9,21.3,0,Below 1.0L,Low
6837,Hyundai,i10,2020,Petrol,Automatic,1690000.0,13.3,800,4,22900.0,16.9,22.9,4,Below 1.0L,Low
6838,Renault,Lodgy,2021,CNG,Manual,2800000.0,10.7,2000,7,7000.0,28.0,7.0,3,1.5L-2.0L,Low
6839,Honda,WR-V,2022,Diesel,Automatic,2020000.0,14.7,1800,5,14700.0,20.2,14.7,2,1.5L-2.0L,Low
6840,Tata Motors,Tiago,2016,CNG,Manual,2420000.0,25.4,2000,4,10500.0,24.2,10.5,8,1.5L-2.0L,Excellent
6841,Mahindra,Thar,2021,CNG,Manual,590000.0,21.9,1200,7,19900.0,5.9,19.9,3,1.0L-1.5L,Good
6842,Maruti Suzuki,Swift,2022,CNG,Manual,2190000.0,29.9,2500,6,22400.0,21.9,22.4,2,2.0L-3.0L,Excellent
6843,Mahindra,Bolero,2015,Petrol,Manual,860000.0,29.7,1000,6,12600.0,8.6,12.6,9,Below 1.0L,Excellent
6844,Skoda,Slavia,2016,Petrol,Manual,1510000.0,16.7,1800,6,8300.0,15.1,8.3,8,1.5L-2.0L,Average
6845,Maruti Suzuki,Ertiga,2015,Diesel,Automatic,2930000.0,20.5,1200,4,21800.0,29.3,21.8,9,1.0L-1.5L,Good
6846,Mahindra,XUV700,2020,Petrol,Automatic,2250000.0,25.9,1000,5,16400.0,22.5,16.4,4,Below 1.0L,Excellent
6847,Kia,Sonet,2024,Diesel,Manual,2730000.0,19.3,2000,6,10600.0,27.3,10.6,0,1.5L-2.0L,Average
6848,Hyundai,Verna,2015,CNG,Manual,2260000.0,23.5,1800,4,11100.0,22.6,11.1,9,1.5L-2.0L,Good
6849,Mahindra,Thar,2015,CNG,Automatic,2060000.0,29.9,2000,5,11900.0,20.6,11.9,9,1.5L-2.0L,Excellent
6850,Volkswagen,Vento,2020,Petrol,Manual,1830000.0,21.1,1000,4,12100.0,18.3,12.1,4,Below 1.0L,Good
6851,Hyundai,Creta,2018,CNG,Manual,2640000.0,11.9,2000,7,17200.0,26.4,17.2,6,1.5L-2.0L,Low
6852,Renault,Kiger,2018,Electric,Automatic,1980000.0,21.8,800,4,7400.0,19.8,7.4,6,Below 1.0L,Good
6853,Volkswagen,Tiguan,2016,CNG,Manual,1800000.0,12.2,2000,5,17300.0,18.0,17.3,8,1.5L-2.0L,Low
6854,Tata Motors,Punch,2024,Petrol,Automatic,1520000.0,19.4,1000,4,7600.0,15.2,7.6,0,Below 1.0L,Average
6855,Honda,Civic,2017,Petrol,Manual,1320000.0,18.8,1800,7,9400.0,13.2,9.4,7,1.5L-2.0L,Average
6856,Skoda,Slavia,2023,CNG,Manual,1070000.0,28.5,1500,5,10800.0,10.7,10.8,1,1.0L-1.5L,Excellent
6857,Honda,Amaze,2023,Diesel,Manual,1380000.0,29.7,1500,4,16300.0,13.8,16.3,1,1.0L-1.5L,Excellent
6858,Toyota,Glanza,2016,CNG,Automatic,570000.0,29.2,1500,7,14200.0,5.7,14.2,8,1.0L-1.5L,Excellent
6859,Maruti Suzuki,Ertiga,2024,Petrol,Automatic,1780000.0,12.8,2000,6,20200.0,17.8,20.2,0,1.5L-2.0L,Low
6860,Mahindra,XUV300,2023,CNG,Automatic,2550000.0,13.8,1000,7,12300.0,25.5,12.3,1,Below 1.0L,Low
6861,Volkswagen,Vento,2021,Petrol,Manual,3490000.0,14.7,1200,5,21000.0,34.9,21.0,3,1.0L-1.5L,Low
6862,Skoda,Octavia,2023,Petrol,Automatic,2030000.0,13.3,2000,7,24000.0,20.3,24.0,1,1.5L-2.0L,Low
6863,Kia,Carens,2024,Electric,Manual,1790000.0,12.3,1800,6,6700.0,17.9,6.7,0,1.5L-2.0L,Low
6864,Skoda,Octavia,2021,Petrol,Automatic,1230000.0,28.3,1800,6,22100.0,12.3,22.1,3,1.5L-2.0L,Excellent
6865,Volkswagen,Virtus,2021,Petrol,Automatic,3190000.0,23.8,2500,4,20900.0,31.9,20.9,3,2.0L-3.0L,Good
6866,Volkswagen,Virtus,2015,Diesel,Automatic,2130000.0,21.1,1500,4,24400.0,21.3,24.4,9,1.0L-1.5L,Good
6867,Hyundai,Creta,2024,Electric,Manual,3400000.0,15.1,1200,7,17800.0,34.0,17.8,0,1.0L-1.5L,Average
6868,Renault,Kiger,2018,Electric,Automatic,840000.0,15.2,1800,5,16800.0,8.4,16.8,6,1.5L-2.0L,Average
6869,Kia,Seltos,2016,CNG,Automatic,3160000.0,20.6,1800,6,20000.0,31.6,20.0,8,1.5L-2.0L,Good
6870,Toyota,Urban Cruiser,2016,Diesel,Manual,2190000.0,18.1,1200,7,8500.0,21.9,8.5,8,1.0L-1.5L,Average
6871,Maruti Suzuki,Swift,2017,Petrol,Manual,2090000.0,11.1,1500,4,16100.0,20.9,16.1,7,1.0L-1.5L,Low
6872,Mahindra,Scorpio,2015,Electric,Manual,1850000.0,20.8,1200,6,6700.0,18.5,6.7,9,1.0L-1.5L,Good
6873,Renault,Triber,2022,Electric,Automatic,1280000.0,10.2,2500,4,14000.0,12.8,14.0,2,2.0L-3.0L,Low
6874,Tata Motors,Altroz,2015,Petrol,Automatic,570000.0,25.8,800,7,11300.0,5.7,11.3,9,Below 1.0L,Excellent
6875,Maruti Suzuki,Dzire,2023,Diesel,Manual,980000.0,25.4,1800,5,9300.0,9.8,9.3,1,1.5L-2.0L,Excellent
6876,Hyundai,i10,2023,Petrol,Automatic,2210000.0,11.3,1200,7,5100.0,22.1,5.1,1,1.0L-1.5L,Low
6877,Volkswagen,Vento,2015,CNG,Automatic,3290000.0,20.5,1500,4,11900.0,32.9,11.9,9,1.0L-1.5L,Good
6878,Tata Motors,Nexon,2015,Electric,Manual,2260000.0,17.0,2000,5,6100.0,22.6,6.1,9,1.5L-2.0L,Average
6879,Renault,Kwid,2023,Petrol,Automatic,2850000.0,16.8,1500,5,21900.0,28.5,21.9,1,1.0L-1.5L,Average
6880,Toyota,Urban Cruiser,2024,Petrol,Manual,3030000.0,25.6,2500,4,18500.0,30.3,18.5,0,2.0L-3.0L,Excellent
6881,Renault,Duster,2015,Diesel,Automatic,2130000.0,13.5,2500,4,9000.0,21.3,9.0,9,2.0L-3.0L,Low
6882,Hyundai,i10,2023,Electric,Automatic,2010000.0,14.8,2500,5,19800.0,20.1,19.8,1,2.0L-3.0L,Low
6883,Toyota,Urban Cruiser,2015,CNG,Manual,2650000.0,16.1,2500,7,20500.0,26.5,20.5,9,2.0L-3.0L,Average
6884,Kia,Sonet,2016,Diesel,Automatic,2510000.0,26.2,1000,4,10500.0,25.1,10.5,8,Below 1.0L,Excellent
6885,Kia,Carens,2015,Petrol,Manual,2070000.0,23.1,1500,5,18400.0,20.7,18.4,9,1.0L-1.5L,Good
6886,Mahindra,XUV700,2015,Diesel,Manual,2980000.0,28.3,800,5,7300.0,29.8,7.3,9,Below 1.0L,Excellent
6887,Skoda,Rapid,2018,CNG,Automatic,2120000.0,29.5,2000,5,21000.0,21.2,21.0,6,1.5L-2.0L,Excellent
6888,Tata Motors,Nexon,2021,Diesel,Manual,3110000.0,20.0,2000,6,21300.0,31.1,21.3,3,1.5L-2.0L,Average
6889,Hyundai,Verna,2017,Petrol,Automatic,2170000.0,18.0,2500,4,15100.0,21.7,15.1,7,2.0L-3.0L,Average
6890,Volkswagen,Virtus,2021,Petrol,Manual,1860000.0,17.3,800,6,7700.0,18.6,7.7,3,Below 1.0L,Average
6891,Skoda,Kushaq,2018,CNG,Manual,1130000.0,10.3,2000,7,8300.0,11.3,8.3,6,1.5L-2.0L,Low
6892,Renault,Lodgy,2021,Petrol,Automatic,3480000.0,11.5,2500,6,8500.0,34.8,8.5,3,2.0L-3.0L,Low
6893,Maruti Suzuki,Swift,2015,Petrol,Manual,750000.0,11.4,2000,5,16000.0,7.5,16.0,9,1.5L-2.0L,Low
6894,Kia,Carens,2024,CNG,Manual,2510000.0,10.6,2500,5,9000.0,25.1,9.0,0,2.0L-3.0L,Low
6895,Kia,Carens,2022,Petrol,Automatic,3040000.0,19.5,800,6,7200.0,30.4,7.2,2,Below 1.0L,Average
6896,Kia,Carens,2022,Petrol,Automatic,2820000.0,13.3,800,6,16900.0,28.2,16.9,2,Below 1.0L,Low
6897,Mahindra,XUV700,2017,CNG,Automatic,2230000.0,11.2,800,7,6200.0,22.3,6.2,7,Below 1.0L,Low
6898,Renault,Kwid,2017,Diesel,Manual,670000.0,20.5,1500,7,18100.0,6.7,18.1,7,1.0L-1.5L,Good
6899,Toyota,Fortuner,2023,Diesel,Automatic,3110000.0,27.4,2500,4,10700.0,31.1,10.7,1,2.0L-3.0L,Excellent
6900,Renault,Kwid,2017,CNG,Automatic,1610000.0,22.9,1200,7,13100.0,16.1,13.1,7,1.0L-1.5L,Good
6901,Volkswagen,Polo,2019,Electric,Automatic,550000.0,11.9,2500,5,22200.0,5.5,22.2,5,2.0L-3.0L,Low
6902,Renault,Kiger,2024,Diesel,Automatic,1030000.0,19.0,2500,4,13400.0,10.3,13.4,0,2.0L-3.0L,Average
6903,Volkswagen,Virtus,2021,Diesel,Manual,1440000.0,24.4,1200,5,9800.0,14.4,9.8,3,1.0L-1.5L,Good
6904,Volkswagen,Virtus,2017,Diesel,Automatic,3200000.0,24.9,1200,4,7800.0,32.0,7.8,7,1.0L-1.5L,Good
6905,Maruti Suzuki,Dzire,2021,Diesel,Manual,2240000.0,15.4,1000,7,21300.0,22.4,21.3,3,Below 1.0L,Average
6906,Maruti Suzuki,Dzire,2016,CNG,Automatic,1700000.0,27.9,2000,6,6600.0,17.0,6.6,8,1.5L-2.0L,Excellent
6907,Renault,Kiger,2019,Petrol,Manual,2840000.0,29.9,1500,7,23500.0,28.4,23.5,5,1.0L-1.5L,Excellent
6908,Tata Motors,Altroz,2015,Petrol,Automatic,2370000.0,29.1,2000,7,16600.0,23.7,16.6,9,1.5L-2.0L,Excellent
6909,Skoda,Kushaq,2016,CNG,Automatic,3020000.0,11.6,800,6,15600.0,30.2,15.6,8,Below 1.0L,Low
6910,Renault,Duster,2022,Electric,Automatic,1870000.0,23.1,800,6,13700.0,18.7,13.7,2,Below 1.0L,Good
6911,Skoda,Superb,2024,Petrol,Automatic,1310000.0,17.6,1000,4,20000.0,13.1,20.0,0,Below 1.0L,Average
6912,Toyota,Camry,2021,Petrol,Automatic,2960000.0,26.5,2500,7,17700.0,29.6,17.7,3,2.0L-3.0L,Excellent
6913,Honda,WR-V,2022,CNG,Automatic,470000.0,25.3,1500,4,8400.0,4.7,8.4,2,1.0L-1.5L,Excellent
6914,Maruti Suzuki,Baleno,2024,Diesel,Manual,2580000.0,20.6,800,7,18300.0,25.8,18.3,0,Below 1.0L,Good
6915,Mahindra,Scorpio,2023,Diesel,Manual,1290000.0,10.6,1000,5,22300.0,12.9,22.3,1,Below 1.0L,Low
6916,Kia,Carnival,2023,Electric,Automatic,2350000.0,11.7,2500,5,13300.0,23.5,13.3,1,2.0L-3.0L,Low
6917,Kia,Seltos,2023,Diesel,Automatic,2500000.0,24.6,1200,4,18100.0,25.0,18.1,1,1.0L-1.5L,Good
6918,Renault,Lodgy,2022,Electric,Manual,2580000.0,25.0,1000,5,22300.0,25.8,22.3,2,Below 1.0L,Good
6919,Honda,Jazz,2019,Diesel,Manual,800000.0,18.4,2000,7,13200.0,8.0,13.2,5,1.5L-2.0L,Average
6920,Renault,Duster,2023,Electric,Manual,2810000.0,14.1,2000,6,17600.0,28.1,17.6,1,1.5L-2.0L,Low
6921,Toyota,Fortuner,2023,Electric,Automatic,940000.0,17.6,1200,5,22400.0,9.4,22.4,1,1.0L-1.5L,Average
6922,Skoda,Slavia,2024,Petrol,Manual,2330000.0,11.9,2500,4,22500.0,23.3,22.5,0,2.0L-3.0L,Low
6923,Hyundai,i20,2020,Petrol,Automatic,2130000.0,27.4,1200,6,9600.0,21.3,9.6,4,1.0L-1.5L,Excellent
6924,Renault,Triber,2021,Diesel,Automatic,2200000.0,20.0,1000,5,22800.0,22.0,22.8,3,Below 1.0L,Average
6925,Honda,Amaze,2015,Petrol,Automatic,780000.0,10.1,2500,6,13100.0,7.8,13.1,9,2.0L-3.0L,Low
6926,Renault,Lodgy,2022,Diesel,Automatic,2450000.0,18.8,1000,5,18100.0,24.5,18.1,2,Below 1.0L,Average
6927,Skoda,Slavia,2015,CNG,Automatic,870000.0,11.9,1000,6,9800.0,8.7,9.8,9,Below 1.0L,Low
6928,Toyota,Camry,2024,Petrol,Automatic,1750000.0,19.8,1800,7,9000.0,17.5,9.0,0,1.5L-2.0L,Average
6929,Toyota,Urban Cruiser,2022,CNG,Automatic,670000.0,25.6,2000,4,8900.0,6.7,8.9,2,1.5L-2.0L,Excellent
6930,Kia,EV6,2018,Electric,Automatic,3250000.0,19.7,1500,5,16300.0,32.5,16.3,6,1.0L-1.5L,Average
6931,Kia,Sonet,2024,CNG,Manual,940000.0,23.5,1500,5,23100.0,9.4,23.1,0,1.0L-1.5L,Good
6932,Maruti Suzuki,Ertiga,2017,Electric,Manual,1990000.0,26.3,800,5,8700.0,19.9,8.7,7,Below 1.0L,Excellent
6933,Tata Motors,Punch,2024,Electric,Automatic,3450000.0,28.8,2500,7,7800.0,34.5,7.8,0,2.0L-3.0L,Excellent
6934,Mahindra,Scorpio,2019,Petrol,Manual,2400000.0,28.2,1800,5,21300.0,24.0,21.3,5,1.5L-2.0L,Excellent
6935,Volkswagen,Taigun,2020,Diesel,Manual,1200000.0,11.3,1000,5,20400.0,12.0,20.4,4,Below 1.0L,Low
6936,Tata Motors,Altroz,2019,CNG,Manual,570000.0,10.6,800,5,14400.0,5.7,14.4,5,Below 1.0L,Low
6937,Renault,Triber,2024,Electric,Manual,1100000.0,26.3,1000,7,7200.0,11.0,7.2,0,Below 1.0L,Excellent
6938,Renault,Kwid,2021,CNG,Manual,3360000.0,21.1,1800,4,21600.0,33.6,21.6,3,1.5L-2.0L,Good
6939,Tata Motors,Tiago,2024,Petrol,Manual,500000.0,26.0,1800,6,10100.0,5.0,10.1,0,1.5L-2.0L,Excellent
6940,Toyota,Camry,2023,Petrol,Automatic,1030000.0,10.5,1500,7,18300.0,10.3,18.3,1,1.0L-1.5L,Low
6941,Skoda,Octavia,2017,Diesel,Automatic,1480000.0,23.8,1000,4,18300.0,14.8,18.3,7,Below 1.0L,Good
6942,Tata Motors,Punch,2016,CNG,Manual,3400000.0,29.5,2500,4,24600.0,34.0,24.6,8,2.0L-3.0L,Excellent
6943,Tata Motors,Tiago,2022,CNG,Manual,1760000.0,15.2,2500,5,12700.0,17.6,12.7,2,2.0L-3.0L,Average
6944,Honda,Amaze,2021,Electric,Automatic,3070000.0,14.1,1200,5,21400.0,30.7,21.4,3,1.0L-1.5L,Low
6945,Maruti Suzuki,Ertiga,2020,Diesel,Automatic,2390000.0,21.0,2500,6,18900.0,23.9,18.9,4,2.0L-3.0L,Good
6946,Mahindra,Bolero,2015,Petrol,Manual,2070000.0,29.8,1200,4,5500.0,20.7,5.5,9,1.0L-1.5L,Excellent
6947,Maruti Suzuki,Ertiga,2020,Electric,Manual,1090000.0,14.5,2000,7,17700.0,10.9,17.7,4,1.5L-2.0L,Low
6948,Volkswagen,Tiguan,2022,CNG,Manual,400000.0,26.2,800,7,21200.0,4.0,21.2,2,Below 1.0L,Excellent
6949,Kia,Carnival,2019,CNG,Automatic,700000.0,20.6,1500,4,8800.0,7.0,8.8,5,1.0L-1.5L,Good
6950,Hyundai,Verna,2024,Electric,Manual,2800000.0,20.3,1500,6,14100.0,28.0,14.1,0,1.0L-1.5L,Good
6951,Skoda,Octavia,2022,Petrol,Automatic,2980000.0,24.9,1200,4,16100.0,29.8,16.1,2,1.0L-1.5L,Good
6952,Kia,Carens,2017,Petrol,Manual,1010000.0,27.4,2000,4,21800.0,10.1,21.8,7,1.5L-2.0L,Excellent
6953,Volkswagen,Taigun,2015,Diesel,Automatic,970000.0,14.1,800,4,22900.0,9.7,22.9,9,Below 1.0L,Low
6954,Maruti Suzuki,WagonR,2020,Petrol,Manual,1620000.0,20.5,1500,6,13700.0,16.2,13.7,4,1.0L-1.5L,Good
6955,Volkswagen,Taigun,2017,Electric,Automatic,1650000.0,19.9,1800,4,23600.0,16.5,23.6,7,1.5L-2.0L,Average
6956,Honda,City,2020,Electric,Automatic,3080000.0,25.0,2500,5,14000.0,30.8,14.0,4,2.0L-3.0L,Good
6957,Toyota,Fortuner,2022,Electric,Automatic,2590000.0,18.6,2500,4,17500.0,25.9,17.5,2,2.0L-3.0L,Average
6958,Skoda,Superb,2022,Electric,Manual,2640000.0,19.2,800,6,24500.0,26.4,24.5,2,Below 1.0L,Average
6959,Skoda,Slavia,2016,Petrol,Automatic,2270000.0,27.1,2500,6,8900.0,22.7,8.9,8,2.0L-3.0L,Excellent
6960,Honda,Amaze,2019,CNG,Automatic,1450000.0,20.1,1200,5,14500.0,14.5,14.5,5,1.0L-1.5L,Good
6961,Skoda,Superb,2015,CNG,Automatic,700000.0,29.9,2500,6,19900.0,7.0,19.9,9,2.0L-3.0L,Excellent
6962,Toyota,Camry,2023,Petrol,Automatic,1170000.0,26.4,1000,5,22900.0,11.7,22.9,1,Below 1.0L,Excellent
6963,Maruti Suzuki,Ertiga,2016,CNG,Manual,2130000.0,27.8,1500,7,16300.0,21.3,16.3,8,1.0L-1.5L,Excellent
6964,Tata Motors,Nexon,2015,Diesel,Automatic,3280000.0,26.2,1000,6,22800.0,32.8,22.8,9,Below 1.0L,Excellent
6965,Honda,Civic,2022,Diesel,Manual,1630000.0,23.5,800,6,10900.0,16.3,10.9,2,Below 1.0L,Good
6966,Maruti Suzuki,Dzire,2020,Electric,Automatic,3150000.0,21.7,2000,4,13800.0,31.5,13.8,4,1.5L-2.0L,Good
6967,Tata Motors,Nexon,2024,Petrol,Automatic,820000.0,14.9,2000,5,12800.0,8.2,12.8,0,1.5L-2.0L,Low
6968,Honda,Civic,2024,Diesel,Manual,1740000.0,14.6,1500,5,7100.0,17.4,7.1,0,1.0L-1.5L,Low
6969,Honda,Amaze,2021,Electric,Automatic,1020000.0,23.0,1500,7,9900.0,10.2,9.9,3,1.0L-1.5L,Good
6970,Hyundai,Verna,2017,CNG,Automatic,1250000.0,23.0,1000,6,11400.0,12.5,11.4,7,Below 1.0L,Good
6971,Volkswagen,Tiguan,2017,CNG,Automatic,2880000.0,23.2,1800,5,20300.0,28.8,20.3,7,1.5L-2.0L,Good
6972,Renault,Kiger,2019,CNG,Automatic,1040000.0,24.2,1000,4,10600.0,10.4,10.6,5,Below 1.0L,Good
6973,Skoda,Octavia,2022,Diesel,Manual,3480000.0,29.0,1500,5,15800.0,34.8,15.8,2,1.0L-1.5L,Excellent
6974,Kia,Seltos,2016,Electric,Manual,1810000.0,26.1,1000,6,24100.0,18.1,24.1,8,Below 1.0L,Excellent
6975,Renault,Triber,2024,CNG,Automatic,1590000.0,24.8,2000,6,22600.0,15.9,22.6,0,1.5L-2.0L,Good
6976,Kia,Sonet,2022,Electric,Automatic,2040000.0,14.4,2500,6,9000.0,20.4,9.0,2,2.0L-3.0L,Low
6977,Tata Motors,Altroz,2023,Petrol,Automatic,650000.0,27.5,1800,4,7300.0,6.5,7.3,1,1.5L-2.0L,Excellent
6978,Kia,EV6,2024,CNG,Automatic,1270000.0,20.0,1500,4,5800.0,12.7,5.8,0,1.0L-1.5L,Average
6979,Tata Motors,Altroz,2023,Electric,Manual,2210000.0,29.3,1000,6,14900.0,22.1,14.9,1,Below 1.0L,Excellent
6980,Tata Motors,Harrier,2018,Electric,Automatic,820000.0,29.3,2500,7,21500.0,8.2,21.5,6,2.0L-3.0L,Excellent
6981,Maruti Suzuki,WagonR,2018,CNG,Automatic,2130000.0,14.5,800,7,22200.0,21.3,22.2,6,Below 1.0L,Low
6982,Skoda,Superb,2022,Petrol,Manual,880000.0,24.3,1800,4,14100.0,8.8,14.1,2,1.5L-2.0L,Good
6983,Maruti Suzuki,Swift,2018,Diesel,Manual,1660000.0,15.8,2000,4,7800.0,16.6,7.8,6,1.5L-2.0L,Average
6984,Maruti Suzuki,Dzire,2018,Petrol,Manual,3080000.0,22.9,1800,6,24300.0,30.8,24.3,6,1.5L-2.0L,Good
6985,Maruti Suzuki,Baleno,2015,Electric,Automatic,2130000.0,16.8,800,4,23500.0,21.3,23.5,9,Below 1.0L,Average
6986,Honda,Jazz,2021,Electric,Manual,450000.0,25.7,1800,5,8900.0,4.5,8.9,3,1.5L-2.0L,Excellent
6987,Volkswagen,Vento,2018,Electric,Manual,2350000.0,27.4,800,7,16400.0,23.5,16.4,6,Below 1.0L,Excellent
6988,Honda,WR-V,2017,CNG,Automatic,1970000.0,22.4,2000,5,16200.0,19.7,16.2,7,1.5L-2.0L,Good
6989,Toyota,Glanza,2024,CNG,Automatic,840000.0,24.2,1800,6,22000.0,8.4,22.0,0,1.5L-2.0L,Good
6990,Tata Motors,Nexon,2017,Electric,Automatic,2340000.0,21.2,1500,6,18400.0,23.4,18.4,7,1.0L-1.5L,Good
6991,Hyundai,i10,2020,Petrol,Manual,2550000.0,26.3,2000,7,9300.0,25.5,9.3,4,1.5L-2.0L,Excellent
6992,Maruti Suzuki,WagonR,2020,Electric,Automatic,1380000.0,18.9,1000,4,24300.0,13.8,24.3,4,Below 1.0L,Average
6993,Skoda,Octavia,2022,Electric,Manual,1850000.0,16.6,800,6,13800.0,18.5,13.8,2,Below 1.0L,Average
6994,Tata Motors,Tiago,2019,CNG,Manual,910000.0,24.5,2000,5,15200.0,9.1,15.2,5,1.5L-2.0L,Good
6995,Kia,Seltos,2018,Electric,Manual,670000.0,27.4,2500,7,14300.0,6.7,14.3,6,2.0L-3.0L,Excellent
6996,Mahindra,Bolero,2023,Electric,Automatic,1360000.0,28.4,1500,6,22200.0,13.6,22.2,1,1.0L-1.5L,Excellent
6997,Mahindra,Thar,2019,Electric,Manual,2490000.0,10.5,1500,5,12100.0,24.9,12.1,5,1.0L-1.5L,Low
6998,Kia,Carens,2024,Diesel,Manual,2460000.0,25.4,800,6,17500.0,24.6,17.5,0,Below 1.0L,Excellent
6999,Kia,Seltos,2020,Diesel,Automatic,3260000.0,22.2,1200,5,5600.0,32.6,5.6,4,1.0L-1.5L,Good
7000,Skoda,Kushaq,2019,CNG,Manual,680000.0,17.1,1500,5,6400.0,6.8,6.4,5,1.0L-1.5L,Average
7001,Mahindra,XUV700,2015,Petrol,Manual,460000.0,26.0,1000,6,12500.0,4.6,12.5,9,Below 1.0L,Excellent
7002,Mahindra,XUV300,2022,Petrol,Manual,1870000.0,15.0,2500,7,10600.0,18.7,10.6,2,2.0L-3.0L,Low
7003,Kia,Seltos,2018,CNG,Automatic,790000.0,20.3,1500,6,18400.0,7.9,18.4,6,1.0L-1.5L,Good
7004,Hyundai,Venue,2017,Diesel,Manual,1110000.0,18.3,1500,7,7200.0,11.1,7.2,7,1.0L-1.5L,Average
7005,Mahindra,XUV300,2015,CNG,Manual,2400000.0,12.1,1800,4,24000.0,24.0,24.0,9,1.5L-2.0L,Low
7006,Hyundai,i10,2021,Electric,Automatic,2830000.0,12.3,1800,4,24200.0,28.3,24.2,3,1.5L-2.0L,Low
7007,Tata Motors,Punch,2022,Petrol,Automatic,710000.0,19.3,800,7,16600.0,7.1,16.6,2,Below 1.0L,Average
7008,Hyundai,Creta,2016,CNG,Manual,2940000.0,16.9,800,6,16100.0,29.4,16.1,8,Below 1.0L,Average
7009,Skoda,Rapid,2021,CNG,Manual,1200000.0,10.1,2500,5,18400.0,12.0,18.4,3,2.0L-3.0L,Low
7010,Volkswagen,Tiguan,2019,CNG,Manual,2550000.0,14.5,2000,6,23300.0,25.5,23.3,5,1.5L-2.0L,Low
7011,Kia,EV6,2022,Petrol,Manual,1460000.0,14.4,1200,7,12400.0,14.6,12.4,2,1.0L-1.5L,Low
7012,Toyota,Camry,2016,Electric,Manual,1030000.0,10.3,1500,5,18200.0,10.3,18.2,8,1.0L-1.5L,Low
7013,Skoda,Octavia,2019,CNG,Automatic,420000.0,19.9,2500,7,7200.0,4.2,7.2,5,2.0L-3.0L,Average
7014,Toyota,Fortuner,2023,Electric,Manual,2060000.0,14.5,1800,7,21000.0,20.6,21.0,1,1.5L-2.0L,Low
7015,Honda,Amaze,2015,Diesel,Manual,2430000.0,12.0,1800,4,10900.0,24.3,10.9,9,1.5L-2.0L,Low
7016,Volkswagen,Vento,2017,CNG,Manual,1010000.0,18.8,2500,7,8300.0,10.1,8.3,7,2.0L-3.0L,Average
7017,Skoda,Rapid,2024,Diesel,Manual,1050000.0,12.3,2000,6,13500.0,10.5,13.5,0,1.5L-2.0L,Low
7018,Toyota,Camry,2018,Diesel,Manual,2420000.0,14.2,1000,7,9900.0,24.2,9.9,6,Below 1.0L,Low
7019,Renault,Kwid,2023,Petrol,Automatic,630000.0,24.9,2000,7,14400.0,6.3,14.4,1,1.5L-2.0L,Good
7020,Honda,Civic,2015,Petrol,Manual,3210000.0,28.4,2000,5,9000.0,32.1,9.0,9,1.5L-2.0L,Excellent
7021,Skoda,Kushaq,2017,Diesel,Manual,530000.0,10.7,2000,4,18700.0,5.3,18.7,7,1.5L-2.0L,Low
7022,Skoda,Octavia,2017,Diesel,Manual,2920000.0,17.9,800,5,11700.0,29.2,11.7,7,Below 1.0L,Average
7023,Hyundai,Venue,2016,Petrol,Manual,1330000.0,18.8,1500,6,5200.0,13.3,5.2,8,1.0L-1.5L,Average
7024,Renault,Lodgy,2021,Petrol,Manual,1540000.0,10.3,1000,7,19900.0,15.4,19.9,3,Below 1.0L,Low
7025,Honda,City,2021,Petrol,Manual,2890000.0,11.0,2500,6,20600.0,28.9,20.6,3,2.0L-3.0L,Low
7026,Tata Motors,Punch,2019,Electric,Automatic,1710000.0,28.0,800,7,13200.0,17.1,13.2,5,Below 1.0L,Excellent
7027,Skoda,Slavia,2020,Diesel,Manual,1290000.0,19.0,2500,6,24400.0,12.9,24.4,4,2.0L-3.0L,Average
7028,Kia,Carens,2023,CNG,Automatic,1240000.0,23.8,2000,6,22000.0,12.4,22.0,1,1.5L-2.0L,Good
7029,Renault,Kiger,2022,Diesel,Automatic,2820000.0,14.9,2500,4,22600.0,28.2,22.6,2,2.0L-3.0L,Low
7030,Skoda,Slavia,2016,Electric,Automatic,2480000.0,28.0,2000,4,18800.0,24.8,18.8,8,1.5L-2.0L,Excellent
7031,Maruti Suzuki,Dzire,2022,Diesel,Manual,1680000.0,21.6,1500,4,10100.0,16.8,10.1,2,1.0L-1.5L,Good
7032,Tata Motors,Harrier,2018,Diesel,Automatic,1440000.0,14.3,1500,6,11200.0,14.4,11.2,6,1.0L-1.5L,Low
7033,Hyundai,Venue,2019,CNG,Manual,830000.0,16.8,2000,7,18000.0,8.3,18.0,5,1.5L-2.0L,Average
7034,Renault,Kiger,2023,CNG,Automatic,1840000.0,22.3,1200,6,14000.0,18.4,14.0,1,1.0L-1.5L,Good
7035,Tata Motors,Altroz,2024,Diesel,Automatic,580000.0,25.5,1800,5,23300.0,5.8,23.3,0,1.5L-2.0L,Excellent
7036,Kia,Carens,2018,CNG,Manual,2490000.0,14.9,2500,4,5400.0,24.9,5.4,6,2.0L-3.0L,Low
7037,Maruti Suzuki,Ertiga,2023,Diesel,Manual,3330000.0,27.1,1200,4,8000.0,33.3,8.0,1,1.0L-1.5L,Excellent
7038,Kia,EV6,2019,Electric,Automatic,1250000.0,18.4,1800,5,22500.0,12.5,22.5,5,1.5L-2.0L,Average
7039,Tata Motors,Punch,2018,CNG,Automatic,2510000.0,20.6,1200,5,10200.0,25.1,10.2,6,1.0L-1.5L,Good
7040,Renault,Lodgy,2019,CNG,Automatic,1910000.0,23.2,1000,7,24100.0,19.1,24.1,5,Below 1.0L,Good
7041,Kia,Sonet,2019,Electric,Manual,1720000.0,14.0,1000,6,6900.0,17.2,6.9,5,Below 1.0L,Low
7042,Maruti Suzuki,Baleno,2023,Petrol,Manual,2120000.0,11.4,1500,5,15100.0,21.2,15.1,1,1.0L-1.5L,Low
7043,Hyundai,i10,2022,Diesel,Automatic,890000.0,17.7,1200,5,11500.0,8.9,11.5,2,1.0L-1.5L,Average
7044,Mahindra,Scorpio,2016,Electric,Manual,2990000.0,17.9,1500,5,8600.0,29.9,8.6,8,1.0L-1.5L,Average
7045,Volkswagen,Tiguan,2017,Electric,Automatic,480000.0,10.3,800,6,21700.0,4.8,21.7,7,Below 1.0L,Low
7046,Tata Motors,Tiago,2021,Electric,Manual,3280000.0,16.3,1200,7,22900.0,32.8,22.9,3,1.0L-1.5L,Average
7047,Skoda,Kushaq,2019,Electric,Automatic,470000.0,23.6,1500,6,13100.0,4.7,13.1,5,1.0L-1.5L,Good
7048,Skoda,Octavia,2023,CNG,Automatic,2480000.0,19.2,1200,5,19700.0,24.8,19.7,1,1.0L-1.5L,Average
7049,Kia,Sonet,2024,Petrol,Manual,490000.0,16.0,2500,4,12800.0,4.9,12.8,0,2.0L-3.0L,Average
7050,Mahindra,Scorpio,2022,Diesel,Automatic,2370000.0,23.0,2500,6,18700.0,23.7,18.7,2,2.0L-3.0L,Good
7051,Hyundai,Venue,2019,Diesel,Automatic,570000.0,20.8,2500,5,22900.0,5.7,22.9,5,2.0L-3.0L,Good
7052,Tata Motors,Altroz,2022,Electric,Automatic,3100000.0,17.7,2000,4,5700.0,31.0,5.7,2,1.5L-2.0L,Average
7053,Skoda,Rapid,2022,Electric,Manual,2920000.0,18.2,1200,7,12300.0,29.2,12.3,2,1.0L-1.5L,Average
7054,Skoda,Superb,2020,Petrol,Manual,1920000.0,13.4,1200,6,7300.0,19.2,7.3,4,1.0L-1.5L,Low
7055,Skoda,Kushaq,2023,Petrol,Automatic,1420000.0,25.6,2000,4,7000.0,14.2,7.0,1,1.5L-2.0L,Excellent
7056,Toyota,Fortuner,2024,Electric,Automatic,2320000.0,14.1,2000,4,19400.0,23.2,19.4,0,1.5L-2.0L,Low
7057,Kia,Sonet,2017,Petrol,Automatic,3470000.0,23.7,2500,4,22700.0,34.7,22.7,7,2.0L-3.0L,Good
7058,Renault,Duster,2023,Diesel,Automatic,2660000.0,11.4,2500,5,15500.0,26.6,15.5,1,2.0L-3.0L,Low
7059,Volkswagen,Polo,2015,Petrol,Automatic,2460000.0,18.0,1800,4,13700.0,24.6,13.7,9,1.5L-2.0L,Average
7060,Mahindra,XUV300,2018,Diesel,Automatic,3460000.0,28.7,2000,7,19900.0,34.6,19.9,6,1.5L-2.0L,Excellent
7061,Skoda,Slavia,2024,Petrol,Automatic,2150000.0,26.6,2500,4,15100.0,21.5,15.1,0,2.0L-3.0L,Excellent
7062,Honda,Jazz,2021,Electric,Manual,3070000.0,28.8,1800,4,17400.0,30.7,17.4,3,1.5L-2.0L,Excellent
7063,Kia,Carens,2022,Petrol,Manual,3030000.0,21.7,2000,6,14400.0,30.3,14.4,2,1.5L-2.0L,Good
7064,Renault,Triber,2015,Petrol,Automatic,2810000.0,23.7,1800,4,15500.0,28.1,15.5,9,1.5L-2.0L,Good
7065,Skoda,Octavia,2017,Petrol,Manual,2680000.0,11.3,2000,7,17300.0,26.8,17.3,7,1.5L-2.0L,Low
7066,Maruti Suzuki,Ertiga,2023,CNG,Automatic,2780000.0,11.7,1000,7,8800.0,27.8,8.8,1,Below 1.0L,Low
7067,Skoda,Rapid,2019,Petrol,Automatic,1870000.0,29.7,1000,7,10700.0,18.7,10.7,5,Below 1.0L,Excellent
7068,Skoda,Superb,2016,Petrol,Manual,1420000.0,11.5,2500,6,15300.0,14.2,15.3,8,2.0L-3.0L,Low
7069,Maruti Suzuki,Ertiga,2022,Electric,Manual,720000.0,27.2,1200,6,5800.0,7.2,5.8,2,1.0L-1.5L,Excellent
7070,Kia,Carnival,2018,Petrol,Manual,2450000.0,20.9,1200,6,14600.0,24.5,14.6,6,1.0L-1.5L,Good
7071,Skoda,Kushaq,2019,CNG,Automatic,1660000.0,17.8,1200,7,19400.0,16.6,19.4,5,1.0L-1.5L,Average
7072,Renault,Kwid,2024,Diesel,Manual,2150000.0,14.2,1800,4,18300.0,21.5,18.3,0,1.5L-2.0L,Low
7073,Mahindra,Thar,2016,Electric,Automatic,2370000.0,13.7,800,7,12700.0,23.7,12.7,8,Below 1.0L,Low
7074,Toyota,Glanza,2018,Electric,Manual,590000.0,18.7,1200,7,19000.0,5.9,19.0,6,1.0L-1.5L,Average
7075,Skoda,Kushaq,2017,CNG,Automatic,1570000.0,28.0,1500,5,22300.0,15.7,22.3,7,1.0L-1.5L,Excellent
7076,Volkswagen,Taigun,2017,Petrol,Manual,3150000.0,14.0,2500,5,14900.0,31.5,14.9,7,2.0L-3.0L,Low
7077,Kia,Sonet,2024,Electric,Manual,1210000.0,19.9,1000,5,17200.0,12.1,17.2,0,Below 1.0L,Average
7078,Honda,Jazz,2019,Petrol,Manual,560000.0,27.8,2000,4,11900.0,5.6,11.9,5,1.5L-2.0L,Excellent
7079,Tata Motors,Nexon,2017,Petrol,Automatic,2040000.0,18.1,1800,4,15300.0,20.4,15.3,7,1.5L-2.0L,Average
7080,Renault,Kiger,2017,Electric,Manual,1490000.0,17.7,2000,4,7200.0,14.9,7.2,7,1.5L-2.0L,Average
7081,Mahindra,Scorpio,2021,Petrol,Manual,3420000.0,27.3,1200,4,22400.0,34.2,22.4,3,1.0L-1.5L,Excellent
7082,Honda,WR-V,2023,CNG,Automatic,690000.0,29.1,2500,7,5800.0,6.9,5.8,1,2.0L-3.0L,Excellent
7083,Skoda,Octavia,2021,CNG,Manual,2950000.0,24.4,1000,5,13800.0,29.5,13.8,3,Below 1.0L,Good
7084,Volkswagen,Tiguan,2021,Diesel,Automatic,2900000.0,16.2,2000,6,8100.0,29.0,8.1,3,1.5L-2.0L,Average
7085,Honda,WR-V,2018,CNG,Manual,2180000.0,15.1,2000,5,9500.0,21.8,9.5,6,1.5L-2.0L,Average
7086,Honda,Amaze,2022,CNG,Manual,2040000.0,25.8,1200,7,12100.0,20.4,12.1,2,1.0L-1.5L,Excellent
7087,Skoda,Octavia,2021,Diesel,Automatic,1980000.0,28.1,2500,5,14300.0,19.8,14.3,3,2.0L-3.0L,Excellent
7088,Skoda,Superb,2020,Petrol,Automatic,870000.0,29.4,2500,4,23200.0,8.7,23.2,4,2.0L-3.0L,Excellent
7089,Kia,EV6,2022,CNG,Manual,2920000.0,22.2,1200,7,17600.0,29.2,17.6,2,1.0L-1.5L,Good
7090,Renault,Duster,2019,CNG,Manual,2320000.0,29.6,2000,7,21900.0,23.2,21.9,5,1.5L-2.0L,Excellent
7091,Maruti Suzuki,Swift,2021,CNG,Manual,1630000.0,11.1,2000,6,21300.0,16.3,21.3,3,1.5L-2.0L,Low
7092,Skoda,Superb,2024,Electric,Automatic,1070000.0,16.1,1200,4,17100.0,10.7,17.1,0,1.0L-1.5L,Average
7093,Skoda,Slavia,2015,Electric,Manual,2580000.0,12.1,1200,5,13700.0,25.8,13.7,9,1.0L-1.5L,Low
7094,Honda,WR-V,2017,Diesel,Automatic,450000.0,21.4,1200,7,20300.0,4.5,20.3,7,1.0L-1.5L,Good
7095,Toyota,Fortuner,2015,Electric,Automatic,1890000.0,23.9,1800,7,5200.0,18.9,5.2,9,1.5L-2.0L,Good
7096,Volkswagen,Polo,2020,Electric,Automatic,3180000.0,18.6,1500,6,8000.0,31.8,8.0,4,1.0L-1.5L,Average
7097,Mahindra,Bolero,2019,Diesel,Automatic,2140000.0,18.7,2500,5,13300.0,21.4,13.3,5,2.0L-3.0L,Average
7098,Volkswagen,Vento,2023,CNG,Automatic,3180000.0,26.4,2000,6,23600.0,31.8,23.6,1,1.5L-2.0L,Excellent
7099,Honda,Amaze,2021,Diesel,Automatic,780000.0,14.4,2500,7,24700.0,7.8,24.7,3,2.0L-3.0L,Low
7100,Hyundai,Venue,2021,Diesel,Manual,2180000.0,17.0,800,7,6600.0,21.8,6.6,3,Below 1.0L,Average
7101,Skoda,Rapid,2022,Petrol,Manual,3300000.0,12.3,1200,4,15800.0,33.0,15.8,2,1.0L-1.5L,Low
7102,Maruti Suzuki,WagonR,2015,CNG,Automatic,2910000.0,19.0,1500,4,18300.0,29.1,18.3,9,1.0L-1.5L,Average
7103,Volkswagen,Taigun,2016,Petrol,Manual,2760000.0,27.8,1200,4,11900.0,27.6,11.9,8,1.0L-1.5L,Excellent
7104,Maruti Suzuki,Baleno,2024,Diesel,Automatic,3480000.0,19.1,2500,7,17600.0,34.8,17.6,0,2.0L-3.0L,Average
7105,Toyota,Fortuner,2021,CNG,Manual,3300000.0,10.8,1000,7,19700.0,33.0,19.7,3,Below 1.0L,Low
7106,Toyota,Innova,2021,Petrol,Manual,2620000.0,16.0,2000,4,23800.0,26.2,23.8,3,1.5L-2.0L,Average
7107,Maruti Suzuki,Dzire,2023,Diesel,Manual,2990000.0,24.3,1000,6,19600.0,29.9,19.6,1,Below 1.0L,Good
7108,Toyota,Innova,2017,Petrol,Automatic,680000.0,12.5,2000,4,15200.0,6.8,15.2,7,1.5L-2.0L,Low
7109,Skoda,Octavia,2018,Diesel,Automatic,1530000.0,12.9,2500,5,23100.0,15.3,23.1,6,2.0L-3.0L,Low
7110,Skoda,Slavia,2015,Electric,Automatic,2100000.0,29.2,2500,5,15700.0,21.0,15.7,9,2.0L-3.0L,Excellent
7111,Volkswagen,Virtus,2019,Diesel,Manual,1380000.0,18.2,1200,6,18600.0,13.8,18.6,5,1.0L-1.5L,Average
7112,Volkswagen,Polo,2018,Petrol,Automatic,2720000.0,21.7,2500,6,10700.0,27.2,10.7,6,2.0L-3.0L,Good
7113,Kia,Sonet,2023,Diesel,Manual,1450000.0,10.9,1500,6,8600.0,14.5,8.6,1,1.0L-1.5L,Low
7114,Toyota,Urban Cruiser,2019,Diesel,Manual,2770000.0,14.6,1800,4,19900.0,27.7,19.9,5,1.5L-2.0L,Low
7115,Toyota,Camry,2021,Electric,Automatic,3300000.0,12.7,2000,4,5100.0,33.0,5.1,3,1.5L-2.0L,Low
7116,Skoda,Slavia,2015,Petrol,Manual,2420000.0,15.0,1200,5,5600.0,24.2,5.6,9,1.0L-1.5L,Low
7117,Renault,Duster,2024,Electric,Manual,1020000.0,10.3,1500,6,22500.0,10.2,22.5,0,1.0L-1.5L,Low
7118,Volkswagen,Vento,2021,Electric,Automatic,820000.0,19.9,1200,4,6400.0,8.2,6.4,3,1.0L-1.5L,Average
7119,Hyundai,Creta,2023,Diesel,Automatic,760000.0,29.3,1800,5,6400.0,7.6,6.4,1,1.5L-2.0L,Excellent
7120,Toyota,Fortuner,2023,CNG,Automatic,1000000.0,21.7,1000,5,11000.0,10.0,11.0,1,Below 1.0L,Good
7121,Skoda,Octavia,2019,CNG,Automatic,2980000.0,29.2,1000,6,7200.0,29.8,7.2,5,Below 1.0L,Excellent
7122,Hyundai,Creta,2023,Diesel,Manual,3450000.0,18.2,1200,6,14800.0,34.5,14.8,1,1.0L-1.5L,Average
7123,Kia,Seltos,2024,Diesel,Manual,2630000.0,18.9,1500,6,15500.0,26.3,15.5,0,1.0L-1.5L,Average
7124,Volkswagen,Vento,2016,Diesel,Manual,2810000.0,25.4,2000,5,22700.0,28.1,22.7,8,1.5L-2.0L,Excellent
7125,Skoda,Rapid,2019,CNG,Manual,1080000.0,14.9,2500,6,24800.0,10.8,24.8,5,2.0L-3.0L,Low
7126,Toyota,Innova,2016,CNG,Manual,2920000.0,12.7,1000,6,5900.0,29.2,5.9,8,Below 1.0L,Low
7127,Maruti Suzuki,WagonR,2023,Diesel,Manual,1200000.0,22.4,2500,7,21900.0,12.0,21.9,1,2.0L-3.0L,Good
7128,Tata Motors,Tiago,2018,CNG,Automatic,3470000.0,20.1,1800,7,24700.0,34.7,24.7,6,1.5L-2.0L,Good
7129,Tata Motors,Tiago,2023,Electric,Automatic,1640000.0,22.9,1500,4,9900.0,16.4,9.9,1,1.0L-1.5L,Good
7130,Kia,Carens,2020,Diesel,Manual,1790000.0,25.6,1200,4,24000.0,17.9,24.0,4,1.0L-1.5L,Excellent
7131,Hyundai,Verna,2019,Diesel,Automatic,3050000.0,11.3,1800,4,19900.0,30.5,19.9,5,1.5L-2.0L,Low
7132,Kia,Carnival,2021,Electric,Manual,2170000.0,11.2,2000,7,17400.0,21.7,17.4,3,1.5L-2.0L,Low
7133,Tata Motors,Tiago,2020,Electric,Manual,2390000.0,26.8,1000,6,21500.0,23.9,21.5,4,Below 1.0L,Excellent
7134,Kia,Sonet,2017,CNG,Manual,490000.0,23.3,1000,5,12000.0,4.9,12.0,7,Below 1.0L,Good
7135,Tata Motors,Nexon,2015,CNG,Manual,2610000.0,26.3,1500,4,9600.0,26.1,9.6,9,1.0L-1.5L,Excellent
7136,Maruti Suzuki,WagonR,2021,Petrol,Automatic,500000.0,11.0,2500,7,11100.0,5.0,11.1,3,2.0L-3.0L,Low
7137,Honda,WR-V,2021,CNG,Manual,3340000.0,23.7,1200,7,15600.0,33.4,15.6,3,1.0L-1.5L,Good
7138,Hyundai,i10,2018,Electric,Automatic,2920000.0,12.3,1800,4,21900.0,29.2,21.9,6,1.5L-2.0L,Low
7139,Mahindra,XUV700,2023,Diesel,Manual,3050000.0,11.7,2500,6,8400.0,30.5,8.4,1,2.0L-3.0L,Low
7140,Volkswagen,Polo,2023,CNG,Automatic,3210000.0,17.8,1800,6,21900.0,32.1,21.9,1,1.5L-2.0L,Average
7141,Kia,Seltos,2018,Electric,Automatic,1620000.0,24.6,1800,7,19400.0,16.2,19.4,6,1.5L-2.0L,Good
7142,Maruti Suzuki,WagonR,2016,Petrol,Automatic,2830000.0,26.5,2000,4,23700.0,28.3,23.7,8,1.5L-2.0L,Excellent
7143,Renault,Duster,2016,CNG,Automatic,790000.0,23.4,1000,6,23300.0,7.9,23.3,8,Below 1.0L,Good
7144,Renault,Lodgy,2019,CNG,Automatic,1720000.0,15.3,1800,4,9100.0,17.2,9.1,5,1.5L-2.0L,Average
7145,Toyota,Camry,2023,Electric,Manual,2890000.0,23.7,800,7,9000.0,28.9,9.0,1,Below 1.0L,Good
7146,Volkswagen,Taigun,2019,Diesel,Automatic,680000.0,21.5,800,4,13800.0,6.8,13.8,5,Below 1.0L,Good
7147,Hyundai,Creta,2022,Electric,Automatic,2800000.0,28.3,2500,7,14500.0,28.0,14.5,2,2.0L-3.0L,Excellent
7148,Volkswagen,Virtus,2024,Petrol,Manual,3500000.0,27.5,1500,6,12100.0,35.0,12.1,0,1.0L-1.5L,Excellent
7149,Hyundai,i20,2022,Petrol,Manual,2700000.0,19.0,1200,4,6300.0,27.0,6.3,2,1.0L-1.5L,Average
7150,Renault,Triber,2021,CNG,Manual,1000000.0,24.1,1200,6,15000.0,10.0,15.0,3,1.0L-1.5L,Good
7151,Maruti Suzuki,Dzire,2020,CNG,Manual,990000.0,23.1,1200,6,9900.0,9.9,9.9,4,1.0L-1.5L,Good
7152,Volkswagen,Virtus,2023,Diesel,Automatic,1490000.0,17.0,2000,6,8800.0,14.9,8.8,1,1.5L-2.0L,Average
7153,Renault,Lodgy,2017,CNG,Automatic,3470000.0,28.0,1800,5,22200.0,34.7,22.2,7,1.5L-2.0L,Excellent
7154,Volkswagen,Taigun,2020,CNG,Automatic,2120000.0,25.1,800,6,9100.0,21.2,9.1,4,Below 1.0L,Excellent
7155,Hyundai,i10,2019,CNG,Manual,1350000.0,14.7,1000,6,16700.0,13.5,16.7,5,Below 1.0L,Low
7156,Mahindra,XUV700,2017,CNG,Manual,2050000.0,19.9,2500,7,21000.0,20.5,21.0,7,2.0L-3.0L,Average
7157,Toyota,Glanza,2017,CNG,Manual,2040000.0,11.6,1800,4,21700.0,20.4,21.7,7,1.5L-2.0L,Low
7158,Volkswagen,Tiguan,2017,Petrol,Manual,810000.0,15.0,1200,4,12300.0,8.1,12.3,7,1.0L-1.5L,Low
7159,Renault,Lodgy,2019,CNG,Automatic,2870000.0,14.6,800,5,9300.0,28.7,9.3,5,Below 1.0L,Low
7160,Renault,Lodgy,2021,CNG,Manual,1320000.0,24.1,1200,5,8600.0,13.2,8.6,3,1.0L-1.5L,Good
7161,Renault,Triber,2023,Diesel,Manual,2860000.0,23.4,2500,4,9300.0,28.6,9.3,1,2.0L-3.0L,Good
7162,Kia,Carens,2016,Diesel,Automatic,1880000.0,14.7,800,6,22000.0,18.8,22.0,8,Below 1.0L,Low
7163,Renault,Kiger,2023,Petrol,Automatic,830000.0,19.3,2000,6,9600.0,8.3,9.6,1,1.5L-2.0L,Average
7164,Honda,Amaze,2017,Electric,Manual,3370000.0,12.9,800,4,24700.0,33.7,24.7,7,Below 1.0L,Low
7165,Maruti Suzuki,WagonR,2017,CNG,Manual,2620000.0,10.2,1800,6,15100.0,26.2,15.1,7,1.5L-2.0L,Low
7166,Maruti Suzuki,WagonR,2018,CNG,Automatic,2040000.0,29.6,1000,5,11900.0,20.4,11.9,6,Below 1.0L,Excellent
7167,Skoda,Superb,2017,Electric,Manual,1470000.0,17.2,1200,6,20200.0,14.7,20.2,7,1.0L-1.5L,Average
7168,Honda,Civic,2019,Diesel,Automatic,910000.0,15.9,1800,5,19200.0,9.1,19.2,5,1.5L-2.0L,Average
7169,Renault,Kiger,2016,Diesel,Automatic,1830000.0,22.6,1500,7,9700.0,18.3,9.7,8,1.0L-1.5L,Good
7170,Renault,Kiger,2018,Electric,Automatic,3320000.0,24.3,1000,7,24800.0,33.2,24.8,6,Below 1.0L,Good
7171,Honda,Amaze,2024,CNG,Manual,680000.0,13.8,1200,6,7500.0,6.8,7.5,0,1.0L-1.5L,Low
7172,Skoda,Rapid,2018,Diesel,Manual,2340000.0,15.1,2500,5,21700.0,23.4,21.7,6,2.0L-3.0L,Average
7173,Renault,Kiger,2022,Petrol,Automatic,3370000.0,19.5,800,5,5400.0,33.7,5.4,2,Below 1.0L,Average
7174,Maruti Suzuki,Ertiga,2016,CNG,Automatic,860000.0,22.1,800,4,17700.0,8.6,17.7,8,Below 1.0L,Good
7175,Kia,Carens,2016,CNG,Manual,3060000.0,24.4,800,4,21100.0,30.6,21.1,8,Below 1.0L,Good
7176,Tata Motors,Tiago,2023,CNG,Manual,1290000.0,20.3,2000,4,13000.0,12.9,13.0,1,1.5L-2.0L,Good
7177,Skoda,Rapid,2024,CNG,Manual,1190000.0,29.8,2500,4,6200.0,11.9,6.2,0,2.0L-3.0L,Excellent
7178,Toyota,Fortuner,2021,Electric,Manual,2530000.0,23.8,1500,5,22400.0,25.3,22.4,3,1.0L-1.5L,Good
7179,Maruti Suzuki,WagonR,2019,Electric,Manual,1080000.0,19.3,1500,7,20500.0,10.8,20.5,5,1.0L-1.5L,Average
7180,Mahindra,XUV700,2023,Electric,Manual,2080000.0,15.1,1200,4,8800.0,20.8,8.8,1,1.0L-1.5L,Average
7181,Tata Motors,Punch,2018,Petrol,Automatic,2040000.0,13.6,1500,7,14000.0,20.4,14.0,6,1.0L-1.5L,Low
7182,Mahindra,Thar,2020,CNG,Manual,1570000.0,13.2,1800,6,9100.0,15.7,9.1,4,1.5L-2.0L,Low
7183,Renault,Duster,2018,Diesel,Automatic,1270000.0,23.2,1800,4,20100.0,12.7,20.1,6,1.5L-2.0L,Good
7184,Honda,City,2017,Electric,Manual,2440000.0,18.4,800,4,16000.0,24.4,16.0,7,Below 1.0L,Average
7185,Hyundai,Venue,2021,Diesel,Automatic,1280000.0,27.3,1800,4,10900.0,12.8,10.9,3,1.5L-2.0L,Excellent
7186,Volkswagen,Tiguan,2017,CNG,Automatic,1460000.0,12.2,800,5,19200.0,14.6,19.2,7,Below 1.0L,Low
7187,Renault,Duster,2021,Petrol,Manual,2780000.0,29.4,1200,6,17800.0,27.8,17.8,3,1.0L-1.5L,Excellent
7188,Tata Motors,Nexon,2020,Petrol,Manual,680000.0,16.0,1800,7,21500.0,6.8,21.5,4,1.5L-2.0L,Average
7189,Renault,Kiger,2020,Diesel,Automatic,1220000.0,16.2,800,5,16600.0,12.2,16.6,4,Below 1.0L,Average
7190,Honda,Amaze,2019,Petrol,Manual,1390000.0,17.4,1200,6,7500.0,13.9,7.5,5,1.0L-1.5L,Average
7191,Kia,EV6,2024,Petrol,Automatic,850000.0,12.9,2000,7,6200.0,8.5,6.2,0,1.5L-2.0L,Low
7192,Tata Motors,Punch,2023,Electric,Automatic,3350000.0,25.3,2500,6,9500.0,33.5,9.5,1,2.0L-3.0L,Excellent
7193,Mahindra,XUV700,2017,Petrol,Manual,900000.0,16.8,1800,6,15300.0,9.0,15.3,7,1.5L-2.0L,Average
7194,Mahindra,Thar,2018,Electric,Manual,970000.0,15.5,1500,5,12500.0,9.7,12.5,6,1.0L-1.5L,Average
7195,Maruti Suzuki,Swift,2016,Electric,Automatic,3070000.0,13.6,2000,6,10600.0,30.7,10.6,8,1.5L-2.0L,Low
7196,Mahindra,Scorpio,2021,Petrol,Manual,2990000.0,13.0,2000,7,17500.0,29.9,17.5,3,1.5L-2.0L,Low
7197,Toyota,Fortuner,2018,CNG,Manual,3410000.0,17.5,1200,7,13600.0,34.1,13.6,6,1.0L-1.5L,Average
7198,Toyota,Fortuner,2015,Petrol,Manual,2650000.0,13.3,1000,7,23300.0,26.5,23.3,9,Below 1.0L,Low
7199,Skoda,Slavia,2021,CNG,Manual,2950000.0,23.0,1500,4,23900.0,29.5,23.9,3,1.0L-1.5L,Good
7200,Tata Motors,Altroz,2022,Petrol,Manual,850000.0,29.9,1500,7,24200.0,8.5,24.2,2,1.0L-1.5L,Excellent
7201,Honda,Civic,2018,Electric,Automatic,2420000.0,21.4,2500,5,21100.0,24.2,21.1,6,2.0L-3.0L,Good
7202,Maruti Suzuki,WagonR,2016,CNG,Manual,2080000.0,23.2,2500,7,12700.0,20.8,12.7,8,2.0L-3.0L,Good
7203,Mahindra,XUV700,2019,Electric,Automatic,940000.0,24.3,1800,7,7900.0,9.4,7.9,5,1.5L-2.0L,Good
7204,Mahindra,XUV300,2016,Petrol,Manual,2680000.0,22.2,2000,5,20200.0,26.8,20.2,8,1.5L-2.0L,Good
7205,Volkswagen,Polo,2023,Diesel,Manual,3240000.0,13.3,2500,4,19500.0,32.4,19.5,1,2.0L-3.0L,Low
7206,Toyota,Camry,2018,CNG,Manual,1330000.0,27.6,1500,7,14300.0,13.3,14.3,6,1.0L-1.5L,Excellent
7207,Mahindra,Bolero,2017,Diesel,Automatic,970000.0,20.8,1500,6,19100.0,9.7,19.1,7,1.0L-1.5L,Good
7208,Kia,Carens,2018,Electric,Manual,2910000.0,25.3,2500,6,17700.0,29.1,17.7,6,2.0L-3.0L,Excellent
7209,Skoda,Kushaq,2021,Petrol,Automatic,1890000.0,15.8,2500,5,18000.0,18.9,18.0,3,2.0L-3.0L,Average
7210,Maruti Suzuki,Ertiga,2023,Petrol,Automatic,1220000.0,25.9,2000,5,23700.0,12.2,23.7,1,1.5L-2.0L,Excellent
7211,Renault,Lodgy,2023,CNG,Manual,2090000.0,13.0,1800,6,8200.0,20.9,8.2,1,1.5L-2.0L,Low
7212,Toyota,Fortuner,2021,Diesel,Manual,480000.0,21.8,1500,4,8300.0,4.8,8.3,3,1.0L-1.5L,Good
7213,Maruti Suzuki,WagonR,2022,Petrol,Manual,1590000.0,29.6,800,7,17400.0,15.9,17.4,2,Below 1.0L,Excellent
7214,Volkswagen,Vento,2015,Electric,Manual,2090000.0,20.0,1200,4,20600.0,20.9,20.6,9,1.0L-1.5L,Average
7215,Renault,Duster,2023,CNG,Manual,3020000.0,28.1,800,6,13000.0,30.2,13.0,1,Below 1.0L,Excellent
7216,Skoda,Slavia,2019,Petrol,Automatic,680000.0,16.1,1200,5,13400.0,6.8,13.4,5,1.0L-1.5L,Average
7217,Kia,Carens,2024,Electric,Automatic,1100000.0,18.6,2000,4,17400.0,11.0,17.4,0,1.5L-2.0L,Average
7218,Volkswagen,Tiguan,2020,Diesel,Automatic,1060000.0,19.4,1500,7,11000.0,10.6,11.0,4,1.0L-1.5L,Average
7219,Maruti Suzuki,WagonR,2023,Diesel,Manual,800000.0,21.1,1200,7,15200.0,8.0,15.2,1,1.0L-1.5L,Good
7220,Toyota,Urban Cruiser,2023,CNG,Manual,1250000.0,12.9,2500,7,19700.0,12.5,19.7,1,2.0L-3.0L,Low
7221,Skoda,Slavia,2024,Diesel,Manual,3100000.0,22.9,1500,6,23100.0,31.0,23.1,0,1.0L-1.5L,Good
7222,Kia,EV6,2024,Petrol,Automatic,3390000.0,28.7,2000,6,13200.0,33.9,13.2,0,1.5L-2.0L,Excellent
7223,Mahindra,Bolero,2022,Petrol,Automatic,3060000.0,19.3,1500,5,7500.0,30.6,7.5,2,1.0L-1.5L,Average
7224,Maruti Suzuki,Baleno,2023,Electric,Automatic,3130000.0,27.2,1000,5,20500.0,31.3,20.5,1,Below 1.0L,Excellent
7225,Maruti Suzuki,Ertiga,2019,CNG,Manual,2620000.0,21.5,1000,5,8600.0,26.2,8.6,5,Below 1.0L,Good
7226,Hyundai,Venue,2019,Diesel,Automatic,1610000.0,19.2,800,4,13100.0,16.1,13.1,5,Below 1.0L,Average
7227,Hyundai,i10,2015,Petrol,Automatic,3400000.0,25.9,800,5,12300.0,34.0,12.3,9,Below 1.0L,Excellent
7228,Volkswagen,Virtus,2018,CNG,Automatic,2160000.0,13.2,2000,6,17800.0,21.6,17.8,6,1.5L-2.0L,Low
7229,Maruti Suzuki,Ertiga,2023,CNG,Automatic,750000.0,23.2,1200,7,8900.0,7.5,8.9,1,1.0L-1.5L,Good
7230,Mahindra,XUV300,2022,Electric,Manual,2860000.0,13.3,2500,5,21000.0,28.6,21.0,2,2.0L-3.0L,Low
7231,Honda,Jazz,2019,Diesel,Manual,3080000.0,28.4,1500,6,20900.0,30.8,20.9,5,1.0L-1.5L,Excellent
7232,Tata Motors,Punch,2015,Diesel,Automatic,1900000.0,13.5,2500,7,5900.0,19.0,5.9,9,2.0L-3.0L,Low
7233,Tata Motors,Punch,2023,CNG,Automatic,740000.0,15.9,1000,7,20700.0,7.4,20.7,1,Below 1.0L,Average
7234,Toyota,Camry,2021,Diesel,Manual,1600000.0,10.3,2500,7,7100.0,16.0,7.1,3,2.0L-3.0L,Low
7235,Skoda,Octavia,2016,Petrol,Automatic,2270000.0,26.7,800,7,22100.0,22.7,22.1,8,Below 1.0L,Excellent
7236,Skoda,Kushaq,2023,Petrol,Automatic,450000.0,12.8,2500,7,22000.0,4.5,22.0,1,2.0L-3.0L,Low
7237,Kia,Carens,2019,Electric,Automatic,2910000.0,26.6,1800,7,16700.0,29.1,16.7,5,1.5L-2.0L,Excellent
7238,Maruti Suzuki,Dzire,2020,Diesel,Manual,2520000.0,19.0,1800,5,21900.0,25.2,21.9,4,1.5L-2.0L,Average
7239,Honda,WR-V,2023,Electric,Manual,2520000.0,10.7,1200,6,20900.0,25.2,20.9,1,1.0L-1.5L,Low
7240,Tata Motors,Punch,2024,CNG,Automatic,1270000.0,22.1,800,6,17100.0,12.7,17.1,0,Below 1.0L,Good
7241,Honda,WR-V,2017,Electric,Automatic,2800000.0,15.0,1000,6,8900.0,28.0,8.9,7,Below 1.0L,Low
7242,Maruti Suzuki,Baleno,2019,Diesel,Automatic,1880000.0,24.5,1000,6,14200.0,18.8,14.2,5,Below 1.0L,Good
7243,Honda,Amaze,2023,Petrol,Automatic,1260000.0,11.6,1800,5,8800.0,12.6,8.8,1,1.5L-2.0L,Low
7244,Tata Motors,Altroz,2015,CNG,Manual,640000.0,19.6,2000,7,12400.0,6.4,12.4,9,1.5L-2.0L,Average
7245,Toyota,Fortuner,2024,Electric,Automatic,3470000.0,18.9,1500,5,9700.0,34.7,9.7,0,1.0L-1.5L,Average
7246,Skoda,Slavia,2024,Electric,Automatic,2150000.0,12.5,2000,4,24700.0,21.5,24.7,0,1.5L-2.0L,Low
7247,Kia,Carnival,2017,Diesel,Manual,1390000.0,11.7,1200,4,22600.0,13.9,22.6,7,1.0L-1.5L,Low
7248,Volkswagen,Tiguan,2018,Petrol,Manual,2980000.0,23.8,2500,7,16100.0,29.8,16.1,6,2.0L-3.0L,Good
7249,Maruti Suzuki,Baleno,2016,CNG,Automatic,1110000.0,23.2,1500,4,22800.0,11.1,22.8,8,1.0L-1.5L,Good
7250,Hyundai,i20,2021,CNG,Automatic,2270000.0,15.0,800,6,14700.0,22.7,14.7,3,Below 1.0L,Low
7251,Renault,Lodgy,2024,Petrol,Manual,1120000.0,17.8,800,5,13300.0,11.2,13.3,0,Below 1.0L,Average
7252,Mahindra,Scorpio,2023,Electric,Manual,3140000.0,26.9,1500,7,10000.0,31.4,10.0,1,1.0L-1.5L,Excellent
7253,Hyundai,Venue,2023,CNG,Manual,1350000.0,10.1,1800,7,20800.0,13.5,20.8,1,1.5L-2.0L,Low
7254,Renault,Kiger,2021,Electric,Manual,1230000.0,11.1,2500,5,20000.0,12.3,20.0,3,2.0L-3.0L,Low
7255,Mahindra,Thar,2020,CNG,Automatic,990000.0,22.7,1800,6,22600.0,9.9,22.6,4,1.5L-2.0L,Good
7256,Hyundai,Venue,2018,CNG,Automatic,3300000.0,24.0,2500,4,12000.0,33.0,12.0,6,2.0L-3.0L,Good
7257,Skoda,Rapid,2024,CNG,Manual,2910000.0,30.0,800,5,22300.0,29.1,22.3,0,Below 1.0L,Excellent
7258,Honda,Civic,2023,Diesel,Manual,600000.0,19.4,800,7,16100.0,6.0,16.1,1,Below 1.0L,Average
7259,Skoda,Superb,2020,CNG,Manual,2900000.0,18.0,1800,5,15800.0,29.0,15.8,4,1.5L-2.0L,Average
7260,Renault,Duster,2019,CNG,Manual,2760000.0,12.5,2000,6,24400.0,27.6,24.4,5,1.5L-2.0L,Low
7261,Honda,Amaze,2016,Diesel,Automatic,2530000.0,21.6,1000,5,5800.0,25.3,5.8,8,Below 1.0L,Good
7262,Honda,Jazz,2018,Petrol,Manual,2950000.0,25.4,800,4,14600.0,29.5,14.6,6,Below 1.0L,Excellent
7263,Honda,WR-V,2020,Diesel,Automatic,1480000.0,14.7,1500,6,10100.0,14.8,10.1,4,1.0L-1.5L,Low
7264,Mahindra,Scorpio,2020,Petrol,Manual,2840000.0,12.0,1500,5,23600.0,28.4,23.6,4,1.0L-1.5L,Low
7265,Toyota,Urban Cruiser,2015,Diesel,Automatic,1900000.0,13.3,1800,7,20400.0,19.0,20.4,9,1.5L-2.0L,Low
7266,Kia,Carens,2022,CNG,Manual,1880000.0,13.6,1000,7,9500.0,18.8,9.5,2,Below 1.0L,Low
7267,Toyota,Urban Cruiser,2023,CNG,Manual,2540000.0,26.3,1000,4,13600.0,25.4,13.6,1,Below 1.0L,Excellent
7268,Honda,WR-V,2017,Petrol,Automatic,3270000.0,15.0,800,4,18200.0,32.7,18.2,7,Below 1.0L,Low
7269,Hyundai,Creta,2018,Electric,Automatic,2630000.0,29.7,2000,6,5100.0,26.3,5.1,6,1.5L-2.0L,Excellent
7270,Mahindra,XUV700,2022,CNG,Automatic,2970000.0,19.4,800,6,20600.0,29.7,20.6,2,Below 1.0L,Average
7271,Volkswagen,Polo,2016,Petrol,Manual,3390000.0,27.4,1200,4,8700.0,33.9,8.7,8,1.0L-1.5L,Excellent
7272,Maruti Suzuki,WagonR,2017,Electric,Manual,1500000.0,17.6,1500,6,18300.0,15.0,18.3,7,1.0L-1.5L,Average
7273,Volkswagen,Polo,2020,Diesel,Manual,3370000.0,23.5,1200,5,16000.0,33.7,16.0,4,1.0L-1.5L,Good
7274,Maruti Suzuki,WagonR,2020,CNG,Automatic,3000000.0,10.7,1000,6,24500.0,30.0,24.5,4,Below 1.0L,Low
7275,Toyota,Camry,2022,Petrol,Automatic,1230000.0,29.6,2000,6,16000.0,12.3,16.0,2,1.5L-2.0L,Excellent
7276,Volkswagen,Taigun,2018,Electric,Automatic,3500000.0,24.0,2000,6,23900.0,35.0,23.9,6,1.5L-2.0L,Good
7277,Mahindra,Thar,2021,Electric,Automatic,420000.0,26.8,1000,5,8300.0,4.2,8.3,3,Below 1.0L,Excellent
7278,Honda,Amaze,2021,Electric,Manual,1040000.0,22.3,1200,4,22300.0,10.4,22.3,3,1.0L-1.5L,Good
7279,Mahindra,XUV700,2018,Petrol,Manual,2940000.0,24.7,1500,6,5300.0,29.4,5.3,6,1.0L-1.5L,Good
7280,Mahindra,XUV700,2021,Diesel,Automatic,2420000.0,27.5,2000,5,18400.0,24.2,18.4,3,1.5L-2.0L,Excellent
7281,Maruti Suzuki,Swift,2017,Petrol,Automatic,1110000.0,29.3,1500,4,20000.0,11.1,20.0,7,1.0L-1.5L,Excellent
7282,Renault,Lodgy,2020,Electric,Manual,1760000.0,26.8,2500,4,13000.0,17.6,13.0,4,2.0L-3.0L,Excellent
7283,Toyota,Innova,2017,Electric,Manual,2490000.0,12.2,2000,6,6400.0,24.9,6.4,7,1.5L-2.0L,Low
7284,Renault,Kwid,2018,Diesel,Manual,770000.0,24.3,2000,5,14300.0,7.7,14.3,6,1.5L-2.0L,Good
7285,Tata Motors,Nexon,2024,CNG,Manual,480000.0,14.3,1200,4,7100.0,4.8,7.1,0,1.0L-1.5L,Low
7286,Kia,Sonet,2024,Electric,Manual,3400000.0,28.1,1800,4,17200.0,34.0,17.2,0,1.5L-2.0L,Excellent
7287,Honda,Civic,2023,Petrol,Manual,1570000.0,11.2,1500,7,12300.0,15.7,12.3,1,1.0L-1.5L,Low
7288,Honda,WR-V,2017,CNG,Automatic,1770000.0,24.2,2000,6,16400.0,17.7,16.4,7,1.5L-2.0L,Good
7289,Maruti Suzuki,WagonR,2020,Electric,Automatic,2660000.0,20.6,800,6,12500.0,26.6,12.5,4,Below 1.0L,Good
7290,Skoda,Slavia,2018,Diesel,Manual,1040000.0,18.0,800,7,18000.0,10.4,18.0,6,Below 1.0L,Average
7291,Renault,Duster,2021,Petrol,Manual,2220000.0,19.0,1000,7,9800.0,22.2,9.8,3,Below 1.0L,Average
7292,Toyota,Camry,2020,Electric,Manual,1930000.0,13.3,2000,7,16100.0,19.3,16.1,4,1.5L-2.0L,Low
7293,Toyota,Innova,2018,Diesel,Manual,3230000.0,22.6,1000,4,20100.0,32.3,20.1,6,Below 1.0L,Good
7294,Hyundai,Venue,2021,CNG,Manual,1660000.0,26.5,800,5,20100.0,16.6,20.1,3,Below 1.0L,Excellent
7295,Tata Motors,Nexon,2021,Diesel,Manual,2410000.0,12.8,2500,6,21200.0,24.1,21.2,3,2.0L-3.0L,Low
7296,Mahindra,Scorpio,2016,Electric,Manual,2950000.0,17.7,1200,6,11600.0,29.5,11.6,8,1.0L-1.5L,Average
7297,Toyota,Camry,2016,Diesel,Manual,1640000.0,20.3,1200,4,20100.0,16.4,20.1,8,1.0L-1.5L,Good
7298,Mahindra,Scorpio,2016,Petrol,Automatic,3290000.0,16.3,800,7,17100.0,32.9,17.1,8,Below 1.0L,Average
7299,Kia,Carnival,2019,Petrol,Manual,1800000.0,17.5,1000,4,12000.0,18.0,12.0,5,Below 1.0L,Average
7300,Honda,WR-V,2018,Petrol,Manual,2230000.0,18.9,2500,5,22900.0,22.3,22.9,6,2.0L-3.0L,Average
7301,Kia,Carens,2020,CNG,Manual,1600000.0,29.9,1800,6,6400.0,16.0,6.4,4,1.5L-2.0L,Excellent
7302,Skoda,Kushaq,2015,Diesel,Automatic,1380000.0,15.7,2500,4,15600.0,13.8,15.6,9,2.0L-3.0L,Average
7303,Tata Motors,Nexon,2018,Electric,Automatic,1740000.0,11.9,2500,6,21100.0,17.4,21.1,6,2.0L-3.0L,Low
7304,Skoda,Slavia,2022,CNG,Manual,600000.0,21.8,2500,6,6500.0,6.0,6.5,2,2.0L-3.0L,Good
7305,Maruti Suzuki,WagonR,2018,Petrol,Automatic,1350000.0,26.3,1800,4,6100.0,13.5,6.1,6,1.5L-2.0L,Excellent
7306,Mahindra,Thar,2019,Diesel,Automatic,690000.0,22.0,1000,5,15200.0,6.9,15.2,5,Below 1.0L,Good
7307,Volkswagen,Virtus,2020,Petrol,Manual,2100000.0,12.3,1500,5,8300.0,21.0,8.3,4,1.0L-1.5L,Low
7308,Toyota,Glanza,2019,Petrol,Manual,530000.0,23.9,1200,7,5800.0,5.3,5.8,5,1.0L-1.5L,Good
7309,Mahindra,XUV700,2015,Diesel,Manual,2670000.0,10.3,1000,4,18600.0,26.7,18.6,9,Below 1.0L,Low
7310,Mahindra,Scorpio,2016,CNG,Manual,2050000.0,10.6,800,6,24700.0,20.5,24.7,8,Below 1.0L,Low
7311,Renault,Kiger,2020,Diesel,Manual,500000.0,12.9,1800,4,17100.0,5.0,17.1,4,1.5L-2.0L,Low
7312,Renault,Lodgy,2022,CNG,Manual,2280000.0,27.2,1500,6,13200.0,22.8,13.2,2,1.0L-1.5L,Excellent
7313,Tata Motors,Punch,2021,Diesel,Automatic,2440000.0,22.1,800,7,13100.0,24.4,13.1,3,Below 1.0L,Good
7314,Renault,Kwid,2015,Electric,Manual,1210000.0,11.4,800,7,8100.0,12.1,8.1,9,Below 1.0L,Low
7315,Mahindra,Scorpio,2022,Electric,Manual,3150000.0,10.1,1800,5,17500.0,31.5,17.5,2,1.5L-2.0L,Low
7316,Kia,Sonet,2016,CNG,Automatic,3430000.0,25.2,1200,6,11700.0,34.3,11.7,8,1.0L-1.5L,Excellent
7317,Mahindra,Thar,2020,CNG,Automatic,1410000.0,12.9,2500,7,22200.0,14.1,22.2,4,2.0L-3.0L,Low
7318,Maruti Suzuki,Dzire,2019,Electric,Manual,1630000.0,30.0,1500,4,14900.0,16.3,14.9,5,1.0L-1.5L,Excellent
7319,Tata Motors,Altroz,2020,Diesel,Manual,3250000.0,28.7,1200,5,18800.0,32.5,18.8,4,1.0L-1.5L,Excellent
7320,Mahindra,XUV700,2021,Electric,Manual,3050000.0,29.4,1800,5,12200.0,30.5,12.2,3,1.5L-2.0L,Excellent
7321,Honda,Jazz,2016,CNG,Automatic,3310000.0,23.9,1000,7,8100.0,33.1,8.1,8,Below 1.0L,Good
7322,Toyota,Innova,2022,Diesel,Manual,1800000.0,28.1,1200,7,7000.0,18.0,7.0,2,1.0L-1.5L,Excellent
7323,Honda,City,2023,CNG,Automatic,1900000.0,27.2,2000,4,19800.0,19.0,19.8,1,1.5L-2.0L,Excellent
7324,Tata Motors,Punch,2021,CNG,Automatic,540000.0,20.5,2500,5,18600.0,5.4,18.6,3,2.0L-3.0L,Good
7325,Toyota,Urban Cruiser,2017,Diesel,Manual,3410000.0,29.1,1000,7,10100.0,34.1,10.1,7,Below 1.0L,Excellent
7326,Mahindra,XUV700,2021,Petrol,Automatic,2500000.0,24.8,800,4,9300.0,25.0,9.3,3,Below 1.0L,Good
7327,Renault,Kiger,2021,Petrol,Automatic,2410000.0,23.6,1800,7,24800.0,24.1,24.8,3,1.5L-2.0L,Good
7328,Maruti Suzuki,Baleno,2023,Electric,Manual,590000.0,10.1,2500,7,13100.0,5.9,13.1,1,2.0L-3.0L,Low
7329,Maruti Suzuki,Ertiga,2015,CNG,Manual,2460000.0,28.9,2000,6,9700.0,24.6,9.7,9,1.5L-2.0L,Excellent
7330,Kia,EV6,2024,CNG,Automatic,2170000.0,21.9,2000,5,8800.0,21.7,8.8,0,1.5L-2.0L,Good
7331,Skoda,Octavia,2016,CNG,Manual,1610000.0,17.2,1800,7,11300.0,16.1,11.3,8,1.5L-2.0L,Average
7332,Volkswagen,Tiguan,2018,Petrol,Automatic,410000.0,19.4,800,7,17200.0,4.1,17.2,6,Below 1.0L,Average
7333,Honda,Jazz,2021,Diesel,Manual,1190000.0,12.6,800,4,13100.0,11.9,13.1,3,Below 1.0L,Low
7334,Mahindra,Thar,2020,Diesel,Automatic,2100000.0,15.4,2500,4,10000.0,21.0,10.0,4,2.0L-3.0L,Average
7335,Mahindra,Bolero,2018,Diesel,Manual,1060000.0,23.9,1200,5,9000.0,10.6,9.0,6,1.0L-1.5L,Good
7336,Kia,Carnival,2022,Diesel,Automatic,880000.0,22.3,1200,7,15300.0,8.8,15.3,2,1.0L-1.5L,Good
7337,Mahindra,Scorpio,2017,Electric,Manual,3400000.0,15.1,1000,6,9000.0,34.0,9.0,7,Below 1.0L,Average
7338,Honda,City,2018,Petrol,Automatic,3490000.0,21.3,2500,4,17800.0,34.9,17.8,6,2.0L-3.0L,Good
7339,Volkswagen,Taigun,2017,CNG,Automatic,1920000.0,24.7,1200,4,17400.0,19.2,17.4,7,1.0L-1.5L,Good
7340,Mahindra,XUV300,2018,Electric,Manual,850000.0,12.0,1200,4,19800.0,8.5,19.8,6,1.0L-1.5L,Low
7341,Skoda,Octavia,2017,Electric,Automatic,1370000.0,18.2,1200,6,18600.0,13.7,18.6,7,1.0L-1.5L,Average
7342,Volkswagen,Tiguan,2024,CNG,Automatic,3350000.0,27.0,1800,4,6900.0,33.5,6.9,0,1.5L-2.0L,Excellent
7343,Honda,WR-V,2020,Electric,Manual,2650000.0,25.9,1200,4,17000.0,26.5,17.0,4,1.0L-1.5L,Excellent
7344,Maruti Suzuki,WagonR,2024,CNG,Manual,2340000.0,16.2,1500,7,8700.0,23.4,8.7,0,1.0L-1.5L,Average
7345,Renault,Kiger,2024,CNG,Manual,2910000.0,15.5,800,6,23000.0,29.1,23.0,0,Below 1.0L,Average
7346,Hyundai,Creta,2024,Electric,Automatic,2370000.0,10.1,1200,7,6800.0,23.7,6.8,0,1.0L-1.5L,Low
7347,Kia,Seltos,2023,Diesel,Automatic,2440000.0,12.8,2500,6,15800.0,24.4,15.8,1,2.0L-3.0L,Low
7348,Toyota,Fortuner,2017,CNG,Manual,810000.0,15.9,2500,5,22200.0,8.1,22.2,7,2.0L-3.0L,Average
7349,Toyota,Urban Cruiser,2017,Electric,Automatic,2940000.0,10.3,2000,6,15900.0,29.4,15.9,7,1.5L-2.0L,Low
7350,Hyundai,i20,2021,Diesel,Automatic,430000.0,24.9,1500,6,20200.0,4.3,20.2,3,1.0L-1.5L,Good
7351,Volkswagen,Polo,2018,Diesel,Manual,2140000.0,23.0,1500,7,21800.0,21.4,21.8,6,1.0L-1.5L,Good
7352,Hyundai,i20,2023,CNG,Automatic,630000.0,17.9,1500,4,15600.0,6.3,15.6,1,1.0L-1.5L,Average
7353,Renault,Triber,2018,Diesel,Automatic,3310000.0,13.8,800,6,15200.0,33.1,15.2,6,Below 1.0L,Low
7354,Honda,City,2023,Diesel,Manual,1880000.0,25.9,800,4,11300.0,18.8,11.3,1,Below 1.0L,Excellent
7355,Honda,Jazz,2017,CNG,Automatic,480000.0,29.4,2500,5,11900.0,4.8,11.9,7,2.0L-3.0L,Excellent
7356,Mahindra,XUV700,2023,Electric,Manual,540000.0,14.4,1800,5,22300.0,5.4,22.3,1,1.5L-2.0L,Low
7357,Tata Motors,Harrier,2015,Electric,Automatic,1090000.0,13.9,1800,6,6300.0,10.9,6.3,9,1.5L-2.0L,Low
7358,Tata Motors,Altroz,2017,Petrol,Manual,2010000.0,21.3,1800,5,12900.0,20.1,12.9,7,1.5L-2.0L,Good
7359,Mahindra,Bolero,2023,Petrol,Automatic,480000.0,19.6,2500,5,22700.0,4.8,22.7,1,2.0L-3.0L,Average
7360,Hyundai,i10,2021,Electric,Manual,1710000.0,23.4,800,6,7800.0,17.1,7.8,3,Below 1.0L,Good
7361,Renault,Triber,2019,CNG,Automatic,2680000.0,29.0,1800,5,24300.0,26.8,24.3,5,1.5L-2.0L,Excellent
7362,Hyundai,Venue,2018,CNG,Automatic,2960000.0,15.8,800,6,10100.0,29.6,10.1,6,Below 1.0L,Average
7363,Honda,Civic,2023,CNG,Automatic,2910000.0,12.0,2000,5,22100.0,29.1,22.1,1,1.5L-2.0L,Low
7364,Toyota,Camry,2023,Petrol,Manual,1770000.0,10.1,2500,7,7500.0,17.7,7.5,1,2.0L-3.0L,Low
7365,Hyundai,Creta,2015,CNG,Manual,1740000.0,17.0,2500,5,7800.0,17.4,7.8,9,2.0L-3.0L,Average
7366,Honda,WR-V,2020,Petrol,Automatic,3010000.0,18.0,800,5,7200.0,30.1,7.2,4,Below 1.0L,Average
7367,Renault,Lodgy,2019,Electric,Automatic,2360000.0,23.7,2000,4,21400.0,23.6,21.4,5,1.5L-2.0L,Good
7368,Volkswagen,Vento,2023,Electric,Automatic,2860000.0,28.0,1000,4,20500.0,28.6,20.5,1,Below 1.0L,Excellent
7369,Honda,Jazz,2019,Electric,Manual,3220000.0,23.6,1000,7,24200.0,32.2,24.2,5,Below 1.0L,Good
7370,Renault,Kiger,2022,Electric,Manual,1410000.0,11.8,1800,6,22300.0,14.1,22.3,2,1.5L-2.0L,Low
7371,Honda,City,2017,Electric,Manual,1630000.0,18.5,2500,6,20000.0,16.3,20.0,7,2.0L-3.0L,Average
7372,Volkswagen,Polo,2019,Electric,Manual,2240000.0,16.6,1200,6,24800.0,22.4,24.8,5,1.0L-1.5L,Average
7373,Maruti Suzuki,Dzire,2018,Petrol,Automatic,2360000.0,26.7,2500,7,13100.0,23.6,13.1,6,2.0L-3.0L,Excellent
7374,Skoda,Rapid,2020,Petrol,Automatic,2320000.0,14.3,2000,6,11100.0,23.2,11.1,4,1.5L-2.0L,Low
7375,Skoda,Slavia,2024,Petrol,Manual,1970000.0,22.8,1200,4,22900.0,19.7,22.9,0,1.0L-1.5L,Good
7376,Tata Motors,Harrier,2019,Electric,Manual,1070000.0,18.2,1800,5,9300.0,10.7,9.3,5,1.5L-2.0L,Average
7377,Tata Motors,Harrier,2018,Diesel,Automatic,2100000.0,28.5,1800,5,20500.0,21.0,20.5,6,1.5L-2.0L,Excellent
7378,Skoda,Slavia,2021,Electric,Automatic,2560000.0,26.8,1800,5,17100.0,25.6,17.1,3,1.5L-2.0L,Excellent
7379,Volkswagen,Tiguan,2022,CNG,Automatic,3220000.0,22.8,1500,6,5300.0,32.2,5.3,2,1.0L-1.5L,Good
7380,Renault,Kiger,2021,Electric,Automatic,2960000.0,16.6,1800,6,21900.0,29.6,21.9,3,1.5L-2.0L,Average
7381,Volkswagen,Vento,2018,Petrol,Manual,2770000.0,29.6,1000,7,21100.0,27.7,21.1,6,Below 1.0L,Excellent
7382,Tata Motors,Punch,2022,Electric,Manual,1180000.0,24.4,1800,5,14800.0,11.8,14.8,2,1.5L-2.0L,Good
7383,Tata Motors,Harrier,2022,Diesel,Manual,2210000.0,19.7,800,5,22600.0,22.1,22.6,2,Below 1.0L,Average
7384,Renault,Kiger,2015,CNG,Automatic,2820000.0,15.2,1500,7,17400.0,28.2,17.4,9,1.0L-1.5L,Average
7385,Tata Motors,Nexon,2017,Electric,Manual,1490000.0,24.3,2500,4,6400.0,14.9,6.4,7,2.0L-3.0L,Good
7386,Skoda,Slavia,2016,Petrol,Manual,2150000.0,20.7,2000,6,13200.0,21.5,13.2,8,1.5L-2.0L,Good
7387,Mahindra,XUV300,2024,Diesel,Manual,2130000.0,21.5,2000,7,5300.0,21.3,5.3,0,1.5L-2.0L,Good
7388,Renault,Kiger,2020,CNG,Manual,720000.0,11.4,800,5,21100.0,7.2,21.1,4,Below 1.0L,Low
7389,Hyundai,Creta,2018,Electric,Manual,1960000.0,16.5,1800,6,11300.0,19.6,11.3,6,1.5L-2.0L,Average
7390,Renault,Kiger,2021,Diesel,Manual,560000.0,11.6,1000,6,5100.0,5.6,5.1,3,Below 1.0L,Low
7391,Toyota,Urban Cruiser,2017,CNG,Manual,930000.0,18.3,1000,7,21400.0,9.3,21.4,7,Below 1.0L,Average
7392,Tata Motors,Nexon,2022,Electric,Automatic,1120000.0,26.8,800,7,24500.0,11.2,24.5,2,Below 1.0L,Excellent
7393,Skoda,Rapid,2017,Diesel,Manual,890000.0,15.6,1800,5,19000.0,8.9,19.0,7,1.5L-2.0L,Average
7394,Tata Motors,Tiago,2015,CNG,Manual,3060000.0,17.1,1000,6,23400.0,30.6,23.4,9,Below 1.0L,Average
7395,Hyundai,i10,2015,Electric,Automatic,2420000.0,26.3,1200,5,24600.0,24.2,24.6,9,1.0L-1.5L,Excellent
7396,Volkswagen,Vento,2015,Petrol,Automatic,1250000.0,10.7,1200,5,8000.0,12.5,8.0,9,1.0L-1.5L,Low
7397,Volkswagen,Tiguan,2015,CNG,Manual,2880000.0,11.7,1200,6,22900.0,28.8,22.9,9,1.0L-1.5L,Low
7398,Toyota,Glanza,2024,Petrol,Manual,2870000.0,20.6,1500,4,9400.0,28.7,9.4,0,1.0L-1.5L,Good
7399,Honda,Civic,2019,Electric,Automatic,2940000.0,17.9,1800,7,20000.0,29.4,20.0,5,1.5L-2.0L,Average
7400,Hyundai,Creta,2016,Diesel,Automatic,3000000.0,16.4,800,7,6000.0,30.0,6.0,8,Below 1.0L,Average
7401,Renault,Kiger,2023,Diesel,Manual,1350000.0,18.7,2000,5,6000.0,13.5,6.0,1,1.5L-2.0L,Average
7402,Toyota,Innova,2017,Diesel,Automatic,750000.0,11.6,1000,4,17100.0,7.5,17.1,7,Below 1.0L,Low
7403,Kia,Carnival,2020,Petrol,Manual,1050000.0,25.6,1000,4,11700.0,10.5,11.7,4,Below 1.0L,Excellent
7404,Kia,Carnival,2020,CNG,Manual,760000.0,11.0,1500,6,20600.0,7.6,20.6,4,1.0L-1.5L,Low
7405,Skoda,Superb,2024,Petrol,Manual,1350000.0,10.7,2500,5,14000.0,13.5,14.0,0,2.0L-3.0L,Low
7406,Kia,Sonet,2019,CNG,Manual,1180000.0,23.6,1800,6,16300.0,11.8,16.3,5,1.5L-2.0L,Good
7407,Volkswagen,Virtus,2018,Electric,Automatic,2930000.0,26.9,1800,7,10700.0,29.3,10.7,6,1.5L-2.0L,Excellent
7408,Hyundai,i10,2019,Electric,Automatic,3240000.0,19.3,800,7,12500.0,32.4,12.5,5,Below 1.0L,Average
7409,Renault,Duster,2019,Electric,Manual,830000.0,26.1,2500,7,20600.0,8.3,20.6,5,2.0L-3.0L,Excellent
7410,Toyota,Fortuner,2016,Petrol,Manual,1810000.0,16.7,1800,5,17500.0,18.1,17.5,8,1.5L-2.0L,Average
7411,Tata Motors,Altroz,2020,Electric,Manual,2290000.0,28.2,1200,5,19100.0,22.9,19.1,4,1.0L-1.5L,Excellent
7412,Hyundai,i20,2020,CNG,Automatic,1810000.0,17.4,1800,5,9900.0,18.1,9.9,4,1.5L-2.0L,Average
7413,Mahindra,Scorpio,2018,Diesel,Manual,410000.0,24.2,1800,7,23700.0,4.1,23.7,6,1.5L-2.0L,Good
7414,Renault,Triber,2020,CNG,Manual,2840000.0,29.7,2500,4,11000.0,28.4,11.0,4,2.0L-3.0L,Excellent
7415,Mahindra,XUV700,2021,Electric,Automatic,3220000.0,21.3,1500,5,8400.0,32.2,8.4,3,1.0L-1.5L,Good
7416,Kia,Carnival,2017,Electric,Manual,1270000.0,16.5,800,5,11800.0,12.7,11.8,7,Below 1.0L,Average
7417,Skoda,Rapid,2024,Petrol,Manual,2750000.0,12.1,2000,5,6700.0,27.5,6.7,0,1.5L-2.0L,Low
7418,Honda,City,2023,Petrol,Automatic,2920000.0,15.6,800,4,19200.0,29.2,19.2,1,Below 1.0L,Average
7419,Kia,Sonet,2018,Petrol,Automatic,800000.0,22.0,1000,4,17600.0,8.0,17.6,6,Below 1.0L,Good
7420,Renault,Kiger,2023,Petrol,Automatic,1980000.0,17.9,800,5,5500.0,19.8,5.5,1,Below 1.0L,Average
7421,Volkswagen,Vento,2023,Petrol,Manual,2170000.0,12.7,1000,4,10500.0,21.7,10.5,1,Below 1.0L,Low
7422,Honda,Amaze,2024,Electric,Manual,660000.0,10.6,2500,6,10800.0,6.6,10.8,0,2.0L-3.0L,Low
7423,Kia,EV6,2022,Petrol,Manual,2090000.0,15.9,1800,4,14500.0,20.9,14.5,2,1.5L-2.0L,Average
7424,Tata Motors,Punch,2023,Electric,Automatic,1580000.0,21.4,1800,5,17600.0,15.8,17.6,1,1.5L-2.0L,Good
7425,Maruti Suzuki,WagonR,2021,Electric,Manual,420000.0,15.9,1500,4,23900.0,4.2,23.9,3,1.0L-1.5L,Average
7426,Tata Motors,Altroz,2021,Petrol,Manual,1280000.0,15.1,1500,5,16400.0,12.8,16.4,3,1.0L-1.5L,Average
7427,Renault,Kwid,2019,Petrol,Automatic,2050000.0,25.9,1000,5,13400.0,20.5,13.4,5,Below 1.0L,Excellent
7428,Tata Motors,Punch,2024,CNG,Automatic,3070000.0,23.5,1200,6,8600.0,30.7,8.6,0,1.0L-1.5L,Good
7429,Mahindra,Thar,2024,Electric,Manual,890000.0,22.1,1500,6,6700.0,8.9,6.7,0,1.0L-1.5L,Good
7430,Renault,Triber,2019,Diesel,Manual,2500000.0,29.6,800,4,13000.0,25.0,13.0,5,Below 1.0L,Excellent
7431,Kia,EV6,2015,Diesel,Manual,1390000.0,22.5,2000,7,12200.0,13.9,12.2,9,1.5L-2.0L,Good
7432,Honda,City,2018,Diesel,Automatic,1060000.0,12.6,800,6,13700.0,10.6,13.7,6,Below 1.0L,Low
7433,Kia,EV6,2016,Electric,Automatic,2850000.0,16.1,2000,5,11900.0,28.5,11.9,8,1.5L-2.0L,Average
7434,Honda,City,2024,Electric,Automatic,2820000.0,27.6,1800,4,11900.0,28.2,11.9,0,1.5L-2.0L,Excellent
7435,Toyota,Camry,2018,Electric,Automatic,1010000.0,21.4,2000,4,13000.0,10.1,13.0,6,1.5L-2.0L,Good
7436,Mahindra,Thar,2021,Electric,Manual,1970000.0,18.8,2500,4,12900.0,19.7,12.9,3,2.0L-3.0L,Average
7437,Toyota,Urban Cruiser,2023,CNG,Manual,900000.0,29.0,2500,7,6500.0,9.0,6.5,1,2.0L-3.0L,Excellent
7438,Tata Motors,Harrier,2024,Diesel,Manual,2460000.0,18.1,1200,5,15700.0,24.6,15.7,0,1.0L-1.5L,Average
7439,Toyota,Innova,2023,CNG,Automatic,1140000.0,23.7,1800,5,16400.0,11.4,16.4,1,1.5L-2.0L,Good
7440,Honda,Jazz,2020,Electric,Automatic,2760000.0,12.2,1800,6,11700.0,27.6,11.7,4,1.5L-2.0L,Low
7441,Skoda,Superb,2019,Electric,Automatic,2970000.0,14.2,1800,6,20400.0,29.7,20.4,5,1.5L-2.0L,Low
7442,Hyundai,i10,2015,Petrol,Automatic,2040000.0,28.2,2500,5,11500.0,20.4,11.5,9,2.0L-3.0L,Excellent
7443,Maruti Suzuki,WagonR,2016,Electric,Automatic,1340000.0,25.8,2000,4,19800.0,13.4,19.8,8,1.5L-2.0L,Excellent
7444,Volkswagen,Taigun,2015,Petrol,Automatic,1200000.0,18.8,1000,4,7200.0,12.0,7.2,9,Below 1.0L,Average
7445,Toyota,Fortuner,2021,Petrol,Manual,1630000.0,13.0,1800,7,13300.0,16.3,13.3,3,1.5L-2.0L,Low
7446,Maruti Suzuki,WagonR,2023,Diesel,Manual,610000.0,14.0,800,4,5900.0,6.1,5.9,1,Below 1.0L,Low
7447,Toyota,Fortuner,2017,Petrol,Manual,2270000.0,24.2,1200,6,7900.0,22.7,7.9,7,1.0L-1.5L,Good
7448,Hyundai,Venue,2024,CNG,Automatic,2780000.0,18.0,1800,5,17300.0,27.8,17.3,0,1.5L-2.0L,Average
7449,Maruti Suzuki,Dzire,2019,Petrol,Manual,1130000.0,18.3,800,5,13900.0,11.3,13.9,5,Below 1.0L,Average
7450,Honda,Civic,2021,Diesel,Manual,2890000.0,21.9,2500,6,13100.0,28.9,13.1,3,2.0L-3.0L,Good
7451,Volkswagen,Taigun,2020,CNG,Automatic,3290000.0,22.9,2000,7,11700.0,32.9,11.7,4,1.5L-2.0L,Good
7452,Renault,Triber,2023,CNG,Automatic,3410000.0,24.2,1800,6,22800.0,34.1,22.8,1,1.5L-2.0L,Good
7453,Renault,Kwid,2023,Electric,Automatic,2620000.0,22.5,1200,5,16500.0,26.2,16.5,1,1.0L-1.5L,Good
7454,Kia,Carnival,2024,CNG,Manual,1970000.0,23.7,1800,4,21900.0,19.7,21.9,0,1.5L-2.0L,Good
7455,Hyundai,Verna,2021,Electric,Automatic,2510000.0,14.0,1200,4,15200.0,25.1,15.2,3,1.0L-1.5L,Low
7456,Mahindra,Bolero,2024,Electric,Manual,610000.0,25.8,1800,6,17100.0,6.1,17.1,0,1.5L-2.0L,Excellent
7457,Mahindra,Bolero,2023,Electric,Manual,3120000.0,16.5,2500,4,13100.0,31.2,13.1,1,2.0L-3.0L,Average
7458,Skoda,Rapid,2023,Electric,Manual,540000.0,15.5,1200,7,10200.0,5.4,10.2,1,1.0L-1.5L,Average
7459,Maruti Suzuki,Baleno,2018,Electric,Automatic,720000.0,20.7,2000,4,6200.0,7.2,6.2,6,1.5L-2.0L,Good
7460,Tata Motors,Nexon,2017,Diesel,Manual,500000.0,23.2,2500,4,24800.0,5.0,24.8,7,2.0L-3.0L,Good
7461,Maruti Suzuki,Dzire,2023,Diesel,Automatic,2730000.0,23.8,1200,7,9600.0,27.3,9.6,1,1.0L-1.5L,Good
7462,Maruti Suzuki,Ertiga,2019,Diesel,Manual,500000.0,14.4,2500,7,14600.0,5.0,14.6,5,2.0L-3.0L,Low
7463,Maruti Suzuki,Swift,2021,Electric,Manual,3440000.0,28.4,2500,7,5500.0,34.4,5.5,3,2.0L-3.0L,Excellent
7464,Skoda,Kushaq,2018,Petrol,Automatic,2270000.0,19.2,2000,6,15700.0,22.7,15.7,6,1.5L-2.0L,Average
7465,Renault,Kiger,2018,Diesel,Manual,490000.0,28.0,2000,6,9500.0,4.9,9.5,6,1.5L-2.0L,Excellent
7466,Kia,Sonet,2024,Electric,Manual,1030000.0,19.7,1800,4,9100.0,10.3,9.1,0,1.5L-2.0L,Average
7467,Renault,Triber,2017,Diesel,Automatic,950000.0,10.1,1500,6,10000.0,9.5,10.0,7,1.0L-1.5L,Low
7468,Hyundai,i20,2021,Diesel,Automatic,3070000.0,23.3,800,7,10800.0,30.7,10.8,3,Below 1.0L,Good
7469,Mahindra,XUV700,2022,CNG,Manual,470000.0,21.6,2500,6,8800.0,4.7,8.8,2,2.0L-3.0L,Good
7470,Hyundai,Venue,2022,Electric,Automatic,3120000.0,16.8,2500,7,8300.0,31.2,8.3,2,2.0L-3.0L,Average
7471,Kia,Sonet,2021,Electric,Automatic,1890000.0,22.9,1200,5,20500.0,18.9,20.5,3,1.0L-1.5L,Good
7472,Renault,Duster,2015,Electric,Manual,1930000.0,21.9,1800,7,16700.0,19.3,16.7,9,1.5L-2.0L,Good
7473,Mahindra,XUV700,2019,Electric,Automatic,620000.0,16.9,2000,6,21200.0,6.2,21.2,5,1.5L-2.0L,Average
7474,Maruti Suzuki,Baleno,2017,Petrol,Manual,1890000.0,25.2,2000,7,22500.0,18.9,22.5,7,1.5L-2.0L,Excellent
7475,Mahindra,Scorpio,2023,Electric,Manual,670000.0,11.0,1200,6,14800.0,6.7,14.8,1,1.0L-1.5L,Low
7476,Volkswagen,Polo,2023,CNG,Manual,1210000.0,27.3,1500,5,13100.0,12.1,13.1,1,1.0L-1.5L,Excellent
7477,Honda,Jazz,2017,Petrol,Manual,1010000.0,18.0,1000,4,20300.0,10.1,20.3,7,Below 1.0L,Average
7478,Renault,Kwid,2018,Electric,Automatic,2810000.0,11.3,1200,7,10100.0,28.1,10.1,6,1.0L-1.5L,Low
7479,Honda,Amaze,2021,Electric,Manual,1990000.0,16.1,1200,7,8900.0,19.9,8.9,3,1.0L-1.5L,Average
7480,Kia,Carens,2023,Petrol,Manual,790000.0,11.8,2500,7,10900.0,7.9,10.9,1,2.0L-3.0L,Low
7481,Maruti Suzuki,WagonR,2017,Diesel,Automatic,3410000.0,12.7,1500,7,20200.0,34.1,20.2,7,1.0L-1.5L,Low
7482,Hyundai,i20,2019,Electric,Automatic,650000.0,15.2,800,4,18900.0,6.5,18.9,5,Below 1.0L,Average
7483,Hyundai,i10,2019,Petrol,Manual,3000000.0,13.4,2500,4,8300.0,30.0,8.3,5,2.0L-3.0L,Low
7484,Volkswagen,Virtus,2021,CNG,Automatic,2540000.0,14.3,1800,4,8900.0,25.4,8.9,3,1.5L-2.0L,Low
7485,Kia,Sonet,2024,Petrol,Automatic,2820000.0,22.0,2000,5,10900.0,28.2,10.9,0,1.5L-2.0L,Good
7486,Mahindra,XUV300,2022,Petrol,Automatic,2680000.0,23.6,1200,7,6600.0,26.8,6.6,2,1.0L-1.5L,Good
7487,Mahindra,Scorpio,2019,Petrol,Automatic,2360000.0,16.7,2500,6,9200.0,23.6,9.2,5,2.0L-3.0L,Average
7488,Tata Motors,Altroz,2019,Electric,Manual,1230000.0,12.8,1800,4,24000.0,12.3,24.0,5,1.5L-2.0L,Low
7489,Honda,Amaze,2017,Diesel,Manual,1700000.0,20.7,1000,4,16000.0,17.0,16.0,7,Below 1.0L,Good
7490,Hyundai,Creta,2018,Petrol,Manual,1390000.0,17.3,1000,4,19900.0,13.9,19.9,6,Below 1.0L,Average
7491,Toyota,Urban Cruiser,2019,Electric,Manual,2900000.0,20.7,800,7,14900.0,29.0,14.9,5,Below 1.0L,Good
7492,Maruti Suzuki,Baleno,2017,Electric,Automatic,1760000.0,12.0,1500,5,11700.0,17.6,11.7,7,1.0L-1.5L,Low
7493,Kia,Seltos,2020,Electric,Manual,2580000.0,13.8,1000,6,17200.0,25.8,17.2,4,Below 1.0L,Low
7494,Renault,Duster,2017,CNG,Automatic,2520000.0,19.0,1200,5,6200.0,25.2,6.2,7,1.0L-1.5L,Average
7495,Volkswagen,Tiguan,2020,Electric,Automatic,920000.0,28.1,1000,6,19600.0,9.2,19.6,4,Below 1.0L,Excellent
7496,Mahindra,Scorpio,2024,Petrol,Automatic,3080000.0,19.8,1200,7,9000.0,30.8,9.0,0,1.0L-1.5L,Average
7497,Toyota,Fortuner,2018,Diesel,Manual,2220000.0,11.4,2500,4,20500.0,22.2,20.5,6,2.0L-3.0L,Low
7498,Volkswagen,Virtus,2023,Electric,Manual,1980000.0,27.9,2000,5,8100.0,19.8,8.1,1,1.5L-2.0L,Excellent
7499,Renault,Lodgy,2017,CNG,Manual,3270000.0,18.0,1200,4,8400.0,32.7,8.4,7,1.0L-1.5L,Average
7500,Honda,Jazz,2019,Petrol,Manual,790000.0,15.2,2000,7,19700.0,7.9,19.7,5,1.5L-2.0L,Average
7501,Mahindra,Bolero,2021,Electric,Manual,2670000.0,21.7,800,4,17500.0,26.7,17.5,3,Below 1.0L,Good
7502,Hyundai,i10,2020,Electric,Automatic,2720000.0,28.5,1000,7,7300.0,27.2,7.3,4,Below 1.0L,Excellent
7503,Renault,Kiger,2020,CNG,Manual,690000.0,26.1,1500,5,17300.0,6.9,17.3,4,1.0L-1.5L,Excellent
7504,Volkswagen,Taigun,2023,CNG,Manual,3350000.0,14.5,800,4,18100.0,33.5,18.1,1,Below 1.0L,Low
7505,Maruti Suzuki,WagonR,2015,CNG,Automatic,2320000.0,29.7,2000,4,12300.0,23.2,12.3,9,1.5L-2.0L,Excellent
7506,Honda,WR-V,2015,CNG,Manual,3390000.0,28.6,1500,5,13900.0,33.9,13.9,9,1.0L-1.5L,Excellent
7507,Mahindra,Scorpio,2015,Petrol,Automatic,2180000.0,24.4,1200,6,24400.0,21.8,24.4,9,1.0L-1.5L,Good
7508,Honda,Amaze,2017,Petrol,Automatic,1180000.0,11.1,1800,7,18200.0,11.8,18.2,7,1.5L-2.0L,Low
7509,Tata Motors,Altroz,2020,Diesel,Manual,2680000.0,22.9,1000,5,15900.0,26.8,15.9,4,Below 1.0L,Good
7510,Volkswagen,Polo,2016,Diesel,Manual,1010000.0,10.1,1500,6,21500.0,10.1,21.5,8,1.0L-1.5L,Low
7511,Maruti Suzuki,Ertiga,2015,Diesel,Automatic,3070000.0,25.9,2500,5,19500.0,30.7,19.5,9,2.0L-3.0L,Excellent
7512,Volkswagen,Vento,2021,Diesel,Automatic,900000.0,19.7,2000,4,11900.0,9.0,11.9,3,1.5L-2.0L,Average
7513,Honda,Amaze,2018,Petrol,Automatic,2770000.0,10.6,2000,5,21100.0,27.7,21.1,6,1.5L-2.0L,Low
7514,Maruti Suzuki,Dzire,2018,Electric,Automatic,2980000.0,25.7,1500,4,13000.0,29.8,13.0,6,1.0L-1.5L,Excellent
7515,Kia,Seltos,2024,Electric,Manual,650000.0,24.4,1000,4,16200.0,6.5,16.2,0,Below 1.0L,Good
7516,Mahindra,XUV700,2022,CNG,Manual,2060000.0,17.7,2500,7,17000.0,20.6,17.0,2,2.0L-3.0L,Average
7517,Mahindra,Scorpio,2023,Petrol,Manual,2080000.0,10.9,1800,7,24000.0,20.8,24.0,1,1.5L-2.0L,Low
7518,Volkswagen,Virtus,2015,Petrol,Automatic,2570000.0,25.0,800,4,22700.0,25.7,22.7,9,Below 1.0L,Good
7519,Maruti Suzuki,Swift,2023,Diesel,Manual,2990000.0,26.9,1000,4,24200.0,29.9,24.2,1,Below 1.0L,Excellent
7520,Hyundai,Verna,2019,Petrol,Automatic,1760000.0,25.8,800,4,23800.0,17.6,23.8,5,Below 1.0L,Excellent
7521,Mahindra,XUV300,2021,Electric,Manual,3340000.0,14.3,1000,5,16000.0,33.4,16.0,3,Below 1.0L,Low
7522,Hyundai,Venue,2022,Electric,Manual,1470000.0,18.2,2000,6,23200.0,14.7,23.2,2,1.5L-2.0L,Average
7523,Kia,Carnival,2023,Petrol,Automatic,3320000.0,13.1,800,7,8200.0,33.2,8.2,1,Below 1.0L,Low
7524,Renault,Kwid,2020,Petrol,Manual,2020000.0,10.1,800,4,13000.0,20.2,13.0,4,Below 1.0L,Low
7525,Tata Motors,Tiago,2019,Electric,Automatic,2700000.0,14.1,800,7,5300.0,27.0,5.3,5,Below 1.0L,Low
7526,Kia,Sonet,2016,Diesel,Automatic,1060000.0,12.4,1000,4,22500.0,10.6,22.5,8,Below 1.0L,Low
7527,Volkswagen,Virtus,2022,Electric,Manual,3500000.0,28.4,1800,6,18800.0,35.0,18.8,2,1.5L-2.0L,Excellent
7528,Kia,Sonet,2018,CNG,Manual,2570000.0,30.0,800,4,17500.0,25.7,17.5,6,Below 1.0L,Excellent
7529,Kia,Seltos,2015,CNG,Manual,2840000.0,17.6,800,7,7100.0,28.4,7.1,9,Below 1.0L,Average
7530,Honda,Amaze,2018,Diesel,Automatic,2490000.0,28.1,1000,5,13200.0,24.9,13.2,6,Below 1.0L,Excellent
7531,Hyundai,Venue,2016,Diesel,Automatic,1850000.0,25.7,1500,4,8600.0,18.5,8.6,8,1.0L-1.5L,Excellent
7532,Tata Motors,Altroz,2017,CNG,Manual,2670000.0,12.0,2000,5,18900.0,26.7,18.9,7,1.5L-2.0L,Low
7533,Maruti Suzuki,Baleno,2019,Electric,Automatic,1430000.0,24.3,1000,6,9300.0,14.3,9.3,5,Below 1.0L,Good
7534,Volkswagen,Taigun,2022,Petrol,Manual,1920000.0,18.2,1500,7,6800.0,19.2,6.8,2,1.0L-1.5L,Average
7535,Toyota,Glanza,2017,Petrol,Manual,1200000.0,30.0,800,5,24200.0,12.0,24.2,7,Below 1.0L,Excellent
7536,Kia,Seltos,2015,Electric,Manual,1440000.0,14.3,1500,5,15800.0,14.4,15.8,9,1.0L-1.5L,Low
7537,Honda,Civic,2016,Diesel,Manual,1140000.0,28.3,2000,4,15700.0,11.4,15.7,8,1.5L-2.0L,Excellent
7538,Tata Motors,Altroz,2021,Diesel,Manual,1440000.0,11.4,1800,4,23800.0,14.4,23.8,3,1.5L-2.0L,Low
7539,Maruti Suzuki,Ertiga,2016,Diesel,Manual,2090000.0,21.2,1200,4,10400.0,20.9,10.4,8,1.0L-1.5L,Good
7540,Maruti Suzuki,Swift,2020,CNG,Automatic,760000.0,23.7,2000,4,14100.0,7.6,14.1,4,1.5L-2.0L,Good
7541,Tata Motors,Punch,2022,Electric,Manual,2290000.0,12.0,1800,4,23400.0,22.9,23.4,2,1.5L-2.0L,Low
7542,Skoda,Superb,2021,Electric,Manual,1440000.0,13.6,800,6,11200.0,14.4,11.2,3,Below 1.0L,Low
7543,Mahindra,XUV700,2019,CNG,Manual,2610000.0,14.3,1200,7,5300.0,26.1,5.3,5,1.0L-1.5L,Low
7544,Skoda,Superb,2023,Diesel,Automatic,3330000.0,22.6,1000,4,10700.0,33.3,10.7,1,Below 1.0L,Good
7545,Kia,EV6,2018,Electric,Automatic,2000000.0,15.5,1200,6,9000.0,20.0,9.0,6,1.0L-1.5L,Average
7546,Honda,Jazz,2021,CNG,Automatic,2380000.0,19.5,1000,6,22300.0,23.8,22.3,3,Below 1.0L,Average
7547,Mahindra,XUV700,2021,CNG,Automatic,3260000.0,20.5,1800,5,17400.0,32.6,17.4,3,1.5L-2.0L,Good
7548,Maruti Suzuki,Dzire,2023,Diesel,Manual,1700000.0,15.7,1200,7,16900.0,17.0,16.9,1,1.0L-1.5L,Average
7549,Maruti Suzuki,Swift,2024,Diesel,Manual,2790000.0,18.8,1500,5,12300.0,27.9,12.3,0,1.0L-1.5L,Average
7550,Kia,Sonet,2020,Diesel,Automatic,680000.0,14.3,2500,6,6300.0,6.8,6.3,4,2.0L-3.0L,Low
7551,Renault,Lodgy,2024,CNG,Automatic,800000.0,15.3,800,7,7600.0,8.0,7.6,0,Below 1.0L,Average
7552,Kia,Seltos,2015,Electric,Manual,3420000.0,13.3,1000,7,9600.0,34.2,9.6,9,Below 1.0L,Low
7553,Kia,Sonet,2017,Electric,Manual,2650000.0,26.7,1500,4,6600.0,26.5,6.6,7,1.0L-1.5L,Excellent
7554,Renault,Duster,2017,Electric,Manual,3410000.0,16.6,2000,6,13100.0,34.1,13.1,7,1.5L-2.0L,Average
7555,Mahindra,Scorpio,2018,Petrol,Manual,2870000.0,15.8,2500,7,22400.0,28.7,22.4,6,2.0L-3.0L,Average
7556,Mahindra,Thar,2021,Diesel,Manual,1670000.0,26.6,1800,7,19200.0,16.7,19.2,3,1.5L-2.0L,Excellent
7557,Renault,Lodgy,2016,Petrol,Automatic,2690000.0,24.5,1500,4,16100.0,26.9,16.1,8,1.0L-1.5L,Good
7558,Hyundai,i10,2017,CNG,Manual,970000.0,28.8,2500,4,8500.0,9.7,8.5,7,2.0L-3.0L,Excellent
7559,Skoda,Superb,2020,CNG,Automatic,2180000.0,19.7,1500,4,12200.0,21.8,12.2,4,1.0L-1.5L,Average
7560,Hyundai,Venue,2022,Diesel,Manual,3320000.0,20.0,2500,6,14000.0,33.2,14.0,2,2.0L-3.0L,Average
7561,Skoda,Superb,2019,CNG,Automatic,1410000.0,27.9,1800,5,19500.0,14.1,19.5,5,1.5L-2.0L,Excellent
7562,Mahindra,Thar,2016,Petrol,Manual,3220000.0,15.2,1800,7,22600.0,32.2,22.6,8,1.5L-2.0L,Average
7563,Skoda,Slavia,2015,Diesel,Manual,1040000.0,17.4,800,5,5300.0,10.4,5.3,9,Below 1.0L,Average
7564,Tata Motors,Punch,2016,Electric,Automatic,2020000.0,23.4,2500,7,12000.0,20.2,12.0,8,2.0L-3.0L,Good
7565,Hyundai,Venue,2018,Electric,Automatic,2390000.0,22.0,1000,5,6200.0,23.9,6.2,6,Below 1.0L,Good
7566,Tata Motors,Tiago,2016,Diesel,Automatic,1590000.0,15.6,2000,6,10000.0,15.9,10.0,8,1.5L-2.0L,Average
7567,Toyota,Camry,2015,Petrol,Manual,990000.0,12.6,1000,6,9600.0,9.9,9.6,9,Below 1.0L,Low
7568,Kia,Carens,2017,CNG,Manual,2480000.0,29.9,1500,7,12500.0,24.8,12.5,7,1.0L-1.5L,Excellent
7569,Maruti Suzuki,Swift,2016,Electric,Automatic,3000000.0,14.2,2500,4,5900.0,30.0,5.9,8,2.0L-3.0L,Low
7570,Hyundai,i10,2024,CNG,Manual,1920000.0,19.3,1500,4,14300.0,19.2,14.3,0,1.0L-1.5L,Average
7571,Renault,Triber,2016,Petrol,Manual,1490000.0,15.8,800,5,7000.0,14.9,7.0,8,Below 1.0L,Average
7572,Renault,Kiger,2017,Electric,Automatic,720000.0,10.4,1500,7,9600.0,7.2,9.6,7,1.0L-1.5L,Low
7573,Skoda,Rapid,2015,Electric,Manual,1770000.0,21.7,2500,7,14200.0,17.7,14.2,9,2.0L-3.0L,Good
7574,Renault,Kwid,2019,Petrol,Manual,2770000.0,22.7,1000,4,19200.0,27.7,19.2,5,Below 1.0L,Good
7575,Renault,Duster,2017,Petrol,Manual,3130000.0,10.9,1000,7,22800.0,31.3,22.8,7,Below 1.0L,Low
7576,Hyundai,Venue,2019,CNG,Automatic,1870000.0,13.6,1000,4,11400.0,18.7,11.4,5,Below 1.0L,Low
7577,Maruti Suzuki,Baleno,2016,Diesel,Automatic,1010000.0,10.9,2500,4,19100.0,10.1,19.1,8,2.0L-3.0L,Low
7578,Maruti Suzuki,Ertiga,2017,Diesel,Manual,3090000.0,18.2,2500,5,14600.0,30.9,14.6,7,2.0L-3.0L,Average
7579,Mahindra,Bolero,2018,Diesel,Automatic,1750000.0,16.4,2500,7,17000.0,17.5,17.0,6,2.0L-3.0L,Average
7580,Tata Motors,Harrier,2023,Petrol,Automatic,3210000.0,23.8,800,6,21100.0,32.1,21.1,1,Below 1.0L,Good
7581,Toyota,Fortuner,2024,CNG,Automatic,1960000.0,21.5,2000,6,14300.0,19.6,14.3,0,1.5L-2.0L,Good
7582,Maruti Suzuki,WagonR,2017,Electric,Automatic,1770000.0,26.5,2500,6,20900.0,17.7,20.9,7,2.0L-3.0L,Excellent
7583,Maruti Suzuki,Swift,2018,Electric,Automatic,3450000.0,12.7,1000,7,10800.0,34.5,10.8,6,Below 1.0L,Low
7584,Kia,Carnival,2015,Petrol,Automatic,2380000.0,13.9,800,5,18200.0,23.8,18.2,9,Below 1.0L,Low
7585,Tata Motors,Altroz,2024,Petrol,Automatic,3190000.0,14.4,2500,5,12700.0,31.9,12.7,0,2.0L-3.0L,Low
7586,Skoda,Superb,2024,Petrol,Manual,1530000.0,19.6,1000,7,7100.0,15.3,7.1,0,Below 1.0L,Average
7587,Maruti Suzuki,WagonR,2024,Petrol,Manual,3070000.0,18.2,2000,7,16400.0,30.7,16.4,0,1.5L-2.0L,Average
7588,Mahindra,Scorpio,2020,Electric,Automatic,1770000.0,11.7,1500,4,20700.0,17.7,20.7,4,1.0L-1.5L,Low
7589,Volkswagen,Polo,2020,CNG,Automatic,490000.0,25.9,1200,5,24100.0,4.9,24.1,4,1.0L-1.5L,Excellent
7590,Hyundai,i10,2024,Diesel,Automatic,1310000.0,17.5,2500,4,8200.0,13.1,8.2,0,2.0L-3.0L,Average
7591,Volkswagen,Tiguan,2022,Diesel,Manual,450000.0,15.4,1500,5,11500.0,4.5,11.5,2,1.0L-1.5L,Average
7592,Renault,Duster,2019,Electric,Manual,1230000.0,14.4,2500,7,16700.0,12.3,16.7,5,2.0L-3.0L,Low
7593,Maruti Suzuki,Ertiga,2024,Electric,Automatic,3130000.0,11.1,2000,5,9600.0,31.3,9.6,0,1.5L-2.0L,Low
7594,Maruti Suzuki,Baleno,2018,CNG,Automatic,2710000.0,26.0,1500,7,14900.0,27.1,14.9,6,1.0L-1.5L,Excellent
7595,Renault,Duster,2017,Petrol,Manual,2330000.0,11.5,800,5,19200.0,23.3,19.2,7,Below 1.0L,Low
7596,Renault,Duster,2023,Diesel,Automatic,2360000.0,15.9,1200,4,22500.0,23.6,22.5,1,1.0L-1.5L,Average
7597,Mahindra,XUV300,2024,CNG,Automatic,2530000.0,25.6,1800,5,6200.0,25.3,6.2,0,1.5L-2.0L,Excellent
7598,Maruti Suzuki,Swift,2023,Diesel,Automatic,3410000.0,23.8,1800,5,8100.0,34.1,8.1,1,1.5L-2.0L,Good
7599,Volkswagen,Virtus,2015,CNG,Automatic,3100000.0,22.3,1200,6,7800.0,31.0,7.8,9,1.0L-1.5L,Good
7600,Volkswagen,Virtus,2024,CNG,Automatic,3410000.0,22.7,1200,7,21100.0,34.1,21.1,0,1.0L-1.5L,Good
7601,Mahindra,Bolero,2017,Electric,Manual,2240000.0,16.5,2000,6,7800.0,22.4,7.8,7,1.5L-2.0L,Average
7602,Renault,Duster,2024,Electric,Automatic,990000.0,29.8,1800,7,16400.0,9.9,16.4,0,1.5L-2.0L,Excellent
7603,Honda,City,2023,CNG,Manual,3000000.0,12.9,1500,6,5700.0,30.0,5.7,1,1.0L-1.5L,Low
7604,Skoda,Octavia,2020,Electric,Manual,2830000.0,28.8,800,7,18000.0,28.3,18.0,4,Below 1.0L,Excellent
7605,Skoda,Kushaq,2022,CNG,Manual,1020000.0,25.0,1200,4,17600.0,10.2,17.6,2,1.0L-1.5L,Good
7606,Tata Motors,Punch,2017,CNG,Manual,2380000.0,16.8,1200,7,22600.0,23.8,22.6,7,1.0L-1.5L,Average
7607,Hyundai,Venue,2020,Diesel,Automatic,2120000.0,21.0,2000,4,15600.0,21.2,15.6,4,1.5L-2.0L,Good
7608,Tata Motors,Punch,2024,CNG,Automatic,1690000.0,27.6,1500,4,9200.0,16.9,9.2,0,1.0L-1.5L,Excellent
7609,Tata Motors,Altroz,2016,Diesel,Automatic,2760000.0,29.6,2500,5,10700.0,27.6,10.7,8,2.0L-3.0L,Excellent
7610,Mahindra,Scorpio,2019,CNG,Manual,540000.0,29.2,2500,4,7900.0,5.4,7.9,5,2.0L-3.0L,Excellent
7611,Volkswagen,Virtus,2024,Diesel,Manual,1520000.0,10.3,1200,4,8600.0,15.2,8.6,0,1.0L-1.5L,Low
7612,Tata Motors,Tiago,2020,Petrol,Manual,3480000.0,14.4,800,5,21700.0,34.8,21.7,4,Below 1.0L,Low
7613,Tata Motors,Punch,2023,Petrol,Manual,1870000.0,20.5,1500,6,23500.0,18.7,23.5,1,1.0L-1.5L,Good
7614,Toyota,Innova,2023,Diesel,Automatic,1000000.0,24.6,1000,4,11500.0,10.0,11.5,1,Below 1.0L,Good
7615,Maruti Suzuki,WagonR,2021,Electric,Manual,3110000.0,21.8,2500,6,14900.0,31.1,14.9,3,2.0L-3.0L,Good
7616,Kia,Seltos,2016,Diesel,Manual,2950000.0,15.0,2500,7,15900.0,29.5,15.9,8,2.0L-3.0L,Low
7617,Toyota,Glanza,2022,Diesel,Automatic,1800000.0,17.3,1000,4,13700.0,18.0,13.7,2,Below 1.0L,Average
7618,Mahindra,Bolero,2017,Petrol,Manual,1570000.0,11.0,1200,7,14400.0,15.7,14.4,7,1.0L-1.5L,Low
7619,Hyundai,Verna,2019,Petrol,Automatic,2500000.0,28.9,1000,6,24900.0,25.0,24.9,5,Below 1.0L,Excellent
7620,Skoda,Kushaq,2022,CNG,Automatic,2550000.0,20.1,1500,6,11100.0,25.5,11.1,2,1.0L-1.5L,Good
7621,Volkswagen,Tiguan,2021,CNG,Automatic,1570000.0,17.5,1200,6,13600.0,15.7,13.6,3,1.0L-1.5L,Average
7622,Tata Motors,Tiago,2024,Electric,Automatic,3310000.0,14.5,800,4,5000.0,33.1,5.0,0,Below 1.0L,Low
7623,Maruti Suzuki,Swift,2020,Electric,Manual,2300000.0,17.1,1000,7,10000.0,23.0,10.0,4,Below 1.0L,Average
7624,Mahindra,Thar,2024,Electric,Automatic,3280000.0,21.5,1500,6,23300.0,32.8,23.3,0,1.0L-1.5L,Good
7625,Volkswagen,Tiguan,2020,Electric,Manual,780000.0,19.4,2500,7,16400.0,7.8,16.4,4,2.0L-3.0L,Average
7626,Mahindra,XUV300,2023,Diesel,Automatic,1890000.0,28.2,2000,5,10600.0,18.9,10.6,1,1.5L-2.0L,Excellent
7627,Renault,Triber,2017,Electric,Manual,560000.0,28.8,800,5,23800.0,5.6,23.8,7,Below 1.0L,Excellent
7628,Honda,Civic,2024,Electric,Automatic,1910000.0,29.2,2000,7,14400.0,19.1,14.4,0,1.5L-2.0L,Excellent
7629,Mahindra,XUV300,2020,Electric,Automatic,2030000.0,14.1,2500,6,8100.0,20.3,8.1,4,2.0L-3.0L,Low
7630,Volkswagen,Polo,2015,CNG,Automatic,1810000.0,21.3,2500,5,24700.0,18.1,24.7,9,2.0L-3.0L,Good
7631,Renault,Duster,2015,Petrol,Manual,2040000.0,10.6,1000,4,23600.0,20.4,23.6,9,Below 1.0L,Low
7632,Honda,Amaze,2021,Petrol,Automatic,1440000.0,21.6,2500,7,15700.0,14.4,15.7,3,2.0L-3.0L,Good
7633,Renault,Triber,2022,Diesel,Automatic,1120000.0,27.3,1500,6,20300.0,11.2,20.3,2,1.0L-1.5L,Excellent
7634,Mahindra,Scorpio,2021,Petrol,Automatic,3060000.0,11.7,1800,5,20500.0,30.6,20.5,3,1.5L-2.0L,Low
7635,Kia,Sonet,2020,Electric,Manual,1880000.0,10.8,1200,6,11300.0,18.8,11.3,4,1.0L-1.5L,Low
7636,Volkswagen,Taigun,2021,CNG,Manual,2170000.0,21.3,1800,4,21700.0,21.7,21.7,3,1.5L-2.0L,Good
7637,Tata Motors,Harrier,2016,Diesel,Manual,1100000.0,22.7,2500,6,14600.0,11.0,14.6,8,2.0L-3.0L,Good
7638,Volkswagen,Tiguan,2020,Petrol,Manual,600000.0,17.7,2500,7,21400.0,6.0,21.4,4,2.0L-3.0L,Average
7639,Honda,Jazz,2017,CNG,Manual,1440000.0,23.1,1000,6,10000.0,14.4,10.0,7,Below 1.0L,Good
7640,Hyundai,Verna,2015,Diesel,Manual,1420000.0,25.1,2000,5,10000.0,14.2,10.0,9,1.5L-2.0L,Excellent
7641,Maruti Suzuki,Dzire,2016,CNG,Manual,2180000.0,12.3,1500,4,9500.0,21.8,9.5,8,1.0L-1.5L,Low
7642,Renault,Duster,2015,Electric,Manual,2350000.0,26.5,2500,6,10100.0,23.5,10.1,9,2.0L-3.0L,Excellent
7643,Mahindra,Scorpio,2021,CNG,Automatic,770000.0,16.4,1000,7,23700.0,7.7,23.7,3,Below 1.0L,Average
7644,Kia,EV6,2024,Electric,Automatic,410000.0,10.7,1200,7,12300.0,4.1,12.3,0,1.0L-1.5L,Low
7645,Honda,WR-V,2020,Petrol,Manual,1300000.0,12.1,1800,5,18100.0,13.0,18.1,4,1.5L-2.0L,Low
7646,Kia,Seltos,2018,Petrol,Manual,2240000.0,11.0,1800,6,22700.0,22.4,22.7,6,1.5L-2.0L,Low
7647,Renault,Triber,2017,Electric,Manual,1690000.0,28.1,1000,5,19600.0,16.9,19.6,7,Below 1.0L,Excellent
7648,Tata Motors,Tiago,2018,CNG,Manual,2470000.0,17.6,1000,4,9600.0,24.7,9.6,6,Below 1.0L,Average
7649,Volkswagen,Vento,2024,Diesel,Automatic,2130000.0,28.5,1800,7,12200.0,21.3,12.2,0,1.5L-2.0L,Excellent
7650,Mahindra,XUV700,2022,Diesel,Automatic,1820000.0,17.2,2000,4,7700.0,18.2,7.7,2,1.5L-2.0L,Average
7651,Volkswagen,Tiguan,2018,Diesel,Automatic,2110000.0,20.2,1500,7,7800.0,21.1,7.8,6,1.0L-1.5L,Good
7652,Maruti Suzuki,Ertiga,2017,Diesel,Automatic,3130000.0,28.5,1200,7,8600.0,31.3,8.6,7,1.0L-1.5L,Excellent
7653,Hyundai,Creta,2016,CNG,Manual,1790000.0,13.7,2500,7,14600.0,17.9,14.6,8,2.0L-3.0L,Low
7654,Volkswagen,Taigun,2024,Diesel,Manual,1600000.0,29.0,1800,7,12900.0,16.0,12.9,0,1.5L-2.0L,Excellent
7655,Maruti Suzuki,WagonR,2020,CNG,Automatic,630000.0,29.3,1000,7,13000.0,6.3,13.0,4,Below 1.0L,Excellent
7656,Hyundai,Verna,2023,CNG,Manual,420000.0,12.5,1000,7,19100.0,4.2,19.1,1,Below 1.0L,Low
7657,Hyundai,Venue,2019,Diesel,Manual,3440000.0,14.1,1800,4,15900.0,34.4,15.9,5,1.5L-2.0L,Low
7658,Renault,Duster,2015,Electric,Manual,1250000.0,22.7,1800,6,11500.0,12.5,11.5,9,1.5L-2.0L,Good
7659,Toyota,Urban Cruiser,2024,Diesel,Manual,2890000.0,25.4,2000,5,12900.0,28.9,12.9,0,1.5L-2.0L,Excellent
7660,Volkswagen,Vento,2018,Petrol,Manual,1560000.0,26.4,2000,7,5400.0,15.6,5.4,6,1.5L-2.0L,Excellent
7661,Volkswagen,Tiguan,2020,CNG,Manual,1520000.0,28.9,2500,7,21500.0,15.2,21.5,4,2.0L-3.0L,Excellent
7662,Honda,City,2015,Diesel,Manual,2240000.0,10.9,1000,5,19200.0,22.4,19.2,9,Below 1.0L,Low
7663,Honda,Amaze,2017,Diesel,Automatic,2270000.0,24.3,1200,7,8500.0,22.7,8.5,7,1.0L-1.5L,Good
7664,Honda,Jazz,2019,Petrol,Automatic,2560000.0,22.1,1200,5,13200.0,25.6,13.2,5,1.0L-1.5L,Good
7665,Tata Motors,Harrier,2019,Diesel,Manual,2030000.0,28.5,800,7,19400.0,20.3,19.4,5,Below 1.0L,Excellent
7666,Kia,EV6,2016,CNG,Manual,430000.0,13.2,1500,7,22600.0,4.3,22.6,8,1.0L-1.5L,Low
7667,Mahindra,Bolero,2017,Diesel,Automatic,1690000.0,25.1,1500,5,22500.0,16.9,22.5,7,1.0L-1.5L,Excellent
7668,Maruti Suzuki,Ertiga,2017,Petrol,Manual,2560000.0,21.6,1500,6,5800.0,25.6,5.8,7,1.0L-1.5L,Good
7669,Maruti Suzuki,Dzire,2022,CNG,Automatic,2610000.0,17.9,2000,6,7300.0,26.1,7.3,2,1.5L-2.0L,Average
7670,Kia,Sonet,2021,Diesel,Manual,820000.0,13.7,1500,5,16800.0,8.2,16.8,3,1.0L-1.5L,Low
7671,Hyundai,i20,2022,Petrol,Manual,3250000.0,10.4,1200,4,5600.0,32.5,5.6,2,1.0L-1.5L,Low
7672,Volkswagen,Taigun,2022,Diesel,Manual,1120000.0,10.2,1200,4,6500.0,11.2,6.5,2,1.0L-1.5L,Low
7673,Tata Motors,Nexon,2018,Diesel,Automatic,910000.0,21.1,2000,5,14600.0,9.1,14.6,6,1.5L-2.0L,Good
7674,Hyundai,i20,2022,Diesel,Automatic,580000.0,26.7,1000,6,9100.0,5.8,9.1,2,Below 1.0L,Excellent
7675,Tata Motors,Tiago,2022,Petrol,Manual,2960000.0,29.2,2500,7,17000.0,29.6,17.0,2,2.0L-3.0L,Excellent
7676,Toyota,Fortuner,2023,CNG,Automatic,3340000.0,26.8,2500,4,24000.0,33.4,24.0,1,2.0L-3.0L,Excellent
7677,Hyundai,Creta,2019,CNG,Automatic,880000.0,23.1,2000,7,18000.0,8.8,18.0,5,1.5L-2.0L,Good
7678,Volkswagen,Virtus,2015,CNG,Manual,2180000.0,17.8,1500,6,17800.0,21.8,17.8,9,1.0L-1.5L,Average
7679,Kia,Carnival,2016,CNG,Automatic,1850000.0,26.3,1800,7,5500.0,18.5,5.5,8,1.5L-2.0L,Excellent
7680,Honda,WR-V,2021,Diesel,Manual,2570000.0,10.4,1000,4,10000.0,25.7,10.0,3,Below 1.0L,Low
7681,Honda,Amaze,2021,CNG,Automatic,1710000.0,16.0,800,6,6300.0,17.1,6.3,3,Below 1.0L,Average
7682,Tata Motors,Harrier,2016,Diesel,Manual,2600000.0,19.3,1200,6,21200.0,26.0,21.2,8,1.0L-1.5L,Average
7683,Hyundai,i10,2018,CNG,Automatic,2060000.0,27.4,1200,5,22600.0,20.6,22.6,6,1.0L-1.5L,Excellent
7684,Volkswagen,Taigun,2016,Electric,Automatic,2800000.0,10.8,1000,6,20500.0,28.0,20.5,8,Below 1.0L,Low
7685,Toyota,Urban Cruiser,2021,Diesel,Automatic,3250000.0,18.1,1500,5,23700.0,32.5,23.7,3,1.0L-1.5L,Average
7686,Honda,Civic,2019,Electric,Manual,3440000.0,27.7,1800,6,16200.0,34.4,16.2,5,1.5L-2.0L,Excellent
7687,Tata Motors,Altroz,2015,CNG,Automatic,3350000.0,26.4,800,4,17400.0,33.5,17.4,9,Below 1.0L,Excellent
7688,Honda,Jazz,2021,Electric,Manual,2500000.0,21.7,2000,6,20300.0,25.0,20.3,3,1.5L-2.0L,Good
7689,Honda,City,2018,Electric,Automatic,500000.0,25.5,1800,7,22000.0,5.0,22.0,6,1.5L-2.0L,Excellent
7690,Toyota,Innova,2021,Electric,Automatic,1340000.0,10.7,2500,4,7600.0,13.4,7.6,3,2.0L-3.0L,Low
7691,Skoda,Slavia,2023,Diesel,Automatic,2550000.0,22.7,1200,4,7000.0,25.5,7.0,1,1.0L-1.5L,Good
7692,Maruti Suzuki,Ertiga,2018,CNG,Automatic,2010000.0,13.0,800,5,19400.0,20.1,19.4,6,Below 1.0L,Low
7693,Tata Motors,Harrier,2015,Petrol,Manual,1210000.0,10.1,1800,5,11800.0,12.1,11.8,9,1.5L-2.0L,Low
7694,Skoda,Superb,2021,Electric,Manual,2520000.0,19.1,800,5,19300.0,25.2,19.3,3,Below 1.0L,Average
7695,Renault,Kiger,2017,Diesel,Automatic,940000.0,26.7,2000,5,13500.0,9.4,13.5,7,1.5L-2.0L,Excellent
7696,Mahindra,Scorpio,2019,Diesel,Manual,2050000.0,21.9,2000,4,22900.0,20.5,22.9,5,1.5L-2.0L,Good
7697,Tata Motors,Punch,2015,CNG,Automatic,2030000.0,25.8,2000,7,18900.0,20.3,18.9,9,1.5L-2.0L,Excellent
7698,Tata Motors,Tiago,2021,CNG,Automatic,2430000.0,18.4,1800,6,15700.0,24.3,15.7,3,1.5L-2.0L,Average
7699,Renault,Kwid,2017,Petrol,Automatic,1630000.0,15.7,1000,5,16300.0,16.3,16.3,7,Below 1.0L,Average
7700,Mahindra,Bolero,2021,Electric,Manual,570000.0,24.7,2500,7,21200.0,5.7,21.2,3,2.0L-3.0L,Good
7701,Toyota,Camry,2017,Electric,Automatic,3410000.0,18.5,1200,5,24800.0,34.1,24.8,7,1.0L-1.5L,Average
7702,Renault,Kwid,2019,Diesel,Automatic,3440000.0,14.9,1500,7,24300.0,34.4,24.3,5,1.0L-1.5L,Low
7703,Mahindra,Bolero,2016,Electric,Automatic,1720000.0,29.2,2000,4,16100.0,17.2,16.1,8,1.5L-2.0L,Excellent
7704,Hyundai,i10,2019,Electric,Automatic,2720000.0,12.4,1800,6,19200.0,27.2,19.2,5,1.5L-2.0L,Low
7705,Volkswagen,Vento,2015,CNG,Automatic,2900000.0,25.9,2000,6,6900.0,29.0,6.9,9,1.5L-2.0L,Excellent
7706,Renault,Duster,2021,Diesel,Automatic,2790000.0,16.6,1800,5,24600.0,27.9,24.6,3,1.5L-2.0L,Average
7707,Skoda,Rapid,2020,Diesel,Manual,3360000.0,20.8,1200,7,17800.0,33.6,17.8,4,1.0L-1.5L,Good
7708,Renault,Lodgy,2021,Diesel,Automatic,510000.0,21.9,1500,6,12400.0,5.1,12.4,3,1.0L-1.5L,Good
7709,Honda,Jazz,2016,CNG,Manual,670000.0,23.4,1000,6,20900.0,6.7,20.9,8,Below 1.0L,Good
7710,Hyundai,Venue,2018,CNG,Automatic,970000.0,15.9,2500,7,15300.0,9.7,15.3,6,2.0L-3.0L,Average
7711,Honda,WR-V,2017,CNG,Manual,1150000.0,17.7,2500,7,12600.0,11.5,12.6,7,2.0L-3.0L,Average
7712,Mahindra,Thar,2019,CNG,Automatic,2690000.0,29.1,1500,7,9400.0,26.9,9.4,5,1.0L-1.5L,Excellent
7713,Mahindra,Bolero,2022,Petrol,Automatic,760000.0,29.6,2000,7,8400.0,7.6,8.4,2,1.5L-2.0L,Excellent
7714,Hyundai,i10,2016,CNG,Automatic,1690000.0,28.2,2000,6,22900.0,16.9,22.9,8,1.5L-2.0L,Excellent
7715,Honda,Jazz,2021,Electric,Automatic,3450000.0,22.1,1800,7,7400.0,34.5,7.4,3,1.5L-2.0L,Good
7716,Skoda,Slavia,2017,CNG,Manual,2110000.0,25.2,2000,5,21300.0,21.1,21.3,7,1.5L-2.0L,Excellent
7717,Skoda,Superb,2020,Diesel,Automatic,870000.0,23.0,1800,4,16300.0,8.7,16.3,4,1.5L-2.0L,Good
7718,Tata Motors,Tiago,2021,Petrol,Automatic,2280000.0,24.7,2500,7,12200.0,22.8,12.2,3,2.0L-3.0L,Good
7719,Honda,Civic,2019,Diesel,Manual,3390000.0,27.2,2000,7,19500.0,33.9,19.5,5,1.5L-2.0L,Excellent
7720,Tata Motors,Nexon,2018,Electric,Automatic,2340000.0,25.5,1000,4,6600.0,23.4,6.6,6,Below 1.0L,Excellent
7721,Kia,Carens,2015,Petrol,Automatic,2890000.0,27.3,800,6,6300.0,28.9,6.3,9,Below 1.0L,Excellent
7722,Toyota,Glanza,2024,CNG,Manual,2850000.0,28.5,2500,5,6700.0,28.5,6.7,0,2.0L-3.0L,Excellent
7723,Mahindra,Scorpio,2016,Electric,Automatic,920000.0,18.9,2500,4,21600.0,9.2,21.6,8,2.0L-3.0L,Average
7724,Skoda,Octavia,2019,Electric,Automatic,2280000.0,25.2,2000,7,15500.0,22.8,15.5,5,1.5L-2.0L,Excellent
7725,Maruti Suzuki,Ertiga,2019,Diesel,Manual,2320000.0,18.3,1500,6,23600.0,23.2,23.6,5,1.0L-1.5L,Average
7726,Honda,Jazz,2023,Diesel,Automatic,2070000.0,22.0,1500,5,7600.0,20.7,7.6,1,1.0L-1.5L,Good
7727,Renault,Lodgy,2023,Electric,Manual,870000.0,15.5,2500,7,22700.0,8.7,22.7,1,2.0L-3.0L,Average
7728,Renault,Triber,2017,CNG,Automatic,840000.0,10.2,1800,5,23200.0,8.4,23.2,7,1.5L-2.0L,Low
7729,Skoda,Rapid,2021,Diesel,Manual,2920000.0,21.3,2000,6,20200.0,29.2,20.2,3,1.5L-2.0L,Good
7730,Tata Motors,Altroz,2016,CNG,Automatic,3040000.0,24.4,2000,5,13300.0,30.4,13.3,8,1.5L-2.0L,Good
7731,Tata Motors,Altroz,2021,Petrol,Manual,1480000.0,12.8,1800,6,20900.0,14.8,20.9,3,1.5L-2.0L,Low
7732,Maruti Suzuki,Dzire,2022,Electric,Automatic,2360000.0,24.5,1800,5,5500.0,23.6,5.5,2,1.5L-2.0L,Good
7733,Hyundai,Venue,2018,Diesel,Manual,3160000.0,21.0,1800,4,24500.0,31.6,24.5,6,1.5L-2.0L,Good
7734,Skoda,Rapid,2019,CNG,Automatic,1870000.0,27.0,1500,4,9900.0,18.7,9.9,5,1.0L-1.5L,Excellent
7735,Maruti Suzuki,WagonR,2019,Diesel,Automatic,3410000.0,11.0,1000,5,14500.0,34.1,14.5,5,Below 1.0L,Low
7736,Mahindra,Bolero,2016,Diesel,Manual,1490000.0,23.3,1200,6,10700.0,14.9,10.7,8,1.0L-1.5L,Good
7737,Honda,City,2018,CNG,Manual,1010000.0,11.3,2500,4,14900.0,10.1,14.9,6,2.0L-3.0L,Low
7738,Renault,Triber,2015,CNG,Manual,3270000.0,28.2,2500,5,11600.0,32.7,11.6,9,2.0L-3.0L,Excellent
7739,Renault,Kwid,2018,Electric,Manual,610000.0,12.2,1500,5,5500.0,6.1,5.5,6,1.0L-1.5L,Low
7740,Tata Motors,Altroz,2018,Diesel,Automatic,1160000.0,17.6,1500,5,5600.0,11.6,5.6,6,1.0L-1.5L,Average
7741,Maruti Suzuki,Swift,2024,Electric,Automatic,3450000.0,26.8,1000,5,21000.0,34.5,21.0,0,Below 1.0L,Excellent
7742,Renault,Lodgy,2015,CNG,Manual,1370000.0,25.9,2000,7,19900.0,13.7,19.9,9,1.5L-2.0L,Excellent
7743,Volkswagen,Virtus,2019,Diesel,Automatic,1550000.0,18.5,1800,5,24700.0,15.5,24.7,5,1.5L-2.0L,Average
7744,Toyota,Camry,2023,Petrol,Automatic,560000.0,23.4,2000,7,11000.0,5.6,11.0,1,1.5L-2.0L,Good
7745,Tata Motors,Harrier,2020,Diesel,Manual,3080000.0,14.6,2000,5,11200.0,30.8,11.2,4,1.5L-2.0L,Low
7746,Skoda,Kushaq,2017,Electric,Manual,790000.0,14.2,800,5,17300.0,7.9,17.3,7,Below 1.0L,Low
7747,Hyundai,i10,2024,Electric,Automatic,2750000.0,28.3,1200,6,22700.0,27.5,22.7,0,1.0L-1.5L,Excellent
7748,Maruti Suzuki,WagonR,2022,Petrol,Automatic,2350000.0,12.5,2000,4,14800.0,23.5,14.8,2,1.5L-2.0L,Low
7749,Volkswagen,Taigun,2020,CNG,Manual,1390000.0,23.7,1500,7,9300.0,13.9,9.3,4,1.0L-1.5L,Good
7750,Tata Motors,Harrier,2015,Petrol,Automatic,490000.0,11.4,1500,7,11100.0,4.9,11.1,9,1.0L-1.5L,Low
7751,Skoda,Octavia,2019,Electric,Automatic,930000.0,25.0,1800,5,14500.0,9.3,14.5,5,1.5L-2.0L,Good
7752,Volkswagen,Taigun,2020,CNG,Automatic,2790000.0,20.1,800,6,18400.0,27.9,18.4,4,Below 1.0L,Good
7753,Skoda,Superb,2015,Electric,Manual,640000.0,19.8,2000,7,11100.0,6.4,11.1,9,1.5L-2.0L,Average
7754,Maruti Suzuki,Baleno,2024,Petrol,Manual,1070000.0,11.0,1800,4,8300.0,10.7,8.3,0,1.5L-2.0L,Low
7755,Tata Motors,Punch,2024,Diesel,Manual,1420000.0,11.3,1800,5,5600.0,14.2,5.6,0,1.5L-2.0L,Low
7756,Skoda,Superb,2016,CNG,Manual,2890000.0,27.2,1800,5,14500.0,28.9,14.5,8,1.5L-2.0L,Excellent
7757,Hyundai,Creta,2022,CNG,Manual,2450000.0,21.1,2000,7,11100.0,24.5,11.1,2,1.5L-2.0L,Good
7758,Mahindra,Scorpio,2023,CNG,Automatic,1570000.0,18.5,1000,7,6100.0,15.7,6.1,1,Below 1.0L,Average
7759,Volkswagen,Virtus,2021,Diesel,Manual,1000000.0,18.5,1500,6,15800.0,10.0,15.8,3,1.0L-1.5L,Average
7760,Skoda,Slavia,2024,Electric,Manual,3120000.0,17.6,800,5,15800.0,31.2,15.8,0,Below 1.0L,Average
7761,Hyundai,i10,2016,CNG,Manual,1730000.0,28.6,2500,5,9600.0,17.3,9.6,8,2.0L-3.0L,Excellent
7762,Skoda,Superb,2020,Petrol,Manual,2410000.0,21.2,1000,4,15600.0,24.1,15.6,4,Below 1.0L,Good
7763,Maruti Suzuki,Baleno,2019,Petrol,Automatic,480000.0,10.7,1800,6,20200.0,4.8,20.2,5,1.5L-2.0L,Low
7764,Skoda,Octavia,2024,Electric,Manual,860000.0,10.0,1800,4,23300.0,8.6,23.3,0,1.5L-2.0L,Low
7765,Honda,Amaze,2017,Electric,Manual,1330000.0,28.3,1500,4,22700.0,13.3,22.7,7,1.0L-1.5L,Excellent
7766,Hyundai,i20,2021,Petrol,Manual,1130000.0,30.0,1000,5,6500.0,11.3,6.5,3,Below 1.0L,Excellent
7767,Hyundai,Verna,2021,Electric,Automatic,1330000.0,23.3,1500,4,8300.0,13.3,8.3,3,1.0L-1.5L,Good
7768,Maruti Suzuki,Swift,2023,Diesel,Automatic,970000.0,27.4,1200,6,14000.0,9.7,14.0,1,1.0L-1.5L,Excellent
7769,Toyota,Innova,2019,Electric,Manual,1740000.0,28.0,1200,4,6000.0,17.4,6.0,5,1.0L-1.5L,Excellent
7770,Kia,EV6,2024,CNG,Manual,2250000.0,29.7,800,7,24900.0,22.5,24.9,0,Below 1.0L,Excellent
7771,Tata Motors,Altroz,2023,CNG,Manual,2500000.0,13.5,1200,5,21000.0,25.0,21.0,1,1.0L-1.5L,Low
7772,Maruti Suzuki,WagonR,2020,Petrol,Automatic,2030000.0,26.7,2000,6,14400.0,20.3,14.4,4,1.5L-2.0L,Excellent
7773,Honda,Jazz,2016,Electric,Manual,1830000.0,16.2,2500,5,16200.0,18.3,16.2,8,2.0L-3.0L,Average
7774,Mahindra,Thar,2020,Diesel,Automatic,990000.0,13.1,1800,7,19900.0,9.9,19.9,4,1.5L-2.0L,Low
7775,Renault,Kwid,2023,CNG,Manual,1540000.0,17.0,1800,6,22700.0,15.4,22.7,1,1.5L-2.0L,Average
7776,Tata Motors,Nexon,2021,Diesel,Automatic,510000.0,13.1,1500,6,19700.0,5.1,19.7,3,1.0L-1.5L,Low
7777,Tata Motors,Altroz,2023,CNG,Automatic,2610000.0,12.4,1800,4,9500.0,26.1,9.5,1,1.5L-2.0L,Low
7778,Hyundai,i10,2022,Petrol,Automatic,470000.0,18.4,1200,6,12500.0,4.7,12.5,2,1.0L-1.5L,Average
7779,Tata Motors,Nexon,2022,Electric,Automatic,2630000.0,19.3,2500,5,5800.0,26.3,5.8,2,2.0L-3.0L,Average
7780,Renault,Lodgy,2019,Electric,Automatic,700000.0,14.9,2000,6,15400.0,7.0,15.4,5,1.5L-2.0L,Low
7781,Skoda,Kushaq,2023,CNG,Manual,2070000.0,11.1,1200,5,24700.0,20.7,24.7,1,1.0L-1.5L,Low
7782,Kia,Seltos,2019,Petrol,Manual,2940000.0,27.9,1500,6,5700.0,29.4,5.7,5,1.0L-1.5L,Excellent
7783,Toyota,Fortuner,2018,Diesel,Automatic,2100000.0,21.6,1800,7,11100.0,21.0,11.1,6,1.5L-2.0L,Good
7784,Mahindra,Thar,2024,Diesel,Automatic,1490000.0,18.5,2000,5,12800.0,14.9,12.8,0,1.5L-2.0L,Average
7785,Toyota,Camry,2019,CNG,Manual,980000.0,16.5,1200,7,22500.0,9.8,22.5,5,1.0L-1.5L,Average
7786,Mahindra,Thar,2017,Diesel,Manual,3120000.0,20.5,1200,4,15300.0,31.2,15.3,7,1.0L-1.5L,Good
7787,Volkswagen,Vento,2020,Petrol,Manual,1920000.0,10.7,2000,7,9800.0,19.2,9.8,4,1.5L-2.0L,Low
7788,Renault,Kiger,2017,Petrol,Manual,2630000.0,17.5,2500,7,23700.0,26.3,23.7,7,2.0L-3.0L,Average
7789,Skoda,Octavia,2019,Electric,Manual,1250000.0,24.1,2500,6,7000.0,12.5,7.0,5,2.0L-3.0L,Good
7790,Tata Motors,Harrier,2020,Diesel,Automatic,2330000.0,24.8,1000,5,11000.0,23.3,11.0,4,Below 1.0L,Good
7791,Hyundai,Verna,2015,Electric,Automatic,1500000.0,27.8,1800,7,24300.0,15.0,24.3,9,1.5L-2.0L,Excellent
7792,Skoda,Rapid,2018,Diesel,Manual,3390000.0,14.9,1200,4,19800.0,33.9,19.8,6,1.0L-1.5L,Low
7793,Kia,EV6,2017,CNG,Automatic,1400000.0,19.3,1000,5,8100.0,14.0,8.1,7,Below 1.0L,Average
7794,Mahindra,Scorpio,2020,Electric,Automatic,710000.0,11.3,800,5,20700.0,7.1,20.7,4,Below 1.0L,Low
7795,Mahindra,XUV300,2022,Diesel,Automatic,2850000.0,14.5,1000,7,10400.0,28.5,10.4,2,Below 1.0L,Low
7796,Skoda,Superb,2019,CNG,Automatic,2830000.0,25.0,1500,6,13500.0,28.3,13.5,5,1.0L-1.5L,Good
7797,Kia,Carens,2024,Petrol,Manual,1910000.0,18.6,2500,4,16000.0,19.1,16.0,0,2.0L-3.0L,Average
7798,Toyota,Innova,2024,Diesel,Manual,3000000.0,21.4,1200,4,24800.0,30.0,24.8,0,1.0L-1.5L,Good
7799,Maruti Suzuki,Ertiga,2021,Electric,Manual,1610000.0,18.9,800,4,17400.0,16.1,17.4,3,Below 1.0L,Average
7800,Kia,EV6,2015,Diesel,Manual,2730000.0,15.7,2000,6,18600.0,27.3,18.6,9,1.5L-2.0L,Average
7801,Mahindra,Scorpio,2021,CNG,Automatic,540000.0,17.2,800,5,18100.0,5.4,18.1,3,Below 1.0L,Average
7802,Renault,Kiger,2023,Electric,Manual,1750000.0,26.2,2500,4,5000.0,17.5,5.0,1,2.0L-3.0L,Excellent
7803,Hyundai,Venue,2017,Diesel,Manual,3060000.0,23.5,1500,4,24700.0,30.6,24.7,7,1.0L-1.5L,Good
7804,Kia,Sonet,2015,Petrol,Automatic,510000.0,11.4,2500,6,21500.0,5.1,21.5,9,2.0L-3.0L,Low
7805,Hyundai,Venue,2023,Electric,Automatic,2630000.0,26.8,1500,7,17500.0,26.3,17.5,1,1.0L-1.5L,Excellent
7806,Toyota,Urban Cruiser,2021,CNG,Automatic,1710000.0,23.0,1500,6,6100.0,17.1,6.1,3,1.0L-1.5L,Good
7807,Honda,Jazz,2019,Diesel,Manual,1590000.0,11.7,2000,4,20300.0,15.9,20.3,5,1.5L-2.0L,Low
7808,Toyota,Fortuner,2021,CNG,Manual,2020000.0,16.6,1000,7,17000.0,20.2,17.0,3,Below 1.0L,Average
7809,Tata Motors,Harrier,2019,Diesel,Automatic,920000.0,14.4,1800,4,5000.0,9.2,5.0,5,1.5L-2.0L,Low
7810,Volkswagen,Taigun,2015,CNG,Automatic,1110000.0,26.1,1500,7,12800.0,11.1,12.8,9,1.0L-1.5L,Excellent
7811,Hyundai,Creta,2023,Diesel,Automatic,1230000.0,29.4,2500,6,5100.0,12.3,5.1,1,2.0L-3.0L,Excellent
7812,Volkswagen,Taigun,2024,Electric,Manual,3210000.0,27.5,2500,5,11300.0,32.1,11.3,0,2.0L-3.0L,Excellent
7813,Skoda,Slavia,2015,Electric,Manual,3400000.0,24.0,2500,4,20100.0,34.0,20.1,9,2.0L-3.0L,Good
7814,Maruti Suzuki,Dzire,2021,Electric,Manual,2000000.0,29.7,1000,4,22700.0,20.0,22.7,3,Below 1.0L,Excellent
7815,Kia,Sonet,2015,Diesel,Automatic,1850000.0,10.8,1500,5,6100.0,18.5,6.1,9,1.0L-1.5L,Low
7816,Maruti Suzuki,Baleno,2018,Diesel,Manual,2430000.0,16.8,1200,6,13400.0,24.3,13.4,6,1.0L-1.5L,Average
7817,Volkswagen,Virtus,2019,Petrol,Automatic,2880000.0,14.2,1000,4,9200.0,28.8,9.2,5,Below 1.0L,Low
7818,Maruti Suzuki,Swift,2021,CNG,Manual,1660000.0,27.3,2000,7,11500.0,16.6,11.5,3,1.5L-2.0L,Excellent
7819,Tata Motors,Harrier,2021,Petrol,Manual,1590000.0,21.7,2000,6,10900.0,15.9,10.9,3,1.5L-2.0L,Good
7820,Kia,Seltos,2020,CNG,Manual,1880000.0,24.6,1000,5,16600.0,18.8,16.6,4,Below 1.0L,Good
7821,Kia,Seltos,2017,Diesel,Manual,1770000.0,18.4,1800,4,22500.0,17.7,22.5,7,1.5L-2.0L,Average
7822,Volkswagen,Taigun,2020,Electric,Manual,2160000.0,22.9,1500,7,8700.0,21.6,8.7,4,1.0L-1.5L,Good
7823,Volkswagen,Taigun,2022,Diesel,Automatic,1990000.0,26.2,800,6,11900.0,19.9,11.9,2,Below 1.0L,Excellent
7824,Tata Motors,Altroz,2019,Petrol,Manual,2930000.0,22.9,2500,5,20200.0,29.3,20.2,5,2.0L-3.0L,Good
7825,Skoda,Octavia,2024,CNG,Automatic,620000.0,20.9,1000,6,10100.0,6.2,10.1,0,Below 1.0L,Good
7826,Honda,Civic,2021,Electric,Automatic,2620000.0,19.3,800,5,20700.0,26.2,20.7,3,Below 1.0L,Average
7827,Tata Motors,Punch,2015,Electric,Manual,2890000.0,29.8,2000,5,24100.0,28.9,24.1,9,1.5L-2.0L,Excellent
7828,Volkswagen,Tiguan,2023,CNG,Automatic,780000.0,10.9,1200,4,5400.0,7.8,5.4,1,1.0L-1.5L,Low
7829,Renault,Lodgy,2023,Electric,Automatic,2640000.0,18.5,1200,7,12400.0,26.4,12.4,1,1.0L-1.5L,Average
7830,Mahindra,Scorpio,2023,Electric,Automatic,920000.0,24.0,1200,6,19900.0,9.2,19.9,1,1.0L-1.5L,Good
7831,Hyundai,Creta,2023,Diesel,Manual,1510000.0,10.5,2000,4,22000.0,15.1,22.0,1,1.5L-2.0L,Low
7832,Skoda,Octavia,2020,CNG,Manual,1580000.0,19.6,1800,4,22600.0,15.8,22.6,4,1.5L-2.0L,Average
7833,Tata Motors,Altroz,2023,Electric,Automatic,850000.0,22.9,1500,7,11400.0,8.5,11.4,1,1.0L-1.5L,Good
7834,Mahindra,XUV700,2019,Petrol,Manual,1360000.0,18.1,2500,5,11400.0,13.6,11.4,5,2.0L-3.0L,Average
7835,Skoda,Superb,2021,CNG,Automatic,460000.0,11.5,2000,5,5200.0,4.6,5.2,3,1.5L-2.0L,Low
7836,Toyota,Glanza,2015,CNG,Manual,1310000.0,19.3,2500,6,9000.0,13.1,9.0,9,2.0L-3.0L,Average
7837,Toyota,Glanza,2017,Electric,Manual,2440000.0,18.1,1200,4,20600.0,24.4,20.6,7,1.0L-1.5L,Average
7838,Tata Motors,Altroz,2019,Petrol,Automatic,1660000.0,10.4,800,7,9400.0,16.6,9.4,5,Below 1.0L,Low
7839,Kia,EV6,2018,Electric,Manual,470000.0,28.9,1500,7,14900.0,4.7,14.9,6,1.0L-1.5L,Excellent
7840,Volkswagen,Vento,2019,CNG,Manual,1080000.0,22.3,1200,4,18000.0,10.8,18.0,5,1.0L-1.5L,Good
7841,Tata Motors,Nexon,2022,Petrol,Automatic,1890000.0,23.4,1200,5,8000.0,18.9,8.0,2,1.0L-1.5L,Good
7842,Skoda,Superb,2017,Diesel,Manual,460000.0,11.4,800,7,24200.0,4.6,24.2,7,Below 1.0L,Low
7843,Toyota,Innova,2019,Diesel,Automatic,1020000.0,11.9,1200,4,16400.0,10.2,16.4,5,1.0L-1.5L,Low
7844,Skoda,Kushaq,2015,Petrol,Automatic,2710000.0,15.0,1000,7,15500.0,27.1,15.5,9,Below 1.0L,Low
7845,Honda,WR-V,2023,CNG,Automatic,2160000.0,23.5,2500,6,24000.0,21.6,24.0,1,2.0L-3.0L,Good
7846,Renault,Triber,2023,Electric,Automatic,1690000.0,11.1,1800,7,19300.0,16.9,19.3,1,1.5L-2.0L,Low
7847,Hyundai,Verna,2019,Diesel,Automatic,980000.0,21.8,1500,6,13500.0,9.8,13.5,5,1.0L-1.5L,Good
7848,Toyota,Glanza,2024,CNG,Automatic,1270000.0,18.7,800,5,19000.0,12.7,19.0,0,Below 1.0L,Average
7849,Hyundai,Venue,2020,Petrol,Manual,2880000.0,19.4,800,4,8300.0,28.8,8.3,4,Below 1.0L,Average
7850,Honda,City,2020,Electric,Automatic,3110000.0,28.1,2500,7,22700.0,31.1,22.7,4,2.0L-3.0L,Excellent
7851,Renault,Kiger,2015,CNG,Automatic,1110000.0,10.9,800,6,8500.0,11.1,8.5,9,Below 1.0L,Low
7852,Toyota,Glanza,2015,Petrol,Manual,3280000.0,25.3,1500,4,24200.0,32.8,24.2,9,1.0L-1.5L,Excellent
7853,Maruti Suzuki,WagonR,2018,Diesel,Manual,2460000.0,12.2,2500,6,12800.0,24.6,12.8,6,2.0L-3.0L,Low
7854,Volkswagen,Virtus,2020,Electric,Automatic,3060000.0,28.3,1500,6,5600.0,30.6,5.6,4,1.0L-1.5L,Excellent
7855,Hyundai,i10,2015,Diesel,Manual,2560000.0,12.9,1200,6,20700.0,25.6,20.7,9,1.0L-1.5L,Low
7856,Mahindra,Thar,2018,Electric,Automatic,2720000.0,21.3,1200,6,8600.0,27.2,8.6,6,1.0L-1.5L,Good
7857,Honda,WR-V,2017,Petrol,Automatic,2880000.0,27.5,2500,6,21700.0,28.8,21.7,7,2.0L-3.0L,Excellent
7858,Toyota,Innova,2018,Electric,Manual,2480000.0,12.4,2500,5,5800.0,24.8,5.8,6,2.0L-3.0L,Low
7859,Kia,Carnival,2015,CNG,Automatic,2910000.0,16.1,2500,6,20300.0,29.1,20.3,9,2.0L-3.0L,Average
7860,Toyota,Innova,2024,Diesel,Manual,1350000.0,22.4,1000,7,9800.0,13.5,9.8,0,Below 1.0L,Good
7861,Skoda,Kushaq,2021,Electric,Manual,790000.0,21.9,1200,6,20400.0,7.9,20.4,3,1.0L-1.5L,Good
7862,Tata Motors,Altroz,2016,Diesel,Automatic,990000.0,17.0,800,5,11600.0,9.9,11.6,8,Below 1.0L,Average
7863,Toyota,Fortuner,2024,CNG,Automatic,1870000.0,16.4,1500,6,16700.0,18.7,16.7,0,1.0L-1.5L,Average
7864,Mahindra,XUV700,2015,Petrol,Manual,2950000.0,23.6,1000,6,24600.0,29.5,24.6,9,Below 1.0L,Good
7865,Tata Motors,Tiago,2020,Petrol,Automatic,1510000.0,20.0,1200,7,8500.0,15.1,8.5,4,1.0L-1.5L,Average
7866,Toyota,Urban Cruiser,2020,Electric,Automatic,2900000.0,16.7,1500,6,17200.0,29.0,17.2,4,1.0L-1.5L,Average
7867,Skoda,Superb,2020,Electric,Manual,2350000.0,16.1,1200,7,12400.0,23.5,12.4,4,1.0L-1.5L,Average
7868,Volkswagen,Taigun,2019,Electric,Automatic,3370000.0,20.6,800,4,11400.0,33.7,11.4,5,Below 1.0L,Good
7869,Mahindra,Thar,2024,CNG,Manual,3040000.0,21.5,1000,6,16800.0,30.4,16.8,0,Below 1.0L,Good
7870,Volkswagen,Taigun,2023,Petrol,Automatic,2940000.0,19.0,1000,7,7200.0,29.4,7.2,1,Below 1.0L,Average
7871,Skoda,Octavia,2023,CNG,Automatic,1990000.0,27.1,1000,6,10900.0,19.9,10.9,1,Below 1.0L,Excellent
7872,Volkswagen,Tiguan,2015,Petrol,Manual,2550000.0,25.0,2500,6,22300.0,25.5,22.3,9,2.0L-3.0L,Good
7873,Maruti Suzuki,Dzire,2020,Diesel,Automatic,1250000.0,12.3,1800,6,14600.0,12.5,14.6,4,1.5L-2.0L,Low
7874,Maruti Suzuki,WagonR,2015,CNG,Automatic,1930000.0,25.5,2500,6,9300.0,19.3,9.3,9,2.0L-3.0L,Excellent
7875,Hyundai,Creta,2023,CNG,Manual,660000.0,11.3,1500,7,15300.0,6.6,15.3,1,1.0L-1.5L,Low
7876,Mahindra,XUV300,2021,Diesel,Manual,3080000.0,21.5,1200,7,19300.0,30.8,19.3,3,1.0L-1.5L,Good
7877,Mahindra,XUV700,2023,CNG,Automatic,2310000.0,28.0,1200,5,14300.0,23.1,14.3,1,1.0L-1.5L,Excellent
7878,Hyundai,Venue,2019,Petrol,Manual,2700000.0,12.9,2500,6,10300.0,27.0,10.3,5,2.0L-3.0L,Low
7879,Toyota,Urban Cruiser,2024,Electric,Manual,1750000.0,14.4,1500,7,15900.0,17.5,15.9,0,1.0L-1.5L,Low
7880,Volkswagen,Taigun,2021,Petrol,Manual,3400000.0,17.3,1500,7,22400.0,34.0,22.4,3,1.0L-1.5L,Average
7881,Volkswagen,Taigun,2020,CNG,Manual,840000.0,16.8,2500,4,9100.0,8.4,9.1,4,2.0L-3.0L,Average
7882,Kia,Carens,2023,Electric,Automatic,2050000.0,24.1,2500,6,16500.0,20.5,16.5,1,2.0L-3.0L,Good
7883,Hyundai,i20,2017,Petrol,Manual,990000.0,18.8,1000,7,8400.0,9.9,8.4,7,Below 1.0L,Average
7884,Volkswagen,Polo,2016,Petrol,Manual,2160000.0,28.2,1500,6,14100.0,21.6,14.1,8,1.0L-1.5L,Excellent
7885,Maruti Suzuki,Ertiga,2017,CNG,Manual,2710000.0,22.1,1500,4,23600.0,27.1,23.6,7,1.0L-1.5L,Good
7886,Honda,City,2019,CNG,Manual,1600000.0,23.6,2000,5,15500.0,16.0,15.5,5,1.5L-2.0L,Good
7887,Toyota,Glanza,2024,Diesel,Automatic,2780000.0,21.7,1000,5,12000.0,27.8,12.0,0,Below 1.0L,Good
7888,Hyundai,Creta,2022,Diesel,Automatic,1950000.0,16.9,800,7,21800.0,19.5,21.8,2,Below 1.0L,Average
7889,Maruti Suzuki,Dzire,2015,CNG,Automatic,2770000.0,19.3,1200,7,8700.0,27.7,8.7,9,1.0L-1.5L,Average
7890,Mahindra,Scorpio,2021,CNG,Manual,3180000.0,15.1,2000,6,20800.0,31.8,20.8,3,1.5L-2.0L,Average
7891,Honda,Jazz,2018,Petrol,Manual,3270000.0,28.8,2500,6,22500.0,32.7,22.5,6,2.0L-3.0L,Excellent
7892,Maruti Suzuki,Baleno,2020,Electric,Manual,830000.0,28.1,1200,4,13900.0,8.3,13.9,4,1.0L-1.5L,Excellent
7893,Toyota,Camry,2020,CNG,Automatic,1930000.0,18.7,1500,4,5300.0,19.3,5.3,4,1.0L-1.5L,Average
7894,Hyundai,Venue,2016,CNG,Automatic,1960000.0,16.1,1200,7,16300.0,19.6,16.3,8,1.0L-1.5L,Average
7895,Mahindra,XUV700,2019,Electric,Automatic,3260000.0,24.4,1800,4,13200.0,32.6,13.2,5,1.5L-2.0L,Good
7896,Renault,Kiger,2019,Electric,Automatic,2660000.0,15.0,1800,4,17100.0,26.6,17.1,5,1.5L-2.0L,Low
7897,Hyundai,i20,2021,Petrol,Manual,950000.0,25.1,1200,5,24400.0,9.5,24.4,3,1.0L-1.5L,Excellent
7898,Kia,Carnival,2021,Petrol,Automatic,2200000.0,29.4,800,4,16400.0,22.0,16.4,3,Below 1.0L,Excellent
7899,Skoda,Kushaq,2015,CNG,Manual,1140000.0,10.2,1800,7,22200.0,11.4,22.2,9,1.5L-2.0L,Low
7900,Kia,EV6,2021,Diesel,Automatic,2660000.0,28.9,1800,7,5100.0,26.6,5.1,3,1.5L-2.0L,Excellent
7901,Volkswagen,Virtus,2019,Petrol,Automatic,790000.0,11.1,1500,6,15800.0,7.9,15.8,5,1.0L-1.5L,Low
7902,Volkswagen,Tiguan,2018,Diesel,Automatic,1970000.0,25.1,1200,7,19800.0,19.7,19.8,6,1.0L-1.5L,Excellent
7903,Kia,Sonet,2016,Petrol,Manual,3450000.0,27.4,1800,4,22500.0,34.5,22.5,8,1.5L-2.0L,Excellent
7904,Maruti Suzuki,WagonR,2016,Petrol,Manual,1910000.0,23.7,1200,6,14200.0,19.1,14.2,8,1.0L-1.5L,Good
7905,Honda,Jazz,2018,CNG,Automatic,2280000.0,25.3,1500,5,16800.0,22.8,16.8,6,1.0L-1.5L,Excellent
7906,Hyundai,i10,2020,Electric,Automatic,1120000.0,20.6,1200,7,6400.0,11.2,6.4,4,1.0L-1.5L,Good
7907,Tata Motors,Altroz,2022,Electric,Automatic,3040000.0,18.6,1500,7,13500.0,30.4,13.5,2,1.0L-1.5L,Average
7908,Hyundai,Creta,2020,CNG,Manual,660000.0,13.4,1000,4,10900.0,6.6,10.9,4,Below 1.0L,Low
7909,Mahindra,XUV700,2017,Diesel,Manual,1770000.0,17.5,1800,6,22700.0,17.7,22.7,7,1.5L-2.0L,Average
7910,Maruti Suzuki,WagonR,2024,Diesel,Manual,2640000.0,15.0,800,7,10000.0,26.4,10.0,0,Below 1.0L,Low
7911,Maruti Suzuki,WagonR,2016,Petrol,Automatic,2910000.0,19.7,1800,4,21200.0,29.1,21.2,8,1.5L-2.0L,Average
7912,Kia,Seltos,2018,CNG,Automatic,2350000.0,18.0,2500,7,21800.0,23.5,21.8,6,2.0L-3.0L,Average
7913,Maruti Suzuki,Ertiga,2022,CNG,Manual,1870000.0,30.0,1500,4,22000.0,18.7,22.0,2,1.0L-1.5L,Excellent
7914,Maruti Suzuki,Swift,2019,Electric,Automatic,2560000.0,13.8,1800,6,24000.0,25.6,24.0,5,1.5L-2.0L,Low
7915,Maruti Suzuki,Ertiga,2022,Petrol,Automatic,3160000.0,27.4,2000,6,13000.0,31.6,13.0,2,1.5L-2.0L,Excellent
7916,Maruti Suzuki,Ertiga,2015,CNG,Automatic,2530000.0,11.3,1200,5,22600.0,25.3,22.6,9,1.0L-1.5L,Low
7917,Kia,Carnival,2018,Diesel,Manual,2860000.0,28.0,1200,7,9100.0,28.6,9.1,6,1.0L-1.5L,Excellent
7918,Honda,Jazz,2021,Diesel,Manual,840000.0,15.2,1800,5,21400.0,8.4,21.4,3,1.5L-2.0L,Average
7919,Skoda,Kushaq,2022,Petrol,Automatic,1640000.0,28.9,2500,7,11900.0,16.4,11.9,2,2.0L-3.0L,Excellent
7920,Mahindra,Scorpio,2024,Petrol,Manual,1010000.0,19.0,2500,4,17300.0,10.1,17.3,0,2.0L-3.0L,Average
7921,Skoda,Superb,2017,Diesel,Manual,3060000.0,10.7,800,7,23000.0,30.6,23.0,7,Below 1.0L,Low
7922,Renault,Lodgy,2022,Electric,Manual,1640000.0,28.4,1500,7,8700.0,16.4,8.7,2,1.0L-1.5L,Excellent
7923,Skoda,Kushaq,2016,Electric,Manual,2150000.0,16.6,2500,4,21400.0,21.5,21.4,8,2.0L-3.0L,Average
7924,Maruti Suzuki,Ertiga,2023,Electric,Automatic,2830000.0,18.6,1000,6,5000.0,28.3,5.0,1,Below 1.0L,Average
7925,Tata Motors,Altroz,2018,Petrol,Automatic,2480000.0,12.3,2500,5,8800.0,24.8,8.8,6,2.0L-3.0L,Low
7926,Skoda,Octavia,2022,Diesel,Automatic,1410000.0,29.2,1200,7,8300.0,14.1,8.3,2,1.0L-1.5L,Excellent
7927,Toyota,Camry,2021,Diesel,Automatic,1770000.0,19.7,1200,5,8000.0,17.7,8.0,3,1.0L-1.5L,Average
7928,Mahindra,Scorpio,2019,Diesel,Automatic,1860000.0,20.4,1500,5,22000.0,18.6,22.0,5,1.0L-1.5L,Good
7929,Toyota,Urban Cruiser,2017,Electric,Manual,1140000.0,12.1,800,7,9100.0,11.4,9.1,7,Below 1.0L,Low
7930,Kia,Sonet,2019,Electric,Manual,410000.0,28.4,1200,4,20900.0,4.1,20.9,5,1.0L-1.5L,Excellent
7931,Renault,Lodgy,2023,Electric,Automatic,3070000.0,25.5,1500,5,19600.0,30.7,19.6,1,1.0L-1.5L,Excellent
7932,Kia,Carens,2018,Petrol,Automatic,2740000.0,28.4,1800,4,17600.0,27.4,17.6,6,1.5L-2.0L,Excellent
7933,Tata Motors,Harrier,2016,CNG,Manual,3480000.0,24.6,2000,4,21400.0,34.8,21.4,8,1.5L-2.0L,Good
7934,Kia,Sonet,2024,Electric,Manual,1820000.0,15.9,2500,5,5900.0,18.2,5.9,0,2.0L-3.0L,Average
7935,Renault,Kwid,2022,Diesel,Automatic,2720000.0,17.3,1000,4,16100.0,27.2,16.1,2,Below 1.0L,Average
7936,Mahindra,Scorpio,2018,Diesel,Automatic,2430000.0,22.8,1200,7,21300.0,24.3,21.3,6,1.0L-1.5L,Good
7937,Toyota,Glanza,2023,CNG,Automatic,1880000.0,24.1,800,6,13700.0,18.8,13.7,1,Below 1.0L,Good
7938,Mahindra,XUV300,2020,Electric,Manual,480000.0,26.1,1000,5,5700.0,4.8,5.7,4,Below 1.0L,Excellent
7939,Maruti Suzuki,Dzire,2021,Petrol,Automatic,1030000.0,21.2,2500,7,14200.0,10.3,14.2,3,2.0L-3.0L,Good
7940,Tata Motors,Altroz,2017,Electric,Automatic,500000.0,10.8,800,5,9000.0,5.0,9.0,7,Below 1.0L,Low
7941,Tata Motors,Tiago,2017,CNG,Automatic,1630000.0,15.5,1000,5,7900.0,16.3,7.9,7,Below 1.0L,Average
7942,Honda,Amaze,2015,Petrol,Automatic,3140000.0,20.7,1800,7,9400.0,31.4,9.4,9,1.5L-2.0L,Good
7943,Honda,Amaze,2016,CNG,Manual,1070000.0,26.2,1200,4,13400.0,10.7,13.4,8,1.0L-1.5L,Excellent
7944,Toyota,Fortuner,2019,Diesel,Automatic,3500000.0,14.7,1000,4,23200.0,35.0,23.2,5,Below 1.0L,Low
7945,Hyundai,i10,2018,CNG,Automatic,2760000.0,21.5,1200,5,7800.0,27.6,7.8,6,1.0L-1.5L,Good
7946,Mahindra,XUV700,2019,Petrol,Automatic,3110000.0,17.2,1800,5,5800.0,31.1,5.8,5,1.5L-2.0L,Average
7947,Toyota,Camry,2018,CNG,Automatic,750000.0,17.8,2000,6,12800.0,7.5,12.8,6,1.5L-2.0L,Average
7948,Maruti Suzuki,Dzire,2020,Electric,Manual,3220000.0,25.8,1000,6,6400.0,32.2,6.4,4,Below 1.0L,Excellent
7949,Volkswagen,Taigun,2024,Petrol,Automatic,620000.0,14.2,2500,6,10500.0,6.2,10.5,0,2.0L-3.0L,Low
7950,Skoda,Kushaq,2023,Diesel,Manual,2950000.0,14.0,1000,4,19700.0,29.5,19.7,1,Below 1.0L,Low
7951,Hyundai,Verna,2016,Electric,Manual,1290000.0,28.6,2000,5,22000.0,12.9,22.0,8,1.5L-2.0L,Excellent
7952,Volkswagen,Taigun,2022,Electric,Automatic,1220000.0,18.9,2500,6,23600.0,12.2,23.6,2,2.0L-3.0L,Average
7953,Volkswagen,Vento,2022,Diesel,Automatic,550000.0,16.6,1200,6,9000.0,5.5,9.0,2,1.0L-1.5L,Average
7954,Kia,Sonet,2021,Diesel,Automatic,1970000.0,15.7,2500,4,7300.0,19.7,7.3,3,2.0L-3.0L,Average
7955,Toyota,Camry,2018,Petrol,Automatic,1430000.0,21.4,1800,7,21900.0,14.3,21.9,6,1.5L-2.0L,Good
7956,Renault,Triber,2017,Electric,Automatic,1600000.0,14.9,800,4,12800.0,16.0,12.8,7,Below 1.0L,Low
7957,Honda,Jazz,2019,Electric,Automatic,500000.0,17.1,2000,5,24200.0,5.0,24.2,5,1.5L-2.0L,Average
7958,Honda,Amaze,2016,Electric,Manual,720000.0,19.7,800,6,23400.0,7.2,23.4,8,Below 1.0L,Average
7959,Honda,Jazz,2018,Petrol,Automatic,1700000.0,16.8,2000,5,24500.0,17.0,24.5,6,1.5L-2.0L,Average
7960,Maruti Suzuki,Ertiga,2018,Electric,Automatic,1530000.0,10.4,2000,6,21600.0,15.3,21.6,6,1.5L-2.0L,Low
7961,Tata Motors,Punch,2017,Petrol,Manual,2060000.0,16.2,800,5,5000.0,20.6,5.0,7,Below 1.0L,Average
7962,Skoda,Superb,2021,Diesel,Automatic,1510000.0,24.6,1000,6,22900.0,15.1,22.9,3,Below 1.0L,Good
7963,Renault,Kiger,2022,CNG,Manual,2960000.0,22.1,1000,6,6100.0,29.6,6.1,2,Below 1.0L,Good
7964,Kia,Carens,2020,Electric,Manual,1040000.0,28.6,1000,4,16200.0,10.4,16.2,4,Below 1.0L,Excellent
7965,Honda,WR-V,2019,CNG,Manual,3360000.0,13.4,800,5,12300.0,33.6,12.3,5,Below 1.0L,Low
7966,Maruti Suzuki,Swift,2016,Electric,Automatic,590000.0,13.2,800,5,9900.0,5.9,9.9,8,Below 1.0L,Low
7967,Toyota,Camry,2017,CNG,Manual,1860000.0,23.5,800,7,20700.0,18.6,20.7,7,Below 1.0L,Good
7968,Honda,City,2021,Electric,Manual,2360000.0,16.2,1500,5,19900.0,23.6,19.9,3,1.0L-1.5L,Average
7969,Maruti Suzuki,Ertiga,2019,Electric,Manual,1840000.0,21.4,800,4,11900.0,18.4,11.9,5,Below 1.0L,Good
7970,Kia,Sonet,2019,Diesel,Automatic,970000.0,19.0,800,4,22600.0,9.7,22.6,5,Below 1.0L,Average
7971,Renault,Kiger,2022,Petrol,Automatic,760000.0,11.5,800,4,20200.0,7.6,20.2,2,Below 1.0L,Low
7972,Tata Motors,Punch,2016,Diesel,Automatic,740000.0,18.2,1500,5,13400.0,7.4,13.4,8,1.0L-1.5L,Average
7973,Hyundai,i20,2017,Electric,Manual,2000000.0,10.9,2500,5,11100.0,20.0,11.1,7,2.0L-3.0L,Low
7974,Skoda,Rapid,2022,Diesel,Manual,1000000.0,17.9,1500,6,23400.0,10.0,23.4,2,1.0L-1.5L,Average
7975,Toyota,Fortuner,2020,Diesel,Automatic,1300000.0,13.1,800,4,22200.0,13.0,22.2,4,Below 1.0L,Low
7976,Volkswagen,Taigun,2024,Diesel,Manual,3120000.0,26.3,2500,5,7000.0,31.2,7.0,0,2.0L-3.0L,Excellent
7977,Honda,City,2015,CNG,Manual,1870000.0,22.2,2000,7,9200.0,18.7,9.2,9,1.5L-2.0L,Good
7978,Skoda,Kushaq,2018,CNG,Automatic,2050000.0,14.4,1000,4,8700.0,20.5,8.7,6,Below 1.0L,Low
7979,Toyota,Fortuner,2020,Petrol,Manual,1380000.0,18.7,1000,7,10100.0,13.8,10.1,4,Below 1.0L,Average
7980,Mahindra,Bolero,2021,Diesel,Manual,2900000.0,18.3,1000,7,7800.0,29.0,7.8,3,Below 1.0L,Average
7981,Hyundai,i20,2020,CNG,Automatic,1200000.0,25.6,800,4,9000.0,12.0,9.0,4,Below 1.0L,Excellent
7982,Maruti Suzuki,Dzire,2017,Diesel,Automatic,1370000.0,13.8,1000,5,17500.0,13.7,17.5,7,Below 1.0L,Low
7983,Skoda,Octavia,2019,CNG,Automatic,780000.0,12.3,2500,7,18900.0,7.8,18.9,5,2.0L-3.0L,Low
7984,Mahindra,Scorpio,2023,Petrol,Manual,2590000.0,15.6,1000,5,11300.0,25.9,11.3,1,Below 1.0L,Average
7985,Maruti Suzuki,WagonR,2021,CNG,Automatic,590000.0,12.9,2500,5,23200.0,5.9,23.2,3,2.0L-3.0L,Low
7986,Skoda,Kushaq,2020,Petrol,Manual,1250000.0,11.5,1000,4,20900.0,12.5,20.9,4,Below 1.0L,Low
7987,Mahindra,XUV700,2020,Petrol,Manual,2440000.0,16.9,1800,4,24300.0,24.4,24.3,4,1.5L-2.0L,Average
7988,Skoda,Kushaq,2023,Diesel,Automatic,910000.0,20.2,1800,5,9300.0,9.1,9.3,1,1.5L-2.0L,Good
7989,Kia,Carens,2019,CNG,Manual,3180000.0,21.6,2000,7,16400.0,31.8,16.4,5,1.5L-2.0L,Good
7990,Skoda,Octavia,2019,Diesel,Manual,3100000.0,16.9,1500,6,7500.0,31.0,7.5,5,1.0L-1.5L,Average
7991,Hyundai,i20,2018,Diesel,Manual,580000.0,20.6,800,4,13900.0,5.8,13.9,6,Below 1.0L,Good
7992,Skoda,Octavia,2022,Electric,Automatic,2590000.0,25.0,1800,4,19100.0,25.9,19.1,2,1.5L-2.0L,Good
7993,Renault,Kwid,2024,CNG,Automatic,1350000.0,25.2,2500,7,17400.0,13.5,17.4,0,2.0L-3.0L,Excellent
7994,Maruti Suzuki,Dzire,2018,Diesel,Automatic,3180000.0,18.3,2500,7,15200.0,31.8,15.2,6,2.0L-3.0L,Average
7995,Hyundai,Creta,2021,Petrol,Automatic,760000.0,11.6,800,7,16200.0,7.6,16.2,3,Below 1.0L,Low
7996,Renault,Lodgy,2020,CNG,Automatic,970000.0,13.2,800,7,10600.0,9.7,10.6,4,Below 1.0L,Low
7997,Tata Motors,Punch,2016,Electric,Manual,3290000.0,12.1,1500,6,9600.0,32.9,9.6,8,1.0L-1.5L,Low
7998,Mahindra,Bolero,2020,CNG,Manual,1580000.0,22.1,800,4,5700.0,15.8,5.7,4,Below 1.0L,Good
7999,Renault,Kwid,2020,CNG,Manual,2810000.0,10.5,1500,4,22400.0,28.1,22.4,4,1.0L-1.5L,Low
8000,Toyota,Innova,2015,Petrol,Manual,610000.0,26.9,1500,5,11800.0,6.1,11.8,9,1.0L-1.5L,Excellent
8001,Renault,Kwid,2020,Diesel,Manual,1450000.0,16.2,1800,5,8600.0,14.5,8.6,4,1.5L-2.0L,Average
8002,Tata Motors,Tiago,2019,Diesel,Manual,1860000.0,13.4,800,4,16400.0,18.6,16.4,5,Below 1.0L,Low
8003,Tata Motors,Tiago,2020,Petrol,Automatic,3490000.0,29.1,2000,4,15200.0,34.9,15.2,4,1.5L-2.0L,Excellent
8004,Maruti Suzuki,Swift,2015,Electric,Manual,2700000.0,12.3,800,4,17400.0,27.0,17.4,9,Below 1.0L,Low
8005,Skoda,Rapid,2017,CNG,Manual,1580000.0,14.1,2000,6,10100.0,15.8,10.1,7,1.5L-2.0L,Low
8006,Mahindra,XUV700,2018,Electric,Automatic,1720000.0,12.2,1200,5,16800.0,17.2,16.8,6,1.0L-1.5L,Low
8007,Tata Motors,Punch,2021,Petrol,Automatic,1370000.0,11.1,2000,5,20800.0,13.7,20.8,3,1.5L-2.0L,Low
8008,Mahindra,Bolero,2016,Petrol,Automatic,3180000.0,28.3,1200,5,15000.0,31.8,15.0,8,1.0L-1.5L,Excellent
8009,Mahindra,XUV300,2020,CNG,Manual,2900000.0,26.5,1200,4,22600.0,29.0,22.6,4,1.0L-1.5L,Excellent
8010,Tata Motors,Punch,2024,Diesel,Manual,670000.0,27.0,2000,6,21000.0,6.7,21.0,0,1.5L-2.0L,Excellent
8011,Hyundai,Creta,2018,Electric,Automatic,1190000.0,13.2,1000,5,20600.0,11.9,20.6,6,Below 1.0L,Low
8012,Skoda,Superb,2016,Electric,Manual,2600000.0,24.5,1500,4,13100.0,26.0,13.1,8,1.0L-1.5L,Good
8013,Kia,Carens,2022,CNG,Automatic,920000.0,14.5,1800,7,11500.0,9.2,11.5,2,1.5L-2.0L,Low
8014,Renault,Kwid,2022,CNG,Automatic,2290000.0,28.8,2500,5,24700.0,22.9,24.7,2,2.0L-3.0L,Excellent
8015,Kia,Carnival,2017,Diesel,Automatic,1060000.0,17.0,800,4,15600.0,10.6,15.6,7,Below 1.0L,Average
8016,Hyundai,i20,2020,Petrol,Automatic,2080000.0,11.4,2500,7,19000.0,20.8,19.0,4,2.0L-3.0L,Low
8017,Hyundai,i20,2018,Electric,Manual,2790000.0,17.0,1000,6,6500.0,27.9,6.5,6,Below 1.0L,Average
8018,Maruti Suzuki,Dzire,2023,Petrol,Automatic,720000.0,28.0,1800,6,15400.0,7.2,15.4,1,1.5L-2.0L,Excellent
8019,Mahindra,Scorpio,2018,Petrol,Automatic,1080000.0,23.0,1000,5,21400.0,10.8,21.4,6,Below 1.0L,Good
8020,Tata Motors,Tiago,2016,Petrol,Manual,2400000.0,22.8,800,4,13300.0,24.0,13.3,8,Below 1.0L,Good
8021,Toyota,Glanza,2017,CNG,Automatic,1710000.0,11.1,1800,6,21600.0,17.1,21.6,7,1.5L-2.0L,Low
8022,Hyundai,Venue,2022,Electric,Manual,2040000.0,16.0,800,4,8600.0,20.4,8.6,2,Below 1.0L,Average
8023,Skoda,Kushaq,2019,Diesel,Manual,3260000.0,26.1,2000,5,16500.0,32.6,16.5,5,1.5L-2.0L,Excellent
8024,Volkswagen,Taigun,2015,Diesel,Manual,3200000.0,21.0,2500,6,19300.0,32.0,19.3,9,2.0L-3.0L,Good
8025,Hyundai,Verna,2019,Diesel,Manual,2200000.0,15.5,2000,7,19200.0,22.0,19.2,5,1.5L-2.0L,Average
8026,Hyundai,i20,2017,Petrol,Automatic,450000.0,28.7,1200,6,15600.0,4.5,15.6,7,1.0L-1.5L,Excellent
8027,Mahindra,XUV700,2016,CNG,Automatic,510000.0,21.6,800,5,19500.0,5.1,19.5,8,Below 1.0L,Good
8028,Renault,Lodgy,2022,CNG,Automatic,950000.0,11.0,1800,4,10900.0,9.5,10.9,2,1.5L-2.0L,Low
8029,Hyundai,Creta,2024,Diesel,Manual,2750000.0,18.9,2500,7,8500.0,27.5,8.5,0,2.0L-3.0L,Average
8030,Volkswagen,Vento,2018,CNG,Manual,2210000.0,27.5,2000,7,16300.0,22.1,16.3,6,1.5L-2.0L,Excellent
8031,Volkswagen,Taigun,2023,Petrol,Manual,1860000.0,22.7,1200,5,14600.0,18.6,14.6,1,1.0L-1.5L,Good
8032,Toyota,Innova,2018,CNG,Manual,1630000.0,28.3,2500,7,6100.0,16.3,6.1,6,2.0L-3.0L,Excellent
8033,Hyundai,i20,2020,Petrol,Automatic,3390000.0,26.2,1200,4,5500.0,33.9,5.5,4,1.0L-1.5L,Excellent
8034,Mahindra,Thar,2015,Diesel,Automatic,1390000.0,22.9,2000,4,17000.0,13.9,17.0,9,1.5L-2.0L,Good
8035,Volkswagen,Tiguan,2015,Petrol,Automatic,2640000.0,28.6,1000,5,14700.0,26.4,14.7,9,Below 1.0L,Excellent
8036,Kia,Sonet,2023,CNG,Automatic,1780000.0,28.4,2000,4,19500.0,17.8,19.5,1,1.5L-2.0L,Excellent
8037,Tata Motors,Tiago,2020,Petrol,Automatic,2380000.0,27.4,2500,5,20300.0,23.8,20.3,4,2.0L-3.0L,Excellent
8038,Kia,Carnival,2020,Electric,Manual,3220000.0,11.6,1500,4,17100.0,32.2,17.1,4,1.0L-1.5L,Low
8039,Tata Motors,Punch,2015,CNG,Manual,830000.0,12.0,2500,5,13200.0,8.3,13.2,9,2.0L-3.0L,Low
8040,Maruti Suzuki,Dzire,2016,CNG,Manual,1870000.0,26.8,1800,7,24700.0,18.7,24.7,8,1.5L-2.0L,Excellent
8041,Maruti Suzuki,Swift,2024,Diesel,Automatic,2150000.0,21.5,800,7,5100.0,21.5,5.1,0,Below 1.0L,Good
8042,Hyundai,Venue,2017,Diesel,Automatic,1670000.0,10.5,1200,4,20300.0,16.7,20.3,7,1.0L-1.5L,Low
8043,Renault,Lodgy,2015,Petrol,Manual,2450000.0,29.0,1500,5,23300.0,24.5,23.3,9,1.0L-1.5L,Excellent
8044,Renault,Duster,2024,Electric,Manual,2040000.0,17.5,2500,4,20700.0,20.4,20.7,0,2.0L-3.0L,Average
8045,Tata Motors,Altroz,2023,CNG,Manual,2330000.0,29.1,1000,5,10000.0,23.3,10.0,1,Below 1.0L,Excellent
8046,Hyundai,Creta,2021,CNG,Automatic,2830000.0,17.3,2500,4,16900.0,28.3,16.9,3,2.0L-3.0L,Average
8047,Renault,Duster,2021,Petrol,Manual,720000.0,21.4,2000,7,11600.0,7.2,11.6,3,1.5L-2.0L,Good
8048,Hyundai,i20,2024,CNG,Manual,550000.0,28.0,800,5,6300.0,5.5,6.3,0,Below 1.0L,Excellent
8049,Toyota,Innova,2023,Diesel,Automatic,640000.0,15.7,1200,6,16800.0,6.4,16.8,1,1.0L-1.5L,Average
8050,Toyota,Innova,2016,Petrol,Automatic,480000.0,22.5,1000,7,21000.0,4.8,21.0,8,Below 1.0L,Good
8051,Mahindra,Thar,2021,Diesel,Automatic,2520000.0,12.8,1500,6,6500.0,25.2,6.5,3,1.0L-1.5L,Low
8052,Toyota,Fortuner,2022,CNG,Automatic,3220000.0,27.8,1000,7,7200.0,32.2,7.2,2,Below 1.0L,Excellent
8053,Renault,Duster,2019,Electric,Automatic,2480000.0,22.7,800,7,21300.0,24.8,21.3,5,Below 1.0L,Good
8054,Skoda,Kushaq,2021,Petrol,Automatic,790000.0,14.9,1200,7,19900.0,7.9,19.9,3,1.0L-1.5L,Low
8055,Honda,WR-V,2023,Petrol,Automatic,1050000.0,17.4,1200,6,6500.0,10.5,6.5,1,1.0L-1.5L,Average
8056,Skoda,Octavia,2020,Electric,Manual,1630000.0,29.3,1500,6,16500.0,16.3,16.5,4,1.0L-1.5L,Excellent
8057,Tata Motors,Harrier,2019,CNG,Manual,1550000.0,18.7,2500,4,11100.0,15.5,11.1,5,2.0L-3.0L,Average
8058,Volkswagen,Taigun,2023,Petrol,Manual,2640000.0,22.0,1500,4,16900.0,26.4,16.9,1,1.0L-1.5L,Good
8059,Mahindra,XUV700,2018,Diesel,Automatic,2510000.0,10.1,1800,7,15600.0,25.1,15.6,6,1.5L-2.0L,Low
8060,Honda,Amaze,2015,Electric,Manual,2730000.0,11.7,800,5,13600.0,27.3,13.6,9,Below 1.0L,Low
8061,Maruti Suzuki,Dzire,2015,CNG,Manual,2380000.0,23.1,2500,6,19400.0,23.8,19.4,9,2.0L-3.0L,Good
8062,Tata Motors,Punch,2022,Petrol,Manual,3120000.0,24.4,1200,7,9100.0,31.2,9.1,2,1.0L-1.5L,Good
8063,Tata Motors,Altroz,2019,Petrol,Automatic,2020000.0,15.9,1500,7,15900.0,20.2,15.9,5,1.0L-1.5L,Average
8064,Maruti Suzuki,Dzire,2024,Diesel,Manual,2430000.0,27.4,1500,6,19700.0,24.3,19.7,0,1.0L-1.5L,Excellent
8065,Kia,Carnival,2024,Electric,Manual,1480000.0,20.9,1000,6,24600.0,14.8,24.6,0,Below 1.0L,Good
8066,Kia,EV6,2019,Electric,Manual,810000.0,28.5,1000,5,21700.0,8.1,21.7,5,Below 1.0L,Excellent
8067,Volkswagen,Taigun,2015,Petrol,Automatic,2890000.0,11.6,1800,6,16500.0,28.9,16.5,9,1.5L-2.0L,Low
8068,Mahindra,Scorpio,2017,Petrol,Automatic,660000.0,13.8,800,5,16300.0,6.6,16.3,7,Below 1.0L,Low
8069,Toyota,Glanza,2019,CNG,Automatic,2220000.0,19.6,1800,7,17200.0,22.2,17.2,5,1.5L-2.0L,Average
8070,Maruti Suzuki,Swift,2023,Electric,Automatic,400000.0,15.4,2500,7,21400.0,4.0,21.4,1,2.0L-3.0L,Average
8071,Tata Motors,Altroz,2015,Electric,Automatic,1040000.0,21.0,1200,4,22500.0,10.4,22.5,9,1.0L-1.5L,Good
8072,Kia,Carens,2020,Diesel,Automatic,2060000.0,18.8,1500,7,7700.0,20.6,7.7,4,1.0L-1.5L,Average
8073,Honda,City,2017,Diesel,Automatic,2120000.0,22.1,2500,6,20200.0,21.2,20.2,7,2.0L-3.0L,Good
8074,Toyota,Innova,2023,Electric,Manual,2260000.0,29.3,800,7,12900.0,22.6,12.9,1,Below 1.0L,Excellent
8075,Tata Motors,Tiago,2019,Petrol,Manual,560000.0,14.4,2500,5,10600.0,5.6,10.6,5,2.0L-3.0L,Low
8076,Honda,WR-V,2015,Electric,Manual,2890000.0,28.2,800,5,20700.0,28.9,20.7,9,Below 1.0L,Excellent
8077,Tata Motors,Punch,2023,Electric,Automatic,1680000.0,25.3,2500,6,13100.0,16.8,13.1,1,2.0L-3.0L,Excellent
8078,Maruti Suzuki,Dzire,2015,CNG,Manual,2700000.0,15.7,2000,6,23400.0,27.0,23.4,9,1.5L-2.0L,Average
8079,Maruti Suzuki,Dzire,2018,Electric,Manual,540000.0,27.0,1500,5,23400.0,5.4,23.4,6,1.0L-1.5L,Excellent
8080,Mahindra,XUV700,2017,Petrol,Automatic,2810000.0,20.1,2500,6,21200.0,28.1,21.2,7,2.0L-3.0L,Good
8081,Tata Motors,Harrier,2016,CNG,Manual,3450000.0,28.5,1500,7,6100.0,34.5,6.1,8,1.0L-1.5L,Excellent
8082,Hyundai,Verna,2024,Diesel,Automatic,530000.0,21.5,1200,6,15500.0,5.3,15.5,0,1.0L-1.5L,Good
8083,Toyota,Camry,2015,Diesel,Automatic,1340000.0,10.1,1800,6,21700.0,13.4,21.7,9,1.5L-2.0L,Low
8084,Tata Motors,Harrier,2021,Electric,Automatic,3040000.0,26.8,1500,5,12200.0,30.4,12.2,3,1.0L-1.5L,Excellent
8085,Volkswagen,Vento,2020,Electric,Automatic,3110000.0,10.7,1800,4,8900.0,31.1,8.9,4,1.5L-2.0L,Low
8086,Honda,Civic,2021,Petrol,Manual,2110000.0,12.5,1000,5,14500.0,21.1,14.5,3,Below 1.0L,Low
8087,Mahindra,XUV300,2024,Diesel,Manual,1390000.0,28.3,1000,4,6300.0,13.9,6.3,0,Below 1.0L,Excellent
8088,Honda,WR-V,2017,Petrol,Automatic,1270000.0,24.9,2000,6,8300.0,12.7,8.3,7,1.5L-2.0L,Good
8089,Hyundai,Venue,2021,Electric,Manual,3440000.0,18.3,2500,4,13100.0,34.4,13.1,3,2.0L-3.0L,Average
8090,Maruti Suzuki,Swift,2016,Petrol,Automatic,3260000.0,27.6,2000,6,8200.0,32.6,8.2,8,1.5L-2.0L,Excellent
8091,Mahindra,Bolero,2017,Electric,Automatic,1500000.0,20.6,1800,6,24000.0,15.0,24.0,7,1.5L-2.0L,Good
8092,Mahindra,Bolero,2016,Electric,Automatic,1760000.0,24.2,2500,7,22300.0,17.6,22.3,8,2.0L-3.0L,Good
8093,Tata Motors,Punch,2016,Petrol,Automatic,2140000.0,17.5,800,6,10500.0,21.4,10.5,8,Below 1.0L,Average
8094,Hyundai,Verna,2016,Electric,Automatic,2610000.0,18.3,2500,5,9100.0,26.1,9.1,8,2.0L-3.0L,Average
8095,Volkswagen,Taigun,2023,Electric,Automatic,2180000.0,28.3,1800,7,8600.0,21.8,8.6,1,1.5L-2.0L,Excellent
8096,Tata Motors,Altroz,2022,Electric,Automatic,1130000.0,26.5,1200,6,23700.0,11.3,23.7,2,1.0L-1.5L,Excellent
8097,Volkswagen,Polo,2019,CNG,Automatic,2970000.0,18.1,1000,6,12600.0,29.7,12.6,5,Below 1.0L,Average
8098,Honda,Amaze,2018,Petrol,Manual,2190000.0,14.9,1500,7,13700.0,21.9,13.7,6,1.0L-1.5L,Low
8099,Tata Motors,Altroz,2017,Petrol,Manual,1290000.0,17.8,1800,4,18600.0,12.9,18.6,7,1.5L-2.0L,Average
8100,Skoda,Octavia,2019,CNG,Automatic,2000000.0,14.7,1000,6,24800.0,20.0,24.8,5,Below 1.0L,Low
8101,Honda,Amaze,2023,Electric,Manual,1060000.0,27.3,1800,4,10600.0,10.6,10.6,1,1.5L-2.0L,Excellent
8102,Renault,Kwid,2022,Diesel,Manual,2280000.0,28.8,2000,7,12400.0,22.8,12.4,2,1.5L-2.0L,Excellent
8103,Tata Motors,Punch,2016,CNG,Manual,1320000.0,20.1,1000,5,13300.0,13.2,13.3,8,Below 1.0L,Good
8104,Kia,Carens,2018,Electric,Automatic,3340000.0,27.3,2500,5,8000.0,33.4,8.0,6,2.0L-3.0L,Excellent
8105,Hyundai,i10,2021,CNG,Automatic,3050000.0,19.3,1500,4,15100.0,30.5,15.1,3,1.0L-1.5L,Average
8106,Hyundai,Verna,2015,Petrol,Automatic,460000.0,23.1,1200,4,8200.0,4.6,8.2,9,1.0L-1.5L,Good
8107,Kia,Carnival,2015,Diesel,Manual,1220000.0,27.8,2500,4,17800.0,12.2,17.8,9,2.0L-3.0L,Excellent
8108,Honda,Civic,2020,Petrol,Automatic,2150000.0,25.7,1500,4,6700.0,21.5,6.7,4,1.0L-1.5L,Excellent
8109,Volkswagen,Vento,2020,CNG,Automatic,1750000.0,27.2,2500,6,23300.0,17.5,23.3,4,2.0L-3.0L,Excellent
8110,Mahindra,Bolero,2018,CNG,Automatic,3220000.0,20.8,2000,5,6600.0,32.2,6.6,6,1.5L-2.0L,Good
8111,Toyota,Glanza,2022,Petrol,Automatic,1480000.0,20.1,1500,4,12700.0,14.8,12.7,2,1.0L-1.5L,Good
8112,Toyota,Glanza,2019,Electric,Manual,2670000.0,19.2,1200,4,20300.0,26.7,20.3,5,1.0L-1.5L,Average
8113,Toyota,Fortuner,2021,CNG,Automatic,3340000.0,21.2,2500,5,11100.0,33.4,11.1,3,2.0L-3.0L,Good
8114,Honda,WR-V,2020,CNG,Manual,2900000.0,16.0,1800,7,11900.0,29.0,11.9,4,1.5L-2.0L,Average
8115,Hyundai,Creta,2024,CNG,Automatic,2810000.0,22.2,800,6,18100.0,28.1,18.1,0,Below 1.0L,Good
8116,Hyundai,i20,2019,Diesel,Manual,670000.0,23.4,2000,7,20000.0,6.7,20.0,5,1.5L-2.0L,Good
8117,Renault,Triber,2021,CNG,Automatic,2800000.0,19.9,1500,7,19800.0,28.0,19.8,3,1.0L-1.5L,Average
8118,Maruti Suzuki,Dzire,2015,Electric,Manual,920000.0,27.5,1200,4,15400.0,9.2,15.4,9,1.0L-1.5L,Excellent
8119,Volkswagen,Tiguan,2020,Petrol,Automatic,2950000.0,17.2,800,4,16100.0,29.5,16.1,4,Below 1.0L,Average
8120,Skoda,Superb,2023,Petrol,Automatic,1530000.0,20.3,1800,5,6400.0,15.3,6.4,1,1.5L-2.0L,Good
8121,Mahindra,XUV700,2020,Diesel,Automatic,860000.0,17.3,800,4,14900.0,8.6,14.9,4,Below 1.0L,Average
8122,Maruti Suzuki,WagonR,2020,Diesel,Manual,1520000.0,15.9,2500,6,17500.0,15.2,17.5,4,2.0L-3.0L,Average
8123,Skoda,Rapid,2015,Electric,Automatic,1100000.0,14.6,1800,6,5300.0,11.0,5.3,9,1.5L-2.0L,Low
8124,Volkswagen,Taigun,2022,Electric,Manual,3170000.0,28.6,2500,6,5900.0,31.7,5.9,2,2.0L-3.0L,Excellent
8125,Maruti Suzuki,Swift,2015,Electric,Manual,1940000.0,11.0,1000,4,17400.0,19.4,17.4,9,Below 1.0L,Low
8126,Renault,Triber,2018,CNG,Automatic,2320000.0,26.2,2500,6,11500.0,23.2,11.5,6,2.0L-3.0L,Excellent
8127,Toyota,Urban Cruiser,2024,Electric,Manual,2010000.0,21.2,2500,4,21600.0,20.1,21.6,0,2.0L-3.0L,Good
8128,Maruti Suzuki,Dzire,2015,Petrol,Manual,1680000.0,20.5,1800,4,20300.0,16.8,20.3,9,1.5L-2.0L,Good
8129,Mahindra,Bolero,2019,Petrol,Manual,760000.0,24.2,1500,4,22300.0,7.6,22.3,5,1.0L-1.5L,Good
8130,Maruti Suzuki,Dzire,2023,CNG,Automatic,550000.0,18.1,800,5,20500.0,5.5,20.5,1,Below 1.0L,Average
8131,Volkswagen,Polo,2023,Electric,Manual,3470000.0,16.8,1000,7,19300.0,34.7,19.3,1,Below 1.0L,Average
8132,Mahindra,Thar,2016,CNG,Automatic,1980000.0,19.8,1000,7,9400.0,19.8,9.4,8,Below 1.0L,Average
8133,Tata Motors,Altroz,2020,CNG,Manual,2440000.0,18.9,2500,5,23600.0,24.4,23.6,4,2.0L-3.0L,Average
8134,Honda,WR-V,2024,Petrol,Manual,1540000.0,22.0,800,6,21400.0,15.4,21.4,0,Below 1.0L,Good
8135,Maruti Suzuki,WagonR,2024,Petrol,Automatic,470000.0,17.8,800,6,14700.0,4.7,14.7,0,Below 1.0L,Average
8136,Volkswagen,Virtus,2024,CNG,Automatic,1750000.0,21.8,1500,7,11900.0,17.5,11.9,0,1.0L-1.5L,Good
8137,Honda,Amaze,2022,Electric,Automatic,2200000.0,23.8,2500,5,7000.0,22.0,7.0,2,2.0L-3.0L,Good
8138,Volkswagen,Polo,2021,Petrol,Automatic,1250000.0,27.5,1800,6,15400.0,12.5,15.4,3,1.5L-2.0L,Excellent
8139,Skoda,Kushaq,2022,CNG,Manual,2650000.0,11.1,1000,4,5700.0,26.5,5.7,2,Below 1.0L,Low
8140,Hyundai,i20,2021,Petrol,Manual,530000.0,18.7,2000,4,20000.0,5.3,20.0,3,1.5L-2.0L,Average
8141,Mahindra,Bolero,2024,Petrol,Manual,2580000.0,29.0,1500,7,7000.0,25.8,7.0,0,1.0L-1.5L,Excellent
8142,Volkswagen,Taigun,2023,CNG,Manual,1910000.0,22.0,1200,7,11000.0,19.1,11.0,1,1.0L-1.5L,Good
8143,Maruti Suzuki,Swift,2022,Diesel,Automatic,1720000.0,23.1,2500,6,17800.0,17.2,17.8,2,2.0L-3.0L,Good
8144,Tata Motors,Altroz,2024,CNG,Automatic,1250000.0,19.1,800,5,21000.0,12.5,21.0,0,Below 1.0L,Average
8145,Volkswagen,Taigun,2023,Diesel,Manual,1500000.0,22.5,1800,4,7200.0,15.0,7.2,1,1.5L-2.0L,Good
8146,Skoda,Kushaq,2016,Petrol,Manual,1700000.0,20.8,1200,6,6700.0,17.0,6.7,8,1.0L-1.5L,Good
8147,Kia,Carnival,2022,CNG,Automatic,2110000.0,27.5,1000,7,21800.0,21.1,21.8,2,Below 1.0L,Excellent
8148,Volkswagen,Vento,2017,CNG,Manual,1880000.0,16.1,800,6,15500.0,18.8,15.5,7,Below 1.0L,Average
8149,Maruti Suzuki,Ertiga,2015,CNG,Manual,1920000.0,13.5,1000,4,14400.0,19.2,14.4,9,Below 1.0L,Low
8150,Toyota,Glanza,2015,CNG,Manual,500000.0,23.3,1200,4,17200.0,5.0,17.2,9,1.0L-1.5L,Good
8151,Honda,Civic,2017,Petrol,Manual,1800000.0,15.7,1800,5,10200.0,18.0,10.2,7,1.5L-2.0L,Average
8152,Hyundai,Creta,2021,Diesel,Automatic,1570000.0,12.8,1800,6,9200.0,15.7,9.2,3,1.5L-2.0L,Low
8153,Honda,Jazz,2022,CNG,Manual,1430000.0,24.8,1000,4,15000.0,14.3,15.0,2,Below 1.0L,Good
8154,Kia,Seltos,2021,Electric,Manual,2240000.0,23.6,800,6,13100.0,22.4,13.1,3,Below 1.0L,Good
8155,Renault,Triber,2016,Petrol,Manual,1710000.0,17.7,800,7,24100.0,17.1,24.1,8,Below 1.0L,Average
8156,Honda,Amaze,2017,Diesel,Automatic,1600000.0,12.4,2000,4,20500.0,16.0,20.5,7,1.5L-2.0L,Low
8157,Toyota,Camry,2020,Petrol,Automatic,780000.0,25.6,800,5,6100.0,7.8,6.1,4,Below 1.0L,Excellent
8158,Kia,EV6,2018,Electric,Manual,860000.0,24.9,800,4,9900.0,8.6,9.9,6,Below 1.0L,Good
8159,Volkswagen,Virtus,2022,Petrol,Automatic,670000.0,25.3,1500,5,6700.0,6.7,6.7,2,1.0L-1.5L,Excellent
8160,Honda,Jazz,2018,Diesel,Manual,2030000.0,27.1,1200,4,6100.0,20.3,6.1,6,1.0L-1.5L,Excellent
8161,Kia,EV6,2017,Diesel,Automatic,2040000.0,28.2,1000,5,24800.0,20.4,24.8,7,Below 1.0L,Excellent
8162,Toyota,Camry,2021,Diesel,Automatic,3000000.0,27.2,1200,6,23700.0,30.0,23.7,3,1.0L-1.5L,Excellent
8163,Tata Motors,Nexon,2023,Diesel,Manual,850000.0,25.1,1800,4,19100.0,8.5,19.1,1,1.5L-2.0L,Excellent
8164,Renault,Duster,2024,Electric,Manual,1250000.0,18.0,2000,7,7800.0,12.5,7.8,0,1.5L-2.0L,Average
8165,Volkswagen,Tiguan,2016,Electric,Automatic,1140000.0,15.0,2500,7,19300.0,11.4,19.3,8,2.0L-3.0L,Low
8166,Hyundai,i10,2016,Diesel,Manual,3060000.0,13.5,1200,6,7400.0,30.6,7.4,8,1.0L-1.5L,Low
8167,Tata Motors,Nexon,2021,Electric,Manual,2020000.0,23.5,2000,5,21900.0,20.2,21.9,3,1.5L-2.0L,Good
8168,Skoda,Rapid,2017,Diesel,Automatic,750000.0,21.5,1800,4,11300.0,7.5,11.3,7,1.5L-2.0L,Good
8169,Volkswagen,Polo,2022,CNG,Manual,3220000.0,18.6,800,4,9500.0,32.2,9.5,2,Below 1.0L,Average
8170,Skoda,Slavia,2018,Diesel,Manual,2020000.0,23.2,1500,6,24400.0,20.2,24.4,6,1.0L-1.5L,Good
8171,Maruti Suzuki,Ertiga,2022,CNG,Automatic,1400000.0,26.3,1800,7,15800.0,14.0,15.8,2,1.5L-2.0L,Excellent
8172,Mahindra,Scorpio,2019,Petrol,Manual,3030000.0,11.9,1500,4,24900.0,30.3,24.9,5,1.0L-1.5L,Low
8173,Maruti Suzuki,Baleno,2019,CNG,Manual,1300000.0,16.6,800,4,18900.0,13.0,18.9,5,Below 1.0L,Average
8174,Mahindra,Scorpio,2022,Electric,Automatic,1720000.0,14.7,2000,4,12300.0,17.2,12.3,2,1.5L-2.0L,Low
8175,Volkswagen,Taigun,2022,Electric,Manual,1100000.0,19.4,1500,6,21100.0,11.0,21.1,2,1.0L-1.5L,Average
8176,Maruti Suzuki,Baleno,2017,Diesel,Manual,1220000.0,20.1,800,5,19900.0,12.2,19.9,7,Below 1.0L,Good
8177,Skoda,Slavia,2020,Electric,Automatic,860000.0,18.0,1000,7,16200.0,8.6,16.2,4,Below 1.0L,Average
8178,Toyota,Glanza,2023,Electric,Manual,960000.0,20.5,800,6,16400.0,9.6,16.4,1,Below 1.0L,Good
8179,Hyundai,i20,2020,Electric,Automatic,2370000.0,25.6,1200,4,9700.0,23.7,9.7,4,1.0L-1.5L,Excellent
8180,Renault,Duster,2017,Diesel,Automatic,1260000.0,10.5,2000,6,17700.0,12.6,17.7,7,1.5L-2.0L,Low
8181,Skoda,Kushaq,2017,Electric,Manual,2810000.0,14.9,1800,7,15600.0,28.1,15.6,7,1.5L-2.0L,Low
8182,Renault,Lodgy,2021,Diesel,Automatic,2730000.0,26.2,2500,6,20800.0,27.3,20.8,3,2.0L-3.0L,Excellent
8183,Hyundai,i10,2021,CNG,Automatic,760000.0,26.8,1800,7,7300.0,7.6,7.3,3,1.5L-2.0L,Excellent
8184,Kia,Carens,2021,Electric,Automatic,1370000.0,15.2,1200,7,7300.0,13.7,7.3,3,1.0L-1.5L,Average
8185,Honda,City,2018,Electric,Manual,2380000.0,13.4,1500,4,18500.0,23.8,18.5,6,1.0L-1.5L,Low
8186,Skoda,Octavia,2019,Petrol,Automatic,2450000.0,21.9,2500,5,13500.0,24.5,13.5,5,2.0L-3.0L,Good
8187,Hyundai,Verna,2020,Diesel,Manual,1350000.0,26.3,800,7,17000.0,13.5,17.0,4,Below 1.0L,Excellent
8188,Kia,EV6,2019,CNG,Manual,680000.0,19.1,2000,5,21400.0,6.8,21.4,5,1.5L-2.0L,Average
8189,Tata Motors,Altroz,2017,CNG,Automatic,1560000.0,27.2,1200,7,22700.0,15.6,22.7,7,1.0L-1.5L,Excellent
8190,Volkswagen,Taigun,2018,Petrol,Manual,2050000.0,21.7,1800,5,12000.0,20.5,12.0,6,1.5L-2.0L,Good
8191,Tata Motors,Harrier,2022,Diesel,Automatic,1500000.0,18.7,1500,6,12800.0,15.0,12.8,2,1.0L-1.5L,Average
8192,Mahindra,XUV300,2020,Diesel,Automatic,1350000.0,26.1,1200,6,14800.0,13.5,14.8,4,1.0L-1.5L,Excellent
8193,Renault,Kwid,2021,Petrol,Manual,1860000.0,10.2,800,5,12500.0,18.6,12.5,3,Below 1.0L,Low
8194,Skoda,Slavia,2015,Electric,Automatic,1780000.0,14.4,2500,4,20000.0,17.8,20.0,9,2.0L-3.0L,Low
8195,Skoda,Slavia,2017,CNG,Manual,620000.0,28.8,1000,5,12800.0,6.2,12.8,7,Below 1.0L,Excellent
8196,Renault,Duster,2015,Petrol,Automatic,970000.0,10.1,800,7,6200.0,9.7,6.2,9,Below 1.0L,Low
8197,Tata Motors,Nexon,2015,Petrol,Automatic,1880000.0,27.7,1800,5,14300.0,18.8,14.3,9,1.5L-2.0L,Excellent
8198,Toyota,Camry,2021,Diesel,Automatic,2550000.0,22.6,1800,5,19200.0,25.5,19.2,3,1.5L-2.0L,Good
8199,Maruti Suzuki,Dzire,2016,Electric,Automatic,2300000.0,26.4,1200,7,8700.0,23.0,8.7,8,1.0L-1.5L,Excellent
8200,Honda,Amaze,2017,Diesel,Manual,3390000.0,15.9,800,6,5400.0,33.9,5.4,7,Below 1.0L,Average
8201,Honda,WR-V,2017,Electric,Manual,1640000.0,23.7,2500,4,10600.0,16.4,10.6,7,2.0L-3.0L,Good
8202,Hyundai,i10,2020,Electric,Automatic,1330000.0,19.8,2000,5,7600.0,13.3,7.6,4,1.5L-2.0L,Average
8203,Renault,Lodgy,2020,Diesel,Manual,1860000.0,28.8,1500,7,23600.0,18.6,23.6,4,1.0L-1.5L,Excellent
8204,Kia,Carnival,2017,Petrol,Automatic,2530000.0,19.9,1200,5,22200.0,25.3,22.2,7,1.0L-1.5L,Average
8205,Renault,Triber,2023,CNG,Automatic,2840000.0,11.6,1000,6,10900.0,28.4,10.9,1,Below 1.0L,Low
8206,Maruti Suzuki,Baleno,2020,CNG,Automatic,2690000.0,12.5,800,6,22700.0,26.9,22.7,4,Below 1.0L,Low
8207,Kia,EV6,2021,Diesel,Automatic,2410000.0,20.9,1200,5,20800.0,24.1,20.8,3,1.0L-1.5L,Good
8208,Volkswagen,Polo,2020,CNG,Manual,3090000.0,26.3,1500,7,8800.0,30.9,8.8,4,1.0L-1.5L,Excellent
8209,Renault,Lodgy,2019,Petrol,Automatic,2130000.0,14.6,1800,4,16600.0,21.3,16.6,5,1.5L-2.0L,Low
8210,Maruti Suzuki,Ertiga,2020,Electric,Manual,2340000.0,29.3,1200,4,6400.0,23.4,6.4,4,1.0L-1.5L,Excellent
8211,Tata Motors,Nexon,2019,Diesel,Automatic,2770000.0,16.4,1000,4,21600.0,27.7,21.6,5,Below 1.0L,Average
8212,Toyota,Innova,2016,Electric,Manual,1150000.0,22.4,2500,7,6200.0,11.5,6.2,8,2.0L-3.0L,Good
8213,Honda,Civic,2023,CNG,Manual,2010000.0,11.5,1800,7,13900.0,20.1,13.9,1,1.5L-2.0L,Low
8214,Hyundai,Creta,2019,Petrol,Manual,1240000.0,13.2,1000,7,13500.0,12.4,13.5,5,Below 1.0L,Low
8215,Maruti Suzuki,WagonR,2015,Petrol,Automatic,3310000.0,24.1,800,7,11200.0,33.1,11.2,9,Below 1.0L,Good
8216,Hyundai,Creta,2016,Electric,Automatic,1970000.0,13.2,800,4,19700.0,19.7,19.7,8,Below 1.0L,Low
8217,Skoda,Rapid,2015,Petrol,Manual,2940000.0,19.1,2000,7,21200.0,29.4,21.2,9,1.5L-2.0L,Average
8218,Honda,City,2023,Petrol,Automatic,660000.0,23.0,2500,5,16200.0,6.6,16.2,1,2.0L-3.0L,Good
8219,Maruti Suzuki,Dzire,2018,Petrol,Automatic,1160000.0,20.3,1500,5,15700.0,11.6,15.7,6,1.0L-1.5L,Good
8220,Tata Motors,Harrier,2022,Petrol,Manual,1710000.0,28.7,1500,5,5600.0,17.1,5.6,2,1.0L-1.5L,Excellent
8221,Renault,Lodgy,2017,Diesel,Manual,3260000.0,21.2,2000,7,15200.0,32.6,15.2,7,1.5L-2.0L,Good
8222,Volkswagen,Taigun,2017,Petrol,Automatic,1110000.0,22.4,1000,5,10100.0,11.1,10.1,7,Below 1.0L,Good
8223,Renault,Duster,2021,Petrol,Manual,2600000.0,12.8,800,6,13100.0,26.0,13.1,3,Below 1.0L,Low
8224,Honda,Amaze,2022,Diesel,Manual,3300000.0,24.2,1200,4,17700.0,33.0,17.7,2,1.0L-1.5L,Good
8225,Tata Motors,Nexon,2024,Electric,Automatic,1100000.0,19.9,1800,5,8500.0,11.0,8.5,0,1.5L-2.0L,Average
8226,Kia,EV6,2024,CNG,Automatic,840000.0,25.9,1000,5,11400.0,8.4,11.4,0,Below 1.0L,Excellent
8227,Hyundai,Verna,2023,Electric,Automatic,2970000.0,25.5,2000,4,10700.0,29.7,10.7,1,1.5L-2.0L,Excellent
8228,Mahindra,Thar,2023,Diesel,Manual,2610000.0,20.0,2000,6,23900.0,26.1,23.9,1,1.5L-2.0L,Average
8229,Renault,Kwid,2022,Diesel,Manual,3020000.0,21.0,1500,7,23000.0,30.2,23.0,2,1.0L-1.5L,Good
8230,Mahindra,Bolero,2020,CNG,Manual,740000.0,19.8,800,4,6100.0,7.4,6.1,4,Below 1.0L,Average
8231,Hyundai,Verna,2023,CNG,Manual,1920000.0,26.8,1800,5,8100.0,19.2,8.1,1,1.5L-2.0L,Excellent
8232,Skoda,Superb,2019,Petrol,Automatic,3010000.0,17.8,1500,4,11700.0,30.1,11.7,5,1.0L-1.5L,Average
8233,Maruti Suzuki,Swift,2024,Electric,Automatic,580000.0,20.3,1000,4,19700.0,5.8,19.7,0,Below 1.0L,Good
8234,Maruti Suzuki,Swift,2018,Electric,Automatic,2550000.0,24.4,800,4,7100.0,25.5,7.1,6,Below 1.0L,Good
8235,Honda,Jazz,2024,CNG,Manual,1330000.0,10.7,2500,4,14700.0,13.3,14.7,0,2.0L-3.0L,Low
8236,Hyundai,Creta,2023,Petrol,Manual,2500000.0,23.6,1800,7,18500.0,25.0,18.5,1,1.5L-2.0L,Good
8237,Maruti Suzuki,Dzire,2018,Petrol,Manual,630000.0,25.0,1500,7,24000.0,6.3,24.0,6,1.0L-1.5L,Good
8238,Toyota,Glanza,2015,Electric,Automatic,860000.0,17.7,1500,4,10400.0,8.6,10.4,9,1.0L-1.5L,Average
8239,Mahindra,Bolero,2021,Diesel,Automatic,1920000.0,19.8,2000,6,24300.0,19.2,24.3,3,1.5L-2.0L,Average
8240,Skoda,Rapid,2023,CNG,Manual,3110000.0,16.3,2000,7,5900.0,31.1,5.9,1,1.5L-2.0L,Average
8241,Hyundai,Verna,2020,Diesel,Automatic,2170000.0,22.3,2000,7,23800.0,21.7,23.8,4,1.5L-2.0L,Good
8242,Toyota,Glanza,2019,CNG,Manual,2090000.0,23.3,800,4,23700.0,20.9,23.7,5,Below 1.0L,Good
8243,Volkswagen,Polo,2019,Diesel,Manual,1460000.0,25.2,2000,4,12500.0,14.6,12.5,5,1.5L-2.0L,Excellent
8244,Honda,Amaze,2023,Electric,Automatic,1290000.0,20.4,1500,6,6600.0,12.9,6.6,1,1.0L-1.5L,Good
8245,Honda,Jazz,2022,Electric,Manual,1970000.0,27.9,2500,7,6200.0,19.7,6.2,2,2.0L-3.0L,Excellent
8246,Kia,Sonet,2018,CNG,Manual,2900000.0,10.4,1200,7,23100.0,29.0,23.1,6,1.0L-1.5L,Low
8247,Volkswagen,Virtus,2021,Diesel,Manual,1430000.0,15.1,1500,4,23700.0,14.3,23.7,3,1.0L-1.5L,Average
8248,Hyundai,i20,2018,Diesel,Manual,1140000.0,15.2,2000,5,19500.0,11.4,19.5,6,1.5L-2.0L,Average
8249,Renault,Triber,2016,Diesel,Automatic,1470000.0,26.2,1000,5,6600.0,14.7,6.6,8,Below 1.0L,Excellent
8250,Mahindra,Bolero,2017,Petrol,Automatic,2970000.0,23.9,2000,4,21400.0,29.7,21.4,7,1.5L-2.0L,Good
8251,Tata Motors,Nexon,2016,Petrol,Manual,1030000.0,11.4,1000,5,22100.0,10.3,22.1,8,Below 1.0L,Low
8252,Mahindra,Thar,2015,Electric,Automatic,2030000.0,18.0,1200,4,6000.0,20.3,6.0,9,1.0L-1.5L,Average
8253,Honda,Civic,2023,Petrol,Automatic,1610000.0,20.8,1200,7,14000.0,16.1,14.0,1,1.0L-1.5L,Good
8254,Mahindra,Bolero,2024,CNG,Automatic,3290000.0,26.9,1200,7,12300.0,32.9,12.3,0,1.0L-1.5L,Excellent
8255,Volkswagen,Taigun,2018,Petrol,Automatic,2450000.0,19.1,2000,6,20400.0,24.5,20.4,6,1.5L-2.0L,Average
8256,Hyundai,Verna,2024,Petrol,Manual,3100000.0,18.4,1800,7,24500.0,31.0,24.5,0,1.5L-2.0L,Average
8257,Skoda,Kushaq,2020,Electric,Automatic,1030000.0,16.9,2500,4,7800.0,10.3,7.8,4,2.0L-3.0L,Average
8258,Maruti Suzuki,Ertiga,2018,Petrol,Automatic,770000.0,25.0,1800,7,15600.0,7.7,15.6,6,1.5L-2.0L,Good
8259,Toyota,Camry,2023,Petrol,Automatic,1820000.0,26.6,1000,4,22500.0,18.2,22.5,1,Below 1.0L,Excellent
8260,Skoda,Octavia,2022,Diesel,Manual,2640000.0,20.6,2500,4,20800.0,26.4,20.8,2,2.0L-3.0L,Good
8261,Tata Motors,Nexon,2016,Petrol,Manual,830000.0,21.1,2000,7,24800.0,8.3,24.8,8,1.5L-2.0L,Good
8262,Mahindra,Bolero,2024,Petrol,Automatic,2170000.0,14.9,2000,7,10800.0,21.7,10.8,0,1.5L-2.0L,Low
8263,Honda,WR-V,2016,Diesel,Automatic,2380000.0,12.4,2000,4,14500.0,23.8,14.5,8,1.5L-2.0L,Low
8264,Volkswagen,Virtus,2017,CNG,Manual,1340000.0,26.2,800,7,9500.0,13.4,9.5,7,Below 1.0L,Excellent
8265,Mahindra,Bolero,2015,Petrol,Automatic,1480000.0,16.0,1800,7,9500.0,14.8,9.5,9,1.5L-2.0L,Average
8266,Renault,Kwid,2018,Electric,Manual,3460000.0,24.9,1800,4,15200.0,34.6,15.2,6,1.5L-2.0L,Good
8267,Honda,WR-V,2017,Petrol,Automatic,2570000.0,16.9,1500,7,23600.0,25.7,23.6,7,1.0L-1.5L,Average
8268,Volkswagen,Polo,2017,CNG,Manual,1440000.0,14.8,1800,5,8600.0,14.4,8.6,7,1.5L-2.0L,Low
8269,Volkswagen,Polo,2015,Petrol,Automatic,790000.0,20.0,1500,5,11400.0,7.9,11.4,9,1.0L-1.5L,Average
8270,Kia,Sonet,2022,CNG,Manual,2680000.0,20.2,1800,5,21400.0,26.8,21.4,2,1.5L-2.0L,Good
8271,Skoda,Superb,2021,CNG,Manual,2090000.0,29.2,2000,6,7800.0,20.9,7.8,3,1.5L-2.0L,Excellent
8272,Honda,Amaze,2015,Electric,Automatic,2020000.0,20.1,800,7,11000.0,20.2,11.0,9,Below 1.0L,Good
8273,Tata Motors,Nexon,2023,Petrol,Manual,1940000.0,14.1,1800,5,10900.0,19.4,10.9,1,1.5L-2.0L,Low
8274,Renault,Kiger,2024,Petrol,Automatic,560000.0,11.7,800,6,9700.0,5.6,9.7,0,Below 1.0L,Low
8275,Volkswagen,Polo,2022,Petrol,Automatic,410000.0,14.5,800,6,6700.0,4.1,6.7,2,Below 1.0L,Low
8276,Hyundai,Verna,2017,CNG,Automatic,2410000.0,26.2,800,7,6600.0,24.1,6.6,7,Below 1.0L,Excellent
8277,Renault,Lodgy,2024,CNG,Manual,3170000.0,28.0,1000,7,23000.0,31.7,23.0,0,Below 1.0L,Excellent
8278,Skoda,Superb,2021,Petrol,Automatic,560000.0,10.5,1000,5,16900.0,5.6,16.9,3,Below 1.0L,Low
8279,Tata Motors,Nexon,2015,Electric,Automatic,1530000.0,10.5,1500,6,14900.0,15.3,14.9,9,1.0L-1.5L,Low
8280,Hyundai,Creta,2020,Electric,Automatic,540000.0,17.8,800,4,8400.0,5.4,8.4,4,Below 1.0L,Average
8281,Skoda,Slavia,2020,Electric,Automatic,1140000.0,18.5,1000,7,12500.0,11.4,12.5,4,Below 1.0L,Average
8282,Renault,Triber,2015,Electric,Automatic,3350000.0,15.4,1000,6,19000.0,33.5,19.0,9,Below 1.0L,Average
8283,Skoda,Superb,2019,Petrol,Manual,2060000.0,21.2,2000,4,17600.0,20.6,17.6,5,1.5L-2.0L,Good
8284,Renault,Kwid,2019,CNG,Automatic,2110000.0,12.7,1800,6,22900.0,21.1,22.9,5,1.5L-2.0L,Low
8285,Toyota,Urban Cruiser,2019,Petrol,Manual,3020000.0,16.8,1800,7,16000.0,30.2,16.0,5,1.5L-2.0L,Average
8286,Toyota,Urban Cruiser,2018,Petrol,Manual,1130000.0,16.2,1500,6,18900.0,11.3,18.9,6,1.0L-1.5L,Average
8287,Skoda,Slavia,2019,Diesel,Automatic,900000.0,29.6,1000,6,5100.0,9.0,5.1,5,Below 1.0L,Excellent
8288,Skoda,Rapid,2015,Diesel,Automatic,1780000.0,20.7,2000,6,10000.0,17.8,10.0,9,1.5L-2.0L,Good
8289,Tata Motors,Tiago,2020,Electric,Automatic,610000.0,27.1,800,4,24400.0,6.1,24.4,4,Below 1.0L,Excellent
8290,Skoda,Rapid,2024,Diesel,Manual,3470000.0,11.7,1000,4,22100.0,34.7,22.1,0,Below 1.0L,Low
8291,Maruti Suzuki,Baleno,2019,CNG,Manual,3190000.0,12.2,2500,6,15400.0,31.9,15.4,5,2.0L-3.0L,Low
8292,Skoda,Slavia,2023,Diesel,Manual,1910000.0,16.2,2500,6,8700.0,19.1,8.7,1,2.0L-3.0L,Average
8293,Honda,Amaze,2024,Electric,Automatic,3430000.0,14.2,1800,6,23700.0,34.3,23.7,0,1.5L-2.0L,Low
8294,Mahindra,XUV300,2024,Diesel,Automatic,2240000.0,17.9,2000,5,18600.0,22.4,18.6,0,1.5L-2.0L,Average
8295,Tata Motors,Punch,2021,Petrol,Automatic,1290000.0,27.1,1200,5,5400.0,12.9,5.4,3,1.0L-1.5L,Excellent
8296,Honda,Amaze,2024,Electric,Manual,2890000.0,17.3,1000,5,23000.0,28.9,23.0,0,Below 1.0L,Average
8297,Maruti Suzuki,WagonR,2019,Electric,Automatic,2910000.0,29.0,800,5,19400.0,29.1,19.4,5,Below 1.0L,Excellent
8298,Mahindra,XUV300,2018,CNG,Automatic,1540000.0,18.3,1000,5,22500.0,15.4,22.5,6,Below 1.0L,Average
8299,Volkswagen,Polo,2016,CNG,Manual,720000.0,20.3,800,4,23900.0,7.2,23.9,8,Below 1.0L,Good
8300,Renault,Triber,2023,CNG,Manual,1000000.0,23.4,1000,6,21100.0,10.0,21.1,1,Below 1.0L,Good
8301,Skoda,Kushaq,2016,CNG,Manual,1380000.0,25.0,800,5,23800.0,13.8,23.8,8,Below 1.0L,Good
8302,Honda,WR-V,2023,CNG,Automatic,1220000.0,25.5,2000,5,6400.0,12.2,6.4,1,1.5L-2.0L,Excellent
8303,Honda,City,2020,Electric,Automatic,3140000.0,24.0,1500,7,17300.0,31.4,17.3,4,1.0L-1.5L,Good
8304,Toyota,Innova,2017,Diesel,Automatic,440000.0,15.3,1000,7,16500.0,4.4,16.5,7,Below 1.0L,Average
8305,Kia,Sonet,2023,Petrol,Automatic,2670000.0,17.1,1200,4,24800.0,26.7,24.8,1,1.0L-1.5L,Average
8306,Tata Motors,Nexon,2023,Diesel,Manual,2170000.0,16.6,1500,7,14600.0,21.7,14.6,1,1.0L-1.5L,Average
8307,Toyota,Glanza,2018,Electric,Manual,1690000.0,20.4,2000,5,11000.0,16.9,11.0,6,1.5L-2.0L,Good
8308,Tata Motors,Nexon,2020,Petrol,Automatic,1370000.0,18.9,1800,4,10700.0,13.7,10.7,4,1.5L-2.0L,Average
8309,Kia,Carnival,2023,Diesel,Automatic,810000.0,27.2,1800,4,16900.0,8.1,16.9,1,1.5L-2.0L,Excellent
8310,Tata Motors,Nexon,2019,Electric,Manual,420000.0,17.1,1200,6,16600.0,4.2,16.6,5,1.0L-1.5L,Average
8311,Kia,Carnival,2015,Electric,Manual,2010000.0,10.5,1200,7,21100.0,20.1,21.1,9,1.0L-1.5L,Low
8312,Renault,Lodgy,2020,Electric,Manual,1390000.0,11.8,2000,6,7200.0,13.9,7.2,4,1.5L-2.0L,Low
8313,Kia,Carnival,2020,Petrol,Automatic,1820000.0,19.0,1500,4,8700.0,18.2,8.7,4,1.0L-1.5L,Average
8314,Tata Motors,Altroz,2017,Petrol,Automatic,2780000.0,17.6,1500,6,18100.0,27.8,18.1,7,1.0L-1.5L,Average
8315,Volkswagen,Polo,2015,Electric,Automatic,2220000.0,17.0,1200,5,21500.0,22.2,21.5,9,1.0L-1.5L,Average
8316,Honda,City,2021,CNG,Manual,2190000.0,13.3,800,6,14600.0,21.9,14.6,3,Below 1.0L,Low
8317,Honda,Jazz,2020,Electric,Automatic,1710000.0,22.4,1800,7,19800.0,17.1,19.8,4,1.5L-2.0L,Good
8318,Renault,Kwid,2015,Petrol,Manual,450000.0,11.7,1500,4,13100.0,4.5,13.1,9,1.0L-1.5L,Low
8319,Kia,Carnival,2023,Diesel,Automatic,1330000.0,21.8,1800,6,17100.0,13.3,17.1,1,1.5L-2.0L,Good
8320,Renault,Kwid,2024,Electric,Automatic,950000.0,18.1,1800,6,11300.0,9.5,11.3,0,1.5L-2.0L,Average
8321,Honda,Civic,2015,Petrol,Automatic,2190000.0,20.5,2000,7,6400.0,21.9,6.4,9,1.5L-2.0L,Good
8322,Mahindra,Thar,2015,Diesel,Automatic,2570000.0,14.8,1800,4,7600.0,25.7,7.6,9,1.5L-2.0L,Low
8323,Skoda,Superb,2019,Diesel,Manual,3320000.0,11.5,800,7,8800.0,33.2,8.8,5,Below 1.0L,Low
8324,Hyundai,i10,2021,Petrol,Automatic,1520000.0,18.2,1000,7,13100.0,15.2,13.1,3,Below 1.0L,Average
8325,Kia,EV6,2024,CNG,Manual,510000.0,11.4,800,7,20600.0,5.1,20.6,0,Below 1.0L,Low
8326,Volkswagen,Vento,2024,Petrol,Automatic,2330000.0,20.6,2500,7,8500.0,23.3,8.5,0,2.0L-3.0L,Good
8327,Toyota,Urban Cruiser,2018,Petrol,Automatic,670000.0,12.6,1200,5,12300.0,6.7,12.3,6,1.0L-1.5L,Low
8328,Mahindra,Thar,2018,Petrol,Automatic,2450000.0,26.2,1500,5,24400.0,24.5,24.4,6,1.0L-1.5L,Excellent
8329,Mahindra,XUV700,2018,Diesel,Automatic,1020000.0,27.4,1800,5,17600.0,10.2,17.6,6,1.5L-2.0L,Excellent
8330,Maruti Suzuki,Ertiga,2020,Electric,Automatic,770000.0,21.8,800,7,9700.0,7.7,9.7,4,Below 1.0L,Good
8331,Skoda,Octavia,2020,Petrol,Automatic,2850000.0,25.1,2500,4,11400.0,28.5,11.4,4,2.0L-3.0L,Excellent
8332,Mahindra,XUV700,2018,Petrol,Automatic,1930000.0,13.9,2000,4,24800.0,19.3,24.8,6,1.5L-2.0L,Low
8333,Kia,Carnival,2016,CNG,Manual,1940000.0,20.1,2000,4,14500.0,19.4,14.5,8,1.5L-2.0L,Good
8334,Hyundai,i20,2017,Diesel,Manual,990000.0,29.3,1000,6,11100.0,9.9,11.1,7,Below 1.0L,Excellent
8335,Volkswagen,Taigun,2017,CNG,Automatic,860000.0,14.8,1200,7,5100.0,8.6,5.1,7,1.0L-1.5L,Low
8336,Volkswagen,Vento,2020,CNG,Automatic,1480000.0,18.0,1000,5,16000.0,14.8,16.0,4,Below 1.0L,Average
8337,Renault,Kwid,2019,Electric,Automatic,560000.0,27.6,2000,4,12100.0,5.6,12.1,5,1.5L-2.0L,Excellent
8338,Kia,Carnival,2024,Electric,Manual,1120000.0,29.0,1200,5,23700.0,11.2,23.7,0,1.0L-1.5L,Excellent
8339,Tata Motors,Tiago,2018,CNG,Automatic,2620000.0,28.7,1200,6,22700.0,26.2,22.7,6,1.0L-1.5L,Excellent
8340,Hyundai,Verna,2023,CNG,Manual,3370000.0,12.8,2500,7,7300.0,33.7,7.3,1,2.0L-3.0L,Low
8341,Volkswagen,Taigun,2018,Diesel,Manual,1620000.0,14.6,2500,4,15100.0,16.2,15.1,6,2.0L-3.0L,Low
8342,Hyundai,Verna,2022,Electric,Manual,1160000.0,19.8,800,7,9500.0,11.6,9.5,2,Below 1.0L,Average
8343,Tata Motors,Nexon,2017,CNG,Automatic,2250000.0,26.8,800,5,19400.0,22.5,19.4,7,Below 1.0L,Excellent
8344,Kia,Carnival,2017,Diesel,Manual,2510000.0,21.9,800,7,9500.0,25.1,9.5,7,Below 1.0L,Good
8345,Tata Motors,Tiago,2024,Petrol,Manual,1730000.0,26.3,1000,7,15300.0,17.3,15.3,0,Below 1.0L,Excellent
8346,Volkswagen,Tiguan,2022,CNG,Automatic,2180000.0,13.9,2000,6,5600.0,21.8,5.6,2,1.5L-2.0L,Low
8347,Tata Motors,Altroz,2021,Petrol,Manual,2250000.0,19.8,1200,5,10000.0,22.5,10.0,3,1.0L-1.5L,Average
8348,Hyundai,Venue,2019,Diesel,Manual,950000.0,27.8,2000,7,7500.0,9.5,7.5,5,1.5L-2.0L,Excellent
8349,Kia,Sonet,2017,CNG,Automatic,1050000.0,20.8,800,5,13200.0,10.5,13.2,7,Below 1.0L,Good
8350,Toyota,Innova,2024,Diesel,Automatic,1700000.0,16.7,1500,6,15800.0,17.0,15.8,0,1.0L-1.5L,Average
8351,Mahindra,Bolero,2023,Diesel,Manual,2940000.0,20.0,1500,4,21100.0,29.4,21.1,1,1.0L-1.5L,Average
8352,Toyota,Innova,2017,Diesel,Manual,1300000.0,11.9,1800,4,5100.0,13.0,5.1,7,1.5L-2.0L,Low
8353,Hyundai,i20,2021,Petrol,Manual,1920000.0,10.5,1000,6,16600.0,19.2,16.6,3,Below 1.0L,Low
8354,Kia,Sonet,2016,Petrol,Automatic,2140000.0,14.3,2000,7,17500.0,21.4,17.5,8,1.5L-2.0L,Low
8355,Volkswagen,Polo,2022,Electric,Manual,950000.0,13.9,1800,4,13200.0,9.5,13.2,2,1.5L-2.0L,Low
8356,Tata Motors,Altroz,2021,CNG,Manual,950000.0,18.7,2000,4,12000.0,9.5,12.0,3,1.5L-2.0L,Average
8357,Hyundai,Venue,2017,CNG,Automatic,1610000.0,10.6,2500,7,6200.0,16.1,6.2,7,2.0L-3.0L,Low
8358,Maruti Suzuki,Baleno,2021,Electric,Automatic,1200000.0,11.3,1000,6,22000.0,12.0,22.0,3,Below 1.0L,Low
8359,Kia,EV6,2022,Diesel,Manual,2430000.0,23.4,2500,7,17100.0,24.3,17.1,2,2.0L-3.0L,Good
8360,Maruti Suzuki,Ertiga,2024,Diesel,Manual,2040000.0,29.3,1800,4,7000.0,20.4,7.0,0,1.5L-2.0L,Excellent
8361,Hyundai,Verna,2019,Diesel,Manual,1520000.0,19.9,1000,6,9000.0,15.2,9.0,5,Below 1.0L,Average
8362,Skoda,Slavia,2017,CNG,Automatic,1200000.0,25.7,1500,7,22600.0,12.0,22.6,7,1.0L-1.5L,Excellent
8363,Volkswagen,Polo,2019,CNG,Automatic,3090000.0,14.5,1500,5,7400.0,30.9,7.4,5,1.0L-1.5L,Low
8364,Maruti Suzuki,Baleno,2022,Petrol,Automatic,2640000.0,14.2,1800,6,14000.0,26.4,14.0,2,1.5L-2.0L,Low
8365,Maruti Suzuki,Ertiga,2024,Petrol,Manual,1540000.0,19.0,1200,4,12500.0,15.4,12.5,0,1.0L-1.5L,Average
8366,Honda,Amaze,2018,CNG,Manual,1220000.0,11.9,2000,5,16300.0,12.2,16.3,6,1.5L-2.0L,Low
8367,Volkswagen,Taigun,2016,Petrol,Manual,1590000.0,18.9,2000,5,5100.0,15.9,5.1,8,1.5L-2.0L,Average
8368,Honda,Civic,2022,Electric,Manual,2820000.0,19.3,1500,7,10800.0,28.2,10.8,2,1.0L-1.5L,Average
8369,Hyundai,i10,2024,Petrol,Automatic,1630000.0,28.6,1000,5,6900.0,16.3,6.9,0,Below 1.0L,Excellent
8370,Maruti Suzuki,WagonR,2020,CNG,Automatic,2580000.0,29.1,1200,5,13000.0,25.8,13.0,4,1.0L-1.5L,Excellent
8371,Mahindra,Scorpio,2020,Petrol,Automatic,3340000.0,13.3,1500,6,18100.0,33.4,18.1,4,1.0L-1.5L,Low
8372,Maruti Suzuki,Dzire,2020,Petrol,Manual,2670000.0,16.0,800,7,22100.0,26.7,22.1,4,Below 1.0L,Average
8373,Hyundai,Verna,2015,Diesel,Manual,1960000.0,28.8,1500,6,6200.0,19.6,6.2,9,1.0L-1.5L,Excellent
8374,Maruti Suzuki,WagonR,2017,CNG,Automatic,3180000.0,15.5,1800,4,7700.0,31.8,7.7,7,1.5L-2.0L,Average
8375,Toyota,Fortuner,2022,Electric,Manual,2930000.0,16.4,1500,7,15900.0,29.3,15.9,2,1.0L-1.5L,Average
8376,Honda,Jazz,2023,Electric,Automatic,2450000.0,27.8,2000,4,12300.0,24.5,12.3,1,1.5L-2.0L,Excellent
8377,Volkswagen,Vento,2019,CNG,Automatic,2200000.0,16.4,2500,7,8900.0,22.0,8.9,5,2.0L-3.0L,Average
8378,Mahindra,Thar,2016,Diesel,Manual,1510000.0,22.6,2500,5,17300.0,15.1,17.3,8,2.0L-3.0L,Good
8379,Volkswagen,Polo,2022,CNG,Manual,1110000.0,27.1,1000,6,20100.0,11.1,20.1,2,Below 1.0L,Excellent
8380,Tata Motors,Tiago,2022,Electric,Manual,2340000.0,20.8,1800,5,6700.0,23.4,6.7,2,1.5L-2.0L,Good
8381,Mahindra,Thar,2024,Electric,Automatic,780000.0,14.8,1500,7,19000.0,7.8,19.0,0,1.0L-1.5L,Low
8382,Mahindra,Bolero,2023,Electric,Manual,2370000.0,28.2,2500,5,10900.0,23.7,10.9,1,2.0L-3.0L,Excellent
8383,Hyundai,Venue,2024,Diesel,Automatic,2040000.0,15.3,1800,5,12000.0,20.4,12.0,0,1.5L-2.0L,Average
8384,Tata Motors,Nexon,2023,Electric,Automatic,1950000.0,29.8,2000,5,15600.0,19.5,15.6,1,1.5L-2.0L,Excellent
8385,Renault,Triber,2020,CNG,Manual,1550000.0,20.8,1200,7,19200.0,15.5,19.2,4,1.0L-1.5L,Good
8386,Mahindra,Scorpio,2022,Electric,Manual,1770000.0,28.5,2000,6,13800.0,17.7,13.8,2,1.5L-2.0L,Excellent
8387,Hyundai,Creta,2019,CNG,Manual,860000.0,26.6,1200,5,24600.0,8.6,24.6,5,1.0L-1.5L,Excellent
8388,Toyota,Camry,2021,Petrol,Manual,830000.0,24.7,2000,7,20000.0,8.3,20.0,3,1.5L-2.0L,Good
8389,Maruti Suzuki,Dzire,2024,Petrol,Automatic,2640000.0,21.9,2500,7,7600.0,26.4,7.6,0,2.0L-3.0L,Good
8390,Toyota,Innova,2016,CNG,Manual,3470000.0,16.9,1500,6,19000.0,34.7,19.0,8,1.0L-1.5L,Average
8391,Toyota,Innova,2017,Petrol,Manual,2390000.0,15.5,1200,5,16200.0,23.9,16.2,7,1.0L-1.5L,Average
8392,Toyota,Urban Cruiser,2021,Electric,Automatic,2950000.0,27.2,2500,7,20900.0,29.5,20.9,3,2.0L-3.0L,Excellent
8393,Toyota,Urban Cruiser,2015,Petrol,Manual,550000.0,16.8,1000,5,18200.0,5.5,18.2,9,Below 1.0L,Average
8394,Maruti Suzuki,WagonR,2015,Diesel,Manual,2790000.0,14.5,1200,7,16000.0,27.9,16.0,9,1.0L-1.5L,Low
8395,Toyota,Innova,2017,CNG,Automatic,3430000.0,16.2,800,4,23000.0,34.3,23.0,7,Below 1.0L,Average
8396,Toyota,Urban Cruiser,2017,Diesel,Manual,2410000.0,17.4,1200,4,24300.0,24.1,24.3,7,1.0L-1.5L,Average
8397,Honda,WR-V,2020,CNG,Manual,3330000.0,25.8,1800,5,11200.0,33.3,11.2,4,1.5L-2.0L,Excellent
8398,Renault,Triber,2021,CNG,Automatic,1390000.0,18.6,2000,6,18000.0,13.9,18.0,3,1.5L-2.0L,Average
8399,Skoda,Slavia,2015,Petrol,Automatic,2150000.0,15.2,2500,4,10300.0,21.5,10.3,9,2.0L-3.0L,Average
8400,Hyundai,i20,2021,Petrol,Manual,3000000.0,10.9,2500,7,13700.0,30.0,13.7,3,2.0L-3.0L,Low
8401,Kia,Seltos,2022,Electric,Manual,2170000.0,23.9,2500,4,7700.0,21.7,7.7,2,2.0L-3.0L,Good
8402,Skoda,Rapid,2019,Petrol,Automatic,2810000.0,25.4,800,6,11700.0,28.1,11.7,5,Below 1.0L,Excellent
8403,Hyundai,i10,2015,Diesel,Automatic,1610000.0,24.6,2000,7,5400.0,16.1,5.4,9,1.5L-2.0L,Good
8404,Volkswagen,Polo,2017,Petrol,Manual,2000000.0,18.3,1200,5,8900.0,20.0,8.9,7,1.0L-1.5L,Average
8405,Honda,Amaze,2017,CNG,Automatic,3150000.0,14.9,800,4,9800.0,31.5,9.8,7,Below 1.0L,Low
8406,Skoda,Rapid,2019,Electric,Automatic,3130000.0,23.0,1500,7,15200.0,31.3,15.2,5,1.0L-1.5L,Good
8407,Kia,EV6,2015,Petrol,Automatic,660000.0,14.8,800,6,6100.0,6.6,6.1,9,Below 1.0L,Low
8408,Skoda,Kushaq,2020,Electric,Manual,2370000.0,18.7,2000,7,21600.0,23.7,21.6,4,1.5L-2.0L,Average
8409,Toyota,Fortuner,2018,Petrol,Automatic,2200000.0,28.2,1000,4,14600.0,22.0,14.6,6,Below 1.0L,Excellent
8410,Mahindra,XUV700,2021,Electric,Manual,1800000.0,27.9,800,4,11500.0,18.0,11.5,3,Below 1.0L,Excellent
8411,Toyota,Innova,2023,Diesel,Automatic,3220000.0,19.8,2500,6,6400.0,32.2,6.4,1,2.0L-3.0L,Average
8412,Honda,Amaze,2017,Electric,Manual,3000000.0,12.9,2000,7,23400.0,30.0,23.4,7,1.5L-2.0L,Low
8413,Skoda,Rapid,2018,Electric,Manual,3450000.0,14.4,800,7,18300.0,34.5,18.3,6,Below 1.0L,Low
8414,Toyota,Camry,2024,Petrol,Manual,1350000.0,23.6,1200,5,22100.0,13.5,22.1,0,1.0L-1.5L,Good
8415,Toyota,Urban Cruiser,2021,Diesel,Automatic,1960000.0,27.6,1000,4,12300.0,19.6,12.3,3,Below 1.0L,Excellent
8416,Honda,Civic,2016,Electric,Manual,2700000.0,17.4,2500,6,10700.0,27.0,10.7,8,2.0L-3.0L,Average
8417,Renault,Kiger,2016,CNG,Manual,2720000.0,19.5,800,6,10100.0,27.2,10.1,8,Below 1.0L,Average
8418,Skoda,Kushaq,2020,Electric,Automatic,3110000.0,21.2,1200,5,23600.0,31.1,23.6,4,1.0L-1.5L,Good
8419,Volkswagen,Polo,2017,Diesel,Manual,2900000.0,27.1,800,5,18600.0,29.0,18.6,7,Below 1.0L,Excellent
8420,Skoda,Octavia,2023,CNG,Manual,2890000.0,25.2,1200,6,23400.0,28.9,23.4,1,1.0L-1.5L,Excellent
8421,Tata Motors,Punch,2018,Diesel,Automatic,3450000.0,21.6,2000,4,24700.0,34.5,24.7,6,1.5L-2.0L,Good
8422,Tata Motors,Tiago,2017,CNG,Manual,3170000.0,16.1,2500,6,20300.0,31.7,20.3,7,2.0L-3.0L,Average
8423,Volkswagen,Vento,2024,Petrol,Manual,2090000.0,25.4,1200,4,19300.0,20.9,19.3,0,1.0L-1.5L,Excellent
8424,Mahindra,XUV300,2022,Electric,Manual,550000.0,17.6,1800,5,19600.0,5.5,19.6,2,1.5L-2.0L,Average
8425,Toyota,Fortuner,2020,CNG,Automatic,2420000.0,28.5,2500,7,10200.0,24.2,10.2,4,2.0L-3.0L,Excellent
8426,Maruti Suzuki,Ertiga,2019,Diesel,Automatic,470000.0,29.2,2000,6,20000.0,4.7,20.0,5,1.5L-2.0L,Excellent
8427,Kia,EV6,2024,Diesel,Manual,930000.0,24.5,1500,6,10600.0,9.3,10.6,0,1.0L-1.5L,Good
8428,Mahindra,Scorpio,2023,Diesel,Automatic,2060000.0,16.9,2000,7,13500.0,20.6,13.5,1,1.5L-2.0L,Average
8429,Kia,Carens,2017,Petrol,Automatic,1600000.0,17.6,1800,6,20600.0,16.0,20.6,7,1.5L-2.0L,Average
8430,Hyundai,Verna,2019,CNG,Automatic,910000.0,28.1,1800,4,23100.0,9.1,23.1,5,1.5L-2.0L,Excellent
8431,Hyundai,i20,2021,Diesel,Automatic,2240000.0,26.6,800,5,20000.0,22.4,20.0,3,Below 1.0L,Excellent
8432,Volkswagen,Virtus,2017,Petrol,Automatic,1640000.0,28.9,1800,7,18200.0,16.4,18.2,7,1.5L-2.0L,Excellent
8433,Mahindra,XUV700,2018,Diesel,Manual,1550000.0,27.6,1000,7,19700.0,15.5,19.7,6,Below 1.0L,Excellent
8434,Kia,Sonet,2016,CNG,Manual,2920000.0,29.6,1200,5,17900.0,29.2,17.9,8,1.0L-1.5L,Excellent
8435,Volkswagen,Vento,2016,Diesel,Automatic,2060000.0,23.8,1800,5,19500.0,20.6,19.5,8,1.5L-2.0L,Good
8436,Mahindra,XUV700,2015,Electric,Automatic,1490000.0,27.4,1500,4,22600.0,14.9,22.6,9,1.0L-1.5L,Excellent
8437,Toyota,Glanza,2016,Diesel,Automatic,410000.0,12.6,1000,7,6500.0,4.1,6.5,8,Below 1.0L,Low
8438,Tata Motors,Altroz,2020,Electric,Automatic,1550000.0,16.7,2000,5,19800.0,15.5,19.8,4,1.5L-2.0L,Average
8439,Tata Motors,Tiago,2023,CNG,Automatic,860000.0,18.5,1500,6,24400.0,8.6,24.4,1,1.0L-1.5L,Average
8440,Honda,Amaze,2018,Diesel,Automatic,2770000.0,28.8,1000,4,11700.0,27.7,11.7,6,Below 1.0L,Excellent
8441,Toyota,Camry,2022,Diesel,Manual,460000.0,29.0,2500,6,16500.0,4.6,16.5,2,2.0L-3.0L,Excellent
8442,Kia,Carnival,2021,Petrol,Manual,800000.0,20.3,1200,7,15500.0,8.0,15.5,3,1.0L-1.5L,Good
8443,Hyundai,Verna,2017,Diesel,Manual,540000.0,27.1,1500,7,23700.0,5.4,23.7,7,1.0L-1.5L,Excellent
8444,Volkswagen,Vento,2016,Diesel,Automatic,3470000.0,22.8,1200,6,25000.0,34.7,25.0,8,1.0L-1.5L,Good
8445,Maruti Suzuki,Ertiga,2020,Diesel,Manual,1980000.0,20.5,2000,7,10500.0,19.8,10.5,4,1.5L-2.0L,Good
8446,Kia,EV6,2017,Electric,Automatic,1700000.0,24.5,800,7,11000.0,17.0,11.0,7,Below 1.0L,Good
8447,Tata Motors,Harrier,2018,Diesel,Manual,880000.0,26.3,800,5,11700.0,8.8,11.7,6,Below 1.0L,Excellent
8448,Maruti Suzuki,Ertiga,2015,Diesel,Automatic,2980000.0,27.4,1500,6,10000.0,29.8,10.0,9,1.0L-1.5L,Excellent
8449,Mahindra,XUV700,2024,Petrol,Automatic,2230000.0,18.0,800,4,9400.0,22.3,9.4,0,Below 1.0L,Average
8450,Toyota,Fortuner,2022,Electric,Manual,1150000.0,23.8,1000,5,5600.0,11.5,5.6,2,Below 1.0L,Good
8451,Maruti Suzuki,Dzire,2021,CNG,Manual,1920000.0,17.3,2500,6,5400.0,19.2,5.4,3,2.0L-3.0L,Average
8452,Hyundai,i10,2019,Electric,Manual,2020000.0,15.2,2500,7,12400.0,20.2,12.4,5,2.0L-3.0L,Average
8453,Kia,Sonet,2015,Petrol,Manual,2440000.0,16.3,1200,7,6200.0,24.4,6.2,9,1.0L-1.5L,Average
8454,Skoda,Slavia,2024,Electric,Manual,1080000.0,24.7,1000,6,5000.0,10.8,5.0,0,Below 1.0L,Good
8455,Volkswagen,Vento,2023,Diesel,Manual,2930000.0,12.9,2000,6,23600.0,29.3,23.6,1,1.5L-2.0L,Low
8456,Skoda,Octavia,2022,Petrol,Automatic,1680000.0,19.5,2500,6,16200.0,16.8,16.2,2,2.0L-3.0L,Average
8457,Tata Motors,Tiago,2017,Petrol,Manual,3120000.0,22.5,2000,7,14800.0,31.2,14.8,7,1.5L-2.0L,Good
8458,Skoda,Rapid,2015,Electric,Automatic,1890000.0,17.4,1000,5,16300.0,18.9,16.3,9,Below 1.0L,Average
8459,Maruti Suzuki,Baleno,2016,Electric,Manual,2680000.0,29.4,800,5,13600.0,26.8,13.6,8,Below 1.0L,Excellent
8460,Hyundai,Creta,2022,Diesel,Automatic,2200000.0,12.9,1500,7,19300.0,22.0,19.3,2,1.0L-1.5L,Low
8461,Maruti Suzuki,Dzire,2017,Petrol,Automatic,720000.0,29.6,1500,6,9400.0,7.2,9.4,7,1.0L-1.5L,Excellent
8462,Honda,Jazz,2017,Diesel,Automatic,1140000.0,17.0,2500,6,10200.0,11.4,10.2,7,2.0L-3.0L,Average
8463,Volkswagen,Polo,2015,CNG,Manual,830000.0,18.4,1200,5,11500.0,8.3,11.5,9,1.0L-1.5L,Average
8464,Honda,Amaze,2021,Diesel,Manual,1770000.0,22.6,1000,5,16000.0,17.7,16.0,3,Below 1.0L,Good
8465,Volkswagen,Tiguan,2017,Electric,Automatic,3210000.0,14.7,1000,5,22000.0,32.1,22.0,7,Below 1.0L,Low
8466,Kia,EV6,2017,CNG,Automatic,2750000.0,11.5,1000,6,13000.0,27.5,13.0,7,Below 1.0L,Low
8467,Renault,Kiger,2023,Petrol,Automatic,930000.0,14.7,2500,6,22000.0,9.3,22.0,1,2.0L-3.0L,Low
8468,Kia,Sonet,2024,CNG,Automatic,910000.0,12.4,1500,6,11600.0,9.1,11.6,0,1.0L-1.5L,Low
8469,Skoda,Octavia,2015,Electric,Automatic,2710000.0,22.2,1800,6,20500.0,27.1,20.5,9,1.5L-2.0L,Good
8470,Kia,Carnival,2015,Electric,Automatic,910000.0,12.1,1200,4,6700.0,9.1,6.7,9,1.0L-1.5L,Low
8471,Toyota,Camry,2017,Petrol,Manual,3000000.0,13.8,1000,4,16500.0,30.0,16.5,7,Below 1.0L,Low
8472,Tata Motors,Tiago,2018,Petrol,Automatic,1510000.0,17.4,1500,7,15200.0,15.1,15.2,6,1.0L-1.5L,Average
8473,Hyundai,Verna,2020,Petrol,Automatic,2790000.0,21.2,1000,5,18400.0,27.9,18.4,4,Below 1.0L,Good
8474,Volkswagen,Virtus,2016,Petrol,Automatic,3430000.0,10.1,1200,6,17900.0,34.3,17.9,8,1.0L-1.5L,Low
8475,Maruti Suzuki,Ertiga,2024,Electric,Automatic,2110000.0,16.5,2500,5,17400.0,21.1,17.4,0,2.0L-3.0L,Average
8476,Tata Motors,Altroz,2019,Diesel,Automatic,980000.0,18.9,1200,5,15900.0,9.8,15.9,5,1.0L-1.5L,Average
8477,Renault,Kiger,2022,Petrol,Manual,860000.0,27.9,2000,7,12000.0,8.6,12.0,2,1.5L-2.0L,Excellent
8478,Renault,Duster,2022,Electric,Manual,920000.0,12.2,2000,4,7200.0,9.2,7.2,2,1.5L-2.0L,Low
8479,Volkswagen,Virtus,2016,CNG,Automatic,640000.0,10.7,1200,4,16200.0,6.4,16.2,8,1.0L-1.5L,Low
8480,Mahindra,XUV300,2022,Petrol,Manual,980000.0,16.4,2500,7,22500.0,9.8,22.5,2,2.0L-3.0L,Average
8481,Honda,Amaze,2017,Electric,Automatic,3260000.0,22.1,2000,5,16300.0,32.6,16.3,7,1.5L-2.0L,Good
8482,Kia,EV6,2020,CNG,Automatic,1330000.0,28.0,800,7,11000.0,13.3,11.0,4,Below 1.0L,Excellent
8483,Renault,Lodgy,2017,Diesel,Automatic,3240000.0,24.3,2500,6,8700.0,32.4,8.7,7,2.0L-3.0L,Good
8484,Mahindra,Scorpio,2020,CNG,Manual,1650000.0,22.8,1200,4,16200.0,16.5,16.2,4,1.0L-1.5L,Good
8485,Renault,Kwid,2020,CNG,Manual,2080000.0,10.1,800,7,19100.0,20.8,19.1,4,Below 1.0L,Low
8486,Maruti Suzuki,WagonR,2023,Electric,Automatic,540000.0,17.8,1000,4,17900.0,5.4,17.9,1,Below 1.0L,Average
8487,Renault,Kiger,2024,Electric,Manual,3500000.0,27.8,800,5,21100.0,35.0,21.1,0,Below 1.0L,Excellent
8488,Honda,Amaze,2016,CNG,Automatic,1070000.0,21.2,2500,6,8400.0,10.7,8.4,8,2.0L-3.0L,Good
8489,Kia,Seltos,2018,CNG,Manual,2420000.0,25.8,1800,5,10700.0,24.2,10.7,6,1.5L-2.0L,Excellent
8490,Renault,Triber,2023,Petrol,Automatic,1030000.0,17.4,2500,4,20000.0,10.3,20.0,1,2.0L-3.0L,Average
8491,Skoda,Slavia,2015,Diesel,Automatic,2050000.0,17.8,1800,6,16200.0,20.5,16.2,9,1.5L-2.0L,Average
8492,Mahindra,Thar,2018,Electric,Manual,2330000.0,24.9,1000,5,24900.0,23.3,24.9,6,Below 1.0L,Good
8493,Mahindra,Scorpio,2024,CNG,Automatic,1800000.0,22.1,1200,7,19200.0,18.0,19.2,0,1.0L-1.5L,Good
8494,Hyundai,Venue,2020,Diesel,Automatic,2270000.0,24.1,2500,6,19900.0,22.7,19.9,4,2.0L-3.0L,Good
8495,Maruti Suzuki,Dzire,2021,CNG,Manual,1210000.0,26.5,2500,6,12500.0,12.1,12.5,3,2.0L-3.0L,Excellent
8496,Skoda,Octavia,2015,Diesel,Manual,560000.0,25.7,1200,6,16700.0,5.6,16.7,9,1.0L-1.5L,Excellent
8497,Volkswagen,Taigun,2020,Petrol,Manual,3480000.0,15.0,1000,6,23500.0,34.8,23.5,4,Below 1.0L,Low
8498,Skoda,Octavia,2018,Petrol,Automatic,1930000.0,23.7,1500,7,14600.0,19.3,14.6,6,1.0L-1.5L,Good
8499,Volkswagen,Tiguan,2017,Diesel,Automatic,520000.0,27.6,1000,5,11800.0,5.2,11.8,7,Below 1.0L,Excellent
8500,Renault,Kiger,2016,CNG,Manual,1000000.0,26.3,1000,5,15700.0,10.0,15.7,8,Below 1.0L,Excellent
8501,Kia,Carnival,2024,CNG,Automatic,1950000.0,22.1,800,7,20900.0,19.5,20.9,0,Below 1.0L,Good
8502,Maruti Suzuki,Baleno,2019,CNG,Manual,1690000.0,23.1,1000,5,12000.0,16.9,12.0,5,Below 1.0L,Good
8503,Toyota,Glanza,2015,Electric,Automatic,970000.0,13.7,1000,6,11900.0,9.7,11.9,9,Below 1.0L,Low
8504,Skoda,Kushaq,2024,Electric,Manual,1210000.0,28.1,800,6,20000.0,12.1,20.0,0,Below 1.0L,Excellent
8505,Toyota,Innova,2022,Petrol,Automatic,2140000.0,15.5,1500,5,24100.0,21.4,24.1,2,1.0L-1.5L,Average
8506,Kia,Carens,2015,CNG,Manual,3140000.0,23.0,1000,5,20200.0,31.4,20.2,9,Below 1.0L,Good
8507,Hyundai,i20,2024,Diesel,Manual,910000.0,25.8,1800,7,20200.0,9.1,20.2,0,1.5L-2.0L,Excellent
8508,Honda,Amaze,2023,Electric,Manual,2000000.0,24.9,1500,4,23500.0,20.0,23.5,1,1.0L-1.5L,Good
8509,Maruti Suzuki,Ertiga,2024,Petrol,Automatic,2880000.0,27.8,2000,7,16600.0,28.8,16.6,0,1.5L-2.0L,Excellent
8510,Kia,EV6,2016,Diesel,Manual,1260000.0,13.2,2000,7,20400.0,12.6,20.4,8,1.5L-2.0L,Low
8511,Mahindra,Scorpio,2016,CNG,Manual,1710000.0,17.8,1200,5,7500.0,17.1,7.5,8,1.0L-1.5L,Average
8512,Volkswagen,Taigun,2017,CNG,Manual,840000.0,26.6,1500,4,5300.0,8.4,5.3,7,1.0L-1.5L,Excellent
8513,Maruti Suzuki,Dzire,2023,Petrol,Automatic,1710000.0,25.7,2000,4,11800.0,17.1,11.8,1,1.5L-2.0L,Excellent
8514,Tata Motors,Tiago,2016,Petrol,Automatic,1200000.0,21.8,2500,5,23000.0,12.0,23.0,8,2.0L-3.0L,Good
8515,Tata Motors,Harrier,2018,Electric,Automatic,2400000.0,24.8,1500,5,19100.0,24.0,19.1,6,1.0L-1.5L,Good
8516,Maruti Suzuki,WagonR,2018,Petrol,Manual,1670000.0,28.7,1000,6,8800.0,16.7,8.8,6,Below 1.0L,Excellent
8517,Volkswagen,Taigun,2020,Diesel,Automatic,1930000.0,18.1,1500,5,8400.0,19.3,8.4,4,1.0L-1.5L,Average
8518,Kia,Seltos,2016,Electric,Manual,2080000.0,20.8,1500,5,5300.0,20.8,5.3,8,1.0L-1.5L,Good
8519,Tata Motors,Tiago,2022,Petrol,Automatic,2210000.0,25.5,1800,7,10100.0,22.1,10.1,2,1.5L-2.0L,Excellent
8520,Maruti Suzuki,Swift,2021,CNG,Automatic,3030000.0,24.9,1200,6,11500.0,30.3,11.5,3,1.0L-1.5L,Good
8521,Hyundai,i20,2021,Electric,Manual,1880000.0,22.3,800,4,12000.0,18.8,12.0,3,Below 1.0L,Good
8522,Tata Motors,Altroz,2016,Diesel,Automatic,2500000.0,27.1,1200,4,16300.0,25.0,16.3,8,1.0L-1.5L,Excellent
8523,Skoda,Rapid,2017,CNG,Manual,2580000.0,18.9,800,6,23100.0,25.8,23.1,7,Below 1.0L,Average
8524,Honda,Civic,2022,Petrol,Manual,1230000.0,23.5,1800,4,9600.0,12.3,9.6,2,1.5L-2.0L,Good
8525,Honda,WR-V,2017,Diesel,Manual,3220000.0,14.9,1200,5,15700.0,32.2,15.7,7,1.0L-1.5L,Low
8526,Toyota,Fortuner,2024,Petrol,Manual,2220000.0,15.1,1200,4,15400.0,22.2,15.4,0,1.0L-1.5L,Average
8527,Honda,City,2016,Diesel,Manual,3000000.0,22.5,1800,6,11700.0,30.0,11.7,8,1.5L-2.0L,Good
8528,Honda,Civic,2016,Petrol,Manual,1640000.0,17.5,1500,5,16800.0,16.4,16.8,8,1.0L-1.5L,Average
8529,Mahindra,Scorpio,2021,CNG,Automatic,1800000.0,10.9,2500,7,10400.0,18.0,10.4,3,2.0L-3.0L,Low
8530,Maruti Suzuki,Baleno,2019,Diesel,Manual,400000.0,29.6,800,7,19100.0,4.0,19.1,5,Below 1.0L,Excellent
8531,Mahindra,XUV700,2024,Petrol,Manual,970000.0,28.0,1000,5,18900.0,9.7,18.9,0,Below 1.0L,Excellent
8532,Maruti Suzuki,Dzire,2024,Diesel,Manual,470000.0,27.9,1800,4,20100.0,4.7,20.1,0,1.5L-2.0L,Excellent
8533,Renault,Kwid,2022,Diesel,Automatic,630000.0,10.9,1800,6,8200.0,6.3,8.2,2,1.5L-2.0L,Low
8534,Renault,Lodgy,2019,CNG,Automatic,1450000.0,25.6,1000,5,21500.0,14.5,21.5,5,Below 1.0L,Excellent
8535,Volkswagen,Virtus,2018,CNG,Manual,900000.0,11.3,1000,7,10100.0,9.0,10.1,6,Below 1.0L,Low
8536,Mahindra,XUV700,2022,Petrol,Manual,1520000.0,16.1,1500,4,12800.0,15.2,12.8,2,1.0L-1.5L,Average
8537,Skoda,Kushaq,2021,Diesel,Manual,2900000.0,21.7,2500,7,10100.0,29.0,10.1,3,2.0L-3.0L,Good
8538,Hyundai,i20,2018,Electric,Automatic,1600000.0,15.0,1000,7,14700.0,16.0,14.7,6,Below 1.0L,Low
8539,Hyundai,Venue,2017,Petrol,Manual,850000.0,11.4,800,4,14700.0,8.5,14.7,7,Below 1.0L,Low
8540,Maruti Suzuki,Baleno,2022,Petrol,Manual,1500000.0,26.5,1200,4,24500.0,15.0,24.5,2,1.0L-1.5L,Excellent
8541,Honda,WR-V,2016,Petrol,Automatic,1480000.0,27.1,1500,5,15600.0,14.8,15.6,8,1.0L-1.5L,Excellent
8542,Skoda,Octavia,2022,CNG,Manual,2480000.0,23.7,1000,6,5100.0,24.8,5.1,2,Below 1.0L,Good
8543,Kia,EV6,2018,CNG,Manual,2470000.0,21.1,1500,7,6800.0,24.7,6.8,6,1.0L-1.5L,Good
8544,Honda,Amaze,2020,Petrol,Manual,2990000.0,19.7,1800,4,17000.0,29.9,17.0,4,1.5L-2.0L,Average
8545,Toyota,Urban Cruiser,2021,Petrol,Automatic,770000.0,10.7,1200,4,6800.0,7.7,6.8,3,1.0L-1.5L,Low
8546,Skoda,Superb,2019,Petrol,Automatic,3170000.0,23.8,800,5,9500.0,31.7,9.5,5,Below 1.0L,Good
8547,Toyota,Urban Cruiser,2024,Diesel,Automatic,2370000.0,29.6,2000,6,17900.0,23.7,17.9,0,1.5L-2.0L,Excellent
8548,Kia,EV6,2020,Petrol,Manual,1310000.0,11.7,1000,4,9100.0,13.1,9.1,4,Below 1.0L,Low
8549,Kia,Carnival,2016,Diesel,Manual,2580000.0,17.3,2000,7,12000.0,25.8,12.0,8,1.5L-2.0L,Average
8550,Volkswagen,Vento,2021,Electric,Manual,2840000.0,15.8,2500,7,13300.0,28.4,13.3,3,2.0L-3.0L,Average
8551,Hyundai,Venue,2016,Electric,Manual,1210000.0,24.2,2500,7,21000.0,12.1,21.0,8,2.0L-3.0L,Good
8552,Maruti Suzuki,WagonR,2024,Electric,Manual,1070000.0,10.2,800,6,14400.0,10.7,14.4,0,Below 1.0L,Low
8553,Volkswagen,Polo,2024,Electric,Automatic,2560000.0,25.3,2000,6,13200.0,25.6,13.2,0,1.5L-2.0L,Excellent
8554,Honda,City,2020,Electric,Manual,2590000.0,22.3,1500,6,13600.0,25.9,13.6,4,1.0L-1.5L,Good
8555,Tata Motors,Punch,2017,CNG,Manual,650000.0,26.5,1000,5,16800.0,6.5,16.8,7,Below 1.0L,Excellent
8556,Tata Motors,Harrier,2023,Electric,Manual,660000.0,24.4,1800,6,18300.0,6.6,18.3,1,1.5L-2.0L,Good
8557,Hyundai,Venue,2019,Diesel,Manual,1090000.0,24.1,2000,6,18200.0,10.9,18.2,5,1.5L-2.0L,Good
8558,Skoda,Octavia,2023,Diesel,Automatic,3140000.0,28.9,1800,7,12000.0,31.4,12.0,1,1.5L-2.0L,Excellent
8559,Renault,Lodgy,2020,Petrol,Manual,2680000.0,28.4,1000,5,7200.0,26.8,7.2,4,Below 1.0L,Excellent
8560,Renault,Kiger,2021,Diesel,Automatic,2120000.0,28.4,1500,4,7800.0,21.2,7.8,3,1.0L-1.5L,Excellent
8561,Mahindra,Scorpio,2015,CNG,Manual,1530000.0,23.3,2500,5,8000.0,15.3,8.0,9,2.0L-3.0L,Good
8562,Hyundai,Verna,2020,Electric,Automatic,1020000.0,15.0,800,6,15600.0,10.2,15.6,4,Below 1.0L,Low
8563,Hyundai,Venue,2018,Petrol,Manual,1320000.0,13.0,800,7,11000.0,13.2,11.0,6,Below 1.0L,Low
8564,Maruti Suzuki,Swift,2019,Petrol,Manual,1820000.0,10.5,1500,6,16100.0,18.2,16.1,5,1.0L-1.5L,Low
8565,Hyundai,Venue,2023,Diesel,Automatic,2350000.0,28.3,1000,6,21600.0,23.5,21.6,1,Below 1.0L,Excellent
8566,Skoda,Octavia,2015,Petrol,Automatic,2690000.0,22.5,1500,7,6300.0,26.9,6.3,9,1.0L-1.5L,Good
8567,Renault,Lodgy,2021,Petrol,Automatic,1350000.0,18.7,1800,5,17900.0,13.5,17.9,3,1.5L-2.0L,Average
8568,Renault,Lodgy,2022,CNG,Manual,670000.0,14.9,1000,7,20500.0,6.7,20.5,2,Below 1.0L,Low
8569,Maruti Suzuki,Baleno,2015,Petrol,Automatic,740000.0,25.2,1800,5,6800.0,7.4,6.8,9,1.5L-2.0L,Excellent
8570,Mahindra,Bolero,2021,Petrol,Manual,3270000.0,14.1,1000,6,20300.0,32.7,20.3,3,Below 1.0L,Low
8571,Mahindra,XUV700,2015,CNG,Manual,680000.0,14.7,1000,5,17400.0,6.8,17.4,9,Below 1.0L,Low
8572,Hyundai,i10,2024,Electric,Manual,1650000.0,14.4,1000,4,14500.0,16.5,14.5,0,Below 1.0L,Low
8573,Tata Motors,Tiago,2024,Diesel,Manual,3140000.0,13.9,1500,7,15300.0,31.4,15.3,0,1.0L-1.5L,Low
8574,Maruti Suzuki,Swift,2017,CNG,Automatic,3300000.0,23.3,1500,4,18300.0,33.0,18.3,7,1.0L-1.5L,Good
8575,Maruti Suzuki,Baleno,2021,Petrol,Manual,1190000.0,25.5,800,5,16100.0,11.9,16.1,3,Below 1.0L,Excellent
8576,Toyota,Urban Cruiser,2020,Diesel,Manual,3440000.0,13.0,2000,6,11000.0,34.4,11.0,4,1.5L-2.0L,Low
8577,Skoda,Kushaq,2022,CNG,Automatic,2360000.0,27.7,1800,5,20700.0,23.6,20.7,2,1.5L-2.0L,Excellent
8578,Tata Motors,Tiago,2017,Petrol,Automatic,1200000.0,21.9,2500,5,23300.0,12.0,23.3,7,2.0L-3.0L,Good
8579,Maruti Suzuki,WagonR,2016,CNG,Automatic,1920000.0,26.6,1000,4,17300.0,19.2,17.3,8,Below 1.0L,Excellent
8580,Maruti Suzuki,Baleno,2022,Petrol,Manual,800000.0,30.0,800,6,16800.0,8.0,16.8,2,Below 1.0L,Excellent
8581,Hyundai,Creta,2017,Diesel,Automatic,1350000.0,17.7,1000,4,22500.0,13.5,22.5,7,Below 1.0L,Average
8582,Hyundai,i10,2016,Electric,Manual,3010000.0,25.0,1000,7,12200.0,30.1,12.2,8,Below 1.0L,Good
8583,Honda,City,2018,Electric,Automatic,3320000.0,14.2,1500,4,10900.0,33.2,10.9,6,1.0L-1.5L,Low
8584,Skoda,Superb,2020,Petrol,Manual,1400000.0,27.4,800,7,5300.0,14.0,5.3,4,Below 1.0L,Excellent
8585,Volkswagen,Taigun,2015,Petrol,Manual,980000.0,16.3,2500,7,13800.0,9.8,13.8,9,2.0L-3.0L,Average
8586,Hyundai,i10,2022,CNG,Manual,2650000.0,22.0,1500,7,13200.0,26.5,13.2,2,1.0L-1.5L,Good
8587,Toyota,Innova,2019,CNG,Manual,2120000.0,27.5,2500,7,9800.0,21.2,9.8,5,2.0L-3.0L,Excellent
8588,Kia,Sonet,2015,Electric,Automatic,1060000.0,20.1,1200,4,14800.0,10.6,14.8,9,1.0L-1.5L,Good
8589,Mahindra,Thar,2020,Electric,Automatic,2300000.0,26.0,2500,6,10900.0,23.0,10.9,4,2.0L-3.0L,Excellent
8590,Hyundai,Venue,2019,Diesel,Manual,1600000.0,18.0,800,5,13900.0,16.0,13.9,5,Below 1.0L,Average
8591,Toyota,Innova,2019,Petrol,Manual,1370000.0,22.8,2500,6,9500.0,13.7,9.5,5,2.0L-3.0L,Good
8592,Skoda,Kushaq,2019,Electric,Automatic,2600000.0,22.3,2000,7,16100.0,26.0,16.1,5,1.5L-2.0L,Good
8593,Volkswagen,Taigun,2015,Diesel,Automatic,3240000.0,19.8,2000,4,6600.0,32.4,6.6,9,1.5L-2.0L,Average
8594,Toyota,Glanza,2019,Petrol,Manual,1870000.0,22.5,2500,6,12200.0,18.7,12.2,5,2.0L-3.0L,Good
8595,Tata Motors,Punch,2019,Electric,Automatic,640000.0,22.8,1500,7,20600.0,6.4,20.6,5,1.0L-1.5L,Good
8596,Toyota,Urban Cruiser,2018,CNG,Manual,2850000.0,23.0,1800,6,5500.0,28.5,5.5,6,1.5L-2.0L,Good
8597,Volkswagen,Virtus,2017,Petrol,Automatic,2340000.0,29.9,1000,6,8400.0,23.4,8.4,7,Below 1.0L,Excellent
8598,Renault,Triber,2016,Electric,Automatic,1560000.0,15.0,800,6,24800.0,15.6,24.8,8,Below 1.0L,Low
8599,Maruti Suzuki,Dzire,2017,Electric,Automatic,890000.0,20.6,2500,5,12800.0,8.9,12.8,7,2.0L-3.0L,Good
8600,Tata Motors,Punch,2020,Electric,Manual,3120000.0,11.2,800,4,19300.0,31.2,19.3,4,Below 1.0L,Low
8601,Mahindra,Bolero,2024,CNG,Manual,2690000.0,19.7,800,4,20100.0,26.9,20.1,0,Below 1.0L,Average
8602,Renault,Kiger,2024,Diesel,Automatic,1690000.0,13.7,1200,4,10000.0,16.9,10.0,0,1.0L-1.5L,Low
8603,Kia,Carnival,2021,Petrol,Automatic,830000.0,25.8,800,7,23700.0,8.3,23.7,3,Below 1.0L,Excellent
8604,Honda,WR-V,2024,Electric,Automatic,1310000.0,21.2,2500,4,7500.0,13.1,7.5,0,2.0L-3.0L,Good
8605,Tata Motors,Harrier,2020,CNG,Manual,2980000.0,27.9,1200,4,19200.0,29.8,19.2,4,1.0L-1.5L,Excellent
8606,Hyundai,Venue,2021,Electric,Manual,2190000.0,25.5,2500,4,6900.0,21.9,6.9,3,2.0L-3.0L,Excellent
8607,Kia,Carens,2016,Petrol,Manual,980000.0,27.7,1500,6,12100.0,9.8,12.1,8,1.0L-1.5L,Excellent
8608,Hyundai,Creta,2024,CNG,Automatic,1000000.0,14.3,2500,6,15400.0,10.0,15.4,0,2.0L-3.0L,Low
8609,Toyota,Urban Cruiser,2021,Diesel,Manual,2180000.0,29.5,1500,7,9800.0,21.8,9.8,3,1.0L-1.5L,Excellent
8610,Kia,Sonet,2024,Electric,Automatic,2370000.0,24.7,1500,6,11000.0,23.7,11.0,0,1.0L-1.5L,Good
8611,Maruti Suzuki,Swift,2018,Electric,Manual,1280000.0,23.0,1000,7,16400.0,12.8,16.4,6,Below 1.0L,Good
8612,Maruti Suzuki,Dzire,2021,Petrol,Manual,1180000.0,11.9,1800,7,12500.0,11.8,12.5,3,1.5L-2.0L,Low
8613,Maruti Suzuki,Baleno,2015,Electric,Automatic,1100000.0,28.6,800,7,18300.0,11.0,18.3,9,Below 1.0L,Excellent
8614,Mahindra,XUV700,2019,CNG,Automatic,1570000.0,21.5,1000,5,16600.0,15.7,16.6,5,Below 1.0L,Good
8615,Honda,WR-V,2018,Petrol,Automatic,2370000.0,13.1,1800,7,8100.0,23.7,8.1,6,1.5L-2.0L,Low
8616,Hyundai,Verna,2018,Electric,Manual,860000.0,18.7,1500,4,10600.0,8.6,10.6,6,1.0L-1.5L,Average
8617,Renault,Kiger,2024,Diesel,Automatic,3160000.0,20.8,1200,4,17800.0,31.6,17.8,0,1.0L-1.5L,Good
8618,Volkswagen,Taigun,2017,Electric,Manual,2870000.0,28.7,1500,6,22200.0,28.7,22.2,7,1.0L-1.5L,Excellent
8619,Toyota,Urban Cruiser,2016,Electric,Automatic,1490000.0,12.2,800,4,14700.0,14.9,14.7,8,Below 1.0L,Low
8620,Tata Motors,Harrier,2019,Petrol,Manual,3350000.0,17.9,1000,7,22500.0,33.5,22.5,5,Below 1.0L,Average
8621,Kia,Seltos,2023,CNG,Automatic,510000.0,11.4,1500,5,18400.0,5.1,18.4,1,1.0L-1.5L,Low
8622,Kia,Carens,2021,Diesel,Manual,2420000.0,10.4,1000,4,17500.0,24.2,17.5,3,Below 1.0L,Low
8623,Honda,Jazz,2015,CNG,Automatic,650000.0,19.4,1500,6,24800.0,6.5,24.8,9,1.0L-1.5L,Average
8624,Honda,Civic,2015,Electric,Manual,2440000.0,18.3,1000,4,24600.0,24.4,24.6,9,Below 1.0L,Average
8625,Skoda,Slavia,2015,Electric,Automatic,3480000.0,15.0,1200,5,21700.0,34.8,21.7,9,1.0L-1.5L,Low
8626,Maruti Suzuki,Dzire,2021,Diesel,Manual,1450000.0,21.3,1000,7,19000.0,14.5,19.0,3,Below 1.0L,Good
8627,Skoda,Superb,2016,Electric,Manual,2650000.0,19.1,1800,4,15800.0,26.5,15.8,8,1.5L-2.0L,Average
8628,Volkswagen,Polo,2020,CNG,Automatic,1030000.0,20.8,800,4,22000.0,10.3,22.0,4,Below 1.0L,Good
8629,Toyota,Innova,2018,Petrol,Manual,870000.0,18.4,2500,5,6800.0,8.7,6.8,6,2.0L-3.0L,Average
8630,Skoda,Superb,2016,CNG,Automatic,2470000.0,17.5,2500,4,14000.0,24.7,14.0,8,2.0L-3.0L,Average
8631,Skoda,Rapid,2019,Electric,Manual,910000.0,16.0,2500,6,16700.0,9.1,16.7,5,2.0L-3.0L,Average
8632,Hyundai,Verna,2016,Electric,Manual,2530000.0,14.1,1500,7,16100.0,25.3,16.1,8,1.0L-1.5L,Low
8633,Maruti Suzuki,Ertiga,2022,Diesel,Automatic,1160000.0,29.9,1200,6,14100.0,11.6,14.1,2,1.0L-1.5L,Excellent
8634,Maruti Suzuki,WagonR,2020,Petrol,Automatic,3250000.0,23.8,2000,5,9500.0,32.5,9.5,4,1.5L-2.0L,Good
8635,Hyundai,i20,2022,Diesel,Automatic,3170000.0,17.7,1000,7,13500.0,31.7,13.5,2,Below 1.0L,Average
8636,Toyota,Glanza,2018,Diesel,Automatic,1090000.0,24.7,1000,5,7000.0,10.9,7.0,6,Below 1.0L,Good
8637,Kia,Sonet,2024,CNG,Automatic,1510000.0,29.7,2500,5,8700.0,15.1,8.7,0,2.0L-3.0L,Excellent
8638,Volkswagen,Polo,2019,Electric,Manual,1020000.0,17.3,2000,6,16400.0,10.2,16.4,5,1.5L-2.0L,Average
8639,Skoda,Octavia,2016,Petrol,Automatic,1950000.0,11.7,1000,6,13200.0,19.5,13.2,8,Below 1.0L,Low
8640,Mahindra,XUV300,2021,Diesel,Manual,2470000.0,19.0,1500,7,5400.0,24.7,5.4,3,1.0L-1.5L,Average
8641,Renault,Triber,2019,CNG,Manual,2460000.0,29.0,1500,6,7900.0,24.6,7.9,5,1.0L-1.5L,Excellent
8642,Tata Motors,Altroz,2016,Electric,Manual,1890000.0,29.0,1000,6,12400.0,18.9,12.4,8,Below 1.0L,Excellent
8643,Mahindra,XUV700,2016,Electric,Manual,2060000.0,21.4,1000,4,14400.0,20.6,14.4,8,Below 1.0L,Good
8644,Kia,EV6,2016,Electric,Manual,430000.0,23.3,2000,6,20200.0,4.3,20.2,8,1.5L-2.0L,Good
8645,Mahindra,Thar,2021,Petrol,Automatic,1330000.0,22.1,800,5,12200.0,13.3,12.2,3,Below 1.0L,Good
8646,Tata Motors,Punch,2017,Petrol,Manual,600000.0,28.1,1200,7,23800.0,6.0,23.8,7,1.0L-1.5L,Excellent
8647,Volkswagen,Polo,2017,CNG,Automatic,2560000.0,26.8,1200,7,6200.0,25.6,6.2,7,1.0L-1.5L,Excellent
8648,Tata Motors,Punch,2017,Diesel,Manual,2950000.0,14.0,2000,4,9300.0,29.5,9.3,7,1.5L-2.0L,Low
8649,Skoda,Octavia,2021,CNG,Manual,3300000.0,29.5,1000,5,19300.0,33.0,19.3,3,Below 1.0L,Excellent
8650,Toyota,Fortuner,2021,Diesel,Automatic,410000.0,29.3,1000,6,21400.0,4.1,21.4,3,Below 1.0L,Excellent
8651,Renault,Duster,2019,CNG,Manual,500000.0,29.6,1500,4,12000.0,5.0,12.0,5,1.0L-1.5L,Excellent
8652,Volkswagen,Vento,2023,Electric,Manual,3390000.0,19.3,1000,4,21100.0,33.9,21.1,1,Below 1.0L,Average
8653,Renault,Duster,2021,Electric,Automatic,1940000.0,22.7,2000,6,9500.0,19.4,9.5,3,1.5L-2.0L,Good
8654,Mahindra,XUV300,2016,Electric,Manual,3290000.0,16.4,1500,5,22500.0,32.9,22.5,8,1.0L-1.5L,Average
8655,Mahindra,Thar,2023,CNG,Manual,770000.0,24.6,2500,6,15400.0,7.7,15.4,1,2.0L-3.0L,Good
8656,Hyundai,i20,2021,CNG,Manual,3440000.0,12.2,1800,6,16900.0,34.4,16.9,3,1.5L-2.0L,Low
8657,Renault,Duster,2018,CNG,Automatic,890000.0,29.2,1800,6,14600.0,8.9,14.6,6,1.5L-2.0L,Excellent
8658,Hyundai,i20,2021,Petrol,Manual,1730000.0,30.0,2000,4,17400.0,17.3,17.4,3,1.5L-2.0L,Excellent
8659,Maruti Suzuki,Baleno,2020,Petrol,Manual,980000.0,19.9,1000,7,9600.0,9.8,9.6,4,Below 1.0L,Average
8660,Kia,Sonet,2018,Petrol,Manual,2330000.0,11.3,2500,4,6200.0,23.3,6.2,6,2.0L-3.0L,Low
8661,Hyundai,Venue,2016,Electric,Manual,1570000.0,23.0,2000,5,9900.0,15.7,9.9,8,1.5L-2.0L,Good
8662,Toyota,Fortuner,2018,Petrol,Manual,3460000.0,26.3,1200,5,7600.0,34.6,7.6,6,1.0L-1.5L,Excellent
8663,Volkswagen,Vento,2018,Petrol,Manual,2450000.0,27.5,1000,5,5200.0,24.5,5.2,6,Below 1.0L,Excellent
8664,Mahindra,XUV300,2020,CNG,Manual,2940000.0,26.1,1200,5,20200.0,29.4,20.2,4,1.0L-1.5L,Excellent
8665,Maruti Suzuki,Dzire,2022,Diesel,Manual,3120000.0,29.1,1500,4,5800.0,31.2,5.8,2,1.0L-1.5L,Excellent
8666,Renault,Lodgy,2018,Petrol,Manual,3250000.0,17.6,1000,6,10300.0,32.5,10.3,6,Below 1.0L,Average
8667,Renault,Lodgy,2016,Diesel,Manual,3170000.0,20.3,1000,4,13800.0,31.7,13.8,8,Below 1.0L,Good
8668,Hyundai,Creta,2024,CNG,Automatic,1910000.0,21.1,1500,5,12800.0,19.1,12.8,0,1.0L-1.5L,Good
8669,Skoda,Kushaq,2021,CNG,Manual,3130000.0,13.6,2500,4,16200.0,31.3,16.2,3,2.0L-3.0L,Low
8670,Mahindra,Scorpio,2017,Electric,Automatic,1390000.0,20.5,1800,7,8100.0,13.9,8.1,7,1.5L-2.0L,Good
8671,Honda,Civic,2020,Petrol,Manual,2250000.0,20.5,2000,5,16900.0,22.5,16.9,4,1.5L-2.0L,Good
8672,Maruti Suzuki,Dzire,2019,Electric,Automatic,480000.0,10.3,800,7,12900.0,4.8,12.9,5,Below 1.0L,Low
8673,Tata Motors,Altroz,2022,CNG,Automatic,500000.0,12.2,1500,4,14500.0,5.0,14.5,2,1.0L-1.5L,Low
8674,Kia,Sonet,2015,CNG,Manual,1550000.0,27.0,1200,7,18500.0,15.5,18.5,9,1.0L-1.5L,Excellent
8675,Maruti Suzuki,Swift,2023,Diesel,Automatic,3280000.0,13.6,1500,6,20600.0,32.8,20.6,1,1.0L-1.5L,Low
8676,Volkswagen,Vento,2020,CNG,Manual,2800000.0,27.9,800,6,20100.0,28.0,20.1,4,Below 1.0L,Excellent
8677,Honda,Amaze,2019,Diesel,Automatic,3170000.0,24.9,800,6,13200.0,31.7,13.2,5,Below 1.0L,Good
8678,Honda,Amaze,2024,CNG,Manual,1250000.0,11.7,2500,7,21500.0,12.5,21.5,0,2.0L-3.0L,Low
8679,Hyundai,Venue,2023,CNG,Automatic,490000.0,11.8,1000,5,21300.0,4.9,21.3,1,Below 1.0L,Low
8680,Renault,Triber,2022,Diesel,Automatic,620000.0,10.2,2000,4,7000.0,6.2,7.0,2,1.5L-2.0L,Low
8681,Kia,Sonet,2017,Diesel,Automatic,1680000.0,29.9,800,4,22300.0,16.8,22.3,7,Below 1.0L,Excellent
8682,Kia,Sonet,2023,Electric,Automatic,1820000.0,19.7,2000,6,19300.0,18.2,19.3,1,1.5L-2.0L,Average
8683,Volkswagen,Taigun,2020,Diesel,Manual,3420000.0,26.8,1500,6,16300.0,34.2,16.3,4,1.0L-1.5L,Excellent
8684,Toyota,Fortuner,2019,CNG,Automatic,3400000.0,25.2,800,6,11800.0,34.0,11.8,5,Below 1.0L,Excellent
8685,Volkswagen,Virtus,2019,Diesel,Automatic,3080000.0,14.0,1200,4,15000.0,30.8,15.0,5,1.0L-1.5L,Low
8686,Volkswagen,Tiguan,2020,Diesel,Manual,1630000.0,24.1,2000,6,13100.0,16.3,13.1,4,1.5L-2.0L,Good
8687,Renault,Triber,2016,Petrol,Automatic,1530000.0,29.0,2000,4,10700.0,15.3,10.7,8,1.5L-2.0L,Excellent
8688,Kia,Carnival,2017,CNG,Automatic,2540000.0,18.4,2000,6,9400.0,25.4,9.4,7,1.5L-2.0L,Average
8689,Renault,Lodgy,2018,Diesel,Manual,660000.0,18.2,1000,7,14500.0,6.6,14.5,6,Below 1.0L,Average
8690,Kia,Carens,2024,Petrol,Manual,3030000.0,28.7,800,4,22700.0,30.3,22.7,0,Below 1.0L,Excellent
8691,Volkswagen,Taigun,2016,Diesel,Manual,1250000.0,11.2,800,6,20500.0,12.5,20.5,8,Below 1.0L,Low
8692,Volkswagen,Virtus,2022,Diesel,Manual,2470000.0,27.1,1200,5,18500.0,24.7,18.5,2,1.0L-1.5L,Excellent
8693,Toyota,Glanza,2017,Electric,Automatic,2930000.0,27.2,2000,5,13200.0,29.3,13.2,7,1.5L-2.0L,Excellent
8694,Mahindra,XUV300,2017,Petrol,Manual,780000.0,18.0,1000,7,11600.0,7.8,11.6,7,Below 1.0L,Average
8695,Maruti Suzuki,Swift,2021,Diesel,Automatic,580000.0,29.5,1500,4,24000.0,5.8,24.0,3,1.0L-1.5L,Excellent
8696,Kia,Sonet,2024,CNG,Automatic,2580000.0,10.9,800,5,11300.0,25.8,11.3,0,Below 1.0L,Low
8697,Toyota,Fortuner,2019,CNG,Automatic,690000.0,22.7,1800,6,14200.0,6.9,14.2,5,1.5L-2.0L,Good
8698,Renault,Kiger,2016,Diesel,Manual,2910000.0,21.7,1500,7,24900.0,29.1,24.9,8,1.0L-1.5L,Good
8699,Mahindra,Bolero,2020,Petrol,Manual,2470000.0,19.9,1500,5,14800.0,24.7,14.8,4,1.0L-1.5L,Average
8700,Kia,Carnival,2021,Diesel,Manual,3120000.0,26.0,2000,4,21100.0,31.2,21.1,3,1.5L-2.0L,Excellent
8701,Volkswagen,Taigun,2021,Petrol,Automatic,450000.0,23.4,1800,7,9300.0,4.5,9.3,3,1.5L-2.0L,Good
8702,Tata Motors,Altroz,2020,CNG,Manual,790000.0,14.0,2500,6,9600.0,7.9,9.6,4,2.0L-3.0L,Low
8703,Skoda,Slavia,2020,CNG,Automatic,2990000.0,14.6,1800,6,14400.0,29.9,14.4,4,1.5L-2.0L,Low
8704,Toyota,Fortuner,2024,Diesel,Manual,1320000.0,27.2,1500,5,20600.0,13.2,20.6,0,1.0L-1.5L,Excellent
8705,Mahindra,XUV300,2018,Petrol,Automatic,1390000.0,27.4,1500,5,18400.0,13.9,18.4,6,1.0L-1.5L,Excellent
8706,Hyundai,Verna,2021,Electric,Manual,3200000.0,13.5,1500,7,16000.0,32.0,16.0,3,1.0L-1.5L,Low
8707,Tata Motors,Harrier,2020,CNG,Manual,2660000.0,28.5,800,5,6700.0,26.6,6.7,4,Below 1.0L,Excellent
8708,Volkswagen,Taigun,2021,Petrol,Manual,2100000.0,14.3,2500,6,21900.0,21.0,21.9,3,2.0L-3.0L,Low
8709,Mahindra,XUV700,2019,CNG,Automatic,2480000.0,26.4,1200,6,7100.0,24.8,7.1,5,1.0L-1.5L,Excellent
8710,Maruti Suzuki,Dzire,2020,Petrol,Automatic,1730000.0,27.2,800,6,15000.0,17.3,15.0,4,Below 1.0L,Excellent
8711,Toyota,Urban Cruiser,2018,Electric,Automatic,3430000.0,18.4,1000,4,8000.0,34.3,8.0,6,Below 1.0L,Average
8712,Honda,Amaze,2019,Petrol,Manual,3440000.0,20.2,2000,5,19600.0,34.4,19.6,5,1.5L-2.0L,Good
8713,Maruti Suzuki,Dzire,2020,Electric,Automatic,2870000.0,24.4,1800,6,12000.0,28.7,12.0,4,1.5L-2.0L,Good
8714,Hyundai,Creta,2015,Petrol,Manual,1730000.0,13.2,2000,4,19000.0,17.3,19.0,9,1.5L-2.0L,Low
8715,Toyota,Camry,2022,Diesel,Manual,2330000.0,29.0,2500,6,8200.0,23.3,8.2,2,2.0L-3.0L,Excellent
8716,Mahindra,XUV700,2024,Petrol,Manual,2500000.0,21.3,2500,7,5700.0,25.0,5.7,0,2.0L-3.0L,Good
8717,Kia,Sonet,2024,Electric,Manual,2640000.0,15.6,800,6,13100.0,26.4,13.1,0,Below 1.0L,Average
8718,Kia,Sonet,2022,Diesel,Manual,3010000.0,17.2,2000,6,17600.0,30.1,17.6,2,1.5L-2.0L,Average
8719,Skoda,Superb,2021,CNG,Automatic,3260000.0,22.7,1200,4,8700.0,32.6,8.7,3,1.0L-1.5L,Good
8720,Volkswagen,Tiguan,2020,Diesel,Automatic,1700000.0,29.5,1800,4,21300.0,17.0,21.3,4,1.5L-2.0L,Excellent
8721,Renault,Kiger,2022,Diesel,Manual,3410000.0,19.4,1000,6,18400.0,34.1,18.4,2,Below 1.0L,Average
8722,Kia,Seltos,2018,Electric,Manual,2500000.0,26.5,1500,6,20200.0,25.0,20.2,6,1.0L-1.5L,Excellent
8723,Tata Motors,Tiago,2018,Electric,Manual,2370000.0,19.0,800,6,9600.0,23.7,9.6,6,Below 1.0L,Average
8724,Hyundai,Venue,2018,CNG,Automatic,1040000.0,14.0,2000,7,24100.0,10.4,24.1,6,1.5L-2.0L,Low
8725,Skoda,Slavia,2024,Diesel,Automatic,1580000.0,14.3,2000,6,17700.0,15.8,17.7,0,1.5L-2.0L,Low
8726,Maruti Suzuki,Baleno,2020,Diesel,Automatic,1460000.0,23.1,2000,5,10400.0,14.6,10.4,4,1.5L-2.0L,Good
8727,Hyundai,i20,2018,Electric,Manual,610000.0,14.9,1200,4,22000.0,6.1,22.0,6,1.0L-1.5L,Low
8728,Renault,Lodgy,2024,CNG,Manual,970000.0,10.0,1000,7,11800.0,9.7,11.8,0,Below 1.0L,Low
8729,Toyota,Fortuner,2021,Diesel,Automatic,3250000.0,11.5,2500,4,8000.0,32.5,8.0,3,2.0L-3.0L,Low
8730,Maruti Suzuki,Swift,2023,Petrol,Automatic,2700000.0,27.9,2500,7,18200.0,27.0,18.2,1,2.0L-3.0L,Excellent
8731,Volkswagen,Taigun,2022,Diesel,Automatic,2600000.0,11.2,1200,7,16800.0,26.0,16.8,2,1.0L-1.5L,Low
8732,Renault,Duster,2017,CNG,Manual,1510000.0,29.7,800,5,10300.0,15.1,10.3,7,Below 1.0L,Excellent
8733,Skoda,Rapid,2017,Diesel,Manual,2250000.0,21.1,800,4,17000.0,22.5,17.0,7,Below 1.0L,Good
8734,Renault,Duster,2024,Electric,Automatic,2150000.0,16.9,1800,4,23400.0,21.5,23.4,0,1.5L-2.0L,Average
8735,Renault,Triber,2019,Diesel,Manual,1750000.0,13.7,800,7,5400.0,17.5,5.4,5,Below 1.0L,Low
8736,Maruti Suzuki,Swift,2015,Diesel,Automatic,3350000.0,18.5,2000,5,18000.0,33.5,18.0,9,1.5L-2.0L,Average
8737,Volkswagen,Tiguan,2022,Electric,Automatic,2430000.0,11.8,1500,7,22100.0,24.3,22.1,2,1.0L-1.5L,Low
8738,Hyundai,Verna,2024,Electric,Automatic,2350000.0,24.4,2000,4,11400.0,23.5,11.4,0,1.5L-2.0L,Good
8739,Maruti Suzuki,Swift,2015,CNG,Manual,2960000.0,18.4,800,7,13800.0,29.6,13.8,9,Below 1.0L,Average
8740,Maruti Suzuki,Dzire,2021,Electric,Manual,970000.0,26.8,2000,4,9700.0,9.7,9.7,3,1.5L-2.0L,Excellent
8741,Renault,Triber,2018,Electric,Automatic,2440000.0,20.7,800,7,17700.0,24.4,17.7,6,Below 1.0L,Good
8742,Kia,EV6,2022,CNG,Automatic,2290000.0,29.6,1200,6,22300.0,22.9,22.3,2,1.0L-1.5L,Excellent
8743,Mahindra,Scorpio,2023,CNG,Automatic,2610000.0,21.4,1500,6,9200.0,26.1,9.2,1,1.0L-1.5L,Good
8744,Mahindra,XUV700,2020,CNG,Manual,3420000.0,24.2,1200,4,10500.0,34.2,10.5,4,1.0L-1.5L,Good
8745,Volkswagen,Tiguan,2016,Diesel,Manual,610000.0,14.4,2000,5,6600.0,6.1,6.6,8,1.5L-2.0L,Low
8746,Volkswagen,Vento,2023,CNG,Automatic,1300000.0,11.6,1200,7,12700.0,13.0,12.7,1,1.0L-1.5L,Low
8747,Kia,Carnival,2016,Petrol,Manual,580000.0,21.9,800,4,12300.0,5.8,12.3,8,Below 1.0L,Good
8748,Kia,EV6,2015,CNG,Manual,2860000.0,12.3,800,7,12200.0,28.6,12.2,9,Below 1.0L,Low
8749,Volkswagen,Vento,2015,CNG,Automatic,2290000.0,25.6,1200,5,21000.0,22.9,21.0,9,1.0L-1.5L,Excellent
8750,Skoda,Kushaq,2019,CNG,Automatic,1800000.0,29.5,800,7,23500.0,18.0,23.5,5,Below 1.0L,Excellent
8751,Kia,EV6,2023,Diesel,Manual,530000.0,15.5,1000,5,18200.0,5.3,18.2,1,Below 1.0L,Average
8752,Volkswagen,Vento,2016,CNG,Automatic,2770000.0,12.0,1200,4,17500.0,27.7,17.5,8,1.0L-1.5L,Low
8753,Mahindra,XUV700,2020,Electric,Manual,550000.0,18.9,800,7,5400.0,5.5,5.4,4,Below 1.0L,Average
8754,Toyota,Fortuner,2023,CNG,Automatic,3340000.0,17.6,800,4,20900.0,33.4,20.9,1,Below 1.0L,Average
8755,Skoda,Superb,2016,CNG,Automatic,3480000.0,14.8,1000,6,8500.0,34.8,8.5,8,Below 1.0L,Low
8756,Maruti Suzuki,Ertiga,2022,CNG,Automatic,2250000.0,29.5,1500,4,12600.0,22.5,12.6,2,1.0L-1.5L,Excellent
8757,Volkswagen,Polo,2017,CNG,Manual,1600000.0,24.6,800,5,13700.0,16.0,13.7,7,Below 1.0L,Good
8758,Mahindra,Scorpio,2023,CNG,Manual,2210000.0,17.7,1000,6,17900.0,22.1,17.9,1,Below 1.0L,Average
8759,Kia,Sonet,2022,Electric,Automatic,3230000.0,17.0,1200,7,11000.0,32.3,11.0,2,1.0L-1.5L,Average
8760,Honda,WR-V,2024,Diesel,Manual,2620000.0,17.6,2000,4,14400.0,26.2,14.4,0,1.5L-2.0L,Average
8761,Maruti Suzuki,Swift,2020,Petrol,Manual,1480000.0,17.6,1200,5,16700.0,14.8,16.7,4,1.0L-1.5L,Average
8762,Maruti Suzuki,Swift,2024,Petrol,Automatic,3450000.0,27.0,1800,5,19000.0,34.5,19.0,0,1.5L-2.0L,Excellent
8763,Hyundai,i10,2017,Diesel,Automatic,3350000.0,22.4,1800,6,8500.0,33.5,8.5,7,1.5L-2.0L,Good
8764,Mahindra,XUV300,2022,Petrol,Manual,2490000.0,29.9,2000,7,5000.0,24.9,5.0,2,1.5L-2.0L,Excellent
8765,Tata Motors,Nexon,2019,Petrol,Manual,2890000.0,15.8,800,5,5400.0,28.9,5.4,5,Below 1.0L,Average
8766,Skoda,Octavia,2015,Petrol,Manual,2200000.0,27.7,1800,4,15400.0,22.0,15.4,9,1.5L-2.0L,Excellent
8767,Mahindra,Scorpio,2017,Diesel,Manual,2200000.0,16.0,800,6,6000.0,22.0,6.0,7,Below 1.0L,Average
8768,Tata Motors,Tiago,2016,CNG,Manual,1350000.0,26.4,2000,5,20300.0,13.5,20.3,8,1.5L-2.0L,Excellent
8769,Mahindra,Scorpio,2018,Electric,Manual,2220000.0,15.7,1200,7,13400.0,22.2,13.4,6,1.0L-1.5L,Average
8770,Volkswagen,Vento,2024,Petrol,Manual,2220000.0,15.4,1200,7,20300.0,22.2,20.3,0,1.0L-1.5L,Average
8771,Kia,Sonet,2017,CNG,Manual,3400000.0,19.0,800,5,20300.0,34.0,20.3,7,Below 1.0L,Average
8772,Renault,Triber,2020,Petrol,Manual,3220000.0,22.4,1000,7,17400.0,32.2,17.4,4,Below 1.0L,Good
8773,Hyundai,i10,2020,CNG,Manual,610000.0,17.3,2000,6,17300.0,6.1,17.3,4,1.5L-2.0L,Average
8774,Volkswagen,Tiguan,2021,Petrol,Automatic,770000.0,17.5,2000,7,6200.0,7.7,6.2,3,1.5L-2.0L,Average
8775,Honda,City,2018,CNG,Manual,2200000.0,17.6,1200,6,7400.0,22.0,7.4,6,1.0L-1.5L,Average
8776,Mahindra,Thar,2019,Petrol,Manual,3150000.0,14.8,1800,7,14000.0,31.5,14.0,5,1.5L-2.0L,Low
8777,Kia,Carens,2016,Diesel,Automatic,2570000.0,13.6,1800,5,22700.0,25.7,22.7,8,1.5L-2.0L,Low
8778,Mahindra,Bolero,2021,CNG,Automatic,2360000.0,28.8,2000,5,23700.0,23.6,23.7,3,1.5L-2.0L,Excellent
8779,Volkswagen,Virtus,2021,CNG,Automatic,3500000.0,10.9,1000,4,17700.0,35.0,17.7,3,Below 1.0L,Low
8780,Toyota,Urban Cruiser,2023,Electric,Manual,940000.0,19.8,1000,4,6300.0,9.4,6.3,1,Below 1.0L,Average
8781,Renault,Kiger,2019,Electric,Automatic,1060000.0,12.0,1800,5,11700.0,10.6,11.7,5,1.5L-2.0L,Low
8782,Honda,City,2022,Petrol,Manual,870000.0,12.6,2500,7,17500.0,8.7,17.5,2,2.0L-3.0L,Low
8783,Renault,Triber,2020,CNG,Manual,3110000.0,14.1,1200,5,21100.0,31.1,21.1,4,1.0L-1.5L,Low
8784,Mahindra,XUV300,2016,Petrol,Manual,2150000.0,17.8,1800,5,12200.0,21.5,12.2,8,1.5L-2.0L,Average
8785,Mahindra,Scorpio,2023,Petrol,Automatic,1770000.0,15.4,1200,6,5200.0,17.7,5.2,1,1.0L-1.5L,Average
8786,Mahindra,Bolero,2023,Diesel,Manual,2820000.0,12.3,800,4,8900.0,28.2,8.9,1,Below 1.0L,Low
8787,Maruti Suzuki,Dzire,2015,Electric,Automatic,2720000.0,27.4,1800,7,15200.0,27.2,15.2,9,1.5L-2.0L,Excellent
8788,Skoda,Rapid,2015,Electric,Manual,1190000.0,10.1,1500,7,22200.0,11.9,22.2,9,1.0L-1.5L,Low
8789,Maruti Suzuki,Ertiga,2022,Electric,Automatic,480000.0,24.4,1800,5,17200.0,4.8,17.2,2,1.5L-2.0L,Good
8790,Maruti Suzuki,WagonR,2018,Petrol,Manual,1000000.0,27.4,800,6,16300.0,10.0,16.3,6,Below 1.0L,Excellent
8791,Volkswagen,Virtus,2018,CNG,Automatic,1270000.0,14.1,1500,6,23900.0,12.7,23.9,6,1.0L-1.5L,Low
8792,Volkswagen,Tiguan,2021,CNG,Automatic,500000.0,29.7,1200,6,6900.0,5.0,6.9,3,1.0L-1.5L,Excellent
8793,Toyota,Urban Cruiser,2018,Electric,Manual,2090000.0,24.5,800,6,6800.0,20.9,6.8,6,Below 1.0L,Good
8794,Honda,City,2024,Diesel,Automatic,420000.0,10.2,800,7,7700.0,4.2,7.7,0,Below 1.0L,Low
8795,Volkswagen,Virtus,2024,CNG,Automatic,3030000.0,21.1,2500,6,14900.0,30.3,14.9,0,2.0L-3.0L,Good
8796,Honda,WR-V,2022,Electric,Manual,2360000.0,25.0,2500,4,16000.0,23.6,16.0,2,2.0L-3.0L,Good
8797,Skoda,Kushaq,2024,Electric,Manual,1340000.0,13.7,1800,5,13000.0,13.4,13.0,0,1.5L-2.0L,Low
8798,Maruti Suzuki,Swift,2019,Diesel,Automatic,1210000.0,13.2,1000,5,21900.0,12.1,21.9,5,Below 1.0L,Low
8799,Hyundai,Verna,2019,CNG,Automatic,1950000.0,24.1,2500,7,16100.0,19.5,16.1,5,2.0L-3.0L,Good
8800,Renault,Kwid,2023,Diesel,Automatic,1110000.0,19.3,2500,4,5800.0,11.1,5.8,1,2.0L-3.0L,Average
8801,Mahindra,XUV700,2018,CNG,Manual,1560000.0,13.0,1200,6,9000.0,15.6,9.0,6,1.0L-1.5L,Low
8802,Tata Motors,Tiago,2015,Diesel,Manual,610000.0,25.9,2500,7,6500.0,6.1,6.5,9,2.0L-3.0L,Excellent
8803,Mahindra,Scorpio,2020,Electric,Automatic,430000.0,20.6,1200,6,5300.0,4.3,5.3,4,1.0L-1.5L,Good
8804,Renault,Duster,2016,CNG,Automatic,3040000.0,13.6,1800,7,6300.0,30.4,6.3,8,1.5L-2.0L,Low
8805,Kia,Carens,2018,Petrol,Automatic,980000.0,29.4,2500,5,20800.0,9.8,20.8,6,2.0L-3.0L,Excellent
8806,Tata Motors,Harrier,2016,CNG,Manual,600000.0,25.3,2000,5,9800.0,6.0,9.8,8,1.5L-2.0L,Excellent
8807,Hyundai,i10,2016,Petrol,Manual,1280000.0,29.5,1500,6,22700.0,12.8,22.7,8,1.0L-1.5L,Excellent
8808,Toyota,Urban Cruiser,2022,CNG,Manual,1170000.0,27.7,1000,4,19200.0,11.7,19.2,2,Below 1.0L,Excellent
8809,Toyota,Fortuner,2021,CNG,Manual,1650000.0,12.8,1200,7,6100.0,16.5,6.1,3,1.0L-1.5L,Low
8810,Skoda,Kushaq,2024,CNG,Manual,2850000.0,10.7,2000,6,20200.0,28.5,20.2,0,1.5L-2.0L,Low
8811,Volkswagen,Tiguan,2019,Diesel,Automatic,3130000.0,18.9,2000,5,20800.0,31.3,20.8,5,1.5L-2.0L,Average
8812,Hyundai,Verna,2020,CNG,Manual,2250000.0,14.9,2500,5,20300.0,22.5,20.3,4,2.0L-3.0L,Low
8813,Maruti Suzuki,Dzire,2018,Diesel,Manual,2240000.0,20.7,1500,7,15800.0,22.4,15.8,6,1.0L-1.5L,Good
8814,Skoda,Octavia,2017,CNG,Automatic,3440000.0,26.1,1500,6,19100.0,34.4,19.1,7,1.0L-1.5L,Excellent
8815,Honda,Amaze,2015,Diesel,Automatic,1860000.0,27.1,1000,6,13400.0,18.6,13.4,9,Below 1.0L,Excellent
8816,Maruti Suzuki,WagonR,2017,Diesel,Automatic,1680000.0,23.6,1500,4,24400.0,16.8,24.4,7,1.0L-1.5L,Good
8817,Tata Motors,Tiago,2022,Electric,Automatic,740000.0,17.5,1000,6,23200.0,7.4,23.2,2,Below 1.0L,Average
8818,Skoda,Octavia,2017,Petrol,Automatic,980000.0,29.1,1500,5,10300.0,9.8,10.3,7,1.0L-1.5L,Excellent
8819,Renault,Kiger,2024,Diesel,Manual,2080000.0,29.9,1200,6,14600.0,20.8,14.6,0,1.0L-1.5L,Excellent
8820,Hyundai,i10,2015,Diesel,Manual,3200000.0,27.9,1800,7,14900.0,32.0,14.9,9,1.5L-2.0L,Excellent
8821,Toyota,Fortuner,2015,CNG,Manual,3190000.0,13.1,2000,4,16500.0,31.9,16.5,9,1.5L-2.0L,Low
8822,Skoda,Octavia,2020,Electric,Manual,3180000.0,13.1,1200,4,19900.0,31.8,19.9,4,1.0L-1.5L,Low
8823,Maruti Suzuki,Baleno,2015,Electric,Automatic,2450000.0,12.2,1500,4,9900.0,24.5,9.9,9,1.0L-1.5L,Low
8824,Toyota,Camry,2020,Electric,Manual,630000.0,11.5,2500,6,13100.0,6.3,13.1,4,2.0L-3.0L,Low
8825,Volkswagen,Taigun,2021,CNG,Manual,2330000.0,29.4,1800,6,24400.0,23.3,24.4,3,1.5L-2.0L,Excellent
8826,Renault,Triber,2022,CNG,Automatic,3060000.0,25.5,1800,5,10500.0,30.6,10.5,2,1.5L-2.0L,Excellent
8827,Mahindra,XUV700,2023,Diesel,Automatic,3010000.0,14.5,800,4,8700.0,30.1,8.7,1,Below 1.0L,Low
8828,Toyota,Glanza,2022,CNG,Automatic,1850000.0,10.0,1500,6,21100.0,18.5,21.1,2,1.0L-1.5L,Low
8829,Toyota,Urban Cruiser,2015,Diesel,Automatic,960000.0,17.0,1000,7,5000.0,9.6,5.0,9,Below 1.0L,Average
8830,Tata Motors,Nexon,2021,Petrol,Automatic,680000.0,12.1,2000,7,9500.0,6.8,9.5,3,1.5L-2.0L,Low
8831,Volkswagen,Vento,2022,CNG,Automatic,3250000.0,16.1,800,7,19500.0,32.5,19.5,2,Below 1.0L,Average
8832,Skoda,Superb,2023,Petrol,Manual,580000.0,11.5,800,7,16400.0,5.8,16.4,1,Below 1.0L,Low
8833,Hyundai,Verna,2019,CNG,Manual,1040000.0,25.2,2500,7,14800.0,10.4,14.8,5,2.0L-3.0L,Excellent
8834,Renault,Duster,2021,Electric,Automatic,1440000.0,29.6,800,6,23800.0,14.4,23.8,3,Below 1.0L,Excellent
8835,Tata Motors,Tiago,2015,Electric,Automatic,710000.0,19.8,1800,4,17200.0,7.1,17.2,9,1.5L-2.0L,Average
8836,Tata Motors,Tiago,2024,Petrol,Manual,2270000.0,12.2,1800,4,20800.0,22.7,20.8,0,1.5L-2.0L,Low
8837,Kia,Seltos,2019,Electric,Manual,2550000.0,28.3,1500,6,7400.0,25.5,7.4,5,1.0L-1.5L,Excellent
8838,Mahindra,Thar,2017,CNG,Manual,2490000.0,15.9,2000,5,21600.0,24.9,21.6,7,1.5L-2.0L,Average
8839,Toyota,Fortuner,2023,Diesel,Manual,840000.0,18.8,2500,5,7800.0,8.4,7.8,1,2.0L-3.0L,Average
8840,Renault,Lodgy,2017,Petrol,Manual,2050000.0,29.7,1500,6,17900.0,20.5,17.9,7,1.0L-1.5L,Excellent
8841,Mahindra,Bolero,2019,Petrol,Automatic,2890000.0,14.8,2500,5,9500.0,28.9,9.5,5,2.0L-3.0L,Low
8842,Kia,Carnival,2020,Petrol,Manual,1690000.0,24.0,2500,4,5000.0,16.9,5.0,4,2.0L-3.0L,Good
8843,Mahindra,XUV300,2022,Petrol,Manual,2700000.0,24.6,1000,4,19800.0,27.0,19.8,2,Below 1.0L,Good
8844,Honda,Amaze,2024,Petrol,Manual,890000.0,27.2,2000,4,10000.0,8.9,10.0,0,1.5L-2.0L,Excellent
8845,Hyundai,i20,2023,Diesel,Automatic,2170000.0,13.2,1000,7,18400.0,21.7,18.4,1,Below 1.0L,Low
8846,Hyundai,i20,2019,Electric,Manual,1980000.0,24.5,1800,6,6600.0,19.8,6.6,5,1.5L-2.0L,Good
8847,Hyundai,i10,2024,Diesel,Manual,1560000.0,16.8,2500,7,8600.0,15.6,8.6,0,2.0L-3.0L,Average
8848,Maruti Suzuki,Dzire,2018,Petrol,Automatic,2640000.0,16.8,800,6,7100.0,26.4,7.1,6,Below 1.0L,Average
8849,Tata Motors,Harrier,2020,CNG,Manual,3380000.0,19.5,1500,5,5000.0,33.8,5.0,4,1.0L-1.5L,Average
8850,Kia,Seltos,2016,CNG,Automatic,2530000.0,22.8,2000,4,11200.0,25.3,11.2,8,1.5L-2.0L,Good
8851,Tata Motors,Altroz,2021,Petrol,Manual,2790000.0,21.2,1800,7,20500.0,27.9,20.5,3,1.5L-2.0L,Good
8852,Toyota,Camry,2017,Electric,Automatic,3240000.0,20.1,800,4,11200.0,32.4,11.2,7,Below 1.0L,Good
8853,Tata Motors,Tiago,2016,Diesel,Manual,1810000.0,26.5,800,4,17900.0,18.1,17.9,8,Below 1.0L,Excellent
8854,Kia,Carnival,2024,CNG,Manual,3190000.0,21.9,1000,5,15200.0,31.9,15.2,0,Below 1.0L,Good
8855,Honda,Amaze,2023,CNG,Automatic,2560000.0,28.0,800,5,10000.0,25.6,10.0,1,Below 1.0L,Excellent
8856,Honda,Jazz,2020,Diesel,Manual,2140000.0,21.4,2000,6,20600.0,21.4,20.6,4,1.5L-2.0L,Good
8857,Volkswagen,Virtus,2015,CNG,Manual,890000.0,12.5,1500,7,22900.0,8.9,22.9,9,1.0L-1.5L,Low
8858,Skoda,Kushaq,2020,Diesel,Automatic,2050000.0,13.1,1200,6,20700.0,20.5,20.7,4,1.0L-1.5L,Low
8859,Volkswagen,Tiguan,2024,Diesel,Manual,1260000.0,16.0,1500,7,23800.0,12.6,23.8,0,1.0L-1.5L,Average
8860,Skoda,Kushaq,2018,Electric,Automatic,3440000.0,18.9,1500,4,22300.0,34.4,22.3,6,1.0L-1.5L,Average
8861,Kia,Seltos,2018,CNG,Automatic,1170000.0,13.4,1800,7,16300.0,11.7,16.3,6,1.5L-2.0L,Low
8862,Tata Motors,Nexon,2022,Petrol,Manual,1740000.0,29.6,1800,4,18000.0,17.4,18.0,2,1.5L-2.0L,Excellent
8863,Skoda,Kushaq,2022,Electric,Automatic,1740000.0,21.0,2000,4,18000.0,17.4,18.0,2,1.5L-2.0L,Good
8864,Tata Motors,Altroz,2021,Electric,Manual,1980000.0,19.9,1200,4,23100.0,19.8,23.1,3,1.0L-1.5L,Average
8865,Mahindra,XUV300,2022,Electric,Manual,1810000.0,13.0,2000,6,21400.0,18.1,21.4,2,1.5L-2.0L,Low
8866,Honda,City,2020,Diesel,Manual,1270000.0,18.5,1000,5,23100.0,12.7,23.1,4,Below 1.0L,Average
8867,Mahindra,Bolero,2021,Petrol,Automatic,2160000.0,24.1,2000,4,10200.0,21.6,10.2,3,1.5L-2.0L,Good
8868,Mahindra,XUV300,2015,Petrol,Manual,1080000.0,26.9,2500,7,13600.0,10.8,13.6,9,2.0L-3.0L,Excellent
8869,Mahindra,XUV700,2023,Petrol,Automatic,1940000.0,15.7,800,4,22600.0,19.4,22.6,1,Below 1.0L,Average
8870,Skoda,Rapid,2020,Petrol,Manual,3300000.0,13.9,1000,5,21900.0,33.0,21.9,4,Below 1.0L,Low
8871,Volkswagen,Vento,2020,Electric,Manual,1470000.0,12.2,2000,5,6600.0,14.7,6.6,4,1.5L-2.0L,Low
8872,Mahindra,XUV300,2024,Electric,Automatic,2410000.0,23.6,1000,6,19000.0,24.1,19.0,0,Below 1.0L,Good
8873,Tata Motors,Altroz,2019,Electric,Manual,2640000.0,15.5,1000,4,20500.0,26.4,20.5,5,Below 1.0L,Average
8874,Renault,Kwid,2016,Diesel,Manual,2340000.0,24.2,1000,7,7700.0,23.4,7.7,8,Below 1.0L,Good
8875,Kia,Carnival,2015,Diesel,Automatic,1110000.0,26.7,1800,6,16500.0,11.1,16.5,9,1.5L-2.0L,Excellent
8876,Skoda,Superb,2022,CNG,Manual,2850000.0,16.6,2500,7,11500.0,28.5,11.5,2,2.0L-3.0L,Average
8877,Toyota,Glanza,2017,CNG,Automatic,950000.0,12.6,1500,7,22900.0,9.5,22.9,7,1.0L-1.5L,Low
8878,Hyundai,Verna,2020,Diesel,Automatic,2420000.0,18.2,2000,5,8300.0,24.2,8.3,4,1.5L-2.0L,Average
8879,Toyota,Camry,2023,Diesel,Manual,2190000.0,26.0,1800,4,19300.0,21.9,19.3,1,1.5L-2.0L,Excellent
8880,Honda,Civic,2016,Electric,Manual,1880000.0,15.4,1800,5,10000.0,18.8,10.0,8,1.5L-2.0L,Average
8881,Kia,Sonet,2018,Diesel,Automatic,600000.0,12.8,1200,5,19300.0,6.0,19.3,6,1.0L-1.5L,Low
8882,Renault,Triber,2022,Electric,Automatic,2800000.0,27.6,2500,4,17600.0,28.0,17.6,2,2.0L-3.0L,Excellent
8883,Skoda,Kushaq,2024,Diesel,Manual,3310000.0,25.9,2500,5,7200.0,33.1,7.2,0,2.0L-3.0L,Excellent
8884,Tata Motors,Tiago,2016,Diesel,Manual,2810000.0,11.0,2000,7,24900.0,28.1,24.9,8,1.5L-2.0L,Low
8885,Volkswagen,Virtus,2019,Petrol,Automatic,700000.0,12.1,800,6,16400.0,7.0,16.4,5,Below 1.0L,Low
8886,Mahindra,Bolero,2020,Diesel,Manual,1580000.0,18.1,1500,5,12400.0,15.8,12.4,4,1.0L-1.5L,Average
8887,Volkswagen,Polo,2022,Electric,Automatic,760000.0,16.9,1200,4,18600.0,7.6,18.6,2,1.0L-1.5L,Average
8888,Mahindra,Thar,2019,Diesel,Manual,1450000.0,22.4,1800,6,7500.0,14.5,7.5,5,1.5L-2.0L,Good
8889,Toyota,Fortuner,2023,Diesel,Manual,680000.0,22.2,1800,5,7700.0,6.8,7.7,1,1.5L-2.0L,Good
8890,Mahindra,Scorpio,2017,CNG,Automatic,2620000.0,18.5,1800,4,19000.0,26.2,19.0,7,1.5L-2.0L,Average
8891,Volkswagen,Polo,2017,Petrol,Manual,2440000.0,13.9,800,4,6300.0,24.4,6.3,7,Below 1.0L,Low
8892,Mahindra,XUV700,2023,Electric,Manual,3050000.0,13.2,1500,5,5400.0,30.5,5.4,1,1.0L-1.5L,Low
8893,Maruti Suzuki,Dzire,2017,Petrol,Manual,2130000.0,26.1,800,7,17100.0,21.3,17.1,7,Below 1.0L,Excellent
8894,Hyundai,Verna,2022,CNG,Manual,1030000.0,22.4,2500,5,16500.0,10.3,16.5,2,2.0L-3.0L,Good
8895,Skoda,Rapid,2020,Electric,Automatic,950000.0,15.9,1800,5,21200.0,9.5,21.2,4,1.5L-2.0L,Average
8896,Kia,EV6,2017,CNG,Automatic,1810000.0,13.5,1500,6,13000.0,18.1,13.0,7,1.0L-1.5L,Low
8897,Honda,Amaze,2017,CNG,Manual,2300000.0,29.9,1800,5,15900.0,23.0,15.9,7,1.5L-2.0L,Excellent
8898,Renault,Kwid,2023,Electric,Automatic,1690000.0,18.1,1800,5,10100.0,16.9,10.1,1,1.5L-2.0L,Average
8899,Volkswagen,Virtus,2017,Diesel,Automatic,1660000.0,14.0,1000,6,13200.0,16.6,13.2,7,Below 1.0L,Low
8900,Honda,Amaze,2022,Petrol,Manual,3480000.0,17.3,800,6,9200.0,34.8,9.2,2,Below 1.0L,Average
8901,Mahindra,Thar,2020,Diesel,Automatic,3440000.0,24.7,1000,5,22300.0,34.4,22.3,4,Below 1.0L,Good
8902,Renault,Lodgy,2019,Electric,Manual,1080000.0,14.9,1200,4,9900.0,10.8,9.9,5,1.0L-1.5L,Low
8903,Honda,WR-V,2022,CNG,Automatic,520000.0,27.8,2500,7,7200.0,5.2,7.2,2,2.0L-3.0L,Excellent
8904,Maruti Suzuki,Swift,2021,CNG,Manual,1220000.0,12.8,1800,6,16500.0,12.2,16.5,3,1.5L-2.0L,Low
8905,Tata Motors,Punch,2019,Petrol,Automatic,3120000.0,12.3,2500,4,17800.0,31.2,17.8,5,2.0L-3.0L,Low
8906,Hyundai,i10,2016,CNG,Automatic,2800000.0,26.6,1800,5,19300.0,28.0,19.3,8,1.5L-2.0L,Excellent
8907,Toyota,Urban Cruiser,2024,Electric,Manual,2730000.0,22.5,2000,6,7100.0,27.3,7.1,0,1.5L-2.0L,Good
8908,Renault,Kiger,2022,Diesel,Manual,710000.0,16.3,1800,6,18400.0,7.1,18.4,2,1.5L-2.0L,Average
8909,Honda,City,2017,Petrol,Manual,3010000.0,26.3,2000,6,5500.0,30.1,5.5,7,1.5L-2.0L,Excellent
8910,Volkswagen,Vento,2022,CNG,Manual,1480000.0,17.6,1500,7,11200.0,14.8,11.2,2,1.0L-1.5L,Average
8911,Renault,Duster,2022,Petrol,Manual,1780000.0,27.6,1800,7,11000.0,17.8,11.0,2,1.5L-2.0L,Excellent
8912,Hyundai,i10,2024,Diesel,Manual,2580000.0,10.4,800,7,5600.0,25.8,5.6,0,Below 1.0L,Low
8913,Tata Motors,Harrier,2016,Petrol,Automatic,1920000.0,21.5,1000,5,8100.0,19.2,8.1,8,Below 1.0L,Good
8914,Renault,Kwid,2020,CNG,Automatic,2910000.0,20.7,1000,6,24500.0,29.1,24.5,4,Below 1.0L,Good
8915,Tata Motors,Tiago,2021,Petrol,Manual,2230000.0,27.2,1800,7,15800.0,22.3,15.8,3,1.5L-2.0L,Excellent
8916,Toyota,Fortuner,2017,CNG,Manual,800000.0,22.8,1800,6,18000.0,8.0,18.0,7,1.5L-2.0L,Good
8917,Hyundai,Verna,2015,Petrol,Manual,1410000.0,29.7,2500,7,19400.0,14.1,19.4,9,2.0L-3.0L,Excellent
8918,Maruti Suzuki,Dzire,2016,Diesel,Manual,2520000.0,11.6,1000,7,24400.0,25.2,24.4,8,Below 1.0L,Low
8919,Tata Motors,Altroz,2017,Petrol,Automatic,650000.0,18.8,2000,5,12200.0,6.5,12.2,7,1.5L-2.0L,Average
8920,Maruti Suzuki,Swift,2019,CNG,Automatic,800000.0,21.2,1000,7,10800.0,8.0,10.8,5,Below 1.0L,Good
8921,Kia,Seltos,2024,CNG,Automatic,3070000.0,26.0,1800,7,19100.0,30.7,19.1,0,1.5L-2.0L,Excellent
8922,Honda,Civic,2020,Diesel,Automatic,490000.0,17.5,2500,7,20200.0,4.9,20.2,4,2.0L-3.0L,Average
8923,Maruti Suzuki,Swift,2024,Electric,Automatic,550000.0,26.3,1500,6,17300.0,5.5,17.3,0,1.0L-1.5L,Excellent
8924,Toyota,Urban Cruiser,2015,Petrol,Manual,1050000.0,14.4,1500,6,21400.0,10.5,21.4,9,1.0L-1.5L,Low
8925,Volkswagen,Vento,2023,Petrol,Manual,1560000.0,25.6,1200,5,8600.0,15.6,8.6,1,1.0L-1.5L,Excellent
8926,Renault,Lodgy,2019,Diesel,Manual,1380000.0,24.3,1500,5,16000.0,13.8,16.0,5,1.0L-1.5L,Good
8927,Kia,EV6,2015,Diesel,Automatic,1350000.0,24.5,2500,5,14000.0,13.5,14.0,9,2.0L-3.0L,Good
8928,Hyundai,Verna,2018,Diesel,Manual,1250000.0,21.7,1500,7,20300.0,12.5,20.3,6,1.0L-1.5L,Good
8929,Hyundai,Creta,2018,Electric,Automatic,3480000.0,10.3,2500,4,17200.0,34.8,17.2,6,2.0L-3.0L,Low
8930,Maruti Suzuki,Swift,2022,Petrol,Manual,860000.0,21.8,2000,6,17200.0,8.6,17.2,2,1.5L-2.0L,Good
8931,Skoda,Kushaq,2024,Electric,Automatic,2540000.0,17.9,1500,6,14400.0,25.4,14.4,0,1.0L-1.5L,Average
8932,Tata Motors,Punch,2016,CNG,Automatic,1080000.0,26.2,800,5,21200.0,10.8,21.2,8,Below 1.0L,Excellent
8933,Mahindra,Scorpio,2018,CNG,Automatic,540000.0,24.7,800,7,14500.0,5.4,14.5,6,Below 1.0L,Good
8934,Honda,City,2015,Diesel,Automatic,850000.0,25.7,2500,7,10100.0,8.5,10.1,9,2.0L-3.0L,Excellent
8935,Renault,Lodgy,2017,Electric,Automatic,2870000.0,22.7,1500,5,20700.0,28.7,20.7,7,1.0L-1.5L,Good
8936,Volkswagen,Taigun,2024,CNG,Automatic,1340000.0,16.1,2000,7,12000.0,13.4,12.0,0,1.5L-2.0L,Average
8937,Mahindra,Bolero,2019,CNG,Manual,3440000.0,24.4,2500,7,10600.0,34.4,10.6,5,2.0L-3.0L,Good
8938,Kia,Carnival,2022,Electric,Automatic,3060000.0,20.9,1200,6,23200.0,30.6,23.2,2,1.0L-1.5L,Good
8939,Renault,Duster,2017,CNG,Manual,2170000.0,26.6,1800,7,8300.0,21.7,8.3,7,1.5L-2.0L,Excellent
8940,Kia,Carnival,2023,Diesel,Automatic,1960000.0,19.1,800,5,13400.0,19.6,13.4,1,Below 1.0L,Average
8941,Hyundai,Creta,2024,CNG,Manual,1750000.0,11.6,1000,4,16800.0,17.5,16.8,0,Below 1.0L,Low
8942,Honda,Civic,2019,Petrol,Automatic,1190000.0,13.6,1200,6,18500.0,11.9,18.5,5,1.0L-1.5L,Low
8943,Honda,WR-V,2022,Diesel,Manual,3010000.0,11.9,2500,5,18600.0,30.1,18.6,2,2.0L-3.0L,Low
8944,Skoda,Slavia,2022,Diesel,Manual,1840000.0,16.6,1500,6,14500.0,18.4,14.5,2,1.0L-1.5L,Average
8945,Kia,EV6,2024,Electric,Automatic,510000.0,20.0,800,6,17100.0,5.1,17.1,0,Below 1.0L,Average
8946,Maruti Suzuki,Ertiga,2022,Petrol,Automatic,3240000.0,15.5,2000,6,24900.0,32.4,24.9,2,1.5L-2.0L,Average
8947,Tata Motors,Nexon,2016,Petrol,Manual,1970000.0,26.6,1000,4,23500.0,19.7,23.5,8,Below 1.0L,Excellent
8948,Tata Motors,Nexon,2017,Diesel,Automatic,410000.0,10.1,2000,5,10100.0,4.1,10.1,7,1.5L-2.0L,Low
8949,Honda,City,2020,Petrol,Manual,900000.0,25.3,1800,5,20000.0,9.0,20.0,4,1.5L-2.0L,Excellent
8950,Volkswagen,Vento,2022,Electric,Manual,2150000.0,22.8,1500,6,9700.0,21.5,9.7,2,1.0L-1.5L,Good
8951,Honda,Jazz,2016,Petrol,Manual,2510000.0,18.7,1000,5,22700.0,25.1,22.7,8,Below 1.0L,Average
8952,Skoda,Superb,2015,CNG,Automatic,1000000.0,27.5,2000,6,14800.0,10.0,14.8,9,1.5L-2.0L,Excellent
8953,Tata Motors,Tiago,2016,Petrol,Manual,2980000.0,16.5,1000,6,16100.0,29.8,16.1,8,Below 1.0L,Average
8954,Volkswagen,Tiguan,2015,Electric,Manual,3310000.0,18.0,1800,5,18500.0,33.1,18.5,9,1.5L-2.0L,Average
8955,Honda,Civic,2016,Petrol,Manual,3070000.0,23.3,1500,4,13800.0,30.7,13.8,8,1.0L-1.5L,Good
8956,Honda,Jazz,2024,CNG,Automatic,860000.0,24.3,1000,4,12300.0,8.6,12.3,0,Below 1.0L,Good
8957,Honda,City,2020,Diesel,Automatic,690000.0,11.8,2000,6,6700.0,6.9,6.7,4,1.5L-2.0L,Low
8958,Toyota,Glanza,2021,CNG,Automatic,580000.0,22.1,1800,6,23800.0,5.8,23.8,3,1.5L-2.0L,Good
8959,Honda,Jazz,2015,Petrol,Manual,1260000.0,10.2,2000,6,18300.0,12.6,18.3,9,1.5L-2.0L,Low
8960,Hyundai,i20,2024,Petrol,Automatic,2770000.0,12.6,2000,4,11700.0,27.7,11.7,0,1.5L-2.0L,Low
8961,Hyundai,Creta,2024,Diesel,Automatic,1480000.0,14.1,1800,5,19600.0,14.8,19.6,0,1.5L-2.0L,Low
8962,Mahindra,XUV700,2016,Petrol,Automatic,3320000.0,10.2,1200,4,19800.0,33.2,19.8,8,1.0L-1.5L,Low
8963,Volkswagen,Virtus,2022,Diesel,Manual,1760000.0,23.2,1000,7,18900.0,17.6,18.9,2,Below 1.0L,Good
8964,Maruti Suzuki,WagonR,2022,Petrol,Automatic,1810000.0,17.5,1800,7,17400.0,18.1,17.4,2,1.5L-2.0L,Average
8965,Hyundai,Venue,2016,Electric,Automatic,500000.0,28.3,1800,6,5300.0,5.0,5.3,8,1.5L-2.0L,Excellent
8966,Kia,Carnival,2020,Electric,Automatic,2440000.0,20.5,2000,6,20800.0,24.4,20.8,4,1.5L-2.0L,Good
8967,Skoda,Superb,2018,Diesel,Automatic,1900000.0,27.9,1500,5,8400.0,19.0,8.4,6,1.0L-1.5L,Excellent
8968,Tata Motors,Punch,2021,Diesel,Manual,440000.0,14.6,2500,4,7400.0,4.4,7.4,3,2.0L-3.0L,Low
8969,Skoda,Kushaq,2018,Electric,Manual,2950000.0,28.5,2000,5,7500.0,29.5,7.5,6,1.5L-2.0L,Excellent
8970,Toyota,Glanza,2019,Diesel,Manual,900000.0,27.2,800,4,22500.0,9.0,22.5,5,Below 1.0L,Excellent
8971,Maruti Suzuki,Swift,2018,Petrol,Manual,1610000.0,13.8,1800,4,24100.0,16.1,24.1,6,1.5L-2.0L,Low
8972,Honda,Amaze,2019,Petrol,Manual,2930000.0,14.3,2500,5,9100.0,29.3,9.1,5,2.0L-3.0L,Low
8973,Honda,Civic,2019,Diesel,Manual,430000.0,24.2,1800,5,10200.0,4.3,10.2,5,1.5L-2.0L,Good
8974,Honda,WR-V,2015,CNG,Manual,3060000.0,10.9,1200,7,12300.0,30.6,12.3,9,1.0L-1.5L,Low
8975,Volkswagen,Tiguan,2023,Diesel,Automatic,3060000.0,21.8,1000,4,24000.0,30.6,24.0,1,Below 1.0L,Good
8976,Skoda,Rapid,2020,Diesel,Manual,3110000.0,24.9,2000,7,16000.0,31.1,16.0,4,1.5L-2.0L,Good
8977,Hyundai,Creta,2018,Electric,Manual,1290000.0,12.6,2000,4,8900.0,12.9,8.9,6,1.5L-2.0L,Low
8978,Tata Motors,Tiago,2023,Diesel,Automatic,2540000.0,28.0,1000,6,20900.0,25.4,20.9,1,Below 1.0L,Excellent
8979,Renault,Triber,2020,Electric,Automatic,410000.0,22.4,800,4,11100.0,4.1,11.1,4,Below 1.0L,Good
8980,Maruti Suzuki,Swift,2021,Petrol,Automatic,2670000.0,26.8,1200,7,22900.0,26.7,22.9,3,1.0L-1.5L,Excellent
8981,Mahindra,XUV300,2018,Electric,Manual,840000.0,22.7,2000,7,20500.0,8.4,20.5,6,1.5L-2.0L,Good
8982,Tata Motors,Altroz,2024,Diesel,Automatic,2980000.0,24.0,1200,7,5800.0,29.8,5.8,0,1.0L-1.5L,Good
8983,Tata Motors,Nexon,2023,Electric,Automatic,2260000.0,14.4,2000,7,20400.0,22.6,20.4,1,1.5L-2.0L,Low
8984,Tata Motors,Harrier,2021,CNG,Manual,1720000.0,12.4,1800,6,11400.0,17.2,11.4,3,1.5L-2.0L,Low
8985,Skoda,Kushaq,2021,Petrol,Manual,2130000.0,21.8,800,7,22100.0,21.3,22.1,3,Below 1.0L,Good
8986,Honda,City,2016,CNG,Manual,540000.0,27.9,1000,6,14600.0,5.4,14.6,8,Below 1.0L,Excellent
8987,Toyota,Camry,2017,Diesel,Manual,1570000.0,24.4,1500,6,16200.0,15.7,16.2,7,1.0L-1.5L,Good
8988,Renault,Triber,2016,CNG,Automatic,3040000.0,29.6,1000,7,14800.0,30.4,14.8,8,Below 1.0L,Excellent
8989,Maruti Suzuki,Baleno,2016,Petrol,Manual,1490000.0,29.4,1200,5,13400.0,14.9,13.4,8,1.0L-1.5L,Excellent
8990,Skoda,Octavia,2018,Electric,Manual,1410000.0,17.5,800,4,20300.0,14.1,20.3,6,Below 1.0L,Average
8991,Skoda,Slavia,2024,Diesel,Manual,610000.0,28.9,800,6,17300.0,6.1,17.3,0,Below 1.0L,Excellent
8992,Hyundai,Creta,2019,CNG,Automatic,2910000.0,12.1,2500,4,11800.0,29.1,11.8,5,2.0L-3.0L,Low
8993,Maruti Suzuki,Ertiga,2020,CNG,Manual,870000.0,18.7,1500,6,15700.0,8.7,15.7,4,1.0L-1.5L,Average
8994,Skoda,Octavia,2016,Electric,Manual,1180000.0,11.1,2000,5,24900.0,11.8,24.9,8,1.5L-2.0L,Low
8995,Toyota,Camry,2021,Diesel,Manual,1820000.0,22.1,1800,4,6200.0,18.2,6.2,3,1.5L-2.0L,Good
8996,Skoda,Rapid,2024,Electric,Automatic,2880000.0,21.2,1800,4,14600.0,28.8,14.6,0,1.5L-2.0L,Good
8997,Maruti Suzuki,WagonR,2020,Petrol,Automatic,2110000.0,29.2,1000,6,15900.0,21.1,15.9,4,Below 1.0L,Excellent
8998,Tata Motors,Tiago,2024,Electric,Automatic,1210000.0,21.6,2000,7,8700.0,12.1,8.7,0,1.5L-2.0L,Good
8999,Kia,EV6,2021,Petrol,Manual,930000.0,10.0,1800,6,13400.0,9.3,13.4,3,1.5L-2.0L,Low
9000,Volkswagen,Virtus,2017,Electric,Manual,2360000.0,11.6,1200,7,7400.0,23.6,7.4,7,1.0L-1.5L,Low
9001,Maruti Suzuki,Dzire,2019,Electric,Manual,3040000.0,22.9,800,6,5100.0,30.4,5.1,5,Below 1.0L,Good
9002,Skoda,Kushaq,2019,CNG,Manual,1610000.0,25.4,1500,4,22200.0,16.1,22.2,5,1.0L-1.5L,Excellent
9003,Toyota,Camry,2022,Diesel,Automatic,3330000.0,10.7,800,6,19800.0,33.3,19.8,2,Below 1.0L,Low
9004,Maruti Suzuki,Swift,2016,Diesel,Manual,1280000.0,17.2,1800,5,20600.0,12.8,20.6,8,1.5L-2.0L,Average
9005,Maruti Suzuki,Swift,2024,Petrol,Manual,830000.0,29.6,1800,7,19600.0,8.3,19.6,0,1.5L-2.0L,Excellent
9006,Volkswagen,Taigun,2015,CNG,Manual,1710000.0,11.5,1500,5,21700.0,17.1,21.7,9,1.0L-1.5L,Low
9007,Kia,Carens,2018,Petrol,Automatic,2960000.0,11.9,1200,6,17600.0,29.6,17.6,6,1.0L-1.5L,Low
9008,Tata Motors,Nexon,2023,Electric,Automatic,1560000.0,27.0,1500,6,19900.0,15.6,19.9,1,1.0L-1.5L,Excellent
9009,Skoda,Superb,2018,Electric,Manual,3230000.0,28.1,1200,4,10800.0,32.3,10.8,6,1.0L-1.5L,Excellent
9010,Mahindra,Scorpio,2024,Petrol,Manual,2530000.0,18.2,1000,6,24400.0,25.3,24.4,0,Below 1.0L,Average
9011,Volkswagen,Taigun,2016,Diesel,Automatic,830000.0,24.4,1000,7,22500.0,8.3,22.5,8,Below 1.0L,Good
9012,Honda,WR-V,2023,CNG,Manual,3280000.0,12.5,1500,7,5500.0,32.8,5.5,1,1.0L-1.5L,Low
9013,Volkswagen,Taigun,2021,Petrol,Automatic,2820000.0,12.9,2000,5,20100.0,28.2,20.1,3,1.5L-2.0L,Low
9014,Tata Motors,Harrier,2019,Diesel,Manual,2830000.0,23.9,1200,6,16200.0,28.3,16.2,5,1.0L-1.5L,Good
9015,Tata Motors,Tiago,2024,Petrol,Manual,1970000.0,25.5,1200,6,13300.0,19.7,13.3,0,1.0L-1.5L,Excellent
9016,Renault,Duster,2017,Petrol,Manual,1700000.0,26.9,2500,4,17000.0,17.0,17.0,7,2.0L-3.0L,Excellent
9017,Tata Motors,Altroz,2023,CNG,Automatic,2230000.0,15.0,1000,6,19000.0,22.3,19.0,1,Below 1.0L,Low
9018,Toyota,Fortuner,2015,Diesel,Automatic,2620000.0,21.2,1200,7,21700.0,26.2,21.7,9,1.0L-1.5L,Good
9019,Hyundai,Creta,2017,Electric,Manual,2320000.0,26.1,1000,4,7100.0,23.2,7.1,7,Below 1.0L,Excellent
9020,Toyota,Urban Cruiser,2016,Electric,Automatic,2900000.0,27.0,1000,4,21900.0,29.0,21.9,8,Below 1.0L,Excellent
9021,Maruti Suzuki,Ertiga,2019,CNG,Automatic,2380000.0,21.7,1500,5,5800.0,23.8,5.8,5,1.0L-1.5L,Good
9022,Honda,Jazz,2023,CNG,Manual,2900000.0,20.5,2500,6,6800.0,29.0,6.8,1,2.0L-3.0L,Good
9023,Hyundai,i10,2022,Electric,Automatic,830000.0,11.0,1500,6,14600.0,8.3,14.6,2,1.0L-1.5L,Low
9024,Hyundai,i20,2024,Diesel,Manual,980000.0,11.0,1200,7,21800.0,9.8,21.8,0,1.0L-1.5L,Low
9025,Mahindra,Scorpio,2022,Electric,Manual,2890000.0,14.4,1500,5,24400.0,28.9,24.4,2,1.0L-1.5L,Low
9026,Honda,Amaze,2020,Electric,Manual,2810000.0,19.5,1500,6,19700.0,28.1,19.7,4,1.0L-1.5L,Average
9027,Maruti Suzuki,Dzire,2020,Diesel,Automatic,1220000.0,27.3,1000,7,12200.0,12.2,12.2,4,Below 1.0L,Excellent
9028,Renault,Triber,2022,Petrol,Manual,1940000.0,11.0,800,5,24200.0,19.4,24.2,2,Below 1.0L,Low
9029,Maruti Suzuki,Baleno,2019,Electric,Automatic,2570000.0,23.3,800,5,20600.0,25.7,20.6,5,Below 1.0L,Good
9030,Hyundai,i20,2024,Electric,Automatic,570000.0,23.2,1200,7,19600.0,5.7,19.6,0,1.0L-1.5L,Good
9031,Honda,Amaze,2017,Electric,Automatic,3090000.0,17.1,1500,7,13300.0,30.9,13.3,7,1.0L-1.5L,Average
9032,Mahindra,XUV700,2015,Diesel,Automatic,1470000.0,15.0,1500,5,16000.0,14.7,16.0,9,1.0L-1.5L,Low
9033,Honda,City,2017,Petrol,Manual,3030000.0,26.1,1200,7,13000.0,30.3,13.0,7,1.0L-1.5L,Excellent
9034,Maruti Suzuki,Ertiga,2021,Diesel,Manual,790000.0,25.2,1200,7,15400.0,7.9,15.4,3,1.0L-1.5L,Excellent
9035,Renault,Duster,2024,Diesel,Automatic,2300000.0,10.0,2000,7,6000.0,23.0,6.0,0,1.5L-2.0L,Low
9036,Renault,Kwid,2018,Electric,Manual,2450000.0,11.6,2000,6,23800.0,24.5,23.8,6,1.5L-2.0L,Low
9037,Skoda,Kushaq,2015,Diesel,Manual,1380000.0,18.8,800,5,9200.0,13.8,9.2,9,Below 1.0L,Average
9038,Hyundai,Creta,2021,Diesel,Automatic,1550000.0,13.4,2500,7,18700.0,15.5,18.7,3,2.0L-3.0L,Low
9039,Mahindra,XUV300,2020,Diesel,Manual,1890000.0,24.0,1200,4,22000.0,18.9,22.0,4,1.0L-1.5L,Good
9040,Maruti Suzuki,Ertiga,2019,CNG,Automatic,2160000.0,13.8,800,7,23800.0,21.6,23.8,5,Below 1.0L,Low
9041,Toyota,Glanza,2024,Petrol,Manual,1920000.0,17.0,800,7,11800.0,19.2,11.8,0,Below 1.0L,Average
9042,Mahindra,XUV300,2022,CNG,Manual,560000.0,12.2,1500,5,16300.0,5.6,16.3,2,1.0L-1.5L,Low
9043,Tata Motors,Harrier,2021,CNG,Automatic,3460000.0,12.4,800,6,13800.0,34.6,13.8,3,Below 1.0L,Low
9044,Honda,Civic,2018,Petrol,Manual,1810000.0,18.3,2500,6,23600.0,18.1,23.6,6,2.0L-3.0L,Average
9045,Tata Motors,Altroz,2023,Petrol,Automatic,1670000.0,13.5,2500,5,8800.0,16.7,8.8,1,2.0L-3.0L,Low
9046,Hyundai,Creta,2020,CNG,Automatic,1960000.0,11.5,2500,6,10000.0,19.6,10.0,4,2.0L-3.0L,Low
9047,Hyundai,i10,2015,Petrol,Automatic,2370000.0,29.4,1200,6,5600.0,23.7,5.6,9,1.0L-1.5L,Excellent
9048,Honda,Amaze,2024,Diesel,Automatic,1580000.0,18.6,2000,4,15600.0,15.8,15.6,0,1.5L-2.0L,Average
9049,Volkswagen,Virtus,2018,Petrol,Automatic,1600000.0,16.3,1500,4,23000.0,16.0,23.0,6,1.0L-1.5L,Average
9050,Tata Motors,Harrier,2018,CNG,Automatic,2180000.0,23.5,1200,5,25000.0,21.8,25.0,6,1.0L-1.5L,Good
9051,Kia,Sonet,2021,Petrol,Manual,1020000.0,20.5,1800,4,15000.0,10.2,15.0,3,1.5L-2.0L,Good
9052,Honda,WR-V,2021,CNG,Manual,1880000.0,25.2,1500,6,13800.0,18.8,13.8,3,1.0L-1.5L,Excellent
9053,Honda,Jazz,2015,Petrol,Automatic,1820000.0,10.9,1500,5,14400.0,18.2,14.4,9,1.0L-1.5L,Low
9054,Honda,Amaze,2015,Diesel,Manual,2160000.0,18.8,1800,5,7400.0,21.6,7.4,9,1.5L-2.0L,Average
9055,Toyota,Glanza,2016,CNG,Automatic,2290000.0,23.3,1800,5,23800.0,22.9,23.8,8,1.5L-2.0L,Good
9056,Maruti Suzuki,Ertiga,2018,Diesel,Automatic,3330000.0,23.0,2000,6,19300.0,33.3,19.3,6,1.5L-2.0L,Good
9057,Mahindra,Bolero,2021,CNG,Manual,2940000.0,24.7,1200,4,5600.0,29.4,5.6,3,1.0L-1.5L,Good
9058,Tata Motors,Altroz,2022,Diesel,Automatic,1450000.0,27.0,2000,6,24100.0,14.5,24.1,2,1.5L-2.0L,Excellent
9059,Hyundai,i10,2024,Electric,Automatic,660000.0,10.3,2000,7,12600.0,6.6,12.6,0,1.5L-2.0L,Low
9060,Mahindra,Bolero,2018,Electric,Automatic,1790000.0,11.9,1000,5,13500.0,17.9,13.5,6,Below 1.0L,Low
9061,Kia,Carnival,2021,Electric,Automatic,2950000.0,14.0,1200,7,11200.0,29.5,11.2,3,1.0L-1.5L,Low
9062,Volkswagen,Virtus,2020,Electric,Manual,2510000.0,26.2,1200,7,22200.0,25.1,22.2,4,1.0L-1.5L,Excellent
9063,Skoda,Slavia,2023,CNG,Automatic,3280000.0,29.8,800,5,9300.0,32.8,9.3,1,Below 1.0L,Excellent
9064,Renault,Lodgy,2015,Diesel,Manual,2580000.0,28.3,1000,6,8100.0,25.8,8.1,9,Below 1.0L,Excellent
9065,Maruti Suzuki,Baleno,2022,Petrol,Automatic,790000.0,19.7,1800,4,21400.0,7.9,21.4,2,1.5L-2.0L,Average
9066,Toyota,Fortuner,2017,Petrol,Manual,3490000.0,25.2,2500,6,12700.0,34.9,12.7,7,2.0L-3.0L,Excellent
9067,Skoda,Octavia,2017,Diesel,Manual,2740000.0,20.9,1200,5,23000.0,27.4,23.0,7,1.0L-1.5L,Good
9068,Mahindra,XUV300,2023,Diesel,Automatic,1070000.0,16.8,2500,4,20200.0,10.7,20.2,1,2.0L-3.0L,Average
9069,Maruti Suzuki,Ertiga,2015,Diesel,Manual,960000.0,16.9,2000,6,19200.0,9.6,19.2,9,1.5L-2.0L,Average
9070,Volkswagen,Polo,2017,Diesel,Automatic,1040000.0,17.8,2000,4,9400.0,10.4,9.4,7,1.5L-2.0L,Average
9071,Skoda,Rapid,2018,Diesel,Automatic,1950000.0,25.5,800,7,6800.0,19.5,6.8,6,Below 1.0L,Excellent
9072,Skoda,Rapid,2024,Diesel,Automatic,1830000.0,10.5,1800,5,11500.0,18.3,11.5,0,1.5L-2.0L,Low
9073,Kia,Sonet,2019,CNG,Automatic,540000.0,15.1,1800,7,8900.0,5.4,8.9,5,1.5L-2.0L,Average
9074,Renault,Kwid,2018,CNG,Automatic,2580000.0,28.9,800,7,5300.0,25.8,5.3,6,Below 1.0L,Excellent
9075,Skoda,Superb,2022,Electric,Manual,2830000.0,21.6,1800,5,24000.0,28.3,24.0,2,1.5L-2.0L,Good
9076,Skoda,Octavia,2021,Petrol,Manual,770000.0,16.4,1200,5,23100.0,7.7,23.1,3,1.0L-1.5L,Average
9077,Kia,EV6,2023,Petrol,Automatic,2950000.0,11.8,1000,5,8400.0,29.5,8.4,1,Below 1.0L,Low
9078,Tata Motors,Altroz,2023,CNG,Automatic,2480000.0,23.8,1800,5,24700.0,24.8,24.7,1,1.5L-2.0L,Good
9079,Hyundai,Creta,2024,CNG,Manual,500000.0,21.8,1800,6,22000.0,5.0,22.0,0,1.5L-2.0L,Good
9080,Maruti Suzuki,Swift,2017,Electric,Automatic,3500000.0,16.6,1500,5,14600.0,35.0,14.6,7,1.0L-1.5L,Average
9081,Hyundai,Venue,2018,Electric,Manual,3410000.0,27.7,1800,4,15700.0,34.1,15.7,6,1.5L-2.0L,Excellent
9082,Volkswagen,Polo,2016,Electric,Manual,1150000.0,27.4,1000,4,18600.0,11.5,18.6,8,Below 1.0L,Excellent
9083,Renault,Kiger,2019,CNG,Automatic,850000.0,13.4,800,7,10300.0,8.5,10.3,5,Below 1.0L,Low
9084,Toyota,Glanza,2016,CNG,Manual,2810000.0,28.9,800,6,6900.0,28.1,6.9,8,Below 1.0L,Excellent
9085,Kia,Carnival,2022,CNG,Manual,2690000.0,23.2,2000,4,23900.0,26.9,23.9,2,1.5L-2.0L,Good
9086,Mahindra,Bolero,2017,Petrol,Automatic,1600000.0,14.7,1200,6,13900.0,16.0,13.9,7,1.0L-1.5L,Low
9087,Maruti Suzuki,Swift,2017,Petrol,Automatic,1520000.0,17.1,2000,7,8100.0,15.2,8.1,7,1.5L-2.0L,Average
9088,Honda,Civic,2018,Electric,Automatic,2600000.0,16.4,2000,4,10300.0,26.0,10.3,6,1.5L-2.0L,Average
9089,Renault,Triber,2020,Petrol,Automatic,1530000.0,18.5,1000,5,20700.0,15.3,20.7,4,Below 1.0L,Average
9090,Tata Motors,Harrier,2017,Electric,Manual,2400000.0,23.6,1200,7,23800.0,24.0,23.8,7,1.0L-1.5L,Good
9091,Skoda,Rapid,2018,Electric,Automatic,1590000.0,21.2,1200,4,7200.0,15.9,7.2,6,1.0L-1.5L,Good
9092,Honda,Amaze,2016,Diesel,Manual,1390000.0,26.6,1500,5,6700.0,13.9,6.7,8,1.0L-1.5L,Excellent
9093,Maruti Suzuki,Ertiga,2017,Diesel,Manual,570000.0,24.8,2000,5,7900.0,5.7,7.9,7,1.5L-2.0L,Good
9094,Maruti Suzuki,Baleno,2024,CNG,Automatic,1650000.0,12.3,2500,4,11700.0,16.5,11.7,0,2.0L-3.0L,Low
9095,Honda,City,2022,Diesel,Manual,2090000.0,18.5,1200,6,23200.0,20.9,23.2,2,1.0L-1.5L,Average
9096,Skoda,Octavia,2020,Diesel,Automatic,1790000.0,22.4,800,7,15600.0,17.9,15.6,4,Below 1.0L,Good
9097,Renault,Kiger,2024,Electric,Manual,1980000.0,29.7,1000,7,6300.0,19.8,6.3,0,Below 1.0L,Excellent
9098,Skoda,Rapid,2021,Electric,Automatic,3140000.0,17.5,800,7,22300.0,31.4,22.3,3,Below 1.0L,Average
9099,Skoda,Octavia,2016,CNG,Manual,500000.0,26.3,800,7,13900.0,5.0,13.9,8,Below 1.0L,Excellent
9100,Honda,City,2024,Petrol,Manual,800000.0,22.0,1500,6,24100.0,8.0,24.1,0,1.0L-1.5L,Good
9101,Renault,Kiger,2023,CNG,Manual,2740000.0,17.7,1200,7,15100.0,27.4,15.1,1,1.0L-1.5L,Average
9102,Honda,Civic,2024,Diesel,Manual,2620000.0,12.2,1000,6,14300.0,26.2,14.3,0,Below 1.0L,Low
9103,Renault,Triber,2024,CNG,Automatic,2990000.0,29.6,1800,5,22000.0,29.9,22.0,0,1.5L-2.0L,Excellent
9104,Toyota,Innova,2022,CNG,Automatic,1720000.0,11.9,2500,5,6700.0,17.2,6.7,2,2.0L-3.0L,Low
9105,Honda,City,2015,Petrol,Manual,1550000.0,23.5,1500,7,7700.0,15.5,7.7,9,1.0L-1.5L,Good
9106,Skoda,Slavia,2024,Electric,Manual,2570000.0,28.9,2500,7,18500.0,25.7,18.5,0,2.0L-3.0L,Excellent
9107,Skoda,Rapid,2018,Electric,Manual,880000.0,16.0,2000,7,7300.0,8.8,7.3,6,1.5L-2.0L,Average
9108,Maruti Suzuki,Baleno,2022,Diesel,Manual,1510000.0,13.0,1500,4,21400.0,15.1,21.4,2,1.0L-1.5L,Low
9109,Renault,Triber,2020,Petrol,Automatic,890000.0,19.6,800,4,23200.0,8.9,23.2,4,Below 1.0L,Average
9110,Hyundai,i20,2022,Diesel,Automatic,1220000.0,17.3,1800,6,15900.0,12.2,15.9,2,1.5L-2.0L,Average
9111,Skoda,Kushaq,2023,Diesel,Automatic,1510000.0,24.0,1800,4,11000.0,15.1,11.0,1,1.5L-2.0L,Good
9112,Volkswagen,Virtus,2017,Electric,Manual,1310000.0,22.2,1800,6,8800.0,13.1,8.8,7,1.5L-2.0L,Good
9113,Honda,WR-V,2019,CNG,Automatic,450000.0,14.9,1800,7,10800.0,4.5,10.8,5,1.5L-2.0L,Low
9114,Honda,Civic,2018,Electric,Manual,2620000.0,26.6,2000,6,6200.0,26.2,6.2,6,1.5L-2.0L,Excellent
9115,Honda,City,2024,Petrol,Automatic,2820000.0,11.3,1200,5,20100.0,28.2,20.1,0,1.0L-1.5L,Low
9116,Renault,Triber,2023,Electric,Manual,1180000.0,24.0,1200,7,11600.0,11.8,11.6,1,1.0L-1.5L,Good
9117,Honda,Amaze,2018,Electric,Manual,2590000.0,20.0,1200,6,24000.0,25.9,24.0,6,1.0L-1.5L,Average
9118,Tata Motors,Altroz,2021,CNG,Manual,690000.0,17.8,800,7,21300.0,6.9,21.3,3,Below 1.0L,Average
9119,Maruti Suzuki,WagonR,2022,Electric,Manual,510000.0,15.6,1800,5,21400.0,5.1,21.4,2,1.5L-2.0L,Average
9120,Maruti Suzuki,Ertiga,2023,CNG,Automatic,2220000.0,12.5,1800,7,16300.0,22.2,16.3,1,1.5L-2.0L,Low
9121,Maruti Suzuki,Swift,2020,Electric,Manual,1470000.0,13.3,2500,7,20700.0,14.7,20.7,4,2.0L-3.0L,Low
9122,Skoda,Kushaq,2015,Petrol,Manual,2960000.0,25.7,800,5,22900.0,29.6,22.9,9,Below 1.0L,Excellent
9123,Volkswagen,Vento,2015,Diesel,Manual,1890000.0,23.3,2500,6,8200.0,18.9,8.2,9,2.0L-3.0L,Good
9124,Renault,Kiger,2023,Petrol,Manual,3040000.0,14.2,1500,7,9400.0,30.4,9.4,1,1.0L-1.5L,Low
9125,Volkswagen,Vento,2022,CNG,Manual,1850000.0,27.1,1200,7,15000.0,18.5,15.0,2,1.0L-1.5L,Excellent
9126,Skoda,Rapid,2017,Petrol,Automatic,1440000.0,20.2,2500,7,6900.0,14.4,6.9,7,2.0L-3.0L,Good
9127,Toyota,Glanza,2019,Diesel,Automatic,3270000.0,28.9,2000,6,6400.0,32.7,6.4,5,1.5L-2.0L,Excellent
9128,Renault,Kwid,2015,Petrol,Automatic,2620000.0,12.8,2500,4,21200.0,26.2,21.2,9,2.0L-3.0L,Low
9129,Honda,Jazz,2020,Petrol,Manual,3140000.0,17.6,1800,4,18700.0,31.4,18.7,4,1.5L-2.0L,Average
9130,Volkswagen,Vento,2019,Petrol,Manual,2880000.0,28.2,2000,7,8000.0,28.8,8.0,5,1.5L-2.0L,Excellent
9131,Mahindra,Thar,2020,Electric,Automatic,1660000.0,24.2,1000,5,5600.0,16.6,5.6,4,Below 1.0L,Good
9132,Maruti Suzuki,Ertiga,2019,Electric,Manual,410000.0,14.8,2500,6,21100.0,4.1,21.1,5,2.0L-3.0L,Low
9133,Mahindra,Thar,2024,Petrol,Automatic,1200000.0,11.1,1800,5,18700.0,12.0,18.7,0,1.5L-2.0L,Low
9134,Honda,Civic,2017,CNG,Manual,1430000.0,26.5,1800,4,6800.0,14.3,6.8,7,1.5L-2.0L,Excellent
9135,Volkswagen,Polo,2015,Electric,Automatic,3210000.0,17.5,800,4,6900.0,32.1,6.9,9,Below 1.0L,Average
9136,Kia,EV6,2021,Diesel,Manual,690000.0,21.8,1200,5,21500.0,6.9,21.5,3,1.0L-1.5L,Good
9137,Maruti Suzuki,Swift,2015,Diesel,Manual,2240000.0,17.2,2000,6,14200.0,22.4,14.2,9,1.5L-2.0L,Average
9138,Tata Motors,Tiago,2020,Electric,Automatic,2680000.0,12.9,800,7,24600.0,26.8,24.6,4,Below 1.0L,Low
9139,Hyundai,Venue,2017,Petrol,Manual,1590000.0,13.3,1200,5,13400.0,15.9,13.4,7,1.0L-1.5L,Low
9140,Tata Motors,Altroz,2016,CNG,Manual,3400000.0,28.7,800,5,23200.0,34.0,23.2,8,Below 1.0L,Excellent
9141,Tata Motors,Tiago,2020,Diesel,Automatic,3440000.0,21.3,1800,4,6700.0,34.4,6.7,4,1.5L-2.0L,Good
9142,Mahindra,Scorpio,2018,CNG,Manual,1700000.0,23.8,1200,7,23500.0,17.0,23.5,6,1.0L-1.5L,Good
9143,Mahindra,Thar,2016,Petrol,Automatic,940000.0,20.1,1800,5,20200.0,9.4,20.2,8,1.5L-2.0L,Good
9144,Volkswagen,Vento,2022,Petrol,Automatic,540000.0,15.4,800,4,23500.0,5.4,23.5,2,Below 1.0L,Average
9145,Honda,WR-V,2020,Petrol,Automatic,2760000.0,19.6,1500,4,20200.0,27.6,20.2,4,1.0L-1.5L,Average
9146,Volkswagen,Tiguan,2021,CNG,Manual,3160000.0,20.3,2000,4,19900.0,31.6,19.9,3,1.5L-2.0L,Good
9147,Toyota,Urban Cruiser,2018,Diesel,Automatic,2440000.0,28.3,800,7,24000.0,24.4,24.0,6,Below 1.0L,Excellent
9148,Tata Motors,Harrier,2015,Diesel,Manual,2610000.0,16.0,2000,4,21300.0,26.1,21.3,9,1.5L-2.0L,Average
9149,Kia,EV6,2018,CNG,Automatic,2090000.0,28.5,1800,5,21300.0,20.9,21.3,6,1.5L-2.0L,Excellent
9150,Mahindra,Thar,2020,CNG,Manual,990000.0,21.4,2500,5,10500.0,9.9,10.5,4,2.0L-3.0L,Good
9151,Honda,Amaze,2016,CNG,Automatic,2690000.0,17.5,1200,5,11900.0,26.9,11.9,8,1.0L-1.5L,Average
9152,Honda,Civic,2023,CNG,Automatic,2790000.0,13.5,1800,7,20000.0,27.9,20.0,1,1.5L-2.0L,Low
9153,Maruti Suzuki,Baleno,2023,CNG,Automatic,2920000.0,29.4,2500,5,11300.0,29.2,11.3,1,2.0L-3.0L,Excellent
9154,Kia,EV6,2020,Diesel,Automatic,930000.0,10.8,2000,7,5300.0,9.3,5.3,4,1.5L-2.0L,Low
9155,Maruti Suzuki,Dzire,2016,Diesel,Manual,3410000.0,13.8,2000,4,6700.0,34.1,6.7,8,1.5L-2.0L,Low
9156,Hyundai,Creta,2020,CNG,Manual,3080000.0,17.9,1800,6,22000.0,30.8,22.0,4,1.5L-2.0L,Average
9157,Volkswagen,Vento,2019,Electric,Manual,3410000.0,16.2,1000,5,22000.0,34.1,22.0,5,Below 1.0L,Average
9158,Mahindra,XUV300,2020,Diesel,Manual,1130000.0,28.6,2000,4,19400.0,11.3,19.4,4,1.5L-2.0L,Excellent
9159,Hyundai,i20,2022,Petrol,Automatic,1680000.0,26.6,1800,7,23900.0,16.8,23.9,2,1.5L-2.0L,Excellent
9160,Mahindra,XUV300,2021,Electric,Manual,1580000.0,24.9,1500,5,19700.0,15.8,19.7,3,1.0L-1.5L,Good
9161,Skoda,Slavia,2015,CNG,Automatic,2320000.0,24.0,2500,6,9200.0,23.2,9.2,9,2.0L-3.0L,Good
9162,Mahindra,XUV700,2015,Petrol,Manual,1770000.0,18.5,1000,4,20000.0,17.7,20.0,9,Below 1.0L,Average
9163,Skoda,Kushaq,2017,CNG,Manual,1500000.0,25.7,800,7,13400.0,15.0,13.4,7,Below 1.0L,Excellent
9164,Tata Motors,Nexon,2023,Diesel,Manual,1590000.0,22.5,1800,7,11200.0,15.9,11.2,1,1.5L-2.0L,Good
9165,Honda,Jazz,2024,CNG,Manual,1670000.0,21.7,2000,4,12200.0,16.7,12.2,0,1.5L-2.0L,Good
9166,Kia,Seltos,2019,Electric,Manual,2490000.0,12.5,1200,7,16500.0,24.9,16.5,5,1.0L-1.5L,Low
9167,Tata Motors,Nexon,2023,Petrol,Automatic,3050000.0,29.6,1500,5,12700.0,30.5,12.7,1,1.0L-1.5L,Excellent
9168,Honda,Civic,2023,CNG,Automatic,1970000.0,26.5,2500,5,13200.0,19.7,13.2,1,2.0L-3.0L,Excellent
9169,Renault,Kwid,2018,Petrol,Automatic,1390000.0,24.1,800,5,12200.0,13.9,12.2,6,Below 1.0L,Good
9170,Skoda,Slavia,2022,CNG,Automatic,930000.0,25.4,800,5,19300.0,9.3,19.3,2,Below 1.0L,Excellent
9171,Maruti Suzuki,WagonR,2022,Diesel,Manual,1650000.0,27.4,2500,4,24800.0,16.5,24.8,2,2.0L-3.0L,Excellent
9172,Kia,Carnival,2024,CNG,Manual,920000.0,23.4,1800,5,14200.0,9.2,14.2,0,1.5L-2.0L,Good
9173,Renault,Triber,2019,CNG,Automatic,3320000.0,15.9,1500,4,19600.0,33.2,19.6,5,1.0L-1.5L,Average
9174,Volkswagen,Tiguan,2020,Diesel,Automatic,3170000.0,20.9,800,4,20400.0,31.7,20.4,4,Below 1.0L,Good
9175,Toyota,Fortuner,2021,CNG,Manual,2310000.0,26.3,800,7,15800.0,23.1,15.8,3,Below 1.0L,Excellent
9176,Toyota,Camry,2015,CNG,Manual,3140000.0,18.7,1800,6,6300.0,31.4,6.3,9,1.5L-2.0L,Average
9177,Tata Motors,Punch,2022,Petrol,Automatic,2930000.0,10.7,2500,4,18700.0,29.3,18.7,2,2.0L-3.0L,Low
9178,Mahindra,Scorpio,2022,Diesel,Automatic,3080000.0,20.3,1000,4,12700.0,30.8,12.7,2,Below 1.0L,Good
9179,Tata Motors,Altroz,2020,Petrol,Automatic,440000.0,24.4,1200,5,15100.0,4.4,15.1,4,1.0L-1.5L,Good
9180,Volkswagen,Polo,2019,Diesel,Manual,2210000.0,10.7,1500,5,22500.0,22.1,22.5,5,1.0L-1.5L,Low
9181,Maruti Suzuki,Dzire,2015,Diesel,Manual,860000.0,28.1,1000,5,9300.0,8.6,9.3,9,Below 1.0L,Excellent
9182,Skoda,Superb,2018,Electric,Manual,3350000.0,13.3,2000,7,10100.0,33.5,10.1,6,1.5L-2.0L,Low
9183,Toyota,Camry,2024,Diesel,Manual,2590000.0,23.0,1200,6,14900.0,25.9,14.9,0,1.0L-1.5L,Good
9184,Hyundai,Verna,2020,Petrol,Automatic,1420000.0,12.8,1800,7,13200.0,14.2,13.2,4,1.5L-2.0L,Low
9185,Mahindra,XUV700,2018,Petrol,Automatic,2020000.0,20.7,800,7,12900.0,20.2,12.9,6,Below 1.0L,Good
9186,Kia,EV6,2022,Petrol,Automatic,1660000.0,29.7,800,5,24200.0,16.6,24.2,2,Below 1.0L,Excellent
9187,Toyota,Innova,2021,CNG,Manual,1960000.0,23.7,1500,6,9600.0,19.6,9.6,3,1.0L-1.5L,Good
9188,Renault,Lodgy,2023,Diesel,Manual,3320000.0,26.4,800,5,21700.0,33.2,21.7,1,Below 1.0L,Excellent
9189,Kia,Seltos,2021,Electric,Automatic,400000.0,28.0,1800,6,19100.0,4.0,19.1,3,1.5L-2.0L,Excellent
9190,Kia,Carnival,2018,Petrol,Automatic,3310000.0,20.1,1000,4,19200.0,33.1,19.2,6,Below 1.0L,Good
9191,Kia,Carens,2019,CNG,Manual,3180000.0,11.9,1500,7,25000.0,31.8,25.0,5,1.0L-1.5L,Low
9192,Toyota,Innova,2016,Petrol,Manual,3380000.0,11.4,1000,7,15500.0,33.8,15.5,8,Below 1.0L,Low
9193,Volkswagen,Polo,2022,Petrol,Automatic,2940000.0,23.7,1200,4,23800.0,29.4,23.8,2,1.0L-1.5L,Good
9194,Tata Motors,Punch,2022,Diesel,Automatic,530000.0,25.1,2000,7,16900.0,5.3,16.9,2,1.5L-2.0L,Excellent
9195,Maruti Suzuki,Dzire,2019,Petrol,Manual,2530000.0,25.8,2000,6,23300.0,25.3,23.3,5,1.5L-2.0L,Excellent
9196,Volkswagen,Vento,2016,Diesel,Automatic,1250000.0,25.5,1000,5,5900.0,12.5,5.9,8,Below 1.0L,Excellent
9197,Kia,Seltos,2017,Diesel,Automatic,3180000.0,17.3,1500,5,10000.0,31.8,10.0,7,1.0L-1.5L,Average
9198,Toyota,Innova,2017,CNG,Manual,1130000.0,28.2,1200,5,20300.0,11.3,20.3,7,1.0L-1.5L,Excellent
9199,Hyundai,i10,2020,Diesel,Manual,1760000.0,17.0,1800,4,13900.0,17.6,13.9,4,1.5L-2.0L,Average
9200,Honda,City,2022,Diesel,Automatic,2790000.0,11.0,1800,7,22800.0,27.9,22.8,2,1.5L-2.0L,Low
9201,Kia,Carnival,2019,Petrol,Automatic,740000.0,13.3,1500,6,21700.0,7.4,21.7,5,1.0L-1.5L,Low
9202,Honda,Jazz,2019,CNG,Manual,1120000.0,14.6,800,6,17200.0,11.2,17.2,5,Below 1.0L,Low
9203,Skoda,Slavia,2016,Petrol,Manual,2230000.0,15.4,1800,7,7600.0,22.3,7.6,8,1.5L-2.0L,Average
9204,Volkswagen,Polo,2021,Electric,Automatic,420000.0,11.5,2000,5,15900.0,4.2,15.9,3,1.5L-2.0L,Low
9205,Volkswagen,Taigun,2018,Electric,Automatic,1530000.0,13.2,800,5,19700.0,15.3,19.7,6,Below 1.0L,Low
9206,Kia,Carnival,2017,Electric,Automatic,2040000.0,27.5,2500,4,14600.0,20.4,14.6,7,2.0L-3.0L,Excellent
9207,Maruti Suzuki,Dzire,2017,Diesel,Manual,1710000.0,11.1,1800,4,21500.0,17.1,21.5,7,1.5L-2.0L,Low
9208,Kia,Carnival,2016,Diesel,Automatic,3490000.0,17.1,1500,4,8600.0,34.9,8.6,8,1.0L-1.5L,Average
9209,Tata Motors,Tiago,2020,Electric,Automatic,3380000.0,16.3,2000,5,11000.0,33.8,11.0,4,1.5L-2.0L,Average
9210,Honda,City,2024,Petrol,Automatic,1220000.0,29.1,1000,7,23500.0,12.2,23.5,0,Below 1.0L,Excellent
9211,Renault,Triber,2019,Electric,Automatic,2370000.0,28.5,2500,5,12800.0,23.7,12.8,5,2.0L-3.0L,Excellent
9212,Kia,Sonet,2019,Electric,Automatic,2020000.0,29.6,800,7,14900.0,20.2,14.9,5,Below 1.0L,Excellent
9213,Honda,City,2024,Petrol,Manual,690000.0,12.1,1500,7,15500.0,6.9,15.5,0,1.0L-1.5L,Low
9214,Honda,WR-V,2016,Electric,Manual,1440000.0,16.6,1800,6,7100.0,14.4,7.1,8,1.5L-2.0L,Average
9215,Volkswagen,Tiguan,2021,CNG,Automatic,1570000.0,17.7,1800,7,23800.0,15.7,23.8,3,1.5L-2.0L,Average
9216,Toyota,Urban Cruiser,2020,Diesel,Automatic,2440000.0,19.5,2500,6,18900.0,24.4,18.9,4,2.0L-3.0L,Average
9217,Volkswagen,Virtus,2019,Petrol,Manual,1820000.0,28.4,1800,4,18800.0,18.2,18.8,5,1.5L-2.0L,Excellent
9218,Tata Motors,Harrier,2015,Petrol,Manual,2690000.0,18.5,2500,5,11500.0,26.9,11.5,9,2.0L-3.0L,Average
9219,Toyota,Fortuner,2021,CNG,Manual,3070000.0,25.1,1500,5,23000.0,30.7,23.0,3,1.0L-1.5L,Excellent
9220,Toyota,Glanza,2016,Petrol,Manual,2590000.0,10.1,800,7,23200.0,25.9,23.2,8,Below 1.0L,Low
9221,Tata Motors,Nexon,2022,Petrol,Automatic,3410000.0,25.7,1000,5,5200.0,34.1,5.2,2,Below 1.0L,Excellent
9222,Hyundai,i10,2019,CNG,Manual,3460000.0,28.4,800,5,16000.0,34.6,16.0,5,Below 1.0L,Excellent
9223,Skoda,Slavia,2018,Petrol,Manual,910000.0,24.1,800,4,5100.0,9.1,5.1,6,Below 1.0L,Good
9224,Toyota,Camry,2015,CNG,Manual,490000.0,12.4,2000,7,9400.0,4.9,9.4,9,1.5L-2.0L,Low
9225,Hyundai,i20,2017,Petrol,Automatic,1410000.0,19.6,1800,7,16100.0,14.1,16.1,7,1.5L-2.0L,Average
9226,Skoda,Slavia,2020,Electric,Manual,1160000.0,29.8,2500,4,11700.0,11.6,11.7,4,2.0L-3.0L,Excellent
9227,Skoda,Slavia,2016,CNG,Automatic,3460000.0,16.6,1500,4,10200.0,34.6,10.2,8,1.0L-1.5L,Average
9228,Hyundai,Verna,2021,Electric,Automatic,910000.0,24.0,2000,5,15400.0,9.1,15.4,3,1.5L-2.0L,Good
9229,Hyundai,Creta,2020,Electric,Automatic,1900000.0,22.4,1500,6,5600.0,19.0,5.6,4,1.0L-1.5L,Good
9230,Skoda,Slavia,2022,Petrol,Automatic,3470000.0,14.8,2000,5,17500.0,34.7,17.5,2,1.5L-2.0L,Low
9231,Mahindra,XUV700,2016,Diesel,Manual,1020000.0,15.0,800,7,18400.0,10.2,18.4,8,Below 1.0L,Low
9232,Tata Motors,Altroz,2017,Diesel,Manual,1260000.0,28.3,2500,5,8000.0,12.6,8.0,7,2.0L-3.0L,Excellent
9233,Tata Motors,Punch,2019,CNG,Automatic,440000.0,16.2,1500,4,11700.0,4.4,11.7,5,1.0L-1.5L,Average
9234,Renault,Duster,2018,Petrol,Manual,450000.0,13.4,800,7,13500.0,4.5,13.5,6,Below 1.0L,Low
9235,Mahindra,Bolero,2022,CNG,Manual,3110000.0,14.0,1000,4,23000.0,31.1,23.0,2,Below 1.0L,Low
9236,Kia,Carens,2024,Electric,Manual,640000.0,24.9,1000,5,24700.0,6.4,24.7,0,Below 1.0L,Good
9237,Honda,Jazz,2021,Electric,Automatic,930000.0,29.8,1200,4,19500.0,9.3,19.5,3,1.0L-1.5L,Excellent
9238,Honda,WR-V,2024,Electric,Automatic,1470000.0,26.6,1500,6,12600.0,14.7,12.6,0,1.0L-1.5L,Excellent
9239,Maruti Suzuki,Ertiga,2015,Electric,Automatic,2500000.0,14.7,1500,5,11500.0,25.0,11.5,9,1.0L-1.5L,Low
9240,Tata Motors,Tiago,2019,CNG,Manual,3080000.0,14.2,2500,6,12400.0,30.8,12.4,5,2.0L-3.0L,Low
9241,Hyundai,Verna,2016,Electric,Automatic,1060000.0,19.8,2500,7,5700.0,10.6,5.7,8,2.0L-3.0L,Average
9242,Maruti Suzuki,Swift,2020,CNG,Automatic,2580000.0,16.4,1200,5,10200.0,25.8,10.2,4,1.0L-1.5L,Average
9243,Kia,Carens,2023,Electric,Manual,990000.0,18.6,1200,5,15500.0,9.9,15.5,1,1.0L-1.5L,Average
9244,Renault,Triber,2016,CNG,Manual,1500000.0,25.1,800,6,14700.0,15.0,14.7,8,Below 1.0L,Excellent
9245,Volkswagen,Taigun,2022,Diesel,Manual,2860000.0,28.4,800,5,8100.0,28.6,8.1,2,Below 1.0L,Excellent
9246,Renault,Kwid,2019,Diesel,Manual,2620000.0,19.5,2000,5,7300.0,26.2,7.3,5,1.5L-2.0L,Average
9247,Toyota,Fortuner,2016,CNG,Manual,1350000.0,16.0,2500,4,13900.0,13.5,13.9,8,2.0L-3.0L,Average
9248,Maruti Suzuki,Swift,2022,Diesel,Automatic,2910000.0,28.1,1200,6,18000.0,29.1,18.0,2,1.0L-1.5L,Excellent
9249,Tata Motors,Tiago,2017,Electric,Automatic,3450000.0,10.2,2500,5,19700.0,34.5,19.7,7,2.0L-3.0L,Low
9250,Kia,EV6,2018,Electric,Manual,630000.0,13.2,1200,7,7900.0,6.3,7.9,6,1.0L-1.5L,Low
9251,Renault,Kiger,2015,Petrol,Automatic,2790000.0,16.9,1800,7,18800.0,27.9,18.8,9,1.5L-2.0L,Average
9252,Renault,Triber,2020,CNG,Automatic,3320000.0,12.0,1500,7,16000.0,33.2,16.0,4,1.0L-1.5L,Low
9253,Tata Motors,Tiago,2018,Petrol,Manual,3030000.0,10.4,1200,7,12300.0,30.3,12.3,6,1.0L-1.5L,Low
9254,Renault,Duster,2018,Electric,Manual,2700000.0,11.1,1000,4,23100.0,27.0,23.1,6,Below 1.0L,Low
9255,Skoda,Octavia,2024,CNG,Automatic,3090000.0,17.6,2000,7,11300.0,30.9,11.3,0,1.5L-2.0L,Average
9256,Honda,City,2017,Electric,Automatic,1890000.0,18.3,800,4,6200.0,18.9,6.2,7,Below 1.0L,Average
9257,Skoda,Kushaq,2023,Electric,Manual,1570000.0,12.3,1000,7,9300.0,15.7,9.3,1,Below 1.0L,Low
9258,Renault,Kiger,2020,Petrol,Automatic,630000.0,16.7,2000,7,18200.0,6.3,18.2,4,1.5L-2.0L,Average
9259,Hyundai,i10,2024,CNG,Automatic,2580000.0,18.2,1800,4,21600.0,25.8,21.6,0,1.5L-2.0L,Average
9260,Volkswagen,Tiguan,2022,CNG,Automatic,890000.0,21.5,1000,6,20900.0,8.9,20.9,2,Below 1.0L,Good
9261,Toyota,Glanza,2022,Diesel,Manual,1030000.0,26.6,2500,6,18300.0,10.3,18.3,2,2.0L-3.0L,Excellent
9262,Volkswagen,Polo,2016,CNG,Automatic,3270000.0,12.4,1500,5,21100.0,32.7,21.1,8,1.0L-1.5L,Low
9263,Toyota,Camry,2018,Petrol,Automatic,2130000.0,21.0,2500,6,24700.0,21.3,24.7,6,2.0L-3.0L,Good
9264,Maruti Suzuki,Ertiga,2015,CNG,Manual,1520000.0,13.2,2000,7,14400.0,15.2,14.4,9,1.5L-2.0L,Low
9265,Mahindra,Thar,2015,Petrol,Manual,3420000.0,14.4,1800,7,6300.0,34.2,6.3,9,1.5L-2.0L,Low
9266,Honda,City,2016,Petrol,Manual,3390000.0,27.0,2500,7,20500.0,33.9,20.5,8,2.0L-3.0L,Excellent
9267,Maruti Suzuki,Ertiga,2021,Electric,Automatic,2870000.0,18.3,1200,6,21200.0,28.7,21.2,3,1.0L-1.5L,Average
9268,Hyundai,i20,2016,Diesel,Automatic,430000.0,20.9,1200,7,23100.0,4.3,23.1,8,1.0L-1.5L,Good
9269,Hyundai,Creta,2023,CNG,Manual,1440000.0,25.7,1200,5,6300.0,14.4,6.3,1,1.0L-1.5L,Excellent
9270,Volkswagen,Polo,2020,Petrol,Automatic,1780000.0,17.2,1500,6,13900.0,17.8,13.9,4,1.0L-1.5L,Average
9271,Mahindra,XUV300,2016,Diesel,Automatic,2770000.0,24.6,2000,7,22300.0,27.7,22.3,8,1.5L-2.0L,Good
9272,Kia,Carens,2024,Electric,Automatic,620000.0,19.9,1800,5,15700.0,6.2,15.7,0,1.5L-2.0L,Average
9273,Tata Motors,Tiago,2021,Diesel,Automatic,2270000.0,20.6,2000,7,16600.0,22.7,16.6,3,1.5L-2.0L,Good
9274,Maruti Suzuki,Swift,2023,Electric,Automatic,1750000.0,27.3,1000,5,7200.0,17.5,7.2,1,Below 1.0L,Excellent
9275,Toyota,Glanza,2024,Electric,Automatic,2620000.0,14.4,2500,6,23800.0,26.2,23.8,0,2.0L-3.0L,Low
9276,Skoda,Octavia,2022,Electric,Manual,580000.0,21.8,1800,4,17800.0,5.8,17.8,2,1.5L-2.0L,Good
9277,Maruti Suzuki,Baleno,2024,CNG,Manual,840000.0,11.0,2500,6,8500.0,8.4,8.5,0,2.0L-3.0L,Low
9278,Renault,Lodgy,2023,Petrol,Manual,920000.0,22.0,1800,4,14000.0,9.2,14.0,1,1.5L-2.0L,Good
9279,Maruti Suzuki,Dzire,2020,CNG,Manual,640000.0,24.0,1200,6,6100.0,6.4,6.1,4,1.0L-1.5L,Good
9280,Skoda,Kushaq,2018,Petrol,Automatic,3460000.0,11.8,2000,4,21200.0,34.6,21.2,6,1.5L-2.0L,Low
9281,Toyota,Urban Cruiser,2015,Electric,Manual,2840000.0,10.3,1000,6,5200.0,28.4,5.2,9,Below 1.0L,Low
9282,Honda,WR-V,2018,CNG,Manual,1410000.0,28.2,1200,6,15500.0,14.1,15.5,6,1.0L-1.5L,Excellent
9283,Toyota,Innova,2016,Petrol,Manual,1360000.0,21.5,1000,5,16800.0,13.6,16.8,8,Below 1.0L,Good
9284,Kia,Seltos,2024,Diesel,Automatic,2720000.0,15.6,1000,7,18200.0,27.2,18.2,0,Below 1.0L,Average
9285,Tata Motors,Tiago,2022,CNG,Manual,3410000.0,29.4,1200,7,16800.0,34.1,16.8,2,1.0L-1.5L,Excellent
9286,Mahindra,XUV300,2017,Electric,Automatic,1160000.0,13.7,800,5,5100.0,11.6,5.1,7,Below 1.0L,Low
9287,Honda,Jazz,2016,Diesel,Manual,1670000.0,23.9,1000,7,15100.0,16.7,15.1,8,Below 1.0L,Good
9288,Mahindra,Thar,2018,Petrol,Automatic,3070000.0,24.2,800,4,13000.0,30.7,13.0,6,Below 1.0L,Good
9289,Mahindra,Scorpio,2024,CNG,Manual,1030000.0,10.8,800,5,15000.0,10.3,15.0,0,Below 1.0L,Low
9290,Kia,EV6,2016,CNG,Automatic,510000.0,23.8,1000,7,14300.0,5.1,14.3,8,Below 1.0L,Good
9291,Hyundai,Venue,2021,CNG,Manual,2040000.0,10.4,1200,5,8000.0,20.4,8.0,3,1.0L-1.5L,Low
9292,Volkswagen,Tiguan,2018,Electric,Manual,2290000.0,20.3,1200,5,19300.0,22.9,19.3,6,1.0L-1.5L,Good
9293,Tata Motors,Altroz,2023,CNG,Manual,3310000.0,13.6,1200,7,16200.0,33.1,16.2,1,1.0L-1.5L,Low
9294,Honda,WR-V,2017,Electric,Automatic,1270000.0,22.7,1000,7,8400.0,12.7,8.4,7,Below 1.0L,Good
9295,Maruti Suzuki,Dzire,2020,Petrol,Automatic,3210000.0,26.9,2000,6,18000.0,32.1,18.0,4,1.5L-2.0L,Excellent
9296,Toyota,Innova,2018,CNG,Manual,3030000.0,12.2,1800,5,14800.0,30.3,14.8,6,1.5L-2.0L,Low
9297,Maruti Suzuki,Dzire,2022,Diesel,Manual,1740000.0,29.6,1500,6,9800.0,17.4,9.8,2,1.0L-1.5L,Excellent
9298,Maruti Suzuki,Swift,2019,Petrol,Automatic,2570000.0,20.2,1200,4,14000.0,25.7,14.0,5,1.0L-1.5L,Good
9299,Skoda,Superb,2021,Electric,Automatic,1940000.0,16.0,2500,6,9400.0,19.4,9.4,3,2.0L-3.0L,Average
9300,Tata Motors,Punch,2018,Petrol,Manual,490000.0,29.2,1800,7,8700.0,4.9,8.7,6,1.5L-2.0L,Excellent
9301,Toyota,Glanza,2016,Electric,Automatic,2610000.0,15.0,2000,6,21700.0,26.1,21.7,8,1.5L-2.0L,Low
9302,Toyota,Innova,2019,Electric,Automatic,1800000.0,17.4,1000,7,13600.0,18.0,13.6,5,Below 1.0L,Average
9303,Skoda,Octavia,2023,CNG,Automatic,1310000.0,11.5,2500,6,7100.0,13.1,7.1,1,2.0L-3.0L,Low
9304,Tata Motors,Tiago,2018,Electric,Manual,1400000.0,11.4,1200,6,21200.0,14.0,21.2,6,1.0L-1.5L,Low
9305,Honda,Amaze,2024,Diesel,Manual,1270000.0,21.6,2500,7,12600.0,12.7,12.6,0,2.0L-3.0L,Good
9306,Tata Motors,Tiago,2023,Electric,Manual,1530000.0,23.9,1800,4,22000.0,15.3,22.0,1,1.5L-2.0L,Good
9307,Maruti Suzuki,WagonR,2022,CNG,Automatic,3400000.0,16.3,1200,5,13700.0,34.0,13.7,2,1.0L-1.5L,Average
9308,Renault,Duster,2022,Electric,Manual,1870000.0,10.6,2000,7,20700.0,18.7,20.7,2,1.5L-2.0L,Low
9309,Volkswagen,Taigun,2024,Petrol,Manual,2360000.0,14.7,1000,6,25000.0,23.6,25.0,0,Below 1.0L,Low
9310,Tata Motors,Altroz,2017,Electric,Manual,2870000.0,19.3,1500,7,23800.0,28.7,23.8,7,1.0L-1.5L,Average
9311,Volkswagen,Virtus,2019,Electric,Manual,3200000.0,11.5,2000,4,15000.0,32.0,15.0,5,1.5L-2.0L,Low
9312,Volkswagen,Polo,2016,Petrol,Manual,710000.0,26.9,1000,6,19700.0,7.1,19.7,8,Below 1.0L,Excellent
9313,Volkswagen,Virtus,2017,CNG,Automatic,1570000.0,13.8,800,7,7700.0,15.7,7.7,7,Below 1.0L,Low
9314,Skoda,Superb,2024,Petrol,Manual,2200000.0,17.9,800,5,24600.0,22.0,24.6,0,Below 1.0L,Average
9315,Renault,Triber,2017,Diesel,Automatic,960000.0,27.0,800,6,24400.0,9.6,24.4,7,Below 1.0L,Excellent
9316,Mahindra,XUV700,2019,Petrol,Automatic,3270000.0,17.6,2000,7,13900.0,32.7,13.9,5,1.5L-2.0L,Average
9317,Renault,Triber,2019,Diesel,Automatic,640000.0,28.9,2000,7,9700.0,6.4,9.7,5,1.5L-2.0L,Excellent
9318,Maruti Suzuki,Baleno,2023,Electric,Automatic,3020000.0,22.5,1800,4,12300.0,30.2,12.3,1,1.5L-2.0L,Good
9319,Kia,Seltos,2016,Electric,Automatic,1540000.0,12.9,2500,7,20100.0,15.4,20.1,8,2.0L-3.0L,Low
9320,Maruti Suzuki,Baleno,2016,CNG,Manual,2360000.0,22.3,1800,4,22400.0,23.6,22.4,8,1.5L-2.0L,Good
9321,Toyota,Urban Cruiser,2022,CNG,Automatic,1180000.0,13.2,800,4,6800.0,11.8,6.8,2,Below 1.0L,Low
9322,Toyota,Fortuner,2023,CNG,Automatic,2290000.0,19.4,1500,7,9000.0,22.9,9.0,1,1.0L-1.5L,Average
9323,Tata Motors,Punch,2021,Electric,Automatic,1720000.0,25.1,2000,6,14800.0,17.2,14.8,3,1.5L-2.0L,Excellent
9324,Mahindra,XUV300,2021,Electric,Manual,3290000.0,21.7,1200,7,21200.0,32.9,21.2,3,1.0L-1.5L,Good
9325,Maruti Suzuki,Baleno,2018,CNG,Manual,2110000.0,21.2,2500,7,21100.0,21.1,21.1,6,2.0L-3.0L,Good
9326,Maruti Suzuki,WagonR,2017,Electric,Automatic,1470000.0,28.6,2500,6,18000.0,14.7,18.0,7,2.0L-3.0L,Excellent
9327,Hyundai,Creta,2021,Electric,Manual,1190000.0,23.3,2000,6,19900.0,11.9,19.9,3,1.5L-2.0L,Good
9328,Hyundai,i20,2015,CNG,Manual,3310000.0,14.0,800,6,17800.0,33.1,17.8,9,Below 1.0L,Low
9329,Toyota,Glanza,2021,Electric,Automatic,810000.0,14.7,2000,4,9500.0,8.1,9.5,3,1.5L-2.0L,Low
9330,Toyota,Innova,2022,CNG,Automatic,1850000.0,13.7,1000,7,12400.0,18.5,12.4,2,Below 1.0L,Low
9331,Skoda,Octavia,2022,Diesel,Automatic,2630000.0,21.2,1500,4,5500.0,26.3,5.5,2,1.0L-1.5L,Good
9332,Volkswagen,Vento,2016,CNG,Automatic,2870000.0,30.0,2000,6,21700.0,28.7,21.7,8,1.5L-2.0L,Excellent
9333,Kia,Carens,2018,Diesel,Automatic,2100000.0,20.2,1500,4,17900.0,21.0,17.9,6,1.0L-1.5L,Good
9334,Hyundai,Verna,2018,Electric,Manual,3130000.0,30.0,2500,6,8500.0,31.3,8.5,6,2.0L-3.0L,Excellent
9335,Maruti Suzuki,Dzire,2024,Electric,Automatic,1800000.0,23.9,1500,6,18500.0,18.0,18.5,0,1.0L-1.5L,Good
9336,Skoda,Octavia,2016,CNG,Automatic,2690000.0,19.2,1500,5,7200.0,26.9,7.2,8,1.0L-1.5L,Average
9337,Renault,Kiger,2022,Petrol,Manual,700000.0,17.7,800,6,12800.0,7.0,12.8,2,Below 1.0L,Average
9338,Volkswagen,Virtus,2022,CNG,Manual,2250000.0,20.5,2000,6,11300.0,22.5,11.3,2,1.5L-2.0L,Good
9339,Volkswagen,Tiguan,2022,CNG,Automatic,1500000.0,15.1,2000,7,18600.0,15.0,18.6,2,1.5L-2.0L,Average
9340,Volkswagen,Vento,2019,CNG,Manual,3220000.0,10.6,2500,4,19000.0,32.2,19.0,5,2.0L-3.0L,Low
9341,Skoda,Slavia,2024,CNG,Automatic,2590000.0,20.8,2500,6,11300.0,25.9,11.3,0,2.0L-3.0L,Good
9342,Renault,Triber,2018,Electric,Automatic,670000.0,13.9,1800,5,15500.0,6.7,15.5,6,1.5L-2.0L,Low
9343,Mahindra,Bolero,2020,Petrol,Automatic,1930000.0,23.8,1000,6,13800.0,19.3,13.8,4,Below 1.0L,Good
9344,Honda,City,2018,Petrol,Manual,2850000.0,24.4,1800,7,7000.0,28.5,7.0,6,1.5L-2.0L,Good
9345,Skoda,Rapid,2022,Petrol,Automatic,760000.0,26.2,1200,7,15300.0,7.6,15.3,2,1.0L-1.5L,Excellent
9346,Kia,Carens,2019,Diesel,Automatic,750000.0,12.8,1200,7,5900.0,7.5,5.9,5,1.0L-1.5L,Low
9347,Kia,Carens,2022,Diesel,Manual,2000000.0,25.7,800,5,21700.0,20.0,21.7,2,Below 1.0L,Excellent
9348,Mahindra,Thar,2019,Diesel,Automatic,2640000.0,12.2,1000,5,13700.0,26.4,13.7,5,Below 1.0L,Low
9349,Honda,Civic,2023,Diesel,Automatic,3330000.0,29.6,2000,4,18000.0,33.3,18.0,1,1.5L-2.0L,Excellent
9350,Volkswagen,Vento,2016,Electric,Automatic,1570000.0,22.8,2500,6,14600.0,15.7,14.6,8,2.0L-3.0L,Good
9351,Hyundai,i10,2022,Diesel,Automatic,1550000.0,28.6,1000,7,6100.0,15.5,6.1,2,Below 1.0L,Excellent
9352,Toyota,Camry,2022,Diesel,Manual,1970000.0,29.9,800,5,23300.0,19.7,23.3,2,Below 1.0L,Excellent
9353,Hyundai,i10,2020,Diesel,Automatic,1710000.0,12.8,2000,5,24900.0,17.1,24.9,4,1.5L-2.0L,Low
9354,Tata Motors,Punch,2023,Electric,Automatic,1140000.0,10.8,1200,4,17900.0,11.4,17.9,1,1.0L-1.5L,Low
9355,Kia,EV6,2015,Electric,Manual,3470000.0,23.2,800,6,14600.0,34.7,14.6,9,Below 1.0L,Good
9356,Mahindra,XUV700,2021,Petrol,Manual,2690000.0,29.1,800,6,8900.0,26.9,8.9,3,Below 1.0L,Excellent
9357,Tata Motors,Nexon,2023,Electric,Automatic,1080000.0,24.8,1800,4,17100.0,10.8,17.1,1,1.5L-2.0L,Good
9358,Hyundai,Venue,2022,CNG,Automatic,2800000.0,22.7,2500,5,22700.0,28.0,22.7,2,2.0L-3.0L,Good
9359,Maruti Suzuki,Ertiga,2019,Electric,Manual,1070000.0,14.0,1000,7,10200.0,10.7,10.2,5,Below 1.0L,Low
9360,Honda,Civic,2023,Diesel,Automatic,560000.0,22.0,1200,5,13100.0,5.6,13.1,1,1.0L-1.5L,Good
9361,Volkswagen,Tiguan,2017,Petrol,Manual,2780000.0,15.3,2500,7,16900.0,27.8,16.9,7,2.0L-3.0L,Average
9362,Toyota,Fortuner,2017,Electric,Manual,1360000.0,20.3,2000,4,22100.0,13.6,22.1,7,1.5L-2.0L,Good
9363,Skoda,Rapid,2020,Electric,Manual,990000.0,27.3,1000,5,23900.0,9.9,23.9,4,Below 1.0L,Excellent
9364,Tata Motors,Harrier,2020,CNG,Automatic,1900000.0,17.7,1800,5,14100.0,19.0,14.1,4,1.5L-2.0L,Average
9365,Kia,Seltos,2022,Electric,Automatic,1550000.0,11.2,1800,4,22900.0,15.5,22.9,2,1.5L-2.0L,Low
9366,Tata Motors,Nexon,2016,Electric,Automatic,3380000.0,12.9,1000,4,5900.0,33.8,5.9,8,Below 1.0L,Low
9367,Toyota,Glanza,2017,CNG,Manual,1330000.0,26.7,1000,5,10400.0,13.3,10.4,7,Below 1.0L,Excellent
9368,Honda,Amaze,2023,Electric,Manual,2860000.0,23.3,1800,4,19600.0,28.6,19.6,1,1.5L-2.0L,Good
9369,Honda,Jazz,2023,Diesel,Automatic,1680000.0,29.3,800,5,8700.0,16.8,8.7,1,Below 1.0L,Excellent
9370,Kia,Carens,2022,Petrol,Automatic,590000.0,24.9,1200,4,20100.0,5.9,20.1,2,1.0L-1.5L,Good
9371,Honda,City,2018,Diesel,Manual,3180000.0,12.7,1800,7,19800.0,31.8,19.8,6,1.5L-2.0L,Low
9372,Kia,Seltos,2017,CNG,Manual,1040000.0,15.2,2500,4,9200.0,10.4,9.2,7,2.0L-3.0L,Average
9373,Toyota,Urban Cruiser,2018,CNG,Automatic,450000.0,21.8,2500,5,17500.0,4.5,17.5,6,2.0L-3.0L,Good
9374,Hyundai,Creta,2024,Petrol,Manual,1110000.0,25.5,1000,5,5500.0,11.1,5.5,0,Below 1.0L,Excellent
9375,Toyota,Fortuner,2018,Electric,Manual,2760000.0,13.5,1800,6,17300.0,27.6,17.3,6,1.5L-2.0L,Low
9376,Mahindra,Thar,2019,Diesel,Automatic,1070000.0,11.6,1000,5,6900.0,10.7,6.9,5,Below 1.0L,Low
9377,Kia,EV6,2023,Electric,Manual,660000.0,10.3,1000,6,19700.0,6.6,19.7,1,Below 1.0L,Low
9378,Volkswagen,Taigun,2022,CNG,Manual,2530000.0,10.6,2000,7,15000.0,25.3,15.0,2,1.5L-2.0L,Low
9379,Renault,Lodgy,2016,Petrol,Manual,2420000.0,26.9,2500,6,8700.0,24.2,8.7,8,2.0L-3.0L,Excellent
9380,Honda,Civic,2020,CNG,Manual,2490000.0,12.8,1000,7,10700.0,24.9,10.7,4,Below 1.0L,Low
9381,Renault,Kwid,2023,CNG,Manual,3400000.0,27.7,2000,4,14200.0,34.0,14.2,1,1.5L-2.0L,Excellent
9382,Toyota,Camry,2018,Petrol,Automatic,2070000.0,15.9,1800,6,5800.0,20.7,5.8,6,1.5L-2.0L,Average
9383,Kia,Sonet,2021,Diesel,Manual,1410000.0,23.9,2500,6,18000.0,14.1,18.0,3,2.0L-3.0L,Good
9384,Mahindra,Thar,2022,Electric,Automatic,1670000.0,15.6,2000,5,19400.0,16.7,19.4,2,1.5L-2.0L,Average
9385,Skoda,Kushaq,2019,Petrol,Automatic,2320000.0,17.6,2500,6,12900.0,23.2,12.9,5,2.0L-3.0L,Average
9386,Skoda,Superb,2021,Petrol,Manual,3400000.0,11.4,800,5,22700.0,34.0,22.7,3,Below 1.0L,Low
9387,Toyota,Fortuner,2021,CNG,Manual,1390000.0,15.8,1500,6,23600.0,13.9,23.6,3,1.0L-1.5L,Average
9388,Skoda,Octavia,2016,Petrol,Automatic,2340000.0,10.7,1800,6,22400.0,23.4,22.4,8,1.5L-2.0L,Low
9389,Maruti Suzuki,WagonR,2017,Diesel,Manual,590000.0,14.1,1000,6,14700.0,5.9,14.7,7,Below 1.0L,Low
9390,Honda,Amaze,2017,Electric,Manual,870000.0,28.3,800,4,6900.0,8.7,6.9,7,Below 1.0L,Excellent
9391,Hyundai,i20,2018,Diesel,Manual,2480000.0,27.2,1200,5,15700.0,24.8,15.7,6,1.0L-1.5L,Excellent
9392,Kia,Carnival,2016,Petrol,Manual,3240000.0,29.9,800,7,5900.0,32.4,5.9,8,Below 1.0L,Excellent
9393,Maruti Suzuki,Swift,2022,Petrol,Manual,2090000.0,24.3,800,6,10400.0,20.9,10.4,2,Below 1.0L,Good
9394,Toyota,Camry,2017,CNG,Automatic,2940000.0,23.9,2500,5,21100.0,29.4,21.1,7,2.0L-3.0L,Good
9395,Maruti Suzuki,WagonR,2018,CNG,Manual,960000.0,18.8,2000,7,20400.0,9.6,20.4,6,1.5L-2.0L,Average
9396,Maruti Suzuki,Ertiga,2022,Petrol,Automatic,1630000.0,22.3,1000,6,8900.0,16.3,8.9,2,Below 1.0L,Good
9397,Mahindra,Scorpio,2019,CNG,Manual,640000.0,12.7,2000,4,8400.0,6.4,8.4,5,1.5L-2.0L,Low
9398,Skoda,Octavia,2020,Petrol,Manual,740000.0,12.3,800,4,24400.0,7.4,24.4,4,Below 1.0L,Low
9399,Maruti Suzuki,Ertiga,2021,Petrol,Automatic,1560000.0,12.5,1500,6,21600.0,15.6,21.6,3,1.0L-1.5L,Low
9400,Kia,Sonet,2024,Electric,Manual,540000.0,27.3,1200,5,17500.0,5.4,17.5,0,1.0L-1.5L,Excellent
9401,Toyota,Glanza,2023,Electric,Automatic,960000.0,21.7,800,6,6400.0,9.6,6.4,1,Below 1.0L,Good
9402,Skoda,Superb,2024,Electric,Automatic,3360000.0,16.0,1500,6,19100.0,33.6,19.1,0,1.0L-1.5L,Average
9403,Volkswagen,Virtus,2023,Electric,Manual,2540000.0,29.4,2500,6,12300.0,25.4,12.3,1,2.0L-3.0L,Excellent
9404,Volkswagen,Vento,2015,Electric,Manual,1770000.0,19.3,2500,4,19600.0,17.7,19.6,9,2.0L-3.0L,Average
9405,Maruti Suzuki,Baleno,2020,Electric,Automatic,3280000.0,10.3,1200,7,9200.0,32.8,9.2,4,1.0L-1.5L,Low
9406,Kia,Carnival,2021,Diesel,Manual,410000.0,24.6,2000,5,12000.0,4.1,12.0,3,1.5L-2.0L,Good
9407,Renault,Kiger,2022,Diesel,Manual,3370000.0,12.0,1200,7,14800.0,33.7,14.8,2,1.0L-1.5L,Low
9408,Volkswagen,Tiguan,2019,Petrol,Automatic,2680000.0,17.4,2000,5,21400.0,26.8,21.4,5,1.5L-2.0L,Average
9409,Volkswagen,Virtus,2016,Diesel,Automatic,970000.0,15.0,1200,7,14600.0,9.7,14.6,8,1.0L-1.5L,Low
9410,Kia,Sonet,2022,Diesel,Manual,1740000.0,21.6,800,5,15900.0,17.4,15.9,2,Below 1.0L,Good
9411,Toyota,Urban Cruiser,2018,CNG,Automatic,1090000.0,13.2,800,6,10900.0,10.9,10.9,6,Below 1.0L,Low
9412,Mahindra,Thar,2016,Electric,Automatic,1450000.0,12.4,2000,5,17900.0,14.5,17.9,8,1.5L-2.0L,Low
9413,Maruti Suzuki,Dzire,2015,Petrol,Automatic,1720000.0,12.9,1800,4,22600.0,17.2,22.6,9,1.5L-2.0L,Low
9414,Maruti Suzuki,Ertiga,2019,Petrol,Manual,590000.0,24.9,800,5,20500.0,5.9,20.5,5,Below 1.0L,Good
9415,Hyundai,i10,2017,Electric,Automatic,1780000.0,16.4,1200,5,15000.0,17.8,15.0,7,1.0L-1.5L,Average
9416,Honda,Amaze,2021,CNG,Automatic,2800000.0,23.9,1800,6,22000.0,28.0,22.0,3,1.5L-2.0L,Good
9417,Maruti Suzuki,WagonR,2023,CNG,Automatic,2720000.0,11.7,2500,5,9400.0,27.2,9.4,1,2.0L-3.0L,Low
9418,Mahindra,Thar,2023,CNG,Manual,1440000.0,29.1,2000,7,14900.0,14.4,14.9,1,1.5L-2.0L,Excellent
9419,Hyundai,Venue,2015,Petrol,Automatic,1870000.0,19.6,800,5,5100.0,18.7,5.1,9,Below 1.0L,Average
9420,Tata Motors,Nexon,2018,Electric,Manual,3090000.0,17.0,1500,5,19800.0,30.9,19.8,6,1.0L-1.5L,Average
9421,Kia,Carnival,2022,Petrol,Manual,1650000.0,25.3,1500,5,21800.0,16.5,21.8,2,1.0L-1.5L,Excellent
9422,Honda,Amaze,2021,Petrol,Manual,3150000.0,29.5,2500,6,13100.0,31.5,13.1,3,2.0L-3.0L,Excellent
9423,Kia,Seltos,2024,Diesel,Automatic,3310000.0,17.7,1200,7,14700.0,33.1,14.7,0,1.0L-1.5L,Average
9424,Mahindra,XUV700,2024,CNG,Automatic,730000.0,29.9,1500,7,18300.0,7.3,18.3,0,1.0L-1.5L,Excellent
9425,Hyundai,Venue,2023,CNG,Automatic,3200000.0,13.7,1800,5,9400.0,32.0,9.4,1,1.5L-2.0L,Low
9426,Volkswagen,Tiguan,2020,Diesel,Automatic,2630000.0,12.7,1200,5,13500.0,26.3,13.5,4,1.0L-1.5L,Low
9427,Mahindra,XUV700,2019,CNG,Manual,2260000.0,12.0,800,7,21500.0,22.6,21.5,5,Below 1.0L,Low
9428,Volkswagen,Taigun,2018,Electric,Automatic,2510000.0,28.3,1000,7,6400.0,25.1,6.4,6,Below 1.0L,Excellent
9429,Tata Motors,Nexon,2015,Diesel,Automatic,2980000.0,28.8,1800,5,16300.0,29.8,16.3,9,1.5L-2.0L,Excellent
9430,Skoda,Superb,2020,CNG,Automatic,1250000.0,16.7,2000,5,10400.0,12.5,10.4,4,1.5L-2.0L,Average
9431,Toyota,Glanza,2024,CNG,Manual,1540000.0,25.2,2500,5,18400.0,15.4,18.4,0,2.0L-3.0L,Excellent
9432,Mahindra,XUV300,2023,Petrol,Automatic,3400000.0,19.6,2000,7,5200.0,34.0,5.2,1,1.5L-2.0L,Average
9433,Renault,Triber,2022,Diesel,Manual,2620000.0,18.0,2500,5,18600.0,26.2,18.6,2,2.0L-3.0L,Average
9434,Mahindra,XUV300,2018,Electric,Manual,1150000.0,18.3,2500,6,9800.0,11.5,9.8,6,2.0L-3.0L,Average
9435,Honda,Amaze,2020,CNG,Manual,1850000.0,23.6,800,6,13900.0,18.5,13.9,4,Below 1.0L,Good
9436,Tata Motors,Altroz,2019,CNG,Automatic,440000.0,14.7,2000,6,20600.0,4.4,20.6,5,1.5L-2.0L,Low
9437,Skoda,Octavia,2021,Diesel,Manual,1600000.0,24.3,800,6,16100.0,16.0,16.1,3,Below 1.0L,Good
9438,Kia,EV6,2022,Electric,Manual,740000.0,19.0,1500,5,22600.0,7.4,22.6,2,1.0L-1.5L,Average
9439,Honda,WR-V,2021,Diesel,Manual,760000.0,18.5,1500,6,11100.0,7.6,11.1,3,1.0L-1.5L,Average
9440,Renault,Kiger,2021,Electric,Automatic,2860000.0,23.9,1500,4,17300.0,28.6,17.3,3,1.0L-1.5L,Good
9441,Maruti Suzuki,Baleno,2015,Diesel,Automatic,2620000.0,29.9,1000,5,5800.0,26.2,5.8,9,Below 1.0L,Excellent
9442,Renault,Lodgy,2018,CNG,Manual,870000.0,25.9,1000,7,7600.0,8.7,7.6,6,Below 1.0L,Excellent
9443,Hyundai,i10,2015,Petrol,Automatic,430000.0,12.5,1800,5,14200.0,4.3,14.2,9,1.5L-2.0L,Low
9444,Mahindra,XUV700,2021,CNG,Manual,880000.0,21.0,1200,6,16400.0,8.8,16.4,3,1.0L-1.5L,Good
9445,Toyota,Camry,2024,CNG,Manual,2890000.0,25.9,1800,5,11700.0,28.9,11.7,0,1.5L-2.0L,Excellent
9446,Tata Motors,Punch,2015,CNG,Automatic,3050000.0,14.2,800,4,23700.0,30.5,23.7,9,Below 1.0L,Low
9447,Mahindra,XUV700,2023,CNG,Automatic,730000.0,22.6,2500,7,13000.0,7.3,13.0,1,2.0L-3.0L,Good
9448,Honda,Civic,2023,Petrol,Manual,2810000.0,12.5,800,7,21200.0,28.1,21.2,1,Below 1.0L,Low
9449,Volkswagen,Polo,2017,Diesel,Automatic,2600000.0,12.5,1500,4,24100.0,26.0,24.1,7,1.0L-1.5L,Low
9450,Skoda,Rapid,2017,Diesel,Manual,470000.0,26.2,2000,6,15200.0,4.7,15.2,7,1.5L-2.0L,Excellent
9451,Toyota,Fortuner,2019,Electric,Manual,2290000.0,27.9,1200,7,22600.0,22.9,22.6,5,1.0L-1.5L,Excellent
9452,Renault,Kiger,2019,Diesel,Automatic,2680000.0,12.0,1000,7,19600.0,26.8,19.6,5,Below 1.0L,Low
9453,Kia,Seltos,2015,Diesel,Automatic,1450000.0,17.0,2500,5,7200.0,14.5,7.2,9,2.0L-3.0L,Average
9454,Tata Motors,Nexon,2015,Diesel,Automatic,1080000.0,27.1,1800,4,14700.0,10.8,14.7,9,1.5L-2.0L,Excellent
9455,Volkswagen,Tiguan,2018,Diesel,Manual,590000.0,10.8,800,7,8800.0,5.9,8.8,6,Below 1.0L,Low
9456,Skoda,Superb,2024,Electric,Manual,670000.0,17.9,2000,6,18600.0,6.7,18.6,0,1.5L-2.0L,Average
9457,Maruti Suzuki,Ertiga,2015,Diesel,Automatic,1330000.0,27.7,2500,4,19500.0,13.3,19.5,9,2.0L-3.0L,Excellent
9458,Renault,Kwid,2022,Diesel,Manual,3220000.0,26.6,1500,4,17600.0,32.2,17.6,2,1.0L-1.5L,Excellent
9459,Skoda,Octavia,2015,Electric,Manual,1670000.0,17.6,1000,4,15100.0,16.7,15.1,9,Below 1.0L,Average
9460,Toyota,Glanza,2023,Diesel,Automatic,400000.0,29.0,1000,5,23400.0,4.0,23.4,1,Below 1.0L,Excellent
9461,Mahindra,XUV700,2016,CNG,Manual,3010000.0,24.0,2000,5,23500.0,30.1,23.5,8,1.5L-2.0L,Good
9462,Kia,Carnival,2023,Diesel,Automatic,2820000.0,15.1,2500,6,21800.0,28.2,21.8,1,2.0L-3.0L,Average
9463,Hyundai,Creta,2016,CNG,Automatic,2810000.0,17.8,2500,6,9700.0,28.1,9.7,8,2.0L-3.0L,Average
9464,Renault,Kiger,2015,Petrol,Automatic,2740000.0,29.9,2500,4,20300.0,27.4,20.3,9,2.0L-3.0L,Excellent
9465,Hyundai,Verna,2017,Diesel,Manual,3330000.0,29.9,1800,6,21400.0,33.3,21.4,7,1.5L-2.0L,Excellent
9466,Skoda,Superb,2017,Diesel,Automatic,3280000.0,28.4,2000,4,11600.0,32.8,11.6,7,1.5L-2.0L,Excellent
9467,Renault,Kiger,2015,Diesel,Manual,490000.0,12.8,1800,5,15200.0,4.9,15.2,9,1.5L-2.0L,Low
9468,Tata Motors,Altroz,2024,CNG,Manual,2900000.0,15.0,1800,4,7200.0,29.0,7.2,0,1.5L-2.0L,Low
9469,Renault,Kiger,2024,Diesel,Manual,3310000.0,29.9,1800,7,15800.0,33.1,15.8,0,1.5L-2.0L,Excellent
9470,Hyundai,i10,2022,CNG,Automatic,3390000.0,20.4,1500,4,14900.0,33.9,14.9,2,1.0L-1.5L,Good
9471,Hyundai,i10,2018,Electric,Automatic,820000.0,16.0,800,7,18400.0,8.2,18.4,6,Below 1.0L,Average
9472,Toyota,Urban Cruiser,2018,Petrol,Automatic,1090000.0,13.9,1200,6,10900.0,10.9,10.9,6,1.0L-1.5L,Low
9473,Renault,Kiger,2017,Diesel,Manual,1350000.0,19.6,1800,7,8000.0,13.5,8.0,7,1.5L-2.0L,Average
9474,Toyota,Fortuner,2017,Petrol,Manual,1070000.0,13.3,2500,5,11500.0,10.7,11.5,7,2.0L-3.0L,Low
9475,Hyundai,i20,2024,Electric,Manual,1060000.0,19.7,800,4,14700.0,10.6,14.7,0,Below 1.0L,Average
9476,Maruti Suzuki,Ertiga,2018,Petrol,Automatic,2520000.0,21.3,1500,7,5100.0,25.2,5.1,6,1.0L-1.5L,Good
9477,Tata Motors,Tiago,2015,CNG,Manual,2740000.0,24.3,1000,5,18800.0,27.4,18.8,9,Below 1.0L,Good
9478,Hyundai,i20,2018,Electric,Automatic,3030000.0,19.7,2000,6,13500.0,30.3,13.5,6,1.5L-2.0L,Average
9479,Skoda,Kushaq,2016,CNG,Automatic,870000.0,19.1,2500,7,22100.0,8.7,22.1,8,2.0L-3.0L,Average
9480,Hyundai,Verna,2020,Petrol,Automatic,500000.0,12.2,2000,6,16800.0,5.0,16.8,4,1.5L-2.0L,Low
9481,Renault,Kwid,2015,Electric,Automatic,3260000.0,22.6,1200,6,12100.0,32.6,12.1,9,1.0L-1.5L,Good
9482,Hyundai,i10,2018,CNG,Automatic,1980000.0,15.3,1000,4,11400.0,19.8,11.4,6,Below 1.0L,Average
9483,Hyundai,Venue,2017,Electric,Automatic,2490000.0,29.8,1200,7,7600.0,24.9,7.6,7,1.0L-1.5L,Excellent
9484,Renault,Lodgy,2022,Petrol,Automatic,2430000.0,18.5,1500,7,5100.0,24.3,5.1,2,1.0L-1.5L,Average
9485,Renault,Triber,2015,Electric,Manual,1990000.0,11.4,1800,6,6900.0,19.9,6.9,9,1.5L-2.0L,Low
9486,Maruti Suzuki,Dzire,2022,Diesel,Manual,1720000.0,17.5,800,6,9000.0,17.2,9.0,2,Below 1.0L,Average
9487,Volkswagen,Virtus,2016,Diesel,Manual,3400000.0,28.5,1800,5,17000.0,34.0,17.0,8,1.5L-2.0L,Excellent
9488,Kia,Sonet,2024,Petrol,Manual,2450000.0,15.5,800,6,8300.0,24.5,8.3,0,Below 1.0L,Average
9489,Maruti Suzuki,WagonR,2023,Electric,Manual,3150000.0,17.1,1000,5,8700.0,31.5,8.7,1,Below 1.0L,Average
9490,Tata Motors,Altroz,2015,Petrol,Manual,2620000.0,12.5,1200,7,15700.0,26.2,15.7,9,1.0L-1.5L,Low
9491,Toyota,Camry,2024,Electric,Manual,830000.0,27.4,2000,4,10000.0,8.3,10.0,0,1.5L-2.0L,Excellent
9492,Maruti Suzuki,Baleno,2023,CNG,Manual,1630000.0,29.4,2000,7,8600.0,16.3,8.6,1,1.5L-2.0L,Excellent
9493,Hyundai,i10,2019,CNG,Automatic,1390000.0,16.9,1000,4,10200.0,13.9,10.2,5,Below 1.0L,Average
9494,Renault,Triber,2021,Petrol,Manual,2600000.0,22.8,2500,4,12000.0,26.0,12.0,3,2.0L-3.0L,Good
9495,Skoda,Octavia,2020,CNG,Automatic,1010000.0,10.5,1500,6,24900.0,10.1,24.9,4,1.0L-1.5L,Low
9496,Maruti Suzuki,Dzire,2023,Electric,Automatic,3130000.0,12.4,1500,5,18600.0,31.3,18.6,1,1.0L-1.5L,Low
9497,Skoda,Superb,2024,CNG,Manual,1240000.0,20.0,800,7,21100.0,12.4,21.1,0,Below 1.0L,Average
9498,Hyundai,i20,2017,Petrol,Manual,2110000.0,13.2,2000,6,19000.0,21.1,19.0,7,1.5L-2.0L,Low
9499,Tata Motors,Harrier,2016,CNG,Automatic,2840000.0,13.0,2000,6,21700.0,28.4,21.7,8,1.5L-2.0L,Low
9500,Honda,Amaze,2021,CNG,Manual,1420000.0,16.7,2500,7,6900.0,14.2,6.9,3,2.0L-3.0L,Average
9501,Toyota,Innova,2024,Diesel,Manual,1760000.0,10.3,2500,7,5900.0,17.6,5.9,0,2.0L-3.0L,Low
9502,Skoda,Octavia,2022,Electric,Manual,2240000.0,25.1,1800,4,19500.0,22.4,19.5,2,1.5L-2.0L,Excellent
9503,Maruti Suzuki,Ertiga,2016,Diesel,Automatic,2900000.0,13.9,2500,5,16000.0,29.0,16.0,8,2.0L-3.0L,Low
9504,Mahindra,Scorpio,2023,Electric,Automatic,1390000.0,13.3,2500,7,9000.0,13.9,9.0,1,2.0L-3.0L,Low
9505,Maruti Suzuki,Dzire,2016,Diesel,Manual,1140000.0,22.4,1000,7,25000.0,11.4,25.0,8,Below 1.0L,Good
9506,Kia,Seltos,2024,Diesel,Automatic,2740000.0,11.0,2000,7,8300.0,27.4,8.3,0,1.5L-2.0L,Low
9507,Kia,Seltos,2017,Electric,Automatic,820000.0,16.0,1800,6,9600.0,8.2,9.6,7,1.5L-2.0L,Average
9508,Toyota,Glanza,2024,Electric,Manual,640000.0,19.0,1800,4,5800.0,6.4,5.8,0,1.5L-2.0L,Average
9509,Volkswagen,Virtus,2016,Petrol,Manual,2250000.0,20.6,1200,5,8500.0,22.5,8.5,8,1.0L-1.5L,Good
9510,Skoda,Slavia,2016,Electric,Automatic,1240000.0,18.5,1500,5,10900.0,12.4,10.9,8,1.0L-1.5L,Average
9511,Mahindra,Scorpio,2019,Petrol,Manual,3260000.0,23.4,2500,5,16600.0,32.6,16.6,5,2.0L-3.0L,Good
9512,Volkswagen,Polo,2016,Petrol,Manual,1400000.0,15.2,2500,4,17100.0,14.0,17.1,8,2.0L-3.0L,Average
9513,Hyundai,Verna,2024,Petrol,Manual,3400000.0,27.3,2500,7,10800.0,34.0,10.8,0,2.0L-3.0L,Excellent
9514,Renault,Lodgy,2022,Diesel,Manual,3000000.0,18.1,1800,4,7300.0,30.0,7.3,2,1.5L-2.0L,Average
9515,Hyundai,Venue,2017,CNG,Automatic,2080000.0,25.5,2000,6,18200.0,20.8,18.2,7,1.5L-2.0L,Excellent
9516,Honda,Civic,2019,CNG,Manual,900000.0,24.5,1500,6,13100.0,9.0,13.1,5,1.0L-1.5L,Good
9517,Honda,WR-V,2021,Diesel,Automatic,2610000.0,17.5,800,5,21300.0,26.1,21.3,3,Below 1.0L,Average
9518,Tata Motors,Tiago,2017,Electric,Manual,2050000.0,28.9,1800,4,17600.0,20.5,17.6,7,1.5L-2.0L,Excellent
9519,Tata Motors,Nexon,2022,Diesel,Automatic,3090000.0,20.2,2500,5,23200.0,30.9,23.2,2,2.0L-3.0L,Good
9520,Kia,EV6,2022,Electric,Automatic,2490000.0,22.8,1200,7,5100.0,24.9,5.1,2,1.0L-1.5L,Good
9521,Volkswagen,Virtus,2024,Petrol,Automatic,3200000.0,15.6,2000,4,18900.0,32.0,18.9,0,1.5L-2.0L,Average
9522,Hyundai,Venue,2021,Diesel,Automatic,980000.0,24.2,1000,5,12600.0,9.8,12.6,3,Below 1.0L,Good
9523,Skoda,Superb,2015,Petrol,Automatic,1040000.0,23.2,1000,4,17900.0,10.4,17.9,9,Below 1.0L,Good
9524,Tata Motors,Punch,2018,Petrol,Manual,2170000.0,20.3,800,4,14000.0,21.7,14.0,6,Below 1.0L,Good
9525,Renault,Lodgy,2017,Diesel,Manual,3040000.0,27.3,1200,6,17300.0,30.4,17.3,7,1.0L-1.5L,Excellent
9526,Mahindra,XUV300,2023,Diesel,Automatic,1030000.0,21.9,1200,5,6300.0,10.3,6.3,1,1.0L-1.5L,Good
9527,Skoda,Superb,2019,CNG,Manual,1300000.0,20.0,2500,6,14900.0,13.0,14.9,5,2.0L-3.0L,Average
9528,Hyundai,Venue,2019,Diesel,Manual,2560000.0,14.4,2000,5,17100.0,25.6,17.1,5,1.5L-2.0L,Low
9529,Mahindra,XUV700,2021,Diesel,Automatic,3210000.0,13.6,1800,6,8500.0,32.1,8.5,3,1.5L-2.0L,Low
9530,Volkswagen,Vento,2020,Diesel,Manual,1970000.0,10.7,1500,4,13600.0,19.7,13.6,4,1.0L-1.5L,Low
9531,Toyota,Innova,2023,Diesel,Automatic,1070000.0,22.0,1000,5,6500.0,10.7,6.5,1,Below 1.0L,Good
9532,Mahindra,Thar,2021,Diesel,Manual,610000.0,15.8,2000,5,11500.0,6.1,11.5,3,1.5L-2.0L,Average
9533,Renault,Lodgy,2023,Diesel,Manual,2570000.0,28.1,1800,5,24400.0,25.7,24.4,1,1.5L-2.0L,Excellent
9534,Mahindra,Thar,2016,Electric,Manual,2400000.0,18.1,2500,7,12900.0,24.0,12.9,8,2.0L-3.0L,Average
9535,Maruti Suzuki,WagonR,2016,Petrol,Manual,870000.0,22.9,1800,7,6100.0,8.7,6.1,8,1.5L-2.0L,Good
9536,Volkswagen,Taigun,2024,Electric,Automatic,910000.0,10.5,2000,7,20600.0,9.1,20.6,0,1.5L-2.0L,Low
9537,Hyundai,Venue,2018,CNG,Automatic,1340000.0,11.3,1000,6,15300.0,13.4,15.3,6,Below 1.0L,Low
9538,Skoda,Slavia,2022,CNG,Automatic,3070000.0,23.9,1500,6,16000.0,30.7,16.0,2,1.0L-1.5L,Good
9539,Skoda,Superb,2015,CNG,Automatic,1370000.0,19.1,2000,4,10300.0,13.7,10.3,9,1.5L-2.0L,Average
9540,Skoda,Octavia,2022,Electric,Automatic,2330000.0,21.3,1800,5,15400.0,23.3,15.4,2,1.5L-2.0L,Good
9541,Hyundai,i10,2017,Electric,Automatic,2510000.0,26.9,2500,4,14700.0,25.1,14.7,7,2.0L-3.0L,Excellent
9542,Skoda,Kushaq,2022,CNG,Automatic,440000.0,24.2,1800,5,18100.0,4.4,18.1,2,1.5L-2.0L,Good
9543,Mahindra,Bolero,2020,CNG,Automatic,3410000.0,12.6,1800,4,7800.0,34.1,7.8,4,1.5L-2.0L,Low
9544,Renault,Kwid,2019,CNG,Manual,2430000.0,24.6,1000,7,14600.0,24.3,14.6,5,Below 1.0L,Good
9545,Tata Motors,Altroz,2016,Electric,Automatic,3200000.0,10.3,1000,7,14100.0,32.0,14.1,8,Below 1.0L,Low
9546,Mahindra,Thar,2024,Electric,Automatic,3490000.0,18.1,2000,5,21300.0,34.9,21.3,0,1.5L-2.0L,Average
9547,Renault,Lodgy,2023,Petrol,Manual,1000000.0,20.9,1500,6,15500.0,10.0,15.5,1,1.0L-1.5L,Good
9548,Renault,Kiger,2022,CNG,Manual,2110000.0,24.1,2500,7,8500.0,21.1,8.5,2,2.0L-3.0L,Good
9549,Kia,Seltos,2018,Petrol,Manual,1800000.0,19.0,1000,7,5200.0,18.0,5.2,6,Below 1.0L,Average
9550,Kia,Seltos,2019,CNG,Automatic,3070000.0,11.5,800,6,9900.0,30.7,9.9,5,Below 1.0L,Low
9551,Kia,EV6,2019,Petrol,Manual,3170000.0,16.1,1200,5,16000.0,31.7,16.0,5,1.0L-1.5L,Average
9552,Renault,Kiger,2022,Electric,Manual,2340000.0,28.5,1000,7,20400.0,23.4,20.4,2,Below 1.0L,Excellent
9553,Renault,Kwid,2017,CNG,Manual,770000.0,26.8,2000,7,8300.0,7.7,8.3,7,1.5L-2.0L,Excellent
9554,Hyundai,i20,2015,Electric,Automatic,1340000.0,17.6,2000,4,15700.0,13.4,15.7,9,1.5L-2.0L,Average
9555,Tata Motors,Altroz,2023,CNG,Manual,3390000.0,27.9,1500,7,11900.0,33.9,11.9,1,1.0L-1.5L,Excellent
9556,Skoda,Rapid,2024,Petrol,Automatic,3240000.0,28.0,2000,4,11400.0,32.4,11.4,0,1.5L-2.0L,Excellent
9557,Maruti Suzuki,Ertiga,2019,Electric,Manual,1110000.0,19.6,1500,4,8200.0,11.1,8.2,5,1.0L-1.5L,Average
9558,Maruti Suzuki,Ertiga,2017,CNG,Automatic,3480000.0,10.5,1800,7,16300.0,34.8,16.3,7,1.5L-2.0L,Low
9559,Honda,City,2016,Electric,Manual,1980000.0,26.6,1500,5,13100.0,19.8,13.1,8,1.0L-1.5L,Excellent
9560,Kia,Sonet,2021,Diesel,Manual,3020000.0,19.2,1000,5,20700.0,30.2,20.7,3,Below 1.0L,Average
9561,Hyundai,i10,2018,CNG,Automatic,870000.0,26.9,2500,7,12300.0,8.7,12.3,6,2.0L-3.0L,Excellent
9562,Skoda,Slavia,2022,Petrol,Automatic,1920000.0,15.4,1200,4,8600.0,19.2,8.6,2,1.0L-1.5L,Average
9563,Honda,Amaze,2022,CNG,Automatic,420000.0,12.2,1200,4,5200.0,4.2,5.2,2,1.0L-1.5L,Low
9564,Toyota,Camry,2022,CNG,Automatic,2580000.0,14.4,2500,4,12100.0,25.8,12.1,2,2.0L-3.0L,Low
9565,Skoda,Slavia,2021,Electric,Manual,2790000.0,22.1,1500,4,6100.0,27.9,6.1,3,1.0L-1.5L,Good
9566,Mahindra,XUV700,2023,Electric,Manual,2050000.0,19.9,2500,4,8900.0,20.5,8.9,1,2.0L-3.0L,Average
9567,Honda,Jazz,2021,Petrol,Manual,3230000.0,12.3,1800,4,9200.0,32.3,9.2,3,1.5L-2.0L,Low
9568,Honda,Amaze,2023,CNG,Automatic,3460000.0,20.9,1200,5,9300.0,34.6,9.3,1,1.0L-1.5L,Good
9569,Renault,Kwid,2016,Electric,Automatic,980000.0,12.9,2000,5,23100.0,9.8,23.1,8,1.5L-2.0L,Low
9570,Kia,Sonet,2020,CNG,Manual,700000.0,15.4,800,7,18800.0,7.0,18.8,4,Below 1.0L,Average
9571,Hyundai,Venue,2017,CNG,Manual,2250000.0,26.3,1800,7,15400.0,22.5,15.4,7,1.5L-2.0L,Excellent
9572,Volkswagen,Vento,2015,Diesel,Manual,2750000.0,11.2,1800,7,19000.0,27.5,19.0,9,1.5L-2.0L,Low
9573,Maruti Suzuki,Baleno,2023,CNG,Manual,2420000.0,29.4,1500,5,7300.0,24.2,7.3,1,1.0L-1.5L,Excellent
9574,Honda,Civic,2021,Diesel,Automatic,940000.0,13.3,800,6,21800.0,9.4,21.8,3,Below 1.0L,Low
9575,Volkswagen,Vento,2019,Petrol,Automatic,1740000.0,11.4,1000,5,7400.0,17.4,7.4,5,Below 1.0L,Low
9576,Skoda,Kushaq,2015,Petrol,Automatic,1030000.0,15.7,800,4,20300.0,10.3,20.3,9,Below 1.0L,Average
9577,Toyota,Fortuner,2017,CNG,Automatic,430000.0,12.4,800,4,11000.0,4.3,11.0,7,Below 1.0L,Low
9578,Maruti Suzuki,Ertiga,2017,CNG,Manual,990000.0,11.5,2500,5,17700.0,9.9,17.7,7,2.0L-3.0L,Low
9579,Renault,Kwid,2023,Diesel,Manual,860000.0,12.9,800,5,18000.0,8.6,18.0,1,Below 1.0L,Low
9580,Honda,Civic,2023,Diesel,Automatic,3030000.0,24.2,1000,6,6400.0,30.3,6.4,1,Below 1.0L,Good
9581,Honda,Amaze,2020,Electric,Manual,890000.0,10.9,1500,7,6900.0,8.9,6.9,4,1.0L-1.5L,Low
9582,Tata Motors,Harrier,2024,Petrol,Manual,2800000.0,17.2,1800,4,8400.0,28.0,8.4,0,1.5L-2.0L,Average
9583,Toyota,Urban Cruiser,2015,Diesel,Manual,1850000.0,23.4,1200,7,5600.0,18.5,5.6,9,1.0L-1.5L,Good
9584,Toyota,Innova,2016,Electric,Manual,3090000.0,23.5,800,6,7400.0,30.9,7.4,8,Below 1.0L,Good
9585,Honda,Jazz,2022,Electric,Manual,1020000.0,16.0,1000,6,16000.0,10.2,16.0,2,Below 1.0L,Average
9586,Honda,City,2019,CNG,Manual,2990000.0,18.6,2000,7,19100.0,29.9,19.1,5,1.5L-2.0L,Average
9587,Mahindra,Bolero,2019,Petrol,Automatic,1100000.0,11.1,1200,5,8700.0,11.0,8.7,5,1.0L-1.5L,Low
9588,Skoda,Octavia,2019,Electric,Automatic,2650000.0,21.4,1500,5,8300.0,26.5,8.3,5,1.0L-1.5L,Good
9589,Tata Motors,Altroz,2024,Electric,Automatic,1670000.0,25.6,2500,7,8800.0,16.7,8.8,0,2.0L-3.0L,Excellent
9590,Volkswagen,Virtus,2022,CNG,Manual,1740000.0,19.0,1800,7,12200.0,17.4,12.2,2,1.5L-2.0L,Average
9591,Toyota,Camry,2023,CNG,Manual,2430000.0,19.6,1000,7,9500.0,24.3,9.5,1,Below 1.0L,Average
9592,Hyundai,Verna,2019,Diesel,Manual,880000.0,16.7,800,6,18500.0,8.8,18.5,5,Below 1.0L,Average
9593,Mahindra,Scorpio,2016,Diesel,Manual,2670000.0,17.5,1800,4,23900.0,26.7,23.9,8,1.5L-2.0L,Average
9594,Toyota,Glanza,2024,CNG,Automatic,1080000.0,21.2,2500,7,21500.0,10.8,21.5,0,2.0L-3.0L,Good
9595,Skoda,Kushaq,2022,CNG,Automatic,2690000.0,24.4,1800,7,24600.0,26.9,24.6,2,1.5L-2.0L,Good
9596,Volkswagen,Taigun,2024,Diesel,Manual,1440000.0,29.9,1200,6,19100.0,14.4,19.1,0,1.0L-1.5L,Excellent
9597,Mahindra,Bolero,2019,Electric,Automatic,3210000.0,22.1,1800,6,16600.0,32.1,16.6,5,1.5L-2.0L,Good
9598,Maruti Suzuki,Baleno,2015,CNG,Manual,3260000.0,15.1,1000,4,19200.0,32.6,19.2,9,Below 1.0L,Average
9599,Volkswagen,Vento,2023,Electric,Manual,2020000.0,29.5,1200,7,15500.0,20.2,15.5,1,1.0L-1.5L,Excellent
9600,Tata Motors,Harrier,2024,Electric,Manual,3160000.0,13.7,1000,6,7900.0,31.6,7.9,0,Below 1.0L,Low
9601,Maruti Suzuki,Dzire,2016,CNG,Automatic,2580000.0,21.1,1500,4,16100.0,25.8,16.1,8,1.0L-1.5L,Good
9602,Honda,Amaze,2024,CNG,Manual,590000.0,16.0,2500,6,17500.0,5.9,17.5,0,2.0L-3.0L,Average
9603,Volkswagen,Polo,2022,CNG,Manual,1410000.0,26.9,2500,5,8700.0,14.1,8.7,2,2.0L-3.0L,Excellent
9604,Volkswagen,Polo,2016,Diesel,Manual,1160000.0,12.6,1500,7,12000.0,11.6,12.0,8,1.0L-1.5L,Low
9605,Toyota,Innova,2023,Diesel,Automatic,1250000.0,26.9,800,6,6000.0,12.5,6.0,1,Below 1.0L,Excellent
9606,Hyundai,Venue,2024,Electric,Automatic,420000.0,12.2,2000,4,19500.0,4.2,19.5,0,1.5L-2.0L,Low
9607,Honda,Civic,2018,Electric,Manual,3300000.0,20.5,1000,7,6100.0,33.0,6.1,6,Below 1.0L,Good
9608,Honda,City,2021,Diesel,Manual,2130000.0,14.7,2500,6,24000.0,21.3,24.0,3,2.0L-3.0L,Low
9609,Mahindra,Bolero,2023,Diesel,Automatic,1150000.0,13.7,1200,4,22200.0,11.5,22.2,1,1.0L-1.5L,Low
9610,Kia,EV6,2020,CNG,Manual,2090000.0,28.5,1000,7,9400.0,20.9,9.4,4,Below 1.0L,Excellent
9611,Renault,Triber,2017,Petrol,Automatic,2730000.0,14.9,800,6,13000.0,27.3,13.0,7,Below 1.0L,Low
9612,Mahindra,Bolero,2020,Electric,Automatic,1190000.0,21.6,800,6,22300.0,11.9,22.3,4,Below 1.0L,Good
9613,Hyundai,Creta,2019,Diesel,Manual,2430000.0,21.4,1200,4,15600.0,24.3,15.6,5,1.0L-1.5L,Good
9614,Hyundai,Verna,2017,Petrol,Manual,820000.0,15.0,2500,5,7200.0,8.2,7.2,7,2.0L-3.0L,Low
9615,Maruti Suzuki,Ertiga,2018,Diesel,Automatic,1250000.0,17.6,1000,7,14700.0,12.5,14.7,6,Below 1.0L,Average
9616,Hyundai,Creta,2015,Electric,Manual,920000.0,28.2,2500,5,7200.0,9.2,7.2,9,2.0L-3.0L,Excellent
9617,Toyota,Urban Cruiser,2017,Electric,Automatic,3040000.0,26.4,1000,5,21700.0,30.4,21.7,7,Below 1.0L,Excellent
9618,Hyundai,Creta,2015,CNG,Automatic,1970000.0,10.3,1000,6,9500.0,19.7,9.5,9,Below 1.0L,Low
9619,Tata Motors,Tiago,2022,Diesel,Manual,770000.0,21.3,2000,7,20900.0,7.7,20.9,2,1.5L-2.0L,Good
9620,Maruti Suzuki,Baleno,2020,CNG,Manual,1600000.0,23.6,1200,6,17800.0,16.0,17.8,4,1.0L-1.5L,Good
9621,Tata Motors,Harrier,2019,CNG,Manual,440000.0,21.5,2500,5,13700.0,4.4,13.7,5,2.0L-3.0L,Good
9622,Honda,WR-V,2022,Petrol,Automatic,930000.0,23.3,1500,6,8600.0,9.3,8.6,2,1.0L-1.5L,Good
9623,Renault,Duster,2019,Electric,Automatic,1280000.0,26.1,1800,4,15300.0,12.8,15.3,5,1.5L-2.0L,Excellent
9624,Skoda,Octavia,2016,CNG,Automatic,960000.0,22.3,1200,4,15500.0,9.6,15.5,8,1.0L-1.5L,Good
9625,Toyota,Glanza,2015,Petrol,Manual,1280000.0,27.9,2000,5,9600.0,12.8,9.6,9,1.5L-2.0L,Excellent
9626,Mahindra,Bolero,2023,Electric,Automatic,2060000.0,11.0,1200,7,10100.0,20.6,10.1,1,1.0L-1.5L,Low
9627,Tata Motors,Nexon,2022,Electric,Manual,1370000.0,18.9,1800,4,6900.0,13.7,6.9,2,1.5L-2.0L,Average
9628,Mahindra,XUV300,2023,Petrol,Manual,2470000.0,20.1,2500,7,19300.0,24.7,19.3,1,2.0L-3.0L,Good
9629,Mahindra,Scorpio,2022,Electric,Manual,2500000.0,23.7,2500,5,14400.0,25.0,14.4,2,2.0L-3.0L,Good
9630,Hyundai,Verna,2019,CNG,Automatic,780000.0,29.4,2000,4,15200.0,7.8,15.2,5,1.5L-2.0L,Excellent
9631,Hyundai,Creta,2017,Diesel,Automatic,1100000.0,11.4,2500,6,9900.0,11.0,9.9,7,2.0L-3.0L,Low
9632,Renault,Triber,2020,Petrol,Automatic,1780000.0,10.6,1800,6,20100.0,17.8,20.1,4,1.5L-2.0L,Low
9633,Honda,WR-V,2024,Petrol,Manual,3270000.0,26.7,800,6,7200.0,32.7,7.2,0,Below 1.0L,Excellent
9634,Mahindra,XUV300,2023,Electric,Automatic,2290000.0,25.8,800,4,18000.0,22.9,18.0,1,Below 1.0L,Excellent
9635,Mahindra,Scorpio,2015,Electric,Automatic,790000.0,26.1,1200,6,6800.0,7.9,6.8,9,1.0L-1.5L,Excellent
9636,Volkswagen,Taigun,2023,Diesel,Automatic,1050000.0,16.8,2500,4,15200.0,10.5,15.2,1,2.0L-3.0L,Average
9637,Toyota,Urban Cruiser,2016,Diesel,Automatic,1900000.0,28.7,2500,6,11600.0,19.0,11.6,8,2.0L-3.0L,Excellent
9638,Honda,Amaze,2023,CNG,Automatic,790000.0,17.9,1000,4,19700.0,7.9,19.7,1,Below 1.0L,Average
9639,Maruti Suzuki,Dzire,2024,Petrol,Manual,680000.0,24.9,2000,6,24300.0,6.8,24.3,0,1.5L-2.0L,Good
9640,Toyota,Innova,2023,CNG,Automatic,1800000.0,12.2,1800,7,23300.0,18.0,23.3,1,1.5L-2.0L,Low
9641,Renault,Lodgy,2023,Diesel,Manual,3000000.0,23.4,1000,5,21000.0,30.0,21.0,1,Below 1.0L,Good
9642,Toyota,Innova,2023,CNG,Automatic,1640000.0,21.3,1200,6,9800.0,16.4,9.8,1,1.0L-1.5L,Good
9643,Volkswagen,Tiguan,2015,CNG,Automatic,1430000.0,17.3,2500,4,6900.0,14.3,6.9,9,2.0L-3.0L,Average
9644,Renault,Triber,2019,Petrol,Automatic,2440000.0,26.5,1000,7,18800.0,24.4,18.8,5,Below 1.0L,Excellent
9645,Honda,Civic,2019,Electric,Manual,2830000.0,16.9,1500,4,19000.0,28.3,19.0,5,1.0L-1.5L,Average
9646,Volkswagen,Vento,2022,Petrol,Manual,1540000.0,24.7,1000,6,11400.0,15.4,11.4,2,Below 1.0L,Good
9647,Volkswagen,Vento,2017,Electric,Automatic,1890000.0,21.7,800,5,18600.0,18.9,18.6,7,Below 1.0L,Good
9648,Volkswagen,Polo,2022,Petrol,Automatic,2340000.0,15.2,1500,6,20200.0,23.4,20.2,2,1.0L-1.5L,Average
9649,Maruti Suzuki,WagonR,2017,Petrol,Automatic,2500000.0,16.8,1500,6,11500.0,25.0,11.5,7,1.0L-1.5L,Average
9650,Mahindra,XUV300,2019,Diesel,Automatic,1180000.0,14.0,1800,7,24700.0,11.8,24.7,5,1.5L-2.0L,Low
9651,Kia,EV6,2019,Diesel,Manual,1010000.0,14.5,1500,5,14800.0,10.1,14.8,5,1.0L-1.5L,Low
9652,Maruti Suzuki,Swift,2015,Diesel,Automatic,520000.0,22.0,1200,5,9400.0,5.2,9.4,9,1.0L-1.5L,Good
9653,Maruti Suzuki,WagonR,2016,Petrol,Manual,550000.0,18.7,2000,7,10800.0,5.5,10.8,8,1.5L-2.0L,Average
9654,Tata Motors,Punch,2022,Petrol,Manual,1430000.0,17.4,800,4,24000.0,14.3,24.0,2,Below 1.0L,Average
9655,Honda,Jazz,2017,Petrol,Manual,1940000.0,16.8,800,7,17200.0,19.4,17.2,7,Below 1.0L,Average
9656,Maruti Suzuki,Dzire,2020,CNG,Manual,2080000.0,22.0,1200,4,16100.0,20.8,16.1,4,1.0L-1.5L,Good
9657,Mahindra,Scorpio,2017,CNG,Automatic,1140000.0,24.3,1800,6,9700.0,11.4,9.7,7,1.5L-2.0L,Good
9658,Skoda,Superb,2023,Diesel,Manual,2840000.0,26.0,1200,7,20900.0,28.4,20.9,1,1.0L-1.5L,Excellent
9659,Maruti Suzuki,Ertiga,2015,Diesel,Automatic,1530000.0,22.5,1500,4,11300.0,15.3,11.3,9,1.0L-1.5L,Good
9660,Honda,Civic,2016,CNG,Manual,2060000.0,17.3,1500,5,6400.0,20.6,6.4,8,1.0L-1.5L,Average
9661,Tata Motors,Altroz,2021,CNG,Manual,2440000.0,18.8,800,6,7200.0,24.4,7.2,3,Below 1.0L,Average
9662,Toyota,Fortuner,2022,Petrol,Automatic,410000.0,10.3,1500,5,14700.0,4.1,14.7,2,1.0L-1.5L,Low
9663,Mahindra,Scorpio,2015,Diesel,Automatic,3200000.0,11.5,1500,6,11300.0,32.0,11.3,9,1.0L-1.5L,Low
9664,Tata Motors,Punch,2019,Petrol,Automatic,830000.0,27.1,1800,6,21200.0,8.3,21.2,5,1.5L-2.0L,Excellent
9665,Renault,Kwid,2020,Electric,Automatic,1130000.0,14.1,800,6,7500.0,11.3,7.5,4,Below 1.0L,Low
9666,Honda,City,2019,Diesel,Automatic,3470000.0,24.0,1000,5,9500.0,34.7,9.5,5,Below 1.0L,Good
9667,Volkswagen,Tiguan,2016,Electric,Automatic,3180000.0,10.2,800,7,21600.0,31.8,21.6,8,Below 1.0L,Low
9668,Volkswagen,Taigun,2019,Electric,Manual,1930000.0,13.0,1000,5,6100.0,19.3,6.1,5,Below 1.0L,Low
9669,Toyota,Fortuner,2021,Petrol,Manual,400000.0,14.3,1500,5,6500.0,4.0,6.5,3,1.0L-1.5L,Low
9670,Honda,Amaze,2022,Electric,Automatic,2300000.0,27.1,2500,5,24400.0,23.0,24.4,2,2.0L-3.0L,Excellent
9671,Kia,Sonet,2022,Diesel,Manual,850000.0,24.0,2500,5,13900.0,8.5,13.9,2,2.0L-3.0L,Good
9672,Hyundai,Venue,2024,Electric,Manual,2330000.0,14.8,800,6,6700.0,23.3,6.7,0,Below 1.0L,Low
9673,Toyota,Urban Cruiser,2016,Petrol,Automatic,1150000.0,23.4,1000,5,20500.0,11.5,20.5,8,Below 1.0L,Good
9674,Kia,Seltos,2022,CNG,Manual,2080000.0,21.1,2500,5,5400.0,20.8,5.4,2,2.0L-3.0L,Good
9675,Honda,City,2018,CNG,Automatic,960000.0,25.0,1000,6,7000.0,9.6,7.0,6,Below 1.0L,Good
9676,Tata Motors,Altroz,2017,CNG,Automatic,1880000.0,22.6,1200,5,19900.0,18.8,19.9,7,1.0L-1.5L,Good
9677,Kia,Carnival,2022,Electric,Automatic,930000.0,25.0,1000,5,17600.0,9.3,17.6,2,Below 1.0L,Good
9678,Mahindra,XUV700,2016,Diesel,Automatic,1590000.0,14.0,1200,7,14200.0,15.9,14.2,8,1.0L-1.5L,Low
9679,Maruti Suzuki,WagonR,2023,Diesel,Automatic,2190000.0,10.9,2500,7,12300.0,21.9,12.3,1,2.0L-3.0L,Low
9680,Toyota,Innova,2018,Petrol,Manual,2240000.0,12.9,2000,4,9000.0,22.4,9.0,6,1.5L-2.0L,Low
9681,Skoda,Octavia,2015,Electric,Automatic,2910000.0,17.2,1200,7,16900.0,29.1,16.9,9,1.0L-1.5L,Average
9682,Tata Motors,Harrier,2017,Electric,Automatic,2700000.0,25.4,2500,5,19800.0,27.0,19.8,7,2.0L-3.0L,Excellent
9683,Honda,Amaze,2019,CNG,Automatic,1800000.0,18.9,2000,5,23300.0,18.0,23.3,5,1.5L-2.0L,Average
9684,Kia,Carens,2015,Electric,Automatic,980000.0,16.3,2500,4,7700.0,9.8,7.7,9,2.0L-3.0L,Average
9685,Hyundai,i10,2022,CNG,Automatic,2500000.0,20.4,2500,5,11000.0,25.0,11.0,2,2.0L-3.0L,Good
9686,Toyota,Urban Cruiser,2017,Petrol,Automatic,2000000.0,17.8,1800,5,22400.0,20.0,22.4,7,1.5L-2.0L,Average
9687,Volkswagen,Tiguan,2024,Petrol,Manual,2480000.0,20.9,1500,5,20700.0,24.8,20.7,0,1.0L-1.5L,Good
9688,Honda,City,2018,Petrol,Manual,1700000.0,12.8,800,5,14700.0,17.0,14.7,6,Below 1.0L,Low
9689,Honda,Civic,2017,Electric,Automatic,2510000.0,28.1,1000,7,20000.0,25.1,20.0,7,Below 1.0L,Excellent
9690,Mahindra,Scorpio,2017,Diesel,Manual,2290000.0,29.6,1000,7,16700.0,22.9,16.7,7,Below 1.0L,Excellent
9691,Hyundai,Verna,2023,Petrol,Manual,1580000.0,13.7,1000,5,17900.0,15.8,17.9,1,Below 1.0L,Low
9692,Skoda,Superb,2020,Diesel,Automatic,2300000.0,24.5,1000,6,14000.0,23.0,14.0,4,Below 1.0L,Good
9693,Hyundai,i10,2023,Diesel,Manual,2020000.0,12.5,2000,6,22900.0,20.2,22.9,1,1.5L-2.0L,Low
9694,Hyundai,Verna,2021,Diesel,Manual,3000000.0,10.9,2500,6,16500.0,30.0,16.5,3,2.0L-3.0L,Low
9695,Volkswagen,Virtus,2023,CNG,Automatic,2960000.0,17.6,1200,7,23500.0,29.6,23.5,1,1.0L-1.5L,Average
9696,Volkswagen,Virtus,2015,Diesel,Manual,2010000.0,17.0,1500,7,15100.0,20.1,15.1,9,1.0L-1.5L,Average
9697,Mahindra,Thar,2017,Diesel,Automatic,2580000.0,13.1,800,6,20200.0,25.8,20.2,7,Below 1.0L,Low
9698,Skoda,Kushaq,2024,Diesel,Manual,2580000.0,21.6,1200,5,9200.0,25.8,9.2,0,1.0L-1.5L,Good
9699,Hyundai,Verna,2016,Diesel,Manual,1280000.0,21.7,2500,6,16800.0,12.8,16.8,8,2.0L-3.0L,Good
9700,Skoda,Kushaq,2024,Petrol,Manual,1240000.0,22.2,1000,7,9500.0,12.4,9.5,0,Below 1.0L,Good
9701,Volkswagen,Taigun,2017,Petrol,Automatic,2790000.0,24.6,1500,5,14200.0,27.9,14.2,7,1.0L-1.5L,Good
9702,Honda,Amaze,2021,Diesel,Manual,930000.0,21.9,800,7,20600.0,9.3,20.6,3,Below 1.0L,Good
9703,Maruti Suzuki,Baleno,2023,CNG,Automatic,1430000.0,20.3,2000,5,6300.0,14.3,6.3,1,1.5L-2.0L,Good
9704,Hyundai,Creta,2018,Petrol,Manual,3150000.0,30.0,800,6,18200.0,31.5,18.2,6,Below 1.0L,Excellent
9705,Mahindra,XUV700,2017,CNG,Manual,3040000.0,26.7,2500,6,13200.0,30.4,13.2,7,2.0L-3.0L,Excellent
9706,Toyota,Glanza,2020,CNG,Automatic,850000.0,26.8,1500,7,23100.0,8.5,23.1,4,1.0L-1.5L,Excellent
9707,Tata Motors,Altroz,2018,CNG,Automatic,1230000.0,24.2,1000,6,17300.0,12.3,17.3,6,Below 1.0L,Good
9708,Kia,EV6,2017,CNG,Automatic,1660000.0,18.0,2000,6,23200.0,16.6,23.2,7,1.5L-2.0L,Average
9709,Toyota,Innova,2019,Electric,Automatic,2430000.0,24.0,2500,6,6600.0,24.3,6.6,5,2.0L-3.0L,Good
9710,Honda,City,2022,CNG,Automatic,530000.0,25.2,1200,4,14300.0,5.3,14.3,2,1.0L-1.5L,Excellent
9711,Skoda,Superb,2019,Diesel,Manual,2830000.0,24.0,2000,4,17800.0,28.3,17.8,5,1.5L-2.0L,Good
9712,Renault,Kiger,2016,Electric,Manual,3300000.0,21.7,1000,6,18400.0,33.0,18.4,8,Below 1.0L,Good
9713,Honda,Jazz,2018,Diesel,Manual,2610000.0,12.8,1000,4,13100.0,26.1,13.1,6,Below 1.0L,Low
9714,Volkswagen,Vento,2019,Petrol,Automatic,2210000.0,25.3,1800,6,14300.0,22.1,14.3,5,1.5L-2.0L,Excellent
9715,Renault,Triber,2018,Petrol,Manual,3420000.0,18.8,2500,4,14400.0,34.2,14.4,6,2.0L-3.0L,Average
9716,Mahindra,Thar,2019,Diesel,Automatic,2630000.0,23.9,2500,5,23000.0,26.3,23.0,5,2.0L-3.0L,Good
9717,Skoda,Rapid,2019,Electric,Manual,1430000.0,13.3,1200,7,11600.0,14.3,11.6,5,1.0L-1.5L,Low
9718,Hyundai,Creta,2018,Diesel,Manual,1580000.0,23.8,1500,4,21000.0,15.8,21.0,6,1.0L-1.5L,Good
9719,Maruti Suzuki,WagonR,2018,Petrol,Manual,1480000.0,17.0,1000,4,18100.0,14.8,18.1,6,Below 1.0L,Average
9720,Volkswagen,Taigun,2020,Electric,Manual,3470000.0,25.6,800,4,19000.0,34.7,19.0,4,Below 1.0L,Excellent
9721,Hyundai,i10,2015,Petrol,Manual,1660000.0,14.3,2500,7,13000.0,16.6,13.0,9,2.0L-3.0L,Low
9722,Tata Motors,Altroz,2019,CNG,Automatic,2550000.0,27.3,1500,4,10500.0,25.5,10.5,5,1.0L-1.5L,Excellent
9723,Mahindra,XUV300,2015,Diesel,Automatic,3380000.0,19.1,2500,5,17400.0,33.8,17.4,9,2.0L-3.0L,Average
9724,Kia,Sonet,2021,Electric,Manual,1840000.0,20.4,1500,7,15200.0,18.4,15.2,3,1.0L-1.5L,Good
9725,Mahindra,Thar,2023,Electric,Manual,2360000.0,24.1,2500,7,15200.0,23.6,15.2,1,2.0L-3.0L,Good
9726,Mahindra,Thar,2019,Diesel,Manual,2710000.0,12.6,1800,5,11100.0,27.1,11.1,5,1.5L-2.0L,Low
9727,Renault,Lodgy,2020,Diesel,Automatic,2430000.0,18.1,2000,7,22600.0,24.3,22.6,4,1.5L-2.0L,Average
9728,Maruti Suzuki,Dzire,2015,Electric,Manual,420000.0,12.0,1500,7,14900.0,4.2,14.9,9,1.0L-1.5L,Low
9729,Hyundai,Creta,2022,Electric,Manual,1470000.0,21.2,1000,5,8100.0,14.7,8.1,2,Below 1.0L,Good
9730,Renault,Kwid,2020,Petrol,Automatic,3220000.0,24.0,2000,5,15800.0,32.2,15.8,4,1.5L-2.0L,Good
9731,Maruti Suzuki,WagonR,2021,Electric,Manual,2740000.0,21.1,1800,7,16500.0,27.4,16.5,3,1.5L-2.0L,Good
9732,Toyota,Fortuner,2017,Diesel,Automatic,2440000.0,29.7,800,4,7400.0,24.4,7.4,7,Below 1.0L,Excellent
9733,Renault,Kiger,2021,CNG,Manual,1750000.0,14.0,1000,7,23900.0,17.5,23.9,3,Below 1.0L,Low
9734,Tata Motors,Tiago,2015,Petrol,Automatic,630000.0,13.5,1500,4,20400.0,6.3,20.4,9,1.0L-1.5L,Low
9735,Kia,Seltos,2022,Electric,Automatic,2820000.0,27.4,1800,4,10900.0,28.2,10.9,2,1.5L-2.0L,Excellent
9736,Tata Motors,Tiago,2022,Petrol,Manual,730000.0,20.5,800,4,9000.0,7.3,9.0,2,Below 1.0L,Good
9737,Skoda,Kushaq,2016,CNG,Manual,1370000.0,21.0,1000,4,14200.0,13.7,14.2,8,Below 1.0L,Good
9738,Hyundai,Creta,2021,Electric,Automatic,3010000.0,21.7,800,4,17800.0,30.1,17.8,3,Below 1.0L,Good
9739,Maruti Suzuki,WagonR,2016,CNG,Manual,1180000.0,18.1,1500,5,5100.0,11.8,5.1,8,1.0L-1.5L,Average
9740,Volkswagen,Polo,2018,Diesel,Automatic,1070000.0,18.8,1800,7,16100.0,10.7,16.1,6,1.5L-2.0L,Average
9741,Tata Motors,Harrier,2017,Diesel,Manual,3180000.0,24.3,1200,5,11100.0,31.8,11.1,7,1.0L-1.5L,Good
9742,Maruti Suzuki,Dzire,2016,Diesel,Automatic,3440000.0,22.8,1800,4,12100.0,34.4,12.1,8,1.5L-2.0L,Good
9743,Renault,Kiger,2018,Electric,Manual,2450000.0,13.2,2000,6,20100.0,24.5,20.1,6,1.5L-2.0L,Low
9744,Toyota,Camry,2021,Diesel,Manual,3340000.0,25.0,1000,6,21600.0,33.4,21.6,3,Below 1.0L,Good
9745,Skoda,Slavia,2023,Diesel,Manual,2300000.0,16.4,2000,4,24900.0,23.0,24.9,1,1.5L-2.0L,Average
9746,Maruti Suzuki,Dzire,2020,CNG,Automatic,540000.0,27.1,800,7,17000.0,5.4,17.0,4,Below 1.0L,Excellent
9747,Tata Motors,Punch,2016,Petrol,Manual,2650000.0,23.1,2000,4,14300.0,26.5,14.3,8,1.5L-2.0L,Good
9748,Honda,Amaze,2018,Electric,Manual,2550000.0,13.6,2000,7,24900.0,25.5,24.9,6,1.5L-2.0L,Low
9749,Skoda,Octavia,2015,Electric,Manual,2390000.0,15.0,2000,7,13800.0,23.9,13.8,9,1.5L-2.0L,Low
9750,Maruti Suzuki,Baleno,2021,CNG,Automatic,3050000.0,20.9,1000,6,19000.0,30.5,19.0,3,Below 1.0L,Good
9751,Maruti Suzuki,Ertiga,2024,Electric,Manual,1860000.0,11.0,1200,4,7800.0,18.6,7.8,0,1.0L-1.5L,Low
9752,Hyundai,Verna,2022,CNG,Manual,2470000.0,26.1,800,7,11900.0,24.7,11.9,2,Below 1.0L,Excellent
9753,Hyundai,i20,2015,CNG,Manual,720000.0,21.0,1800,5,6300.0,7.2,6.3,9,1.5L-2.0L,Good
9754,Tata Motors,Altroz,2016,Petrol,Automatic,3190000.0,16.3,800,5,20800.0,31.9,20.8,8,Below 1.0L,Average
9755,Renault,Duster,2018,Diesel,Automatic,1880000.0,20.3,1000,7,22800.0,18.8,22.8,6,Below 1.0L,Good
9756,Renault,Duster,2018,CNG,Automatic,3410000.0,28.9,1500,4,8800.0,34.1,8.8,6,1.0L-1.5L,Excellent
9757,Maruti Suzuki,WagonR,2017,Diesel,Manual,1430000.0,14.0,1500,7,10800.0,14.3,10.8,7,1.0L-1.5L,Low
9758,Honda,Amaze,2023,Diesel,Automatic,1870000.0,12.9,2000,4,13600.0,18.7,13.6,1,1.5L-2.0L,Low
9759,Volkswagen,Tiguan,2018,CNG,Automatic,770000.0,26.8,800,5,6100.0,7.7,6.1,6,Below 1.0L,Excellent
9760,Renault,Duster,2022,Diesel,Automatic,1190000.0,16.7,1500,4,6000.0,11.9,6.0,2,1.0L-1.5L,Average
9761,Renault,Kwid,2021,Electric,Manual,1130000.0,10.9,1000,4,14300.0,11.3,14.3,3,Below 1.0L,Low
9762,Tata Motors,Tiago,2024,Petrol,Manual,2540000.0,14.8,1800,7,23600.0,25.4,23.6,0,1.5L-2.0L,Low
9763,Hyundai,Verna,2024,Diesel,Manual,2150000.0,18.9,2000,5,21800.0,21.5,21.8,0,1.5L-2.0L,Average
9764,Renault,Lodgy,2019,Petrol,Manual,1300000.0,15.2,1800,6,9800.0,13.0,9.8,5,1.5L-2.0L,Average
9765,Maruti Suzuki,Baleno,2023,Diesel,Manual,3450000.0,12.2,1800,6,15200.0,34.5,15.2,1,1.5L-2.0L,Low
9766,Renault,Duster,2023,Petrol,Automatic,2080000.0,15.9,1500,4,6500.0,20.8,6.5,1,1.0L-1.5L,Average
9767,Toyota,Innova,2018,Diesel,Manual,1010000.0,15.2,1500,5,13700.0,10.1,13.7,6,1.0L-1.5L,Average
9768,Tata Motors,Punch,2022,Diesel,Automatic,1160000.0,28.2,800,5,21900.0,11.6,21.9,2,Below 1.0L,Excellent
9769,Mahindra,XUV300,2024,CNG,Automatic,2750000.0,19.1,1500,5,12800.0,27.5,12.8,0,1.0L-1.5L,Average
9770,Maruti Suzuki,WagonR,2017,CNG,Manual,610000.0,13.4,2500,4,10100.0,6.1,10.1,7,2.0L-3.0L,Low
9771,Volkswagen,Tiguan,2024,Petrol,Automatic,1650000.0,24.0,1800,4,23300.0,16.5,23.3,0,1.5L-2.0L,Good
9772,Honda,WR-V,2021,CNG,Manual,3420000.0,18.6,1500,4,5300.0,34.2,5.3,3,1.0L-1.5L,Average
9773,Maruti Suzuki,Ertiga,2015,Electric,Automatic,1250000.0,15.1,1500,6,14400.0,12.5,14.4,9,1.0L-1.5L,Average
9774,Hyundai,i20,2021,Diesel,Automatic,1630000.0,24.4,2000,6,17500.0,16.3,17.5,3,1.5L-2.0L,Good
9775,Maruti Suzuki,Dzire,2023,Petrol,Automatic,2540000.0,14.3,1500,6,19100.0,25.4,19.1,1,1.0L-1.5L,Low
9776,Tata Motors,Nexon,2020,Electric,Automatic,720000.0,18.9,1000,7,13500.0,7.2,13.5,4,Below 1.0L,Average
9777,Toyota,Innova,2021,Diesel,Manual,910000.0,21.7,2000,5,20900.0,9.1,20.9,3,1.5L-2.0L,Good
9778,Toyota,Glanza,2015,CNG,Manual,1880000.0,28.0,1800,6,6800.0,18.8,6.8,9,1.5L-2.0L,Excellent
9779,Hyundai,Venue,2023,Petrol,Manual,2010000.0,16.0,1500,4,24900.0,20.1,24.9,1,1.0L-1.5L,Average
9780,Volkswagen,Virtus,2024,Electric,Automatic,2290000.0,27.8,2500,6,10100.0,22.9,10.1,0,2.0L-3.0L,Excellent
9781,Renault,Triber,2022,Petrol,Automatic,1150000.0,25.9,800,4,20700.0,11.5,20.7,2,Below 1.0L,Excellent
9782,Renault,Triber,2022,CNG,Automatic,1390000.0,22.8,1000,7,5200.0,13.9,5.2,2,Below 1.0L,Good
9783,Skoda,Slavia,2018,Electric,Automatic,2790000.0,13.5,800,4,7900.0,27.9,7.9,6,Below 1.0L,Low
9784,Maruti Suzuki,Dzire,2023,Electric,Manual,550000.0,22.7,800,6,15800.0,5.5,15.8,1,Below 1.0L,Good
9785,Kia,Carens,2017,Petrol,Automatic,720000.0,18.5,2500,6,7900.0,7.2,7.9,7,2.0L-3.0L,Average
9786,Honda,Amaze,2017,Electric,Manual,3340000.0,17.3,1800,7,18000.0,33.4,18.0,7,1.5L-2.0L,Average
9787,Volkswagen,Vento,2021,CNG,Automatic,3260000.0,11.3,1800,4,22200.0,32.6,22.2,3,1.5L-2.0L,Low
9788,Kia,Carnival,2019,Diesel,Manual,1660000.0,18.0,2500,4,21400.0,16.6,21.4,5,2.0L-3.0L,Average
9789,Tata Motors,Harrier,2024,CNG,Manual,3360000.0,14.8,2500,7,12500.0,33.6,12.5,0,2.0L-3.0L,Low
9790,Mahindra,XUV300,2023,Electric,Manual,1110000.0,24.1,1800,6,6900.0,11.1,6.9,1,1.5L-2.0L,Good
9791,Mahindra,XUV300,2017,Electric,Manual,2270000.0,21.3,1500,7,12500.0,22.7,12.5,7,1.0L-1.5L,Good
9792,Kia,EV6,2018,Diesel,Manual,1130000.0,16.5,1500,6,15300.0,11.3,15.3,6,1.0L-1.5L,Average
9793,Maruti Suzuki,Baleno,2023,Diesel,Manual,2190000.0,21.7,1800,4,16600.0,21.9,16.6,1,1.5L-2.0L,Good
9794,Toyota,Urban Cruiser,2016,Electric,Automatic,3090000.0,21.0,800,7,24800.0,30.9,24.8,8,Below 1.0L,Good
9795,Renault,Kwid,2018,Diesel,Manual,2650000.0,18.2,1800,5,24300.0,26.5,24.3,6,1.5L-2.0L,Average
9796,Honda,Jazz,2016,CNG,Manual,1450000.0,15.1,800,5,5800.0,14.5,5.8,8,Below 1.0L,Average
9797,Kia,Seltos,2017,Petrol,Automatic,720000.0,28.8,1500,4,23600.0,7.2,23.6,7,1.0L-1.5L,Excellent
9798,Renault,Duster,2015,Diesel,Automatic,2800000.0,28.8,1500,5,5200.0,28.0,5.2,9,1.0L-1.5L,Excellent
9799,Toyota,Fortuner,2018,Diesel,Manual,3200000.0,28.9,1500,5,5400.0,32.0,5.4,6,1.0L-1.5L,Excellent
9800,Volkswagen,Taigun,2015,CNG,Automatic,1600000.0,19.5,1500,7,20600.0,16.0,20.6,9,1.0L-1.5L,Average
9801,Hyundai,Venue,2019,CNG,Manual,2130000.0,26.7,2500,7,18200.0,21.3,18.2,5,2.0L-3.0L,Excellent
9802,Skoda,Octavia,2016,Electric,Manual,1530000.0,25.7,800,7,9600.0,15.3,9.6,8,Below 1.0L,Excellent
9803,Kia,Carnival,2020,Petrol,Manual,1310000.0,17.1,1800,4,15400.0,13.1,15.4,4,1.5L-2.0L,Average
9804,Skoda,Rapid,2019,Electric,Manual,1060000.0,15.5,1200,7,15300.0,10.6,15.3,5,1.0L-1.5L,Average
9805,Honda,Civic,2015,CNG,Automatic,1260000.0,17.4,1000,4,8700.0,12.6,8.7,9,Below 1.0L,Average
9806,Tata Motors,Altroz,2019,Petrol,Automatic,2200000.0,21.7,1000,7,19100.0,22.0,19.1,5,Below 1.0L,Good
9807,Kia,Seltos,2021,Diesel,Manual,1220000.0,25.9,1500,7,24900.0,12.2,24.9,3,1.0L-1.5L,Excellent
9808,Mahindra,Thar,2017,Electric,Manual,2400000.0,22.0,800,4,7100.0,24.0,7.1,7,Below 1.0L,Good
9809,Hyundai,i10,2023,CNG,Manual,2160000.0,11.1,2500,6,17100.0,21.6,17.1,1,2.0L-3.0L,Low
9810,Volkswagen,Polo,2017,Petrol,Manual,1300000.0,28.3,800,7,15300.0,13.0,15.3,7,Below 1.0L,Excellent
9811,Tata Motors,Tiago,2017,CNG,Automatic,1280000.0,27.3,1000,5,11800.0,12.8,11.8,7,Below 1.0L,Excellent
9812,Maruti Suzuki,Swift,2022,CNG,Manual,2000000.0,15.7,1000,7,9100.0,20.0,9.1,2,Below 1.0L,Average
9813,Tata Motors,Nexon,2018,Petrol,Automatic,1650000.0,12.1,1800,5,6200.0,16.5,6.2,6,1.5L-2.0L,Low
9814,Tata Motors,Punch,2023,Petrol,Manual,1950000.0,15.0,1800,6,6600.0,19.5,6.6,1,1.5L-2.0L,Low
9815,Maruti Suzuki,Ertiga,2022,Petrol,Automatic,1060000.0,27.1,1000,7,12500.0,10.6,12.5,2,Below 1.0L,Excellent
9816,Honda,Amaze,2016,Electric,Manual,580000.0,27.2,1200,6,7900.0,5.8,7.9,8,1.0L-1.5L,Excellent
9817,Renault,Lodgy,2019,Electric,Manual,3130000.0,29.1,1500,5,14900.0,31.3,14.9,5,1.0L-1.5L,Excellent
9818,Renault,Duster,2022,Diesel,Automatic,3070000.0,20.4,1500,7,14700.0,30.7,14.7,2,1.0L-1.5L,Good
9819,Honda,Civic,2022,Diesel,Manual,460000.0,26.1,800,6,16200.0,4.6,16.2,2,Below 1.0L,Excellent
9820,Hyundai,i10,2024,Petrol,Automatic,1590000.0,28.3,1800,7,17300.0,15.9,17.3,0,1.5L-2.0L,Excellent
9821,Renault,Duster,2021,Electric,Manual,2170000.0,28.0,1200,5,22900.0,21.7,22.9,3,1.0L-1.5L,Excellent
9822,Maruti Suzuki,Dzire,2021,Electric,Manual,3110000.0,13.9,1800,5,13700.0,31.1,13.7,3,1.5L-2.0L,Low
9823,Skoda,Superb,2018,Electric,Manual,1460000.0,26.0,1800,6,23800.0,14.6,23.8,6,1.5L-2.0L,Excellent
9824,Maruti Suzuki,Baleno,2023,Diesel,Automatic,3430000.0,20.7,1000,5,21000.0,34.3,21.0,1,Below 1.0L,Good
9825,Toyota,Glanza,2019,Petrol,Manual,1270000.0,17.9,1800,7,7100.0,12.7,7.1,5,1.5L-2.0L,Average
9826,Renault,Kwid,2018,CNG,Manual,1930000.0,21.5,1500,5,9000.0,19.3,9.0,6,1.0L-1.5L,Good
9827,Tata Motors,Altroz,2024,CNG,Manual,520000.0,11.1,2500,6,12400.0,5.2,12.4,0,2.0L-3.0L,Low
9828,Hyundai,Venue,2023,Diesel,Automatic,1190000.0,14.0,1500,7,24100.0,11.9,24.1,1,1.0L-1.5L,Low
9829,Tata Motors,Harrier,2016,CNG,Automatic,2530000.0,10.5,1200,4,18900.0,25.3,18.9,8,1.0L-1.5L,Low
9830,Mahindra,XUV700,2022,Diesel,Automatic,3020000.0,25.0,2500,7,13700.0,30.2,13.7,2,2.0L-3.0L,Good
9831,Kia,EV6,2016,Petrol,Automatic,3180000.0,14.7,1000,4,6100.0,31.8,6.1,8,Below 1.0L,Low
9832,Tata Motors,Harrier,2020,Diesel,Manual,3280000.0,12.1,1500,7,14400.0,32.8,14.4,4,1.0L-1.5L,Low
9833,Tata Motors,Altroz,2016,Diesel,Manual,2800000.0,28.0,800,5,8100.0,28.0,8.1,8,Below 1.0L,Excellent
9834,Toyota,Innova,2021,CNG,Manual,660000.0,24.9,1800,5,22600.0,6.6,22.6,3,1.5L-2.0L,Good
9835,Tata Motors,Tiago,2023,Electric,Manual,2300000.0,28.0,1200,7,24300.0,23.0,24.3,1,1.0L-1.5L,Excellent
9836,Hyundai,i20,2018,Electric,Automatic,1830000.0,22.7,800,4,16600.0,18.3,16.6,6,Below 1.0L,Good
9837,Mahindra,Thar,2024,CNG,Manual,3100000.0,18.4,1800,5,23700.0,31.0,23.7,0,1.5L-2.0L,Average
9838,Toyota,Urban Cruiser,2021,Electric,Automatic,2530000.0,20.5,1800,6,23900.0,25.3,23.9,3,1.5L-2.0L,Good
9839,Skoda,Rapid,2019,Diesel,Manual,3480000.0,27.7,2500,7,24000.0,34.8,24.0,5,2.0L-3.0L,Excellent
9840,Maruti Suzuki,Dzire,2017,Diesel,Automatic,3450000.0,24.4,2500,5,7600.0,34.5,7.6,7,2.0L-3.0L,Good
9841,Mahindra,XUV300,2017,Diesel,Automatic,2840000.0,21.9,2500,6,13100.0,28.4,13.1,7,2.0L-3.0L,Good
9842,Tata Motors,Harrier,2022,Electric,Automatic,2010000.0,18.4,1000,4,18100.0,20.1,18.1,2,Below 1.0L,Average
9843,Toyota,Camry,2021,Petrol,Automatic,1640000.0,22.4,800,6,17600.0,16.4,17.6,3,Below 1.0L,Good
9844,Mahindra,XUV300,2024,CNG,Automatic,1630000.0,13.4,800,4,14100.0,16.3,14.1,0,Below 1.0L,Low
9845,Skoda,Slavia,2020,Petrol,Manual,1320000.0,22.9,1800,5,23100.0,13.2,23.1,4,1.5L-2.0L,Good
9846,Volkswagen,Taigun,2020,Electric,Automatic,710000.0,20.3,800,4,15800.0,7.1,15.8,4,Below 1.0L,Good
9847,Volkswagen,Vento,2024,Electric,Manual,630000.0,29.0,800,7,5200.0,6.3,5.2,0,Below 1.0L,Excellent
9848,Tata Motors,Altroz,2018,Electric,Manual,2580000.0,29.1,2000,5,11900.0,25.8,11.9,6,1.5L-2.0L,Excellent
9849,Volkswagen,Tiguan,2024,Petrol,Manual,1140000.0,19.8,1200,4,15900.0,11.4,15.9,0,1.0L-1.5L,Average
9850,Kia,Sonet,2022,Diesel,Automatic,1830000.0,18.7,1000,5,24100.0,18.3,24.1,2,Below 1.0L,Average
9851,Mahindra,Thar,2016,CNG,Automatic,1810000.0,23.8,2000,7,21000.0,18.1,21.0,8,1.5L-2.0L,Good
9852,Honda,WR-V,2023,Diesel,Manual,2150000.0,22.1,800,5,19700.0,21.5,19.7,1,Below 1.0L,Good
9853,Toyota,Camry,2018,Electric,Manual,2390000.0,23.3,1000,4,7700.0,23.9,7.7,6,Below 1.0L,Good
9854,Maruti Suzuki,WagonR,2019,Diesel,Automatic,3200000.0,21.5,1200,4,18100.0,32.0,18.1,5,1.0L-1.5L,Good
9855,Honda,Amaze,2020,CNG,Manual,2800000.0,16.5,1500,6,23900.0,28.0,23.9,4,1.0L-1.5L,Average
9856,Kia,Seltos,2019,CNG,Manual,1130000.0,26.1,2000,6,12400.0,11.3,12.4,5,1.5L-2.0L,Excellent
9857,Honda,Amaze,2023,Diesel,Automatic,1660000.0,11.6,2000,6,22900.0,16.6,22.9,1,1.5L-2.0L,Low
9858,Honda,Jazz,2018,Petrol,Automatic,2890000.0,18.6,1200,4,15800.0,28.9,15.8,6,1.0L-1.5L,Average
9859,Mahindra,Thar,2015,Electric,Manual,1530000.0,12.2,1500,7,21700.0,15.3,21.7,9,1.0L-1.5L,Low
9860,Hyundai,Verna,2020,CNG,Manual,3410000.0,21.2,1500,7,23500.0,34.1,23.5,4,1.0L-1.5L,Good
9861,Tata Motors,Tiago,2016,Diesel,Manual,1970000.0,27.6,1800,4,14400.0,19.7,14.4,8,1.5L-2.0L,Excellent
9862,Tata Motors,Nexon,2015,Diesel,Automatic,2080000.0,14.7,1200,6,17700.0,20.8,17.7,9,1.0L-1.5L,Low
9863,Mahindra,XUV300,2021,Petrol,Manual,2040000.0,10.4,800,4,9200.0,20.4,9.2,3,Below 1.0L,Low
9864,Skoda,Kushaq,2019,Diesel,Manual,2760000.0,18.5,1800,5,21400.0,27.6,21.4,5,1.5L-2.0L,Average
9865,Toyota,Fortuner,2023,Petrol,Automatic,1330000.0,16.0,1500,5,22800.0,13.3,22.8,1,1.0L-1.5L,Average
9866,Volkswagen,Vento,2015,CNG,Automatic,2760000.0,20.0,1200,7,23200.0,27.6,23.2,9,1.0L-1.5L,Average
9867,Renault,Duster,2020,Electric,Manual,2170000.0,12.3,2000,7,19400.0,21.7,19.4,4,1.5L-2.0L,Low
9868,Maruti Suzuki,Baleno,2024,CNG,Automatic,3480000.0,24.4,1500,6,6400.0,34.8,6.4,0,1.0L-1.5L,Good
9869,Hyundai,i10,2015,Diesel,Manual,2510000.0,25.0,1000,6,16100.0,25.1,16.1,9,Below 1.0L,Good
9870,Hyundai,i20,2016,Petrol,Manual,1050000.0,25.2,800,5,24700.0,10.5,24.7,8,Below 1.0L,Excellent
9871,Skoda,Kushaq,2017,Diesel,Automatic,1770000.0,27.8,1500,7,9700.0,17.7,9.7,7,1.0L-1.5L,Excellent
9872,Skoda,Superb,2017,Petrol,Manual,1760000.0,27.7,800,7,5300.0,17.6,5.3,7,Below 1.0L,Excellent
9873,Honda,WR-V,2024,Diesel,Automatic,2510000.0,18.7,1800,4,19300.0,25.1,19.3,0,1.5L-2.0L,Average
9874,Volkswagen,Vento,2022,Electric,Manual,2420000.0,17.9,800,4,19900.0,24.2,19.9,2,Below 1.0L,Average
9875,Volkswagen,Tiguan,2024,CNG,Manual,3380000.0,28.9,1800,5,22200.0,33.8,22.2,0,1.5L-2.0L,Excellent
9876,Mahindra,XUV300,2023,Diesel,Manual,2760000.0,10.7,1000,7,22200.0,27.6,22.2,1,Below 1.0L,Low
9877,Honda,Jazz,2015,Diesel,Manual,690000.0,25.5,2500,5,15000.0,6.9,15.0,9,2.0L-3.0L,Excellent
9878,Tata Motors,Punch,2022,Petrol,Manual,2370000.0,20.6,800,5,6800.0,23.7,6.8,2,Below 1.0L,Good
9879,Hyundai,i10,2019,Electric,Manual,950000.0,18.2,2500,5,20900.0,9.5,20.9,5,2.0L-3.0L,Average
9880,Volkswagen,Tiguan,2024,Diesel,Automatic,1560000.0,29.3,1800,5,20700.0,15.6,20.7,0,1.5L-2.0L,Excellent
9881,Maruti Suzuki,Ertiga,2023,CNG,Automatic,3020000.0,14.5,1500,6,14700.0,30.2,14.7,1,1.0L-1.5L,Low
9882,Hyundai,Venue,2020,Electric,Automatic,420000.0,12.9,1800,5,10900.0,4.2,10.9,4,1.5L-2.0L,Low
9883,Hyundai,i10,2024,CNG,Manual,1520000.0,13.6,800,7,12400.0,15.2,12.4,0,Below 1.0L,Low
9884,Mahindra,Thar,2021,Diesel,Automatic,1720000.0,20.7,1800,4,5800.0,17.2,5.8,3,1.5L-2.0L,Good
9885,Volkswagen,Taigun,2015,Electric,Automatic,600000.0,25.7,1500,4,17800.0,6.0,17.8,9,1.0L-1.5L,Excellent
9886,Renault,Triber,2020,Electric,Automatic,1580000.0,11.3,800,5,22000.0,15.8,22.0,4,Below 1.0L,Low
9887,Honda,Jazz,2016,Diesel,Manual,2800000.0,26.8,800,4,18900.0,28.0,18.9,8,Below 1.0L,Excellent
9888,Volkswagen,Virtus,2023,Diesel,Automatic,1540000.0,13.3,1500,7,23800.0,15.4,23.8,1,1.0L-1.5L,Low
9889,Hyundai,i10,2017,CNG,Automatic,1290000.0,10.5,1000,4,6000.0,12.9,6.0,7,Below 1.0L,Low
9890,Maruti Suzuki,Baleno,2015,CNG,Manual,2670000.0,23.0,800,6,12200.0,26.7,12.2,9,Below 1.0L,Good
9891,Honda,Amaze,2020,Diesel,Automatic,1350000.0,27.6,1200,5,5800.0,13.5,5.8,4,1.0L-1.5L,Excellent
9892,Renault,Kwid,2019,Diesel,Automatic,1520000.0,19.3,2500,7,7900.0,15.2,7.9,5,2.0L-3.0L,Average
9893,Toyota,Camry,2017,Diesel,Automatic,3350000.0,25.1,1500,6,21100.0,33.5,21.1,7,1.0L-1.5L,Excellent
9894,Volkswagen,Virtus,2020,Diesel,Automatic,1670000.0,29.6,1500,4,20800.0,16.7,20.8,4,1.0L-1.5L,Excellent
9895,Renault,Lodgy,2017,Diesel,Manual,1250000.0,15.7,2500,5,6600.0,12.5,6.6,7,2.0L-3.0L,Average
9896,Toyota,Innova,2023,Petrol,Automatic,2620000.0,28.0,1500,4,6100.0,26.2,6.1,1,1.0L-1.5L,Excellent
9897,Hyundai,i20,2022,Electric,Automatic,930000.0,26.2,1800,5,14400.0,9.3,14.4,2,1.5L-2.0L,Excellent
9898,Mahindra,Scorpio,2015,Petrol,Automatic,2080000.0,13.0,800,4,8800.0,20.8,8.8,9,Below 1.0L,Low
9899,Volkswagen,Vento,2020,CNG,Automatic,410000.0,25.4,800,6,9800.0,4.1,9.8,4,Below 1.0L,Excellent
9900,Hyundai,Verna,2021,Petrol,Automatic,2640000.0,13.9,800,5,19200.0,26.4,19.2,3,Below 1.0L,Low
9901,Toyota,Camry,2021,Electric,Automatic,2470000.0,12.1,2500,4,19300.0,24.7,19.3,3,2.0L-3.0L,Low
9902,Toyota,Glanza,2022,Petrol,Manual,1290000.0,23.4,1800,4,10900.0,12.9,10.9,2,1.5L-2.0L,Good
9903,Hyundai,Verna,2021,Electric,Automatic,930000.0,25.9,1800,5,13900.0,9.3,13.9,3,1.5L-2.0L,Excellent
9904,Toyota,Glanza,2023,Petrol,Manual,3000000.0,21.1,1000,4,23100.0,30.0,23.1,1,Below 1.0L,Good
9905,Tata Motors,Punch,2018,Diesel,Manual,1860000.0,24.5,1200,6,24300.0,18.6,24.3,6,1.0L-1.5L,Good
9906,Honda,Jazz,2024,CNG,Manual,2750000.0,13.2,1500,6,10400.0,27.5,10.4,0,1.0L-1.5L,Low
9907,Honda,Civic,2017,Petrol,Manual,2530000.0,12.7,800,4,22300.0,25.3,22.3,7,Below 1.0L,Low
9908,Tata Motors,Punch,2016,Diesel,Automatic,1310000.0,19.1,800,6,15100.0,13.1,15.1,8,Below 1.0L,Average
9909,Kia,Seltos,2022,CNG,Manual,3120000.0,27.1,1800,7,15800.0,31.2,15.8,2,1.5L-2.0L,Excellent
9910,Renault,Triber,2015,CNG,Manual,760000.0,15.9,2500,6,6500.0,7.6,6.5,9,2.0L-3.0L,Average
9911,Toyota,Urban Cruiser,2021,Diesel,Automatic,1020000.0,26.5,2000,6,8600.0,10.2,8.6,3,1.5L-2.0L,Excellent
9912,Hyundai,Verna,2015,Diesel,Automatic,2870000.0,29.6,1800,6,5400.0,28.7,5.4,9,1.5L-2.0L,Excellent
9913,Tata Motors,Nexon,2015,Diesel,Automatic,2650000.0,25.1,2000,7,6200.0,26.5,6.2,9,1.5L-2.0L,Excellent
9914,Hyundai,Venue,2017,CNG,Automatic,2560000.0,13.0,1000,7,14500.0,25.6,14.5,7,Below 1.0L,Low
9915,Maruti Suzuki,WagonR,2016,Electric,Manual,2700000.0,22.3,1800,4,21900.0,27.0,21.9,8,1.5L-2.0L,Good
9916,Mahindra,XUV300,2015,Electric,Automatic,1680000.0,14.2,2500,7,24800.0,16.8,24.8,9,2.0L-3.0L,Low
9917,Toyota,Innova,2022,Diesel,Automatic,1230000.0,21.5,1000,7,21100.0,12.3,21.1,2,Below 1.0L,Good
9918,Renault,Lodgy,2018,CNG,Automatic,1730000.0,13.5,1000,7,14400.0,17.3,14.4,6,Below 1.0L,Low
9919,Skoda,Octavia,2020,Electric,Manual,3470000.0,18.0,800,6,13500.0,34.7,13.5,4,Below 1.0L,Average
9920,Hyundai,Venue,2022,CNG,Manual,2690000.0,19.2,2500,7,17500.0,26.9,17.5,2,2.0L-3.0L,Average
9921,Mahindra,XUV700,2023,Electric,Manual,2590000.0,15.2,1800,7,9800.0,25.9,9.8,1,1.5L-2.0L,Average
9922,Skoda,Rapid,2021,Diesel,Automatic,2290000.0,24.4,1800,4,21800.0,22.9,21.8,3,1.5L-2.0L,Good
9923,Maruti Suzuki,Dzire,2023,CNG,Automatic,430000.0,13.7,1000,5,16500.0,4.3,16.5,1,Below 1.0L,Low
9924,Volkswagen,Vento,2017,CNG,Manual,780000.0,19.5,2500,7,22200.0,7.8,22.2,7,2.0L-3.0L,Average
9925,Volkswagen,Taigun,2022,Diesel,Automatic,880000.0,17.2,2000,4,19000.0,8.8,19.0,2,1.5L-2.0L,Average
9926,Hyundai,i10,2016,Diesel,Manual,1160000.0,29.9,1200,7,10500.0,11.6,10.5,8,1.0L-1.5L,Excellent
9927,Skoda,Slavia,2016,Electric,Automatic,1830000.0,24.8,1800,7,21500.0,18.3,21.5,8,1.5L-2.0L,Good
9928,Hyundai,i20,2016,Petrol,Automatic,900000.0,13.5,1500,5,6500.0,9.0,6.5,8,1.0L-1.5L,Low
9929,Volkswagen,Polo,2017,Diesel,Automatic,2930000.0,11.7,1000,7,10000.0,29.3,10.0,7,Below 1.0L,Low
9930,Honda,Jazz,2023,Diesel,Manual,2910000.0,25.5,1500,6,9700.0,29.1,9.7,1,1.0L-1.5L,Excellent
9931,Toyota,Innova,2021,CNG,Manual,1510000.0,22.8,2000,7,18100.0,15.1,18.1,3,1.5L-2.0L,Good
9932,Kia,Carnival,2024,Diesel,Automatic,2340000.0,12.4,1000,7,7300.0,23.4,7.3,0,Below 1.0L,Low
9933,Tata Motors,Punch,2022,Electric,Automatic,1980000.0,29.9,1200,4,16000.0,19.8,16.0,2,1.0L-1.5L,Excellent
9934,Maruti Suzuki,Dzire,2024,Petrol,Automatic,1200000.0,20.2,2500,4,23400.0,12.0,23.4,0,2.0L-3.0L,Good
9935,Tata Motors,Nexon,2019,Diesel,Manual,1240000.0,18.3,2500,6,6900.0,12.4,6.9,5,2.0L-3.0L,Average
9936,Renault,Lodgy,2021,Petrol,Automatic,1090000.0,26.4,1500,6,23500.0,10.9,23.5,3,1.0L-1.5L,Excellent
9937,Hyundai,Creta,2016,Diesel,Automatic,3150000.0,20.7,1000,6,7300.0,31.5,7.3,8,Below 1.0L,Good
9938,Honda,Amaze,2017,Electric,Automatic,2520000.0,14.9,2000,7,11200.0,25.2,11.2,7,1.5L-2.0L,Low
9939,Volkswagen,Tiguan,2021,Electric,Automatic,2290000.0,17.7,1800,5,14200.0,22.9,14.2,3,1.5L-2.0L,Average
9940,Kia,Carens,2024,Diesel,Automatic,480000.0,12.9,2000,7,14900.0,4.8,14.9,0,1.5L-2.0L,Low
9941,Volkswagen,Polo,2024,Petrol,Manual,2140000.0,18.4,1500,6,8700.0,21.4,8.7,0,1.0L-1.5L,Average
9942,Kia,Carens,2020,CNG,Automatic,410000.0,17.6,800,7,7300.0,4.1,7.3,4,Below 1.0L,Average
9943,Volkswagen,Virtus,2022,Petrol,Automatic,710000.0,13.1,1200,6,10100.0,7.1,10.1,2,1.0L-1.5L,Low
9944,Volkswagen,Taigun,2021,Diesel,Manual,2190000.0,19.1,1800,7,16200.0,21.9,16.2,3,1.5L-2.0L,Average
9945,Renault,Triber,2016,Diesel,Automatic,1890000.0,22.9,2500,5,10400.0,18.9,10.4,8,2.0L-3.0L,Good
9946,Honda,Amaze,2021,CNG,Automatic,3070000.0,19.3,800,7,23800.0,30.7,23.8,3,Below 1.0L,Average
9947,Kia,Sonet,2015,Diesel,Automatic,3260000.0,22.2,1500,5,24200.0,32.6,24.2,9,1.0L-1.5L,Good
9948,Toyota,Glanza,2020,Electric,Manual,1720000.0,29.3,1200,4,12800.0,17.2,12.8,4,1.0L-1.5L,Excellent
9949,Mahindra,Scorpio,2015,CNG,Manual,2220000.0,26.0,1000,6,13900.0,22.2,13.9,9,Below 1.0L,Excellent
9950,Renault,Lodgy,2024,CNG,Automatic,3080000.0,16.3,1500,7,8300.0,30.8,8.3,0,1.0L-1.5L,Average
9951,Toyota,Camry,2023,CNG,Manual,2860000.0,23.3,1800,4,5900.0,28.6,5.9,1,1.5L-2.0L,Good
9952,Hyundai,Verna,2024,Diesel,Automatic,460000.0,18.9,2500,7,23500.0,4.6,23.5,0,2.0L-3.0L,Average
9953,Volkswagen,Vento,2022,Diesel,Manual,1980000.0,15.0,800,7,17300.0,19.8,17.3,2,Below 1.0L,Low
9954,Volkswagen,Vento,2016,Electric,Automatic,570000.0,11.7,1000,5,11500.0,5.7,11.5,8,Below 1.0L,Low
9955,Kia,Carnival,2020,Diesel,Automatic,1120000.0,23.0,1000,7,22000.0,11.2,22.0,4,Below 1.0L,Good
9956,Toyota,Fortuner,2022,Electric,Manual,1190000.0,25.2,1500,4,21900.0,11.9,21.9,2,1.0L-1.5L,Excellent
9957,Volkswagen,Tiguan,2015,Electric,Automatic,810000.0,19.5,1800,5,6200.0,8.1,6.2,9,1.5L-2.0L,Average
9958,Mahindra,XUV300,2019,Electric,Manual,3050000.0,15.7,1800,5,9400.0,30.5,9.4,5,1.5L-2.0L,Average
9959,Kia,Sonet,2019,Petrol,Manual,3080000.0,19.4,1200,6,8800.0,30.8,8.8,5,1.0L-1.5L,Average
9960,Kia,Carens,2020,Electric,Automatic,760000.0,15.2,1200,6,19200.0,7.6,19.2,4,1.0L-1.5L,Average
9961,Mahindra,Bolero,2018,Diesel,Manual,2770000.0,12.7,2500,6,15000.0,27.7,15.0,6,2.0L-3.0L,Low
9962,Mahindra,Bolero,2024,Electric,Manual,2280000.0,14.1,1500,7,5500.0,22.8,5.5,0,1.0L-1.5L,Low
9963,Renault,Kwid,2018,Petrol,Manual,1560000.0,14.5,2000,6,6100.0,15.6,6.1,6,1.5L-2.0L,Low
9964,Maruti Suzuki,WagonR,2015,Electric,Manual,570000.0,16.8,1800,4,5600.0,5.7,5.6,9,1.5L-2.0L,Average
9965,Volkswagen,Taigun,2023,Electric,Manual,3420000.0,27.4,2000,4,13200.0,34.2,13.2,1,1.5L-2.0L,Excellent
9966,Honda,Jazz,2024,CNG,Automatic,2430000.0,21.1,1200,7,22800.0,24.3,22.8,0,1.0L-1.5L,Good
9967,Renault,Duster,2019,Petrol,Manual,1950000.0,18.0,1500,6,23300.0,19.5,23.3,5,1.0L-1.5L,Average
9968,Toyota,Urban Cruiser,2024,Electric,Automatic,1540000.0,17.4,1800,5,21400.0,15.4,21.4,0,1.5L-2.0L,Average
9969,Renault,Kiger,2024,Electric,Automatic,1640000.0,23.7,800,4,12700.0,16.4,12.7,0,Below 1.0L,Good
9970,Skoda,Slavia,2022,Diesel,Manual,440000.0,17.4,800,4,14400.0,4.4,14.4,2,Below 1.0L,Average
9971,Volkswagen,Taigun,2024,Petrol,Manual,2550000.0,16.0,1000,4,8700.0,25.5,8.7,0,Below 1.0L,Average
9972,Skoda,Rapid,2020,CNG,Manual,630000.0,28.5,2500,6,10600.0,6.3,10.6,4,2.0L-3.0L,Excellent
9973,Skoda,Superb,2022,CNG,Manual,1170000.0,20.8,1200,7,22400.0,11.7,22.4,2,1.0L-1.5L,Good
9974,Honda,Amaze,2016,Electric,Automatic,2090000.0,11.0,1500,6,15200.0,20.9,15.2,8,1.0L-1.5L,Low
9975,Maruti Suzuki,Ertiga,2018,Diesel,Automatic,1610000.0,18.6,1800,5,13500.0,16.1,13.5,6,1.5L-2.0L,Average
9976,Tata Motors,Tiago,2022,Electric,Manual,3210000.0,15.7,800,6,6300.0,32.1,6.3,2,Below 1.0L,Average
9977,Tata Motors,Tiago,2020,Diesel,Manual,820000.0,16.2,2000,4,21200.0,8.2,21.2,4,1.5L-2.0L,Average
9978,Tata Motors,Tiago,2023,Electric,Manual,440000.0,11.4,1800,6,13500.0,4.4,13.5,1,1.5L-2.0L,Low
9979,Tata Motors,Tiago,2015,CNG,Manual,2910000.0,21.9,2000,4,16000.0,29.1,16.0,9,1.5L-2.0L,Good
9980,Tata Motors,Nexon,2020,Electric,Automatic,1490000.0,19.0,2000,7,22600.0,14.9,22.6,4,1.5L-2.0L,Average
9981,Honda,Jazz,2024,Electric,Manual,1720000.0,11.1,800,5,21800.0,17.2,21.8,0,Below 1.0L,Low
9982,Tata Motors,Tiago,2018,Petrol,Automatic,2380000.0,22.0,1800,6,23100.0,23.8,23.1,6,1.5L-2.0L,Good
9983,Maruti Suzuki,Ertiga,2023,Electric,Manual,1240000.0,23.7,2000,7,23300.0,12.4,23.3,1,1.5L-2.0L,Good
9984,Mahindra,XUV300,2020,Electric,Automatic,500000.0,19.0,1500,5,15300.0,5.0,15.3,4,1.0L-1.5L,Average
9985,Skoda,Slavia,2019,CNG,Automatic,1990000.0,27.4,1500,4,19800.0,19.9,19.8,5,1.0L-1.5L,Excellent
9986,Hyundai,Venue,2022,CNG,Automatic,1230000.0,13.7,800,7,12600.0,12.3,12.6,2,Below 1.0L,Low
9987,Volkswagen,Virtus,2019,Electric,Manual,2080000.0,29.6,2500,7,23300.0,20.8,23.3,5,2.0L-3.0L,Excellent
9988,Kia,Carens,2019,CNG,Manual,2030000.0,16.4,2500,6,23100.0,20.3,23.1,5,2.0L-3.0L,Average
9989,Honda,City,2018,Diesel,Automatic,1930000.0,13.8,2500,5,5800.0,19.3,5.8,6,2.0L-3.0L,Low
9990,Volkswagen,Virtus,2018,CNG,Automatic,2580000.0,14.2,800,6,22300.0,25.8,22.3,6,Below 1.0L,Low
9991,Kia,Seltos,2017,Electric,Manual,1340000.0,12.6,1200,5,12000.0,13.4,12.0,7,1.0L-1.5L,Low
9992,Renault,Lodgy,2017,Petrol,Manual,2680000.0,15.7,2500,5,19200.0,26.8,19.2,7,2.0L-3.0L,Average
9993,Volkswagen,Tiguan,2016,CNG,Automatic,3210000.0,10.8,800,4,15400.0,32.1,15.4,8,Below 1.0L,Low
9994,Volkswagen,Tiguan,2018,Petrol,Manual,1550000.0,19.5,800,6,9900.0,15.5,9.9,6,Below 1.0L,Average
9995,Renault,Kiger,2016,CNG,Manual,1020000.0,11.5,2500,5,20500.0,10.2,20.5,8,2.0L-3.0L,Low
9996,Tata Motors,Altroz,2021,CNG,Automatic,1900000.0,24.9,2500,7,7100.0,19.0,7.1,3,2.0L-3.0L,Good
9997,Honda,WR-V,2024,Diesel,Automatic,1270000.0,21.4,1000,6,18300.0,12.7,18.3,0,Below 1.0L,Good
9998,Mahindra,XUV300,2020,Electric,Manual,3050000.0,27.0,1200,4,7700.0,30.5,7.7,4,1.0L-1.5L,Excellent
9999,Renault,Duster,2020,Diesel,Manual,2390000.0,24.3,1800,7,15700.0,23.9,15.7,4,1.5L-2.0L,Good
10000,Toyota,Urban Cruiser,2018,CNG,Automatic,1500000.0,21.5,1200,6,18600.0,15.0,18.6,6,1.0L-1.5L,Good
